Workbook

Sheet CHIS
A1: Don {not in Banner} | B1: Mismatching {not in Banner} | C1: Dept/Prog Admin {not in Banner} | D1: Mona {not in Banner} | E1: Karen {not in Banner} | F1: DONE {not in Banner} | G1: Notes {not in Banner} | H1: CRN sorted {not in Banner} | I1: CRN | J1: Attribute {not in Banner} | K1: Subject | L1: Course Number {Crse Num} | M1: Course Section {Seq Crse Num} | N1: Program {not in Banner} | O1: Catalog Title | P1: Section Title | Q1: Crosslist Details {not in Banner} | R1: X Lst | S1: Campus {Ssasect Campus} | T1: Campus Restriction {Camp Restr CC} | U1: Schedule Type {not in Banner} | V1: Instruction Method {Inst Method} | W1: Level {Level SC} | X1: Part-Of-Term | Y1: Credit Catalog {Cat Crs} | Z1: Credits {Sect Crs} | AA1: Faculty Load / Contract Credits {not in Banner} | AB1: Enrollment Cap {Max Enrl} | AC1: Meeting Type | AD1: Semester Start Date {Soaterm Start Date} | AE1: Pre-work Start Date {not in Banner} | AF1: Pre-work End Date {not in Banner} | AG1: pre-work # of weeks {not in Banner} | AH1: pre-work hours/week {not in Banner} | AI1: pre-work hours/period {not in Banner} | AJ1: Intensive Period Start Date {Meet Start Date} | AK1: Intensive Period End Date {Meet End Date} | AL1: intensive # of weeks {not in Banner} | AM1: intensive hours/week {not in Banner} | AN1: intensive hours/period {not in Banner} | AO1: Post-work Start Date {not in Banner} | AP1: Post-work End Date {not in Banner} | AQ1: post-work # of weeks {not in Banner} | AR1: post-work hours/week {not in Banner} | AS1: post-work hours/period {not in Banner} | AT1: sum of weeks (for check) {not in Banner} | AU1: total contract hours {not in Banner} | AV1: Semester End Date {Soaterm End Date} | AW1: Course Beginning Time {Meet Beg Time} | AX1: Course Ending Time {Meet End Time} | AY1: SUN | AZ1: MON | BA1: TUE | BB1: WED | BC1: THU | BD1: FRI | BE1: SAT | BF1: Weeks | BG1: Fiscal Year {not in Banner} | BH1: Semester {not in Banner} | BI1: Room {Meet Room} | BJ1: Building {Meet Bldg} | BK1: Instructor Name {Instr Name} | BL1: Instructor Email {Instr Email} | BM1: Instructor ID {Instr ID} | BN1: Remote Employee {not in Banner} | BO1: % Responsibility | BP1: load/contract {not in Banner} | BQ1: Reason for Contract {not in Banner} | BR1: costs per credit {not in Banner} | BS1: total costs {not in Banner} | BT1: dept budget {not in Banner} | BU1: account to be charged {not in Banner} | BV1: SEM Department {Scacrse Dept} | BW1: dean email | BX1: VP finance email | BY1: HR email | BZ1: Fee Amount {Fees Amt} | CA1: Fee Code {Detl Code} | CB1: Fee Type | CC1: Fee Level | CD1: Fee Ind | CE1: Fee Term | CF1: Activity Date | CG1: Status | CH1: Bill Hrs | CI1: Sect Sch Type | CJ1: Prerequisites {Preq Areas} | CK1: Link Ind | CL1: Integration Code | CM1: Link Conn | CN1: Crs Attr | CO1: Comments | CP1: Major Restr | CQ1: Scacrse College | CR1: Enrolled | CS1: Waitlist Capacity | CT1: Primary Ind | CU1: Override | CV1: 1st Date Reg Opens | CW1: Last Date Reg Opens | CX1: OL Range From Date | CY1: OL Range To Date | CZ1: OL Numb Units | DA1: OL Duration Code | DB1: Grade Mode | DC1: Gradable Ind | DD1: Tuit Waiver | DE1: Course Override {Meet Override} | DF1: Lvl Res Ind | DG1: Cmp Res Ind | DH1: Rate Code | DI1: Cohort Code | DJ1: St Attr Code | DK1: Coll SC | DL1: DegC SC | DM1: Prog SC | DN1: FOS Type | DO1: Special Approval {Special Apvl} | DP1: Term Code | DQ1: Camp SC

Sheet DSLE
A1: Don {not in Banner} | B1: Mismatching {not in Banner} | C1: Dept/Prog Admin {not in Banner} | D1: Mona {not in Banner} | E1: Karen {not in Banner} | F1: DONE {not in Banner} | G1: Notes {not in Banner} | H1: CRN sorted {not in Banner} | I1: CRN | J1: Attribute {not in Banner} | K1: Subject | L1: Course Number {Crse Num} | M1: Course Section {Seq Crse Num} | N1: Program {not in Banner} | O1: Catalog Title | P1: Section Title | Q1: Crosslist Details {not in Banner} | R1: X Lst | S1: Campus {Ssasect Campus} | T1: Campus Restriction {Camp Restr CC} | U1: Schedule Type {not in Banner} | V1: Instruction Method {Inst Method} | W1: Level {Level SC} | X1: Part-Of-Term | Y1: Credit Catalog {Cat Crs} | Z1: Credits {Sect Crs} | AA1: Faculty Load / Contract Credits {not in Banner} | AB1: Enrollment Cap {Max Enrl} | AC1: Meeting Type | AD1: Semester Start Date {Soaterm Start Date} | AE1: Pre-work Start Date {not in Banner} | AF1: Pre-work End Date {not in Banner} | AG1: pre-work # of weeks {not in Banner} | AH1: pre-work hours/week {not in Banner} | AI1: pre-work hours/period {not in Banner} | AJ1: Intensive Period Start Date {Meet Start Date} | AK1: Intensive Period End Date {Meet End Date} | AL1: intensive # of weeks {not in Banner} | AM1: intensive hours/week {not in Banner} | AN1: intensive hours/period {not in Banner} | AO1: Post-work Start Date {not in Banner} | AP1: Post-work End Date {not in Banner} | AQ1: post-work # of weeks {not in Banner} | AR1: post-work hours/week {not in Banner} | AS1: post-work hours/period {not in Banner} | AT1: sum of weeks (for check) {not in Banner} | AU1: total contract hours {not in Banner} | AV1: Semester End Date {Soaterm End Date} | AW1: Course Beginning Time {Meet Beg Time} | AX1: Course Ending Time {Meet End Time} | AY1: SUN | AZ1: MON | BA1: TUE | BB1: WED | BC1: THU | BD1: FRI | BE1: SAT | BF1: Weeks | BG1: Fiscal Year {not in Banner} | BH1: Semester {not in Banner} | BI1: Room {Meet Room} | BJ1: Building {Meet Bldg} | BK1: Instructor Name {Instr Name} | BL1: Instructor Email {Instr Email} | BM1: Instructor ID {Instr ID} | BN1: Remote Employee {not in Banner} | BO1: % Responsibility | BP1: load/contract {not in Banner} | BQ1: Reason for Contract {not in Banner} | BR1: costs per credit {not in Banner} | BS1: total costs {not in Banner} | BT1: dept budget {not in Banner} | BU1: account to be charged {not in Banner} | BV1: SEM Department {Scacrse Dept} | BW1: dean email | BX1: VP finance email | BY1: HR email | BZ1: Fee Amount {Fees Amt} | CA1: Fee Code {Detl Code} | CB1: Fee Type | CC1: Fee Level | CD1: Fee Ind | CE1: Fee Term | CF1: Activity Date | CG1: Status | CH1: Bill Hrs | CI1: Sect Sch Type | CJ1: Prerequisites {Preq Areas} | CK1: Link Ind | CL1: Integration Code | CM1: Link Conn | CN1: Crs Attr | CO1: Comments | CP1: Major Restr | CQ1: Scacrse College | CR1: Enrolled | CS1: Waitlist Capacity | CT1: Primary Ind | CU1: Override | CV1: 1st Date Reg Opens | CW1: Last Date Reg Opens | CX1: OL Range From Date | CY1: OL Range To Date | CZ1: OL Numb Units | DA1: OL Duration Code | DB1: Grade Mode | DC1: Gradable Ind | DD1: Tuit Waiver | DE1: Course Override {Meet Override} | DF1: Lvl Res Ind | DG1: Cmp Res Ind | DH1: Rate Code | DI1: Cohort Code | DJ1: St Attr Code | DK1: Coll SC | DL1: DegC SC | DM1: Prog SC | DN1: FOS Type | DO1: Special Approval {Special Apvl} | DP1: Term Code | DQ1: Camp SC

Sheet GSEM
A1: Don {not in Banner} | B1: Mismatching {not in Banner} | C1: Dept/Prog Admin {not in Banner} | D1: Mona {not in Banner} | E1: Karen {not in Banner} | F1: DONE {not in Banner} | G1: Notes {not in Banner} | H1: CRN sorted {not in Banner} | I1: CRN | J1: Attribute {not in Banner} | K1: Subject | L1: Course Number {Crse Num} | M1: Course Section {Seq Crse Num} | N1: Program {not in Banner} | O1: Catalog Title | P1: Section Title | Q1: Crosslist Details {not in Banner} | R1: X Lst | S1: Campus {Ssasect Campus} | T1: Campus Restriction {Camp Restr CC} | U1: Schedule Type {not in Banner} | V1: Instruction Method {Inst Method} | W1: Level {Level SC} | X1: Part-Of-Term | Y1: Credit Catalog {Cat Crs} | Z1: Credits {Sect Crs} | AA1: Faculty Load / Contract Credits {not in Banner} | AB1: Enrollment Cap {Max Enrl} | AC1: Meeting Type | AD1: Semester Start Date {Soaterm Start Date} | AE1: Pre-work Start Date {not in Banner} | AF1: Pre-work End Date {not in Banner} | AG1: pre-work # of weeks {not in Banner} | AH1: pre-work hours/week {not in Banner} | AI1: pre-work hours/period {not in Banner} | AJ1: Intensive Period Start Date {Meet Start Date} | AK1: Intensive Period End Date {Meet End Date} | AL1: intensive # of weeks {not in Banner} | AM1: intensive hours/week {not in Banner} | AN1: intensive hours/period {not in Banner} | AO1: Post-work Start Date {not in Banner} | AP1: Post-work End Date {not in Banner} | AQ1: post-work # of weeks {not in Banner} | AR1: post-work hours/week {not in Banner} | AS1: post-work hours/period {not in Banner} | AT1: sum of weeks (for check) {not in Banner} | AU1: total contract hours {not in Banner} | AV1: Semester End Date {Soaterm End Date} | AW1: Course Beginning Time {Meet Beg Time} | AX1: Course Ending Time {Meet End Time} | AY1: SUN | AZ1: MON | BA1: TUE | BB1: WED | BC1: THU | BD1: FRI | BE1: SAT | BF1: Weeks | BG1: Fiscal Year {not in Banner} | BH1: Semester {not in Banner} | BI1: Room {Meet Room} | BJ1: Building {Meet Bldg} | BK1: Instructor Name {Instr Name} | BL1: Instructor Email {Instr Email} | BM1: Instructor ID {Instr ID} | BN1: Remote Employee {not in Banner} | BO1: % Responsibility | BP1: load/contract {not in Banner} | BQ1: Reason for Contract {not in Banner} | BR1: costs per credit {not in Banner} | BS1: total costs {not in Banner} | BT1: dept budget {not in Banner} | BU1: account to be charged {not in Banner} | BV1: SEM Department {Scacrse Dept} | BW1: dean email | BX1: VP finance email | BY1: HR email | BZ1: Fee Amount {Fees Amt} | CA1: Fee Code {Detl Code} | CB1: Fee Type | CC1: Fee Level | CD1: Fee Ind | CE1: Fee Term | CF1: Activity Date | CG1: Status | CH1: Bill Hrs | CI1: Sect Sch Type | CJ1: Prerequisites {Preq Areas} | CK1: Link Ind | CL1: Integration Code | CM1: Link Conn | CN1: Crs Attr | CO1: Comments | CP1: Major Restr | CQ1: Scacrse College | CR1: Enrolled | CS1: Waitlist Capacity | CT1: Primary Ind | CU1: Override | CV1: 1st Date Reg Opens | CW1: Last Date Reg Opens | CX1: OL Range From Date | CY1: OL Range To Date | CZ1: OL Numb Units | DA1: OL Duration Code | DB1: Grade Mode | DC1: Gradable Ind | DD1: Tuit Waiver | DE1: Course Override {Meet Override} | DF1: Lvl Res Ind | DG1: Cmp Res Ind | DH1: Rate Code | DI1: Cohort Code | DJ1: St Attr Code | DK1: Coll SC | DL1: DegC SC | DM1: Prog SC | DN1: FOS Type | DO1: Special Approval {Special Apvl} | DP1: Term Code | DQ1: Camp SC

Sheet MSSN
A1: Don {not in Banner} | B1: Mismatching {not in Banner} | C1: Dept/Prog Admin {not in Banner} | D1: Mona {not in Banner} | E1: Karen {not in Banner} | F1: DONE {not in Banner} | G1: Notes {not in Banner} | H1: CRN sorted {not in Banner} | I1: CRN | J1: Attribute {not in Banner} | K1: Subject | L1: Course Number {Crse Num} | M1: Course Section {Seq Crse Num} | N1: Program {not in Banner} | O1: Catalog Title | P1: Section Title | Q1: Crosslist Details {not in Banner} | R1: X Lst | S1: Campus {Ssasect Campus} | T1: Campus Restriction {Camp Restr CC} | U1: Schedule Type {not in Banner} | V1: Instruction Method {Inst Method} | W1: Level {Level SC} | X1: Part-Of-Term | Y1: Credit Catalog {Cat Crs} | Z1: Credits {Sect Crs} | AA1: Faculty Load / Contract Credits {not in Banner} | AB1: Enrollment Cap {Max Enrl} | AC1: Meeting Type | AD1: Semester Start Date {Soaterm Start Date} | AE1: Pre-work Start Date {not in Banner} | AF1: Pre-work End Date {not in Banner} | AG1: pre-work # of weeks {not in Banner} | AH1: pre-work hours/week {not in Banner} | AI1: pre-work hours/period {not in Banner} | AJ1: Intensive Period Start Date {Meet Start Date} | AK1: Intensive Period End Date {Meet End Date} | AL1: intensive # of weeks {not in Banner} | AM1: intensive hours/week {not in Banner} | AN1: intensive hours/period {not in Banner} | AO1: Post-work Start Date {not in Banner} | AP1: Post-work End Date {not in Banner} | AQ1: post-work # of weeks {not in Banner} | AR1: post-work hours/week {not in Banner} | AS1: post-work hours/period {not in Banner} | AT1: sum of weeks (for check) {not in Banner} | AU1: total contract hours {not in Banner} | AV1: Semester End Date {Soaterm End Date} | AW1: Course Beginning Time {Meet Beg Time} | AX1: Course Ending Time {Meet End Time} | AY1: SUN | AZ1: MON | BA1: TUE | BB1: WED | BC1: THU | BD1: FRI | BE1: SAT | BF1: Weeks | BG1: Fiscal Year {not in Banner} | BH1: Semester {not in Banner} | BI1: Room {Meet Room} | BJ1: Building {Meet Bldg} | BK1: Instructor Name {Instr Name} | BL1: Instructor Email {Instr Email} | BM1: Instructor ID {Instr ID} | BN1: Remote Employee {not in Banner} | BO1: % Responsibility | BP1: load/contract {not in Banner} | BQ1: Reason for Contract {not in Banner} | BR1: costs per credit {not in Banner} | BS1: total costs {not in Banner} | BT1: dept budget {not in Banner} | BU1: account to be charged {not in Banner} | BV1: SEM Department {Scacrse Dept} | BW1: dean email | BX1: VP finance email | BY1: HR email | BZ1: Fee Amount {Fees Amt} | CA1: Fee Code {Detl Code} | CB1: Fee Type | CC1: Fee Level | CD1: Fee Ind | CE1: Fee Term | CF1: Activity Date | CG1: Status | CH1: Bill Hrs | CI1: Sect Sch Type | CJ1: Prerequisites {Preq Areas} | CK1: Link Ind | CL1: Integration Code | CM1: Link Conn | CN1: Crs Attr | CO1: Comments | CP1: Major Restr | CQ1: Scacrse College | CR1: Enrolled | CS1: Waitlist Capacity | CT1: Primary Ind | CU1: Override | CV1: 1st Date Reg Opens | CW1: Last Date Reg Opens | CX1: OL Range From Date | CY1: OL Range To Date | CZ1: OL Numb Units | DA1: OL Duration Code | DB1: Grade Mode | DC1: Gradable Ind | DD1: Tuit Waiver | DE1: Course Override {Meet Override} | DF1: Lvl Res Ind | DG1: Cmp Res Ind | DH1: Rate Code | DI1: Cohort Code | DJ1: St Attr Code | DK1: Coll SC | DL1: DegC SC | DM1: Prog SC | DN1: FOS Type | DO1: Special Approval {Special Apvl} | DP1: Term Code | DQ1: Camp SC
BK2: =IF($BJ2="","",IFERROR(INDEX(InstructorMap!$B:$B, MATCH($BJ2, InstructorMap!$A:$A, 0)),"")) | BL2: =IF($BJ2="","",IFERROR(INDEX(InstructorMap!$C:$C, MATCH($BJ2, InstructorMap!$A:$A, 0)),""))
BK3: =IF($BJ3="","",IFERROR(INDEX(InstructorMap!$B:$B, MATCH($BJ3, InstructorMap!$A:$A, 0)),"")) | BL3: =IF($BJ3="","",IFERROR(INDEX(InstructorMap!$C:$C, MATCH($BJ3, InstructorMap!$A:$A, 0)),""))
BK4: =IF($BJ4="","",IFERROR(INDEX(InstructorMap!$B:$B, MATCH($BJ4, InstructorMap!$A:$A, 0)),"")) | BL4: =IF($BJ4="","",IFERROR(INDEX(InstructorMap!$C:$C, MATCH($BJ4, InstructorMap!$A:$A, 0)),""))
BK5: =IF($BJ5="","",IFERROR(INDEX(InstructorMap!$B:$B, MATCH($BJ5, InstructorMap!$A:$A, 0)),"")) | BL5: =IF($BJ5="","",IFERROR(INDEX(InstructorMap!$C:$C, MATCH($BJ5, InstructorMap!$A:$A, 0)),""))

Sheet NTST
A1: Don {not in Banner} | B1: Mismatching {not in Banner} | C1: Dept/Prog Admin {not in Banner} | D1: Mona {not in Banner} | E1: Karen {not in Banner} | F1: DONE {not in Banner} | G1: Notes {not in Banner} | H1: CRN sorted {not in Banner} | I1: CRN | J1: Attribute {not in Banner} | K1: Subject | L1: Course Number {Crse Num} | M1: Course Section {Seq Crse Num} | N1: Program {not in Banner} | O1: Catalog Title | P1: Section Title | Q1: Crosslist Details {not in Banner} | R1: X Lst | S1: Campus {Ssasect Campus} | T1: Campus Restriction {Camp Restr CC} | U1: Schedule Type {not in Banner} | V1: Instruction Method {Inst Method} | W1: Level {Level SC} | X1: Part-Of-Term | Y1: Credit Catalog {Cat Crs} | Z1: Credits {Sect Crs} | AA1: Faculty Load / Contract Credits {not in Banner} | AB1: Enrollment Cap {Max Enrl} | AC1: Meeting Type | AD1: Semester Start Date {Soaterm Start Date} | AE1: Pre-work Start Date {not in Banner} | AF1: Pre-work End Date {not in Banner} | AG1: pre-work # of weeks {not in Banner} | AH1: pre-work hours/week {not in Banner} | AI1: pre-work hours/period {not in Banner} | AJ1: Intensive Period Start Date {Meet Start Date} | AK1: Intensive Period End Date {Meet End Date} | AL1: intensive # of weeks {not in Banner} | AM1: intensive hours/week {not in Banner} | AN1: intensive hours/period {not in Banner} | AO1: Post-work Start Date {not in Banner} | AP1: Post-work End Date {not in Banner} | AQ1: post-work # of weeks {not in Banner} | AR1: post-work hours/week {not in Banner} | AS1: post-work hours/period {not in Banner} | AT1: sum of weeks (for check) {not in Banner} | AU1: total contract hours {not in Banner} | AV1: Semester End Date {Soaterm End Date} | AW1: Course Beginning Time {Meet Beg Time} | AX1: Course Ending Time {Meet End Time} | AY1: SUN | AZ1: MON | BA1: TUE | BB1: WED | BC1: THU | BD1: FRI | BE1: SAT | BF1: Weeks | BG1: Fiscal Year {not in Banner} | BH1: Semester {not in Banner} | BI1: Room {Meet Room} | BJ1: Building {Meet Bldg} | BK1: Instructor Name {Instr Name} | BL1: Instructor Email {Instr Email} | BM1: Instructor ID {Instr ID} | BN1: Remote Employee {not in Banner} | BO1: % Responsibility | BP1: load/contract {not in Banner} | BQ1: Reason for Contract {not in Banner} | BR1: costs per credit {not in Banner} | BS1: total costs {not in Banner} | BT1: dept budget {not in Banner} | BU1: account to be charged {not in Banner} | BV1: SEM Department {Scacrse Dept} | BW1: dean email | BX1: VP finance email | BY1: HR email | BZ1: Fee Amount {Fees Amt} | CA1: Fee Code {Detl Code} | CB1: Fee Type | CC1: Fee Level | CD1: Fee Ind | CE1: Fee Term | CF1: Activity Date | CG1: Status | CH1: Bill Hrs | CI1: Sect Sch Type | CJ1: Prerequisites {Preq Areas} | CK1: Link Ind | CL1: Integration Code | CM1: Link Conn | CN1: Crs Attr | CO1: Comments | CP1: Major Restr | CQ1: Scacrse College | CR1: Enrolled | CS1: Waitlist Capacity | CT1: Primary Ind | CU1: Override | CV1: 1st Date Reg Opens | CW1: Last Date Reg Opens | CX1: OL Range From Date | CY1: OL Range To Date | CZ1: OL Numb Units | DA1: OL Duration Code | DB1: Grade Mode | DC1: Gradable Ind | DD1: Tuit Waiver | DE1: Course Override {Meet Override} | DF1: Lvl Res Ind | DG1: Cmp Res Ind | DH1: Rate Code | DI1: Cohort Code | DJ1: St Attr Code | DK1: Coll SC | DL1: DegC SC | DM1: Prog SC | DN1: FOS Type | DO1: Special Approval {Special Apvl} | DP1: Term Code | DQ1: Camp SC

Sheet OTST
A1: Don {not in Banner} | B1: Mismatching {not in Banner} | C1: Dept/Prog Admin {not in Banner} | D1: Mona {not in Banner} | E1: Karen {not in Banner} | F1: DONE {not in Banner} | G1: Notes {not in Banner} | H1: CRN sorted {not in Banner} | I1: CRN | J1: Attribute {not in Banner} | K1: Subject | L1: Course Number {Crse Num} | M1: Course Section {Seq Crse Num} | N1: Program {not in Banner} | O1: Catalog Title | P1: Section Title | Q1: Crosslist Details {not in Banner} | R1: X Lst | S1: Campus {Ssasect Campus} | T1: Campus Restriction {Camp Restr CC} | U1: Schedule Type {not in Banner} | V1: Instruction Method {Inst Method} | W1: Level {Level SC} | X1: Part-Of-Term | Y1: Credit Catalog {Cat Crs} | Z1: Credits {Sect Crs} | AA1: Faculty Load / Contract Credits {not in Banner} | AB1: Enrollment Cap {Max Enrl} | AC1: Meeting Type | AD1: Semester Start Date {Soaterm Start Date} | AE1: Pre-work Start Date {not in Banner} | AF1: Pre-work End Date {not in Banner} | AG1: pre-work # of weeks {not in Banner} | AH1: pre-work hours/week {not in Banner} | AI1: pre-work hours/period {not in Banner} | AJ1: Intensive Period Start Date {Meet Start Date} | AK1: Intensive Period End Date {Meet End Date} | AL1: intensive # of weeks {not in Banner} | AM1: intensive hours/week {not in Banner} | AN1: intensive hours/period {not in Banner} | AO1: Post-work Start Date {not in Banner} | AP1: Post-work End Date {not in Banner} | AQ1: post-work # of weeks {not in Banner} | AR1: post-work hours/week {not in Banner} | AS1: post-work hours/period {not in Banner} | AT1: sum of weeks (for check) {not in Banner} | AU1: total contract hours {not in Banner} | AV1: Semester End Date {Soaterm End Date} | AW1: Course Beginning Time {Meet Beg Time} | AX1: Course Ending Time {Meet End Time} | AY1: SUN | AZ1: MON | BA1: TUE | BB1: WED | BC1: THU | BD1: FRI | BE1: SAT | BF1: Weeks | BG1: Fiscal Year {not in Banner} | BH1: Semester {not in Banner} | BI1: Room {Meet Room} | BJ1: Building {Meet Bldg} | BK1: Instructor Name {Instr Name} | BL1: Instructor Email {Instr Email} | BM1: Instructor ID {Instr ID} | BN1: Remote Employee {not in Banner} | BO1: % Responsibility | BP1: load/contract {not in Banner} | BQ1: Reason for Contract {not in Banner} | BR1: costs per credit {not in Banner} | BS1: total costs {not in Banner} | BT1: dept budget {not in Banner} | BU1: account to be charged {not in Banner} | BV1: SEM Department {Scacrse Dept} | BW1: dean email | BX1: VP finance email | BY1: HR email | BZ1: Fee Amount {Fees Amt} | CA1: Fee Code {Detl Code} | CB1: Fee Type | CC1: Fee Level | CD1: Fee Ind | CE1: Fee Term | CF1: Activity Date | CG1: Status | CH1: Bill Hrs | CI1: Sect Sch Type | CJ1: Prerequisites {Preq Areas} | CK1: Link Ind | CL1: Integration Code | CM1: Link Conn | CN1: Crs Attr | CO1: Comments | CP1: Major Restr | CQ1: Scacrse College | CR1: Enrolled | CS1: Waitlist Capacity | CT1: Primary Ind | CU1: Override | CV1: 1st Date Reg Opens | CW1: Last Date Reg Opens | CX1: OL Range From Date | CY1: OL Range To Date | CZ1: OL Numb Units | DA1: OL Duration Code | DB1: Grade Mode | DC1: Gradable Ind | DD1: Tuit Waiver | DE1: Course Override {Meet Override} | DF1: Lvl Res Ind | DG1: Cmp Res Ind | DH1: Rate Code | DI1: Cohort Code | DJ1: St Attr Code | DK1: Coll SC | DL1: DegC SC | DM1: Prog SC | DN1: FOS Type | DO1: Special Approval {Special Apvl} | DP1: Term Code | DQ1: Camp SC

Sheet PATH
A1: Don {not in Banner} | B1: Mismatching {not in Banner} | C1: Dept/Prog Admin {not in Banner} | D1: Mona {not in Banner} | E1: Karen {not in Banner} | F1: DONE {not in Banner} | G1: Notes {not in Banner} | H1: CRN sorted {not in Banner} | I1: CRN | J1: Attribute {not in Banner} | K1: Subject | L1: Course Number {Crse Num} | M1: Course Section {Seq Crse Num} | N1: Program {not in Banner} | O1: Catalog Title | P1: Section Title | Q1: Crosslist Details {not in Banner} | R1: X Lst | S1: Campus {Ssasect Campus} | T1: Campus Restriction {Camp Restr CC} | U1: Schedule Type {not in Banner} | V1: Instruction Method {Inst Method} | W1: Level {Level SC} | X1: Part-Of-Term | Y1: Credit Catalog {Cat Crs} | Z1: Credits {Sect Crs} | AA1: Faculty Load / Contract Credits {not in Banner} | AB1: Enrollment Cap {Max Enrl} | AC1: Meeting Type | AD1: Semester Start Date {Soaterm Start Date} | AE1: Pre-work Start Date {not in Banner} | AF1: Pre-work End Date {not in Banner} | AG1: pre-work # of weeks {not in Banner} | AH1: pre-work hours/week {not in Banner} | AI1: pre-work hours/period {not in Banner} | AJ1: Intensive Period Start Date {Meet Start Date} | AK1: Intensive Period End Date {Meet End Date} | AL1: intensive # of weeks {not in Banner} | AM1: intensive hours/week {not in Banner} | AN1: intensive hours/period {not in Banner} | AO1: Post-work Start Date {not in Banner} | AP1: Post-work End Date {not in Banner} | AQ1: post-work # of weeks {not in Banner} | AR1: post-work hours/week {not in Banner} | AS1: post-work hours/period {not in Banner} | AT1: sum of weeks (for check) {not in Banner} | AU1: total contract hours {not in Banner} | AV1: Semester End Date {Soaterm End Date} | AW1: Course Beginning Time {Meet Beg Time} | AX1: Course Ending Time {Meet End Time} | AY1: SUN | AZ1: MON | BA1: TUE | BB1: WED | BC1: THU | BD1: FRI | BE1: SAT | BF1: Weeks | BG1: Fiscal Year {not in Banner} | BH1: Semester {not in Banner} | BI1: Room {Meet Room} | BJ1: Building {Meet Bldg} | BK1: Instructor Name {Instr Name} | BL1: Instructor Email {Instr Email} | BM1: Instructor ID {Instr ID} | BN1: Remote Employee {not in Banner} | BO1: % Responsibility | BP1: load/contract {not in Banner} | BQ1: Reason for Contract {not in Banner} | BR1: costs per credit {not in Banner} | BS1: total costs {not in Banner} | BT1: dept budget {not in Banner} | BU1: account to be charged {not in Banner} | BV1: SEM Department {Scacrse Dept} | BW1: dean email | BX1: VP finance email | BY1: HR email | BZ1: Fee Amount {Fees Amt} | CA1: Fee Code {Detl Code} | CB1: Fee Type | CC1: Fee Level | CD1: Fee Ind | CE1: Fee Term | CF1: Activity Date | CG1: Status | CH1: Bill Hrs | CI1: Sect Sch Type | CJ1: Prerequisites {Preq Areas} | CK1: Link Ind | CL1: Integration Code | CM1: Link Conn | CN1: Crs Attr | CO1: Comments | CP1: Major Restr | CQ1: Scacrse College | CR1: Enrolled | CS1: Waitlist Capacity | CT1: Primary Ind | CU1: Override | CV1: 1st Date Reg Opens | CW1: Last Date Reg Opens | CX1: OL Range From Date | CY1: OL Range To Date | CZ1: OL Numb Units | DA1: OL Duration Code | DB1: Grade Mode | DC1: Gradable Ind | DD1: Tuit Waiver | DE1: Course Override {Meet Override} | DF1: Lvl Res Ind | DG1: Cmp Res Ind | DH1: Rate Code | DI1: Cohort Code | DJ1: St Attr Code | DK1: Coll SC | DL1: DegC SC | DM1: Prog SC | DN1: FOS Type | DO1: Special Approval {Special Apvl} | DP1: Term Code | DQ1: Camp SC

Sheet THST
A1: Don {not in Banner} | B1: Mismatching {not in Banner} | C1: Dept/Prog Admin {not in Banner} | D1: Mona {not in Banner} | E1: Karen {not in Banner} | F1: DONE {not in Banner} | G1: Notes {not in Banner} | H1: CRN sorted {not in Banner} | I1: CRN | J1: Attribute {not in Banner} | K1: Subject | L1: Course Number {Crse Num} | M1: Course Section {Seq Crse Num} | N1: Program {not in Banner} | O1: Catalog Title | P1: Section Title | Q1: Crosslist Details {not in Banner} | R1: X Lst | S1: Campus {Ssasect Campus} | T1: Campus Restriction {Camp Restr CC} | U1: Schedule Type {not in Banner} | V1: Instruction Method {Inst Method} | W1: Level {Level SC} | X1: Part-Of-Term | Y1: Credit Catalog {Cat Crs} | Z1: Credits {Sect Crs} | AA1: Faculty Load / Contract Credits {not in Banner} | AB1: Enrollment Cap {Max Enrl} | AC1: Meeting Type | AD1: Semester Start Date {Soaterm Start Date} | AE1: Pre-work Start Date {not in Banner} | AF1: Pre-work End Date {not in Banner} | AG1: pre-work # of weeks {not in Banner} | AH1: pre-work hours/week {not in Banner} | AI1: pre-work hours/period {not in Banner} | AJ1: Intensive Period Start Date {Meet Start Date} | AK1: Intensive Period End Date {Meet End Date} | AL1: intensive # of weeks {not in Banner} | AM1: intensive hours/week {not in Banner} | AN1: intensive hours/period {not in Banner} | AO1: Post-work Start Date {not in Banner} | AP1: Post-work End Date {not in Banner} | AQ1: post-work # of weeks {not in Banner} | AR1: post-work hours/week {not in Banner} | AS1: post-work hours/period {not in Banner} | AT1: sum of weeks (for check) {not in Banner} | AU1: total contract hours {not in Banner} | AV1: Semester End Date {Soaterm End Date} | AW1: Course Beginning Time {Meet Beg Time} | AX1: Course Ending Time {Meet End Time} | AY1: SUN | AZ1: MON | BA1: TUE | BB1: WED | BC1: THU | BD1: FRI | BE1: SAT | BF1: Weeks | BG1: Fiscal Year {not in Banner} | BH1: Semester {not in Banner} | BI1: Room {Meet Room} | BJ1: Building {Meet Bldg} | BK1: Instructor Name {Instr Name} | BL1: Instructor Email {Instr Email} | BM1: Instructor ID {Instr ID} | BN1: Remote Employee {not in Banner} | BO1: % Responsibility | BP1: load/contract {not in Banner} | BQ1: Reason for Contract {not in Banner} | BR1: costs per credit {not in Banner} | BS1: total costs {not in Banner} | BT1: dept budget {not in Banner} | BU1: account to be charged {not in Banner} | BV1: SEM Department {Scacrse Dept} | BW1: dean email | BX1: VP finance email | BY1: HR email | BZ1: Fee Amount {Fees Amt} | CA1: Fee Code {Detl Code} | CB1: Fee Type | CC1: Fee Level | CD1: Fee Ind | CE1: Fee Term | CF1: Activity Date | CG1: Status | CH1: Bill Hrs | CI1: Sect Sch Type | CJ1: Prerequisites {Preq Areas} | CK1: Link Ind | CL1: Integration Code | CM1: Link Conn | CN1: Crs Attr | CO1: Comments | CP1: Major Restr | CQ1: Scacrse College | CR1: Enrolled | CS1: Waitlist Capacity | CT1: Primary Ind | CU1: Override | CV1: 1st Date Reg Opens | CW1: Last Date Reg Opens | CX1: OL Range From Date | CY1: OL Range To Date | CZ1: OL Numb Units | DA1: OL Duration Code | DB1: Grade Mode | DC1: Gradable Ind | DD1: Tuit Waiver | DE1: Course Override {Meet Override} | DF1: Lvl Res Ind | DG1: Cmp Res Ind | DH1: Rate Code | DI1: Cohort Code | DJ1: St Attr Code | DK1: Coll SC | DL1: DegC SC | DM1: Prog SC | DN1: FOS Type | DO1: Special Approval {Special Apvl} | DP1: Term Code | DQ1: Camp SC
BK2: =IF($BJ2="","",IFERROR(INDEX(InstructorMap!$B:$B, MATCH($BJ2, InstructorMap!$A:$A, 0)),"")) | BL2: =IF($BJ2="","",IFERROR(INDEX(InstructorMap!$C:$C, MATCH($BJ2, InstructorMap!$A:$A, 0)),""))
BK3: =IF($BJ3="","",IFERROR(INDEX(InstructorMap!$B:$B, MATCH($BJ3, InstructorMap!$A:$A, 0)),"")) | BL3: =IF($BJ3="","",IFERROR(INDEX(InstructorMap!$C:$C, MATCH($BJ3, InstructorMap!$A:$A, 0)),""))
BK4: =IF($BJ4="","",IFERROR(INDEX(InstructorMap!$B:$B, MATCH($BJ4, InstructorMap!$A:$A, 0)),"")) | BL4: =IF($BJ4="","",IFERROR(INDEX(InstructorMap!$C:$C, MATCH($BJ4, InstructorMap!$A:$A, 0)),""))
BK5: =IF($BJ5="","",IFERROR(INDEX(InstructorMap!$B:$B, MATCH($BJ5, InstructorMap!$A:$A, 0)),"")) | BL5: =IF($BJ5="","",IFERROR(INDEX(InstructorMap!$C:$C, MATCH($BJ5, InstructorMap!$A:$A, 0)),""))
BK6: =IF($BJ6="","",IFERROR(INDEX(InstructorMap!$B:$B, MATCH($BJ6, InstructorMap!$A:$A, 0)),"")) | BL6: =IF($BJ6="","",IFERROR(INDEX(InstructorMap!$C:$C, MATCH($BJ6, InstructorMap!$A:$A, 0)),""))
BK7: =IF($BJ7="","",IFERROR(INDEX(InstructorMap!$B:$B, MATCH($BJ7, InstructorMap!$A:$A, 0)),"")) | BL7: =IF($BJ7="","",IFERROR(INDEX(InstructorMap!$C:$C, MATCH($BJ7, InstructorMap!$A:$A, 0)),""))

Sheet MDivHISP_MAPmENGL_MAPmHISP
A1: Don {not in Banner} | B1: Mismatching {not in Banner} | C1: Dept/Prog Admin {not in Banner} | D1: Mona {not in Banner} | E1: Karen {not in Banner} | F1: DONE {not in Banner} | G1: Notes {not in Banner} | H1: CRN sorted {not in Banner} | I1: CRN | J1: Attribute {not in Banner} | K1: Subject | L1: Course Number {Crse Num} | M1: Course Section {Seq Crse Num} | N1: Program {not in Banner} | O1: Catalog Title | P1: Section Title | Q1: Crosslist Details {not in Banner} | R1: X Lst | S1: Campus {Ssasect Campus} | T1: Campus Restriction {Camp Restr CC} | U1: Schedule Type {not in Banner} | V1: Instruction Method {Inst Method} | W1: Level {Level SC} | X1: Part-Of-Term | Y1: Credit Catalog {Cat Crs} | Z1: Credits {Sect Crs} | AA1: Faculty Load / Contract Credits {not in Banner} | AB1: Enrollment Cap {Max Enrl} | AC1: Meeting Type | AD1: Semester Start Date {Soaterm Start Date} | AE1: Pre-work Start Date {not in Banner} | AF1: Pre-work End Date {not in Banner} | AG1: pre-work # of weeks {not in Banner} | AH1: pre-work hours/week {not in Banner} | AI1: pre-work hours/period {not in Banner} | AJ1: Intensive Period Start Date {Meet Start Date} | AK1: Intensive Period End Date {Meet End Date} | AL1: intensive # of weeks {not in Banner} | AM1: intensive hours/week {not in Banner} | AN1: intensive hours/period {not in Banner} | AO1: Post-work Start Date {not in Banner} | AP1: Post-work End Date {not in Banner} | AQ1: post-work # of weeks {not in Banner} | AR1: post-work hours/week {not in Banner} | AS1: post-work hours/period {not in Banner} | AT1: sum of weeks (for check) {not in Banner} | AU1: total contract hours {not in Banner} | AV1: Semester End Date {Soaterm End Date} | AW1: Course Beginning Time {Meet Beg Time} | AX1: Course Ending Time {Meet End Time} | AY1: SUN | AZ1: MON | BA1: TUE | BB1: WED | BC1: THU | BD1: FRI | BE1: SAT | BF1: Weeks | BG1: Fiscal Year {not in Banner} | BH1: Semester {not in Banner} | BI1: Room {Meet Room} | BJ1: Building {Meet Bldg} | BK1: Instructor Name {Instr Name} | BL1: Instructor Email {Instr Email} | BM1: Instructor ID {Instr ID} | BN1: Remote Employee {not in Banner} | BO1: % Responsibility | BP1: load/contract {not in Banner} | BQ1: Reason for Contract {not in Banner} | BR1: costs per credit {not in Banner} | BS1: total costs {not in Banner} | BT1: dept budget {not in Banner} | BU1: account to be charged {not in Banner} | BV1: SEM Department {Scacrse Dept} | BW1: dean email | BX1: VP finance email | BY1: HR email | BZ1: Fee Amount {Fees Amt} | CA1: Fee Code {Detl Code} | CB1: Fee Type | CC1: Fee Level | CD1: Fee Ind | CE1: Fee Term | CF1: Activity Date | CG1: Status | CH1: Bill Hrs | CI1: Sect Sch Type | CJ1: Prerequisites {Preq Areas} | CK1: Link Ind | CL1: Integration Code | CM1: Link Conn | CN1: Crs Attr | CO1: Comments | CP1: Major Restr | CQ1: Scacrse College | CR1: Enrolled | CS1: Waitlist Capacity | CT1: Primary Ind | CU1: Override | CV1: 1st Date Reg Opens | CW1: Last Date Reg Opens | CX1: OL Range From Date | CY1: OL Range To Date | CZ1: OL Numb Units | DA1: OL Duration Code | DB1: Grade Mode | DC1: Gradable Ind | DD1: Tuit Waiver | DE1: Course Override {Meet Override} | DF1: Lvl Res Ind | DG1: Cmp Res Ind | DH1: Rate Code | DI1: Cohort Code | DJ1: St Attr Code | DK1: Coll SC | DL1: DegC SC | DM1: Prog SC | DN1: FOS Type | DO1: Special Approval {Special Apvl} | DP1: Term Code | DQ1: Camp SC
BK2: =IF($BJ2="","",IFERROR(INDEX(InstructorMap!$B:$B, MATCH($BJ2, InstructorMap!$A:$A, 0)),"")) | BL2: =IF($BJ2="","",IFERROR(INDEX(InstructorMap!$C:$C, MATCH($BJ2, InstructorMap!$A:$A, 0)),""))
BK3: =IF($BJ3="","",IFERROR(INDEX(InstructorMap!$B:$B, MATCH($BJ3, InstructorMap!$A:$A, 0)),"")) | BL3: =IF($BJ3="","",IFERROR(INDEX(InstructorMap!$C:$C, MATCH($BJ3, InstructorMap!$A:$A, 0)),""))
BK4: =IF($BJ4="","",IFERROR(INDEX(InstructorMap!$B:$B, MATCH($BJ4, InstructorMap!$A:$A, 0)),"")) | BL4: =IF($BJ4="","",IFERROR(INDEX(InstructorMap!$C:$C, MATCH($BJ4, InstructorMap!$A:$A, 0)),""))
BK5: =IF($BJ5="","",IFERROR(INDEX(InstructorMap!$B:$B, MATCH($BJ5, InstructorMap!$A:$A, 0)),"")) | BL5: =IF($BJ5="","",IFERROR(INDEX(InstructorMap!$C:$C, MATCH($BJ5, InstructorMap!$A:$A, 0)),""))
BK6: =IF($BJ6="","",IFERROR(INDEX(InstructorMap!$B:$B, MATCH($BJ6, InstructorMap!$A:$A, 0)),"")) | BL6: =IF($BJ6="","",IFERROR(INDEX(InstructorMap!$C:$C, MATCH($BJ6, InstructorMap!$A:$A, 0)),""))
BK7: =IF($BJ7="","",IFERROR(INDEX(InstructorMap!$B:$B, MATCH($BJ7, InstructorMap!$A:$A, 0)),"")) | BL7: =IF($BJ7="","",IFERROR(INDEX(InstructorMap!$C:$C, MATCH($BJ7, InstructorMap!$A:$A, 0)),""))
BK8: =IF($BJ8="","",IFERROR(INDEX(InstructorMap!$B:$B, MATCH($BJ8, InstructorMap!$A:$A, 0)),"")) | BL8: =IF($BJ8="","",IFERROR(INDEX(InstructorMap!$C:$C, MATCH($BJ8, InstructorMap!$A:$A, 0)),""))
BK9: =IF($BJ9="","",IFERROR(INDEX(InstructorMap!$B:$B, MATCH($BJ9, InstructorMap!$A:$A, 0)),"")) | BL9: =IF($BJ9="","",IFERROR(INDEX(InstructorMap!$C:$C, MATCH($BJ9, InstructorMap!$A:$A, 0)),""))
BK10: =IF($BJ10="","",IFERROR(INDEX(InstructorMap!$B:$B, MATCH($BJ10, InstructorMap!$A:$A, 0)),"")) | BL10: =IF($BJ10="","",IFERROR(INDEX(InstructorMap!$C:$C, MATCH($BJ10, InstructorMap!$A:$A, 0)),""))
BK11: =IF($BJ11="","",IFERROR(INDEX(InstructorMap!$B:$B, MATCH($BJ11, InstructorMap!$A:$A, 0)),"")) | BL11: =IF($BJ11="","",IFERROR(INDEX(InstructorMap!$C:$C, MATCH($BJ11, InstructorMap!$A:$A, 0)),""))
BK12: =IF($BJ12="","",IFERROR(INDEX(InstructorMap!$B:$B, MATCH($BJ12, InstructorMap!$A:$A, 0)),"")) | BL12: =IF($BJ12="","",IFERROR(INDEX(InstructorMap!$C:$C, MATCH($BJ12, InstructorMap!$A:$A, 0)),""))
BK13: =IF($BJ13="","",IFERROR(INDEX(InstructorMap!$B:$B, MATCH($BJ13, InstructorMap!$A:$A, 0)),"")) | BL13: =IF($BJ13="","",IFERROR(INDEX(InstructorMap!$C:$C, MATCH($BJ13, InstructorMap!$A:$A, 0)),""))
... BK40: =IF($BJ40="","",IFERROR(INDEX(InstructorMap!$B:$B, MATCH($BJ40, InstructorMap!$A:$A, 0)),"")) | BL40: =IF($BJ40="","",IFERROR(INDEX(InstructorMap!$C:$C, MATCH($BJ40, InstructorMap!$A:$A, 0)),""))

Sheet MA_Religion
A1: Don {not in Banner} | B1: Mismatching {not in Banner} | C1: Dept/Prog Admin {not in Banner} | D1: Mona {not in Banner} | E1: Karen {not in Banner} | F1: DONE {not in Banner} | G1: Notes {not in Banner} | H1: CRN sorted {not in Banner} | I1: CRN | J1: Attribute {not in Banner} | K1: Subject | L1: Course Number {Crse Num} | M1: Course Section {Seq Crse Num} | N1: Program {not in Banner} | O1: Catalog Title | P1: Section Title | Q1: Crosslist Details {not in Banner} | R1: X Lst | S1: Campus {Ssasect Campus} | T1: Campus Restriction {Camp Restr CC} | U1: Schedule Type {not in Banner} | V1: Instruction Method {Inst Method} | W1: Level {Level SC} | X1: Part-Of-Term | Y1: Credit Catalog {Cat Crs} | Z1: Credits {Sect Crs} | AA1: Faculty Load / Contract Credits {not in Banner} | AB1: Enrollment Cap {Max Enrl} | AC1: Meeting Type | AD1: Semester Start Date {Soaterm Start Date} | AE1: Pre-work Start Date {not in Banner} | AF1: Pre-work End Date {not in Banner} | AG1: pre-work # of weeks {not in Banner} | AH1: pre-work hours/week {not in Banner} | AI1: pre-work hours/period {not in Banner} | AJ1: Intensive Period Start Date {Meet Start Date} | AK1: Intensive Period End Date {Meet End Date} | AL1: intensive # of weeks {not in Banner} | AM1: intensive hours/week {not in Banner} | AN1: intensive hours/period {not in Banner} | AO1: Post-work Start Date {not in Banner} | AP1: Post-work End Date {not in Banner} | AQ1: post-work # of weeks {not in Banner} | AR1: post-work hours/week {not in Banner} | AS1: post-work hours/period {not in Banner} | AT1: sum of weeks (for check) {not in Banner} | AU1: total contract hours {not in Banner} | AV1: Semester End Date {Soaterm End Date} | AW1: Course Beginning Time {Meet Beg Time} | AX1: Course Ending Time {Meet End Time} | AY1: SUN | AZ1: MON | BA1: TUE | BB1: WED | BC1: THU | BD1: FRI | BE1: SAT | BF1: Weeks | BG1: Fiscal Year {not in Banner} | BH1: Semester {not in Banner} | BI1: Room {Meet Room} | BJ1: Building {Meet Bldg} | BK1: Instructor Name {Instr Name} | BL1: Instructor Email {Instr Email} | BM1: Instructor ID {Instr ID} | BN1: Remote Employee {not in Banner} | BO1: % Responsibility | BP1: load/contract {not in Banner} | BQ1: Reason for Contract {not in Banner} | BR1: costs per credit {not in Banner} | BS1: total costs {not in Banner} | BT1: dept budget {not in Banner} | BU1: account to be charged {not in Banner} | BV1: SEM Department {Scacrse Dept} | BW1: dean email | BX1: VP finance email | BY1: HR email | BZ1: Fee Amount {Fees Amt} | CA1: Fee Code {Detl Code} | CB1: Fee Type | CC1: Fee Level | CD1: Fee Ind | CE1: Fee Term | CF1: Activity Date | CG1: Status | CH1: Bill Hrs | CI1: Sect Sch Type | CJ1: Prerequisites {Preq Areas} | CK1: Link Ind | CL1: Integration Code | CM1: Link Conn | CN1: Crs Attr | CO1: Comments | CP1: Major Restr | CQ1: Scacrse College | CR1: Enrolled | CS1: Waitlist Capacity | CT1: Primary Ind | CU1: Override | CV1: 1st Date Reg Opens | CW1: Last Date Reg Opens | CX1: OL Range From Date | CY1: OL Range To Date | CZ1: OL Numb Units | DA1: OL Duration Code | DB1: Grade Mode | DC1: Gradable Ind | DD1: Tuit Waiver | DE1: Course Override {Meet Override} | DF1: Lvl Res Ind | DG1: Cmp Res Ind | DH1: Rate Code | DI1: Cohort Code | DJ1: St Attr Code | DK1: Coll SC | DL1: DegC SC | DM1: Prog SC | DN1: FOS Type | DO1: Special Approval {Special Apvl} | DP1: Term Code | DQ1: Camp SC
BK2: =IF($BJ2="","",IFERROR(INDEX(InstructorMap!$B:$B, MATCH($BJ2, InstructorMap!$A:$A, 0)),"")) | BL2: =IF($BJ2="","",IFERROR(INDEX(InstructorMap!$C:$C, MATCH($BJ2, InstructorMap!$A:$A, 0)),""))
BK3: =IF($BJ3="","",IFERROR(INDEX(InstructorMap!$B:$B, MATCH($BJ3, InstructorMap!$A:$A, 0)),"")) | BL3: =IF($BJ3="","",IFERROR(INDEX(InstructorMap!$C:$C, MATCH($BJ3, InstructorMap!$A:$A, 0)),""))
BK4: =IF($BJ4="","",IFERROR(INDEX(InstructorMap!$B:$B, MATCH($BJ4, InstructorMap!$A:$A, 0)),"")) | BL4: =IF($BJ4="","",IFERROR(INDEX(InstructorMap!$C:$C, MATCH($BJ4, InstructorMap!$A:$A, 0)),""))
BK5: =IF($BJ5="","",IFERROR(INDEX(InstructorMap!$B:$B, MATCH($BJ5, InstructorMap!$A:$A, 0)),"")) | BL5: =IF($BJ5="","",IFERROR(INDEX(InstructorMap!$C:$C, MATCH($BJ5, InstructorMap!$A:$A, 0)),""))
BK6: =IF($BJ6="","",IFERROR(INDEX(InstructorMap!$B:$B, MATCH($BJ6, InstructorMap!$A:$A, 0)),"")) | BL6: =IF($BJ6="","",IFERROR(INDEX(InstructorMap!$C:$C, MATCH($BJ6, InstructorMap!$A:$A, 0)),""))
BK7: =IF($BJ7="","",IFERROR(INDEX(InstructorMap!$B:$B, MATCH($BJ7, InstructorMap!$A:$A, 0)),"")) | BL7: =IF($BJ7="","",IFERROR(INDEX(InstructorMap!$C:$C, MATCH($BJ7, InstructorMap!$A:$A, 0)),""))
BK8: =IF($BJ8="","",IFERROR(INDEX(InstructorMap!$B:$B, MATCH($BJ8, InstructorMap!$A:$A, 0)),"")) | BL8: =IF($BJ8="","",IFERROR(INDEX(InstructorMap!$C:$C, MATCH($BJ8, InstructorMap!$A:$A, 0)),""))
BK9: =IF($BJ9="","",IFERROR(INDEX(InstructorMap!$B:$B, MATCH($BJ9, InstructorMap!$A:$A, 0)),"")) | BL9: =IF($BJ9="","",IFERROR(INDEX(InstructorMap!$C:$C, MATCH($BJ9, InstructorMap!$A:$A, 0)),""))
BK10: =IF($BJ10="","",IFERROR(INDEX(InstructorMap!$B:$B, MATCH($BJ10, InstructorMap!$A:$A, 0)),"")) | BL10: =IF($BJ10="","",IFERROR(INDEX(InstructorMap!$C:$C, MATCH($BJ10, InstructorMap!$A:$A, 0)),""))
BK11: =IF($BJ11="","",IFERROR(INDEX(InstructorMap!$B:$B, MATCH($BJ11, InstructorMap!$A:$A, 0)),"")) | BL11: =IF($BJ11="","",IFERROR(INDEX(InstructorMap!$C:$C, MATCH($BJ11, InstructorMap!$A:$A, 0)),""))
BK12: =IF($BJ12="","",IFERROR(INDEX(InstructorMap!$B:$B, MATCH($BJ12, InstructorMap!$A:$A, 0)),"")) | BL12: =IF($BJ12="","",IFERROR(INDEX(InstructorMap!$C:$C, MATCH($BJ12, InstructorMap!$A:$A, 0)),""))
BK13: =IF($BJ13="","",IFERROR(INDEX(InstructorMap!$B:$B, MATCH($BJ13, InstructorMap!$A:$A, 0)),"")) | BL13: =IF($BJ13="","",IFERROR(INDEX(InstructorMap!$C:$C, MATCH($BJ13, InstructorMap!$A:$A, 0)),""))
... BK40: =IF($BJ40="","",IFERROR(INDEX(InstructorMap!$B:$B, MATCH($BJ40, InstructorMap!$A:$A, 0)),"")) | BL40: =IF($BJ40="","",IFERROR(INDEX(InstructorMap!$C:$C, MATCH($BJ40, InstructorMap!$A:$A, 0)),""))

Sheet DMIN
A1: Don {not in Banner} | B1: Mismatching {not in Banner} | C1: Dept/Prog Admin {not in Banner} | D1: Mona {not in Banner} | E1: Karen {not in Banner} | F1: DONE {not in Banner} | G1: Notes {not in Banner} | H1: CRN sorted {not in Banner} | I1: CRN | J1: Attribute {not in Banner} | K1: Subject | L1: Course Number {Crse Num} | M1: Course Section {Seq Crse Num} | N1: Program {not in Banner} | O1: Catalog Title | P1: Section Title | Q1: Crosslist Details {not in Banner} | R1: X Lst | S1: Campus {Ssasect Campus} | T1: Campus Restriction {Camp Restr CC} | U1: Schedule Type {not in Banner} | V1: Instruction Method {Inst Method} | W1: Level {Level SC} | X1: Part-Of-Term | Y1: Credit Catalog {Cat Crs} | Z1: Credits {Sect Crs} | AA1: Faculty Load / Contract Credits {not in Banner} | AB1: Enrollment Cap {Max Enrl} | AC1: Meeting Type | AD1: Semester Start Date {Soaterm Start Date} | AE1: Pre-work Start Date {not in Banner} | AF1: Pre-work End Date {not in Banner} | AG1: pre-work # of weeks {not in Banner} | AH1: pre-work hours/week {not in Banner} | AI1: pre-work hours/period {not in Banner} | AJ1: Intensive Period Start Date {Meet Start Date} | AK1: Intensive Period End Date {Meet End Date} | AL1: intensive # of weeks {not in Banner} | AM1: intensive hours/week {not in Banner} | AN1: intensive hours/period {not in Banner} | AO1: Post-work Start Date {not in Banner} | AP1: Post-work End Date {not in Banner} | AQ1: post-work # of weeks {not in Banner} | AR1: post-work hours/week {not in Banner} | AS1: post-work hours/period {not in Banner} | AT1: sum of weeks (for check) {not in Banner} | AU1: total contract hours {not in Banner} | AV1: Semester End Date {Soaterm End Date} | AW1: Course Beginning Time {Meet Beg Time} | AX1: Course Ending Time {Meet End Time} | AY1: SUN | AZ1: MON | BA1: TUE | BB1: WED | BC1: THU | BD1: FRI | BE1: SAT | BF1: Weeks | BG1: Fiscal Year {not in Banner} | BH1: Semester {not in Banner} | BI1: Room {Meet Room} | BJ1: Building {Meet Bldg} | BK1: Instructor Name {Instr Name} | BL1: Instructor Email {Instr Email} | BM1: Instructor ID {Instr ID} | BN1: Remote Employee {not in Banner} | BO1: % Responsibility | BP1: load/contract {not in Banner} | BQ1: Reason for Contract {not in Banner} | BR1: costs per credit {not in Banner} | BS1: total costs {not in Banner} | BT1: dept budget {not in Banner} | BU1: account to be charged {not in Banner} | BV1: SEM Department {Scacrse Dept} | BW1: dean email | BX1: VP finance email | BY1: HR email | BZ1: Fee Amount {Fees Amt} | CA1: Fee Code {Detl Code} | CB1: Fee Type | CC1: Fee Level | CD1: Fee Ind | CE1: Fee Term | CF1: Activity Date | CG1: Status | CH1: Bill Hrs | CI1: Sect Sch Type | CJ1: Prerequisites {Preq Areas} | CK1: Link Ind | CL1: Integration Code | CM1: Link Conn | CN1: Crs Attr | CO1: Comments | CP1: Major Restr | CQ1: Scacrse College | CR1: Enrolled | CS1: Waitlist Capacity | CT1: Primary Ind | CU1: Override | CV1: 1st Date Reg Opens | CW1: Last Date Reg Opens | CX1: OL Range From Date | CY1: OL Range To Date | CZ1: OL Numb Units | DA1: OL Duration Code | DB1: Grade Mode | DC1: Gradable Ind | DD1: Tuit Waiver | DE1: Course Override {Meet Override} | DF1: Lvl Res Ind | DG1: Cmp Res Ind | DH1: Rate Code | DI1: Cohort Code | DJ1: St Attr Code | DK1: Coll SC | DL1: DegC SC | DM1: Prog SC | DN1: FOS Type | DO1: Special Approval {Special Apvl} | DP1: Term Code | DQ1: Camp SC

Sheet InstructorMap
A1: Instructor Name {Instr Name} | B1: Instructor Email {Instr Email} | C1: Instructor ID {Instr ID}
A2: Abar, Emmanuel M. | B2: abar@andrews.edu | C2: 000114991
A3: Antic, Radisa | B3: radisa@andrews.edu | C3: 000042516
A4: Augsburger, Daniel E. | B4: augsburg@andrews.edu | C4: 000003539
A5: Barbosa, Rodrigo d. | B5: degaliza@andrews.edu | C5: 000141959
A6: Barna, Jan | B6: barna@andrews.edu | C6: 000107673
A7: Burton, Kevin M. | B7: burtonk@andrews.edu | C7: 000148286
A8: Chow, Christie Chui-Shan | B8: christiechu@andrews.edu | C8: 000232177
A9: Damsteegt, P Gerard | B9: damsteeg@andrews.edu | C9: 000009168
A10: Figueroa, Victor F. | B10: figuerov@andrews.edu | C10: 000055527
A11: Gameti, Yvonne Y. | B11: gameti@andrews.edu | C11: 000239625
A12: Garcia Zarate, Heber E. | B12: heber@andrews.edu | C12: 000147941
... A75: Reeve, Teresa L. | B75: tlreeve@andrews.edu | C75: 000050236
A76: Richards, W Larry | C76: 000008252
A77: Stefanovic, Ranko | B77: ranko@andrews.edu | C77: 000057767
A78: Vine, Cedric E. | B78: cvine@andrews.edu | C78: 000093509
A79: Baez Garcia, Enrique | B79: baezgarc@andrews.edu | C79: 000118530
A80: Baker, Leslie S. | B80: lsbakerjr@andrews.edu | C80: 000067622
A81: Bates, Robert D. | B81: bates@andrews.edu | C81: 000095796
A82: Beaulieu, Stephane A. | B82: beaulies@andrews.edu | C82: 000132272
A83: Bediako, Daniel K. | C83: 000246964
A84: Breja, Alexandru | B84: brejaal@andrews.edu | C84: 000068116
A85: Broy, Trisha E. | B85: trisha@andrews.edu | C85: 000088405
A86: Doukhan, Jacques B. | B86: doukhanj@andrews.edu | C86: 000027289
A87: Emswiler, Elizabeth | B87: emswiler@andrews.edu | C87: 000205980
A88: Gane, Constance E. | B88: cgane@andrews.edu | C88: 000074605
A89: Glanz, Oliver | B89: glanz@andrews.edu | C89: 000162826
A90: Gordan, Daniel M. | B90: danielgordan@andrews.edu | C90: 000155573
A91: Gregor, Paul Z. | B91: pgregor@andrews.edu | C91: 000052867
A92: Groda, Johnny | B92: johnny@andrews.edu | C92: 000102157
A93: Hudon, Jeffrey P. | B93: hudon@andrews.edu | C93: 000133678
A94: Ionescu, Laurentiu Gabriel | B94: laurentiuga@andrews.edu | C94: 000190055
A95: Jankovic, Slavisa | B95: jankovic@andrews.edu | C95: 000138176
... A98: Morrow, Laura K. | B98: morrowl@andrews.edu | C98: 000112615
A99: Nam, Daegeuk | C99: 000032749
A100: Ngo, Kim Chai | B100: kimchai@andrews.edu | C100: 000212413
A101: Olariu, Daniel | B101: olariu@andrews.edu | C101: 000163538
A102: Prestes Neto, Flavio | B102: neto@andrews.edu | C102: 000136415
A103: Rivas Santini, Abelardo J. | B103: abelardo@andrews.edu | C103: 000133197
A104: Rojas, Ronald | B104: rojasr@andrews.edu | C104: 000124643
A105: Ruiz Araica, Roger D. | B105: ruizr@andrews.edu | C105: 000148578
A106: Skinner, Jerome L. | B106: skinnerj@andrews.edu | C106: 000117063
A107: Sung, Sion | B107: sion@andrews.edu | C107: 000117882
A108: Tollerton, Evelyn Y. | B108: tollerto@andrews.edu | C108: 000117327
A109: Wiens, Roman | B109: wiens@andrews.edu | C109: 000160271
A110: Arias-Quintero, Jose A. | B110: ariasqui@andrews.edu | C110: 000099625
A111: Bell, Ora M. | B111: sjbell@andrews.edu | C111: 000015518
... A132: Anderson, Paul S. | B132: panderson@andrews.edu | C132: 000048877
A133: Barcelo, Saul | C133: 000233478
A134: Coralie, Alain G. | B134: coralie@andrews.edu | C134: 000076162
A135: Crews, Heather L. | B135: crewsh@andrews.edu | C135: 000052089
A136: Ferreira, Sandy Y. | B136: ferreirajim@andrews.edu | C136: 000155280
A137: Galeniece, Anna | B137: galeniec@andrews.edu | C137: 000078997
A138: Grant, Vaughan K. | B138: vaughang@andrews.edu | C138: 000054097
A139: Grys, John W. | B139: jgrys@andrews.edu | C139: 000038918
A140: Jaeger, Victor A. | B140: jaeger@andrews.edu | C140: 000115524
A141: Kissinger, Evelyn G. | B141: evelynk@andrews.edu | C141: 000031535
A142: Ledesma, Janet | B142: jledesma@andrews.edu | C142: 000043873
A143: Lewis, Michael L. | B143: lewismi@andrews.edu | C143: 000096645
A144: Madding, Timothy E. | B144: madding@andrews.edu | C144: 000069917
A145: Martin, Allan D. | C145: 000090518
A146: McLean, Errol N. | B146: mcleane@andrews.edu | C146: 000049564
A147: Ming, Marilyn D. | B147: ming@andrews.edu | C147: 000126678
A148: Morales, Xavier | B148: moralesx@andrews.edu | C148: 000139876
A149: Ramos Escobar, Walter | B149: ramosescoba@andrews.edu | C149: 000155460
A150: Rojas, Hugo E. | B150: elir@andrews.edu | C150: 000095431
A151: Taiwo, Moses O. | B151: taiwo@andrews.edu | C151: 000051532
A152: Thordarson, Throstur B. | B152: throstur@andrews.edu | C152: 000028045
A153: Trecartin, Shannon M. | B153: trecarts@andrews.edu | C153: 000133204
A154: Tsui, Terry M. | B154: tsui@andrews.edu | C154: 000120498
A155: Vatel, Marie S. | B155: vatelm@andrews.edu | C155: 000074539
A156: Wellington, Rohann D. | B156: rohann@andrews.edu | C156: 000110327
A157: Wood, H Stanley | B157: woodh@andrews.edu | C157: 000241606
... A172: Jankiewicz, Darius W. | B172: darius@andrews.edu | C172: 000069427
A173: Kis, Miroslav M. | C173: 000022704
A174: Kormos, Erik | B174: kormos@andrews.edu | C174: 000207932
A175: Koval, Bohdan | B175: koval@andrews.edu | C175: 000163303
A176: Peckham, John C. | B176: jpeckham@andrews.edu | C176: 000116996
A177: Plantak, Zorislav | B177: zplantak@andrews.edu | C177: 000104055
A178: Razmerita, Gheorghe | B178: razmerita@andrews.edu | C178: 000087063
A179: Rodrigues, Adriani M. | B179: adriani@andrews.edu | C179: 000145425
A180: Sciarabba, Davide | B180: sciarabb@andrews.edu | C180: 000138600
A181: Szallos-Farkas, Zoltan | B181: zoltan@andrews.edu | C181: 000067911
A182: Terreros, Marco T. | B182: terreros@andrews.edu | C182: 000054615
A183: Tornalejo, Remwil R. | B183: tornalejo@andrews.edu | C183: 000208503
A184: Wetterlin, Cory D. | B184: wetterli@andrews.edu | C184: 000095321
A185: Zaitsev, Eugene V. | B185: eugenez@andrews.edu | C185: 000065636
... A258: Younker, Randall W. | B258: younker@andrews.edu | C258: 000042559

Sheet DropDownMenu
A1: Notes {not in Banner} | B1: CRN sorted {not in Banner} | C1: CRN | D1: Subject | E1: Course Number {Crse Num} | F1: Course Section {Seq Crse Num} | G1: Program {not in Banner} | H1: Catalog Title | I1: Section Title | J1: X Lst | K1: Campus {Ssasect Campus} | L1: Campus Restriction {Camp Restr CC} | M1: Schedule Type {not in Banner} | N1: Instruction Method {Inst Method} | O1: Level {Level SC} | P1: Part-Of-Term | Q1: Credit Catalog {Cat Crs} | R1: Credits {Sect Crs} | S1: Faculty Load / Contract Credits {not in Banner} | T1: Enrollment Cap {Max Enrl} | U1: Meeting Type | V1: Semester Start Date {Soaterm Start Date} | W1: pre-work # of weeks {not in Banner} | X1: pre-work hours/week {not in Banner} | Y1: pre-work hours/period {not in Banner} | Z1: Intensive Period Start Date {Meet Start Date} | AA1: Intensive Period End Date {Meet End Date} | AB1: intensive # of weeks {not in Banner} | AC1: intensive hours/week {not in Banner} | AD1: intensive hours/period {not in Banner} | AE1: post-work # of weeks {not in Banner} | AF1: post-work hours/week {not in Banner} | AG1: post-work hours/period {not in Banner} | AH1: sum of weeks (for check) {not in Banner} | AI1: total contract hours {not in Banner} | AJ1: Semester End Date {Soaterm End Date} | AK1: Course Beginning Time {Meet Beg Time} | AL1: Course Ending Time {Meet End Time} | AM1: SUN | AN1: MON | AO1: TUE | AP1: WED | AQ1: THU | AR1: Weeks | AS1: Fiscal Year {not in Banner} | AT1: Semester {not in Banner} | AU1: Room {Meet Room} | AV1: Building {Meet Bldg} | AW1: Instructor Name {Instr Name} | AX1: Instructor Email {Instr Email} | AY1: Instructor ID {Instr ID} | AZ1: Remote Employee {not in Banner} | BA1: % Responsibility | BB1: load/contract {not in Banner} | BC1: Reason for Contract {not in Banner} | BD1: costs per credit {not in Banner} | BE1: dept budget {not in Banner} | BF1: account to be charged {not in Banner} | BG1: SEM Department {Scacrse Dept} | BH1: dean email | BI1: VP finance email | BJ1: HR email | BK1: Fee Amount {Fees Amt} | BL1: Fee Code {Detl Code} | BM1: Fee Type | BN1: Fee Level | BO1: Fee Term | BP1: Activity Date | BQ1: Status | BR1: Bill Hrs | BS1: Sect Sch Type | BT1: Prerequisites {Preq Areas} | BU1: Link Ind | BV1: Integration Code | BW1: Crs Attr | BX1: Scacrse College | BY1: Enrolled | BZ1: Waitlist Capacity | CA1: Primary Ind | CB1: Override | CC1: 1st Date Reg Opens | CD1: Last Date Reg Opens | CE1: OL Range From Date | CF1: OL Range To Date | CG1: OL Numb Units | CH1: OL Duration Code | CI1: Grade Mode | CJ1: Gradable Ind | CK1: Tuit Waiver | CL1: Course Override {Meet Override} | CM1: Coll SC | CN1: DegC SC | CO1: FOS Type | CP1: Special Approval {Special Apvl} | CQ1: Camp SC
A2: New Class | B2: 1043-01 | C2: 1043 | D2: ANEA | E2: 500 | F2: 0 | G2: MDIV | H2: A History of Preaching | I2: Idp Stdy:Mssn Cltrl&RlgsCntxt | J2: 009 | K2: 0 | L2: 0 | M2: Blended Learning | N2: ASYNC | O2: DO | P2: 1 | Q2: 0 | R2: 0 | S2: 1 | T2: 0 | U2: CLAS | V2: 04-MAY-25 | W2: 1 | X2: 1 | Y2: 1 | Z2: 01-JUN-25 | AA2: 01-AUG-25 | AB2: 1 | AC2: 40 | AD2: 1 | AE2: 1 | AF2: 1 | AG2: 1 | AH2: 1 | AI2: 109 | AJ2: 01-AUG-25 | AK2: 0800 | AL2: 1020 | AM2: S | AN2: M | AO2: T | AP2: W | AQ2: R | AR2: 12 | AS2: 2015 | AT2: Spring | AU2: 118 | AV2: Bell Hall [BH] | AW2: Abar, Emmanuel M. | AX2: abar@andrews.edu | AY2: 000114991 | AZ2: yes | BA2: 100 | BB2: load | BC2: Teacher loads are full | BD2: 1000 | BE2: yes | BF2: CHIS: 11-1100-9120-70 | BG2: CHIS | BH2: moskala@andrews.edu | BI2: valencia@andrews.edu | BJ2: employment@andrews.edu | BK2: -633 | BL2: EAB4 | BM2: BILL | BN2: DO | BO2: 202531 | BP2: 01-JUL-25 | BQ2: A | BR2: 0 | BS2: A | BT2: P-ANEA830 | BU2: A1 | BV2: MOODL | BW2: ADVN | BX2: 70 | BY2: 0 | BZ2: 0 | CA2: Y | CB2: O | CC2: 03-FEB-25 | CD2: 01-AUG-25 | CE2: 03-FEB-25 | CF2: 01-AUG-25 | CG2: 1 | CH2: DAYS | CI2: X | CJ2: Y | CK2: N | CL2: O | CM2: 70 | CN2: MSCID | CO2: MAJOR | CP2: I | CQ2: 0
A3: Delete Class | B3: 1044-01 | C3: 1044 | D3: CHIS | E3: 501 | F3: 001 | G3: MDIV-MA | H3: Adv Arch Field Work | I3: Adv Holistic Small Groups | J3: 028 | K3: 7 | L3: 7 | M3: Equivalency Assessment | N3: EXAM | O3: FP | P3: 2 | Q3: 0,2 | R3: 0,2 | S3: 2 | T3: 1 | U3: POST | V3: 07-JUL-25 | Z3: 02-JUL-25 | AA3: 01-JUL-25 | AJ3: 03-JUL-25 | AK3: 0830 | AL3: 1120 | AR3: 3 | AS3: 2016 | AT3: Summer | AU3: 120 | AV3: Buller Hall [BUL] | AW3: Antic, Radisa | AX3: radisa@andrews.edu | AY3: 000042516 | AZ3: no | BA3: 34 | BB3: contract | BC3: Teacher overload | BD3: 1050 | BE3: no | BF3: PATH: 11-1150-9120-70 | BG3: DSLE | BK3: -922 | BL3: EAR2 | BM3: FLAT | BN3: FP | BP3: 01-JUN-25 | BQ3: I | BR3: 1 | BS3: BL | BT3: P-CHIS624 | BU3: T1 | BW3: ADVN,THEO | BY3: 1 | CD3: 11-MAY-25 | CE3: 12-MAY-25 | CF3: 12-MAY-25 | CG3: 160 | CP3: IT | CQ3: 7
A4: Title | B4: 1045-01 | C4: 1045 | D4: DSLE | E4: 503 | F4: 002 | G4: MDIV-FL | H4: Adv Archaeology of NT Period | I4: Adv Scholarly & Prof Dev | J4: 044 | K4: 9OM | L4: 9 | M4: Independent | N4: INTEN | O4: MA | P4: 3 | Q4: 0,3 | R4: 0,3 | S4: 3 | T4: 10 | U4: PRE | V4: 09-JUN-25 | Z4: 02-JUN-25 | AA4: 01-JUN-25 | AJ4: 04-JUL-25 | AK4: 1330 | AL4: 1200 | AR4: 4 | AS4: 2017 | AT4: Fall | AU4: 153 | AV4: Chan Shun Hall [CSH] | AW4: Augsburger, Daniel E. | AX4: augsburg@andrews.edu | AY4: 000003539 | BA4: 50 | BB4: load x-list | BC4: Subject-matter expert | BF4: MSSN: 11-1200-9120-70 | BG4: GSEM | BK4: 1267 | BL4: ES12 | BN4: MA | BP4: 01-MAY-25 | BR4: 2 | BS4: EA | BT4: P-CHIS674 | BW4: ARHA,CLAS,JEWS,NTBG | BY4: 10 | CD4: 15-JUN-25 | CE4: 16-JUN-25 | CF4: 16-JUN-25 | CG4: 180 | CP4: RC
A5: Add X-List | B5: 1047-01 | C5: 1047 | D5: GSEM | E5: 504 | F5: 003 | G5: MAPM-HISP | H5: Adv Archaeology of Palestine | I5: Adv St Pauline Wrtg: Galatians | J5: 061 | K5: ZOM | L5: 9OM | M5: Int, Online | N5: SYNC | O5: FP/MA | P5: Q | Q5: 0-3 | R5: 0-3 | S5: 4 | T5: 15 | U5: TOUR | V5: 12-MAY-25 | Z5: 03-FEB-25 | AA5: 01-NOV-25 | AJ5: 06-JUN-25 | AK5: 1400 | AL5: 1220 | AR5: 8 | AS5: 2018 | AU5: N108 | AV5: Griggs Hall A [GHA] | AW5: Barbosa, Rodrigo d. | AX5: degaliza@andrews.edu | AY5: 000141959 | BB5: contract x-list | BF5: _DIS: 11-1200-9120-70-120011 | BG5: NTST | BK5: 130 | BL5: ES30 | BP5: 02-JUL-25 | BR5: 3 | BS5: I | BT5: P-NTST658 | BW5: CH1 | BY5: 11 | CD5: 18-MAY-25 | CE5: 19-MAY-25 | CF5: 19-MAY-25 | CG5: 290 | CP5: T
A6: Delete X-List | B6: 1050-01 | C6: 1050 | D6: MSSN | E6: 505 | F6: 004 | G6: MAPM-ENGL | H6: Adv Clin Pastoral Eductn | I6: Adv St Pauline Wrtg: Romans | J6: 086 | K6: ·­ | L6: Z | M6: Lecture | N6: TOUR | P6: W | Q6: 1 | R6: 1 | S6: 5 | T6: 18 | U6: WEB | V6: 14-JUL-25 | Z6: 03-JUL-25 | AA6: 02-DEC-25 | AJ6: 18-MAY-25 | AK6: 1430 | AL6: 1400 | AS6: 2019 | AU6: N110 | AV6: Griggs Hall B [GHB] | AW6: Barna, Jan | AX6: barna@andrews.edu | AY6: 000107673 | BB6: continuous | BF6: NTST: 11-1250-9120-70 | BG6: OTST | BK6: 1471 | BL6: ESCF | BP6: 02-JUN-25 | BR6: 4 | BS6: M | BT6: P-NTST668 | BW6: CH1,REFM | BY6: 12 | CD6: 21-JUN-25 | CE6: 22-JUN-25 | CF6: 26-JUN-25 | CG6: 90
A7: Sp. Approval | B7: 1050-02 | C7: 1120 | D7: NTST | E7: 506 | F7: 006 | G7: MAR-NAD | H7: Adv Fostering Spiritual Growth | I7: Adv St:Narrative Curriculum | J7: 087 | L7: ZOM | M7: Lecture/Lab | N7: WEB | Q7: 1-10 | R7: 1-10 | S7: 6 | T7: 20 | V7: 17-JUN-25 | Z7: 04-JUL-25 | AA7: 02-JUL-25 | AJ7: 24-JUN-25 | AL7: 1520 | AS7: 2020 | AU7: N150 | AV7: Horn Museum [HORN] | AW7: Burton, Kevin M. | AX7: burtonk@andrews.edu | AY7: 000148286 | BF7: OTST: 11-1300-9120-70 | BG7: PATH | BK7: 160 | BL7: ESM1 | BP7: 03-JUL-25 | BR7: 5 | BS7: N | BT7: P-OTST552 | BW7: CHAP,HITH,REFM | BY7: 13 | CD7: 25-MAY-25 | CE7: 26-MAY-25 | CF7: 26-MAY-25
A8: Campus 7 Restr. | B8: 1120-01 | C8: 1123 | D8: OTST | E8: 507 | F8: 031 | G8: MAR-INT | H8: Adv Greek Grammar & Syntax | I8: Adv St:Reachng the Seculr Mind | J8: 088 | M8: Music Organization | N8: INPERSON | Q8: 1-12 | R8: 1-12 | S8: 7 | T8: 25 | Z8: 04-MAY-25 | AA8: 03-DEC-25 | AJ8: 25-JUN-25 | AL8: 1620 | AS8: 2021 | AU8: N235 | AV8: James White Library [JWL] | AW8: Chow, Christie Chui-Shan | AX8: christiechu@andrews.edu | AY8: 000232177 | BF8: DSLE: 11-1320-9120-70 | BG8: THCP | BK8: 45 | BL8: ESM3 | BP8: 03-JUN-25 | BS8: P | BT8: P-OTST664 | BW8: CHAP,PACC,PACO | BY8: 14 | CD8: 26-JUN-25 | CE8: 27-JUN-25 | CF8: 27-JUN-25
A9: Remove C7 Restr. | B9: 1123-01 | C9: 1124 | D9: PATH | E9: 508 | F9: 038 | G9: MAYYAM | H9: Adv Holistic Small Groups | I9: Adv Stds Pauline Wrtg:1Thessal | J9: 089 | M9: Practicum | N9: EGW Cert | Q9: 1-13 | R9: 1-13 | S9: 8 | T9: 30 | Z9: 05-JUL-25 | AA9: 03-JUL-25 | AJ9: 31-JUL-25 | AL9: 1700 | AS9: 2022 | AU9: N310 | AV9: Johnson Gym [JGYM] | AW9: Damsteegt, P Gerard | AX9: damsteeg@andrews.edu | AY9: 000009168 | BF9: THST: 11-1350-9120-70 | BG9: WMIS | BK9: 929 | BL9: ESM4 | BP9: 03-OCT-25 | BS9: W | BT9: P-OTST940 | BW9: CHGE,CHPL,EVAN | BY9: 15
A10: Progr. Restr. | B10: 1123-02 | C10: 1148 | D10: THST | E10: 509 | F10: 040 | G10: TOUR | H10: Adv Ldshp Competencies | I10: Adv Stds Pauline Wrtg:1THS | J10: 093 | M10: Seminar | N10: MAPM_HISP | Q10: 1-3 | R10: 1-3 | T10: 35 | Z10: 05-JUN-25 | AA10: 04-JUL-25 | AL10: 1720 | AS10: 2023 | AU10: N335 | AV10: Nethery Hall [NH] | AW10: Figueroa, Victor F. | AX10: figuerov@andrews.edu | AY10: 000055527 | BF10: DMIN: 11-1170-9120-70-1170* | BL10: ESTD | BP10: 04-AUG-25 | BW10: CHGE,EVAN | BY10: 16
A11: Credits | B11: 1123-03 | C11: 1149 | E11: 510 | F11: 041 | G11: DIS | H11: Adv Ministerial Development | I11: Adv Stds:ChrstnFormtn&Dscplshp | J11: 104 | M11: Workshop | N11: MAPM_ENGL | Q11: 1-4 | R11: 1-4 | T11: 36 | Z11: 06-JUN-25 | AA11: 04-JUN-25 | AL11: 1730 | AS11: 2024 | AU11: S120 | AV11: Pioneer Memorial Church [PMC] | AW11: Gameti, Yvonne Y. | AX11: gameti@andrews.edu | AY11: 000239625 | BF11: TOUR | BL11: ESTM | BP11: 04-JUN-25 | BW11: CHGE,HLEV,HLMN,PACC | BY11: 17
A12: Cap | B12: 1124-01 | C12: 1150 | E12: 511 | F12: 042 | G12: DMIN | H12: Adv Pastoral Counseling | I12: Adv Stds:Dssrttn Ltrtr Review | J12: 126 | M12: ·­ | N12: MAR_INT | Q12: 1-5 | R12: 1-5 | T12: 40 | Z12: 07-JUL-25 | AA12: 05-JUN-25 | AS12: 2025 | AU12: S215 | AV12: Seminary Building / Lake Union [SEM] | AW12: Garcia Zarate, Heber E. | AX12: heber@andrews.edu | AY12: 000147941 | BP12: 04-MAY-25 | BW12: CHLP | BY12: 18
A13: Day | B13: 1124-02 | C13: 1151 | E13: 514 | F13: 043 | G13: PHD/THD | H13: Adv Resrch, Methd&Thry in Arch | I13: Adv Stds:Ethical Lead&Org Intg | J13: 128 | N13: MAR_NAD | Q13: 1-6 | R13: 1-6 | T13: 45 | Z13: 07-JUN-25 | AA13: 06-JUN-25 | AS13: 2026 | AU13: S340 | AV13: Wellness Center [ACW] | AW13: Kaiser, Angelika | AX13: angelika@andrews.edu | AY13: 000143159 | BP13: 05-MAY-25 | BW13: EVAN | BY13: 19
A14: Time | B14: 1124-03 | C14: 1154 | E14: 515 | F14: 044 | G14: PHD-RelEd | H14: Adv Scholarly & Prof Dev | I14: Adv Stds:Spiritual Formation | J14: 129 | Q14: 1-8 | R14: 1-8 | T14: 5 | Z14: 08-JUN-25 | AA14: 07-JUN-25 | AS14: 2027 | AV14: Advent Health University [OCFLAH] | AW14: Kaiser, Denis | AX14: denis@andrews.edu | AY14: 000134382 | BP14: 06-AUG-25 | BW14: EXEG | BY14: 2
A15: Room | B15: 1148-01 | C15: 1155 | E15: 516 | F15: 045 | G15: POSTDOC | H15: Adv Studies General Epistles: | I15: Adv Stds:Teaching Rlgn College | J15: 132 | Q15: 1-9 | R15: 1-9 | T15: 999 | Z15: 09-JUN-25 | AA15: 07-NOV-25 | AS15: 2028 | AV15: Thailand (Asia-Pacific Int Univ AIU) [OCTHA] | AW15: Louw, Eric A. | AX15: louw@andrews.edu | AY15: 000160504 | BP15: 06-JUL-25 | BW15: FT | BY15: 20
A16: Location | B16: 1149-01 | C16: 1159 | E16: 517 | F16: 055 | G16: EGW-Cert | H16: Adv Studies Gospels: | I16: Adv Stds:Thlgcal Fndtns Chrstn | J16: 133 | Q16: 1.5,2 | R16: 1.5,2 | Z16: 10-AUG-25 | AA16: 08-JUN-25 | AS16: 2029 | AV16: Canadian Union (Burman University) [OCCABU] | AW16: Park, Jungkyu | AX16: jungkyu@andrews.edu | AY16: 000122429 | BP16: 06-JUN-25 | BW16: HITH | BY16: 22
A17: Instructor | B17: 1150-01 | C17: 1160 | E17: 520 | F17: 065 | H17: Adv Studies Pauline Wrtg: | I17: Adv Stdy Pauline Wrtg: Romans | J17: 136 | Q17: 2 | R17: 2 | Z17: 10-JUN-25 | AA17: 09-AUG-25 | AS17: 2030 | AV17: Centro Univ Adv de Sao Paulo [OCBRA1] | AW17: Rodrigues, Gerson C. | AX17: gersoncr@andrews.edu | AY17: 000093682 | BP17: 06-MAY-25 | BW17: HT | BY17: 23
A18: Add Fee | B18: 1151-01 | C18: 1161 | E18: 521 | F18: 069 | H18: Adv Studies: | I18: Adv Stud Pauline Wrtg: Romans | J18: 137 | Q18: 2,3 | R18: 2,3 | Z18: 12-MAY-25 | AA18: 09-JUN-25 | AS18: 2031 | AV18: Florida Conference of SDA [OCFLFC] | AW18: Rosario, Antonio M. | AX18: arosario@andrews.edu | AY18: 000074158 | BP18: 07-AUG-25 | BW18: LLIT | BY18: 24
A19: Remove Fee | B19: 1151-02 | C19: 1162 | E19: 522 | F19: 079 | H19: Adv Youth&Young Adult Min | I19: Adv Stud: Dissert Lit Review | J19: 138 | Q19: 2-12 | R19: 2-12 | Z19: 13-JUL-25 | AA19: 10-OCT-25 | AS19: 2032 | AV19: Southern Union / Forest Lake SDA Church [OCFLFL] | AW19: Steger, Walter E. | AX19: steger@andrews.edu | AY19: 000064286 | BP19: 07-MAY-25 | BW19: NTBG | BY19: 25
B20: 1151-03 | C20: 1169 | E20: 523 | F20: 091 | H20: Adv Yth&Yng Adlt Min Ldrshp | I20: Adv Stud:Qualitative Research | J20: 146 | Q20: 2-4 | R20: 2-4 | Z20: 13-MAY-25 | AA20: 12-JUL-25 | AS20: 2033 | AV20: Hong Kong Adventist College [OCCHK] | AW20: Toscano, Steven M. | AX20: toscano@andrews.edu | AY20: 000138178 | BP20: 08-JUL-25 | BW20: NTTH,PAUL,THEO | BY20: 26
B21: 1151-04 | C21: 1170 | E21: 524 | F21: 092 | H21: Advanced Admin Practices | I21: Adv Studies Gospels: John | J21: 147 | Q21: 2-8 | R21: 2-8 | Z21: 14-JUL-25 | AA21: 13-JUL-25 | AS21: 2034 | AV21: Loma Linda University [OCCALL] | AW21: Allen, Shirley M. | AX21: ashirley@andrews.edu | AY21: 000062024 | BP21: 08-JUN-25 | BW21: NTTH,SYNG,THEO | BY21: 27
B22: 1154-01 | C22: 1171 | E22: 525 | F22: 095 | H22: Advanced Campus Ministry | I22: Adv Studies Gospels: Mark | J22: 314 | Q22: 3 | R22: 3 | Z22: 14-JUN-25 | AA22: 13-JUN-25 | AS22: 2035 | AV22: Newbold College [OCGBR] | AW22: Beagles, Kathleen A. | AX22: beaglesk@andrews.edu | AY22: 000041794 | BP22: 08-MAY-25 | BW22: NTTH,THEO | BY22: 29
B23: 1155-01 | C23: 1175 | E23: 526 | F23: 101 | H23: Advent Hist,Life&Writings EGW | I23: Adv Studies Gospels: Matthew | J23: 315 | Q23: 3,4 | R23: 3,4 | Z23: 15-AUG-25 | AA23: 14-AUG-25 | AS23: 2036 | AV23: Columbia Union / North American Division of SDA [OCMDND] | AW23: Consuegra, Claudio J. | AX23: consuegr@andrews.edu | AY23: 000041530 | BP23: 09-APR-25 | BW23: OTHA | BY23: 3
B24: 1159-01 | C24: 1176 | E24: 529 | F24: 102 | H24: Ancient Near Eastern Lang | I24: Adv Studies Gospels:John | J24: 316 | Q24: 3-6 | R24: 3-6 | Z24: 15-JUN-25 | AA24: 14-JUN-25 | AS24: 2037 | AV24: North Pacific Union Conference [OCWANP] | AW24: Davis, Desiree E. | AX24: desireed@andrews.edu | AY24: 000111875 | BP24: 09-JUL-25 | BW24: PACC | BY24: 30
B25: 1160-01 | C25: 1177 | E25: 530 | F25: 103 | H25: Apologetics in Evangelism | I25: Adv Studies Gospels:Mark | J25: 318 | Q25: 4,5 | R25: 4,5 | Z25: 16-JUN-25 | AA25: 16-AUG-25 | AS25: 2038 | AV25: Atlantic Union / Northern New England Conf [OCMENE] | AW25: Duany, Efrain | AX25: duany@andrews.edu | AY25: 000117365 | BP25: 09-JUN-25 | BW25: PREA,PWOR | BY25: 37
B26: 1161-01 | C26: 1178 | E26: 534 | F26: 104 | H26: Applied Research | I26: Adv Studies Gospels:Matthew | J26: 319 | Q26: 5,6 | R26: 5,6 | Z26: 17-AUG-25 | AA26: 17-JUL-25 | AS26: 2039 | AV26: Southwestern Union / Oklahoma City Central [OCOKOC] | AW26: Espinosa, Jose M. | AX26: josee@andrews.edu | AY26: 000032088 | BP26: 09-MAY-25 | BW26: SMUS | BY26: 4
B27: 1162-01 | C27: 1180 | E27: 535 | F27: 105 | H27: Archaeological Field Work | I27: Adv Studies: | J27: 321 | Z27: 17-JUN-25 | AA27: 17-JUN-25 | AS27: 2040 | AV27: Poland/Baltic States (Polish Senior College Theo&Hum) [OCPOL] | AW27: Fraser, Jasmine J. | AX27: fraserj@andrews.edu | AY27: 000129106 | BP27: 10-JUN-25 | BW27: SYTH | BY27: 43
B28: 1162-02 | C28: 1220 | E28: 536 | F28: 106 | H28: Archaeology and the Bible | I28: Adv Studies: Applied Research | J28: 322 | Z28: 18-JUL-25 | AA28: 17-MAY-25 | AS28: 2041 | AV28: Pacific Union (Southeastern California Conf) [OCCASC] | AW28: Freed, Kristina M. | AX28: tyrrell@andrews.edu | AY28: 000067653 | BP28: 11-MAY-25 | BW28: THEO | BY28: 5
B29: 1162-03 | C29: 1223 | E29: 537 | F29: 107 | H29: Archaeology of Palestine | I29: Adv Studies: Synthesis | J29: 323 | Z29: 18-JUN-25 | AA29: 18-MAY-25 | AS29: 2042 | AV29: Taiwan Adventist College [OCTWN] | AW29: Gilles, Allens | AX29: gilles@andrews.edu | AY29: 000129689 | BP29: 12-AUG-25 | BW29: TOUR | BY29: 51
B30: 1162-04 | C30: 1235 | E30: 538 | F30: 108 | H30: Assmnt Treatmt Victim Violence | I30: Adv Studies:Collab Ministries | J30: 325 | Z30: 18-MAY-25 | AA30: 19-JUL-25 | AS30: 2043 | AV30: Ukrainan Adv Center Higher ED [OCUKR] | AW30: Hamilton, Lloyd M. | AX30: hamiltol@andrews.edu | AY30: 000062449 | BP30: 12-JUN-25 | BY30: 6
B31: 1169-01 | C31: 1277 | E31: 539 | F31: 111 | H31: Beginning Greek | I31: Adv Studies:Collaborative Min | J31: 326 | Z31: 19-MAY-25 | AA31: 19-JUN-25 | AS31: 2044 | AV31: Mid-American Union / Union College [OCNEUC] | AW31: Joseph, Ainsworth E. | AX31: ainsworj@andrews.edu | AY31: 000079312 | BP31: 12-MAY-25 | BY31: 7
B32: 1170-01 | C32: 1279 | E32: 540 | F32: 116 | H32: Bib & Theo Hermeneutics | I32: Adv Studies:DscplshpAdvntEduc | J32: 327 | Z32: 20-JUL-25 | AA32: 20-JUL-25 | AS32: 2045 | AV32: Univ Adventista del Plata [OCARG] | AW32: Martin, Benjamin L. | AX32: benjaminm@andrews.edu | AY32: 000155484 | BP32: 13-JUN-25 | BY32: 8
B33: 1171-01 | C33: 1305 | E33: 541 | F33: 127 | H33: Bib Theo&Spiritl Found Mssn | I33: Adv Studies:SpiritualFormation | J33: 328 | Z33: 20-JUN-25 | AA33: 20-JUN-25 | AS33: 2046 | AV33: Universitatea Adventus din Cer [OCROU] | AW33: Mayer, Jorge R. | AX33: jorgem@andrews.edu | AY33: 000049082 | BP33: 13-MAY-25 | BY33: 9
B34: 1171-02 | C34: 1309 | E34: 543 | F34: 128 | H34: Bib. Lands & Exploration | I34: Adv Studies:Synthesis Rel Ed | J34: 329 | Z34: 21-JUL-25 | AA34: 21-AUG-25 | AS34: 2047 | AV34: Zaokski Theo Seminary [OCRUS] | AW34: Moore, Richard A. | AX34: mooreri@andrews.edu | AY34: 000054389 | BP34: 14-APR-25
B35: 1171-03 | C35: 1311 | E35: 545 | F35: 129 | H35: Bibl, Theo&Sprtl Fndtn of Miss | I35: Adv Yth&Yng Adlt Min Ldrshp | J35: 330 | Z35: 21-JUN-25 | AA35: 21-JUN-25 | AS35: 2048 | AW35: Ramos, Israel | AX35: ramosi@andrews.edu | AY35: 000111021 | BP35: 14-FEB-25
B36: 1171-04 | C36: 1999 | E36: 546 | F36: 130 | H36: Bible Lands & Their Exploraton | I36: Advanced Campus Ministry | J36: 331 | Z36: 22-AUG-25 | AA36: 22-JUN-25 | AS36: 2049 | AW36: Reddy, Ashley C. | AX36: reddy@andrews.edu | AY36: 000159825 | BP36: 14-JUL-25
B37: 1175-01 | C37: 2005 | E37: 548 | F37: 131 | H37: Bible Lands& Their Exploration | I37: AdvSt: Teach for Disc Life Spa | J37: 332 | Z37: 22-JUN-25 | AA37: 22-MAY-25 | AS37: 2050 | AW37: Reinert, Katia G. | AX37: reinert@andrews.edu | AY37: 000195832 | BP37: 14-MAY-25
B38: 1176-01 | C38: 2008 | E38: 549 | F38: 132 | H38: Biblical Aramaic | I38: AdvSt:Min toYouth &Young Adult | J38: 333 | Z38: 23-JUN-25 | AA38: 22-NOV-25 | AW38: Sedlacek, David | AX38: sedlacek@andrews.edu | AY38: 000142355 | BP38: 15-JUL-25
B39: 1177-01 | C39: 2013 | E39: 550 | F39: 133 | H39: Biblical Eschatology | I39: AdvSt:Teach for Disc Life Span | J39: 334 | Z39: 23-MAY-25 | AA39: 23-MAY-25 | AW39: Ward, Scott R. | AX39: sward@andrews.edu | AY39: 000077973 | BP39: 15-MAY-25
B40: 1178-01 | C40: 2022 | E40: 551 | F40: 201 | H40: Biblical Hebrew I | I40: AdvStds:Collaborative Ministry | J40: 335 | Z40: 24-MAY-25 | AA40: 24-JUL-25 | AW40: Fernandez-Gibbs, Jharony E. | AX40: jharony@andrews.edu | AY40: 000140039 | BP40: 16-APR-25
B41: 1178-02 | C41: 2024 | E41: 552 | F41: 995 | H41: Biblical Hebrew II | I41: AdvStu:Bbcl& Theo Hermeneutics | J41: 336 | Z41: 25-JUL-25 | AA41: 24-JUN-25 | AW41: Peguero Colon, Samuel | AX41: pegueroc@andrews.edu | AY41: 000130089 | BP41: 17-APR-25
B42: 1178-03 | C42: 2161 | E42: 553 | F42: 996 | H42: Biblical Hebrew III | I42: AdvStud PaulWrtg:Pastoral Epis | J42: 337 | Z42: 25-MAY-25 | AA42: 24-MAY-25 | AW42: Fox, Curtis A. | AX42: curtisf@andrews.edu | AY42: 000062042 | BP42: 17-JUL-25
B43: 1178-04 | C43: 2173 | E43: 554 | F43: 997 | H43: Biblical Preaching | I43: AdvStudies:Biblical Counseling | J43: 338 | Z43: 26-MAY-25 | AA43: 25-FEB-26 | AW43: Lopez, Elim J. | AX43: elim@andrews.edu | AY43: 000132146 | BP43: 18-APR-25
B44: 1180-01 | C44: 2199 | E44: 555 | F44: 998 | H44: Bilingual Ministry | I44: ANE Lang: Akkadian | J44: 339 | Z44: 27-JUN-25 | AA44: 26-JUN-25 | AW44: Maxson, Benjamin C. | AX44: maxson@andrews.edu | AY44: 000025977 | BP44: 18-JUL-25
B45: 1220-01 | C45: 2200 | E45: 556 | F45: 999 | H45: Black Preaching | I45: ANE Lang: Top Akkadian | J45: 346 | Z45: 27-MAY-25 | AA45: 26-MAY-25 | AW45: Oliver, Wilbert H. | AX45: wilberto@andrews.edu | AY45: 000034125 | BP45: 19-AUG-25
B46: 1223-01 | C46: 2204 | E46: 557 | H46: Building Syst & Leading Mvmts | I46: Applied Research | Z46: 28-JUL-25 | AA46: 27-JAN-26 | AW46: Olivo, Dionisio | AX46: olivo@andrews.edu | AY46: 000046389 | BP46: 19-JUN-25
B47: 1223-02 | C47: 2212 | E47: 558 | H47: Ch Growth&Discipleshp Urban Ch | I47: Apprches Evan:Chrch Pant Conf | Z47: 28-JUN-25 | AA47: 27-JUL-25 | AW47: Swanson, H Peter | AX47: swansonp@andrews.edu | AY47: 000031571 | BP47: 19-MAY-25
B48: 1235-01 | C48: 2214 | E48: 560 | H48: Challenge 2nd&3rd Generations | I48: Archaeology and the Bible | Z48: 30-MAY-25 | AA48: 27-JUN-25 | AW48: Walshe, Allan R. | AX48: walshe@andrews.edu | AY48: 000136308 | BP48: 20-JUN-25
B49: 1277-01 | C49: 2216 | E49: 561 | H49: Chaplain as Leader | I49: Beginning Greek | Z49: 31-MAY-25 | AA49: 29-MAY-25 | AW49: Aguiar, Adenilton T. | AX49: adenilton@andrews.edu | AY49: 000160279 | BP49: 20-MAR-25
B50: 1279-01 | C50: 2217 | E50: 562 | H50: Christian Leadership | I50: Bib & Theo Hermeneutics | AA50: 30-MAY-25 | AW50: Agustin, Alfredo G. | AX50: agustina@andrews.edu | AY50: 000240618 | BP50: 20-MAY-25
B51: 1305-01 | C51: 2218 | E51: 564 | H51: Christian Personal Ethics | I51: Bible Lands & Their Exploraton | AA51: 31-JUL-25 | AW51: Badenas, Roberto D. | AX51: badenasr@andrews.edu | AY51: 000035367 | BP51: 21-APR-25
B52: 1309-01 | C52: 2219 | E52: 565 | H52: Christian Persp on Prof Ethics | I52: Biblical Eschatology | AA52: 31-MAY-25 | AW52: Borda, Guilherme L. | AX52: borda@andrews.edu | AY52: 000150924 | BP52: 21-FEB-25
B53: 1311-01 | C53: 2220 | E53: 566 | H53: Christian Professional Ethics | I53: Biblical Hebrew I | AW53: Choi, Phuichun R. | AX53: choir@andrews.edu | AY53: 000036676 | BP53: 21-JUL-25
B54: 1999-01 | C54: 2221 | E54: 567 | H54: Christian Social Ethics | I54: Biblical Hebrew II | AW54: Cortez, Felix H. | AX54: fcortez@andrews.edu | AY54: 000110700 | BP54: 21-MAY-25
B55: 1999-02 | C55: 2241 | E55: 568 | H55: Christian Theology I | I55: Biblical Hebrew III | AW55: Ferreira, Jonatas L. | AX55: jonatas@andrews.edu | AY55: 000159708 | BP55: 22-JUL-25
B56: 2005-01 | C56: 2252 | E56: 570 | H56: Christian Theology II | I56: Biblical Preaching | AW56: Festa, Sergio R. | AX56: festa@andrews.edu | AY56: 000159784 | BP56: 22-JUN-25
B57: 2008-01 | C57: 2259 | E57: 571 | H57: Christian Witness&Wrld Relgns | I57: Black Preaching | AW57: Gallos, Erhard H. | AX57: gallos@andrews.edu | AY57: 000068119 | BP57: 22-MAY-25
B58: 2013-01 | C58: 2260 | E58: 574 | H58: Christn Lead in a Chnging Wrld | I58: CHIS: Hist Cont Prse&Wrsp | AW58: Gallusz, Laszlo | AX58: gallusz@andrews.edu | AY58: 000203949 | BP58: 23-APR-25
B59: 2022-01 | C59: 2261 | E59: 575 | H59: Christn Respns to Human Needs | I59: Chrch Grwth& Eqppng Pstr:_____ | AW59: Grzeskowiak, Adam | AX59: grzeskowiak@andrews.edu | AY59: 000204006 | BP59: 23-JUL-25
B60: 2022-02 | C60: 2265 | E60: 584 | H60: Church & Personal Finance | I60: Christian Personal Ethics | AW60: Hernandez, Angel M. | AX60: ahernandez@andrews.edu | AY60: 000025476 | BP60: 23-MAY-25
B61: 2024-01 | C61: 2267 | E61: 585 | H61: Church & Urban Community | I61: Christian Persp on Prof Ethics | AW61: Huss, Rajan P. | AX61: huss@andrews.edu | AY61: 000141225 | BP61: 24-APR-25
B62: 2024-02 | C62: 2270 | E62: 586 | H62: Church and Society | I62: Christian Social Ethics | AW62: Johnston, Robert M. | AX62: bobjohn@andrews.edu | AY62: 000003908 | BP62: 25-APR-25
B63: 2161-01 | C63: 2271 | E63: 587 | H63: Church Growth | I63: Christian Theology I | AW63: Kondrat, Stanislav | AX63: kondrat@andrews.edu | AY63: 000119532 | BP63: 25-JUN-25
B64: 2173-01 | C64: 2293 | E64: 588 | H64: Church Grwth& Equipping Leader | I64: Christn Lead in a Chnging Wrld | AW64: Kostyuk, Oleg | AX64: kostyuk@andrews.edu | AY64: 000159768 | BP64: 26-AUG-25
... B81: 2252-01 | C81: 2509 | E81: 615 | H81: Contemporary Iss in Mission | I81: Coll: Effective Soc. Media Min | AW81: Bates, Robert D. | AX81: beaulies@andrews.edu | AY81: 000095796 | BP81: 31-MAR-25
B82: 2259-01 | C82: 2519 | E82: 616 | H82: Contemporary Theology | I82: Coll: Ellen White Issues Symp | AW82: Beaulieu, Stephane A. | AX82: brejaal@andrews.edu | AY82: 000132272
B83: 2259-02 | C83: 2535 | E83: 617 | H83: Contemporary Trends | I83: Coll: Ellen White Issues Sympm | AW83: Bediako, Daniel K. | AX83: trisha@andrews.edu | AY83: 000246964
B84: 2260-01 | C84: 2550 | E84: 618 | H84: Contextualized Preaching | I84: Coll: Exeg Use of Bib Software | AW84: Breja, Alexandru | AX84: doukhanj@andrews.edu | AY84: 000068116
B85: 2260-02 | C85: 2580 | E85: 619 | H85: Contextualized Preaching: | I85: Coll: Faith in Film | AW85: Broy, Trisha E. | AX85: emswiler@andrews.edu | AY85: 000088405
B86: 2261-01 | C86: 2612 | E86: 620 | H86: Coptic | I86: Coll: Finances for Pastors | AW86: Doukhan, Jacques B. | AX86: cgane@andrews.edu | AY86: 000027289
B87: 2261-02 | C87: 2694 | E87: 622 | H87: Counseling Youth & Young Adult | I87: Coll: Innovative Y&YA Evang | AW87: Emswiler, Elizabeth | AX87: glanz@andrews.edu | AY87: 000205980
B88: 2265-01 | C88: 2695 | E88: 623 | H88: CPE | I88: Coll: Journey to Wholeness | AW88: Gane, Constance E. | AX88: danielgordan@andrews.edu | AY88: 000074605
B89: 2265-02 | C89: 2696 | E89: 624 | H89: CreatngCollctvImpctProjctMngm | I89: Coll: Master Guide Tolbox | AW89: Glanz, Oliver | AX89: pgregor@andrews.edu | AY89: 000162826
B90: 2267-01 | C90: 2699 | E90: 625 | H90: Cross-Cultural Communication | I90: Coll: Master Guide Toolbox | AW90: Gordan, Daniel M. | AX90: johnny@andrews.edu | AY90: 000155573
B91: 2270-01 | C91: 2700 | E91: 626 | H91: Cross-Cultural Ldshp Developmt | I91: Coll: Mentoring for Church Rev | AW91: Gregor, Paul Z. | AX91: hudon@andrews.edu | AY91: 000052867
B92: 2271-01 | C92: 2701 | E92: 627 | H92: Cultural & Relg Analysis I | I92: Coll: NAD Summit on Abuse | AW92: Groda, Johnny | AX92: laurentiuga@andrews.edu | AY92: 000102157
B93: 2293-01 | C93: 2702 | E93: 628 | H93: Cultural & Relg Analysis II | I93: Coll: Pathf Minist for Pastors | AW93: Hudon, Jeffrey P. | AX93: jankovic@andrews.edu | AY93: 000133678
... B256: 3273-03 | C256: 3400 | E256: 930 | H256: Marriage & Family | I256: Exegesis of Eng NT:Revelation | AW256: Williams, David A. | AX256: fprestes@andrews.edu | AY256: 000124996
B257: 3273-04 | C257: 3401 | E257: 935 | H257: Marriage and Family | I257: Exegsis Eng NT:Pauline Writing | AW257: Yeagley, Stephen T. | AY257: 000041250
B258: 3273-05 | C258: 3402 | E258: 940 | H258: Marriage, Fam&Interprsnl Reltn | I258: Families in Society | AW258: Younker, Randall W. | AY258: 000042559
B259: 3274-01 | C259: 3404 | E259: 944 | H259: Master of Divinity Thesis | I259: Field Evang Prching Practicum | AW259: Campbell, Michael | AY259: 000108737
B260: 3274-02 | C260: 3405 | E260: 945 | H260: Master's Degree Contin | I260: Field Evang. Preach. & Pract. | AW260: Mueller, Eike A. | AY260: 000044903
B261: 3275-01 | C261: 3406 | E261: 950 | H261: Masters Comprehensive Exam | I261: Field Evangelism | AW261: Gonzalez Astudillo, Ricardo A. | AY261: 000201154
B262: 3275-02 | C262: 341 | E262: 964 | H262: Media Development | I262: Field Evangelistic Preaching
B263: 3278-01 | C263: 3415 | E263: 966 | H263: Media Ministry | I263: Field Pract: Religious Educatn
B264: 3278-02 | C264: 3419 | E264: 974 | H264: Mentoring&Coaching Discipleshp | I264: Field Practicum
B265: 3278-03 | C265: 342 | E265: 990 | H265: Meth OT Exegesis (Hebw) | I265: Field Practicum:
B266: 3279-01 | C266: 3420 | E266: 994 | H266: Methods in Biblical & Theo Res | I266: Field Practicum: Leadership
B267: 3279-02 | C267: 3421 | E267: 995 | H267: Ministry Among Immigrants | I267: Field Practicum: Religious Ed
B268: 3284-01 | C268: 343 | H268: Ministry of Music | I268: Field Practicum:________
B269: 3284-02 | C269: 344 | H269: Ministry of Reconciliation | I269: Field Practicum:Fam Life Ed
B270: 3284-03 | C270: 345 | H270: Ministry to At-Risk Youth | I270: Field Practicum:Leadership
B271: 3285-01 | C271: 3451 | H271: Ministry to Children | I271: Field Practicum:MA RELED
B272: 3285-02 | C272: 3452 | H272: Ministry to Fam in Context | I272: Field Practicum:MAYYAM
B273: 3285-03 | C273: 3453 | H273: Ministry to Older Adults | I273: Field Practicum:Religious Ed
B274: 3286-01 | C274: 346 | H274: Ministry to Youth&Yng Adlt | I274: Field Practicum:Religious Educ
B275: 3286-02 | C275: 347 | H275: Minor Prophets | I275: Fld Pract:Disaster Resp Train
B276: 3286-03 | C276: 349 | H276: Mission & the Social Sciences | I276: FldPract:Best Pract Disc Lifsp
B277: 3287-01 | C277: 350 | H277: Mission Education & Training | I277: Fndtns in Religious Education
B278: 3287-02 | C278: 351 | H278: Mission in Cultrl&Rlgs Contxt | I278: Fndtns of Biblicl Spirituality
...
