Workbook

Sheet CHIS
A1: Don {not in Banner} | B1: Mismatching {not in Banner} | C1: Dept/Prog Admin {not in Banner} | D1: Mona {not in Banner} | E1: Karen {not in Banner} | F1: DONE {not in Banner} | G1: Notes {not in Banner} | H1: CRN sorted {not in Banner} | I1: CRN | J1: Attribute {not in Banner} | K1: Subject | L1: Course Number {Crse Num} | M1: Course Section {Seq Crse Num} | N1: Program {not in Banner} | O1: Catalog Title | P1: Section Title | Q1: Crosslist Details {not in Banner} | R1: X Lst | S1: Campus {Ssasect Campus} | T1: Campus Restriction {Camp Restr CC} | U1: Schedule Type {not in Banner} | V1: Instruction Method {Inst Method} | W1: Level {Level SC} | X1: Part-Of-Term | Y1: Credit Catalog {Cat Crs} | Z1: Credits {Sect Crs} | AA1: Faculty Load / Contract Credits {not in Banner} | AB1: Enrollment Cap {Max Enrl} | AC1: Meeting Type | AD1: Semester Start Date {Soaterm Start Date} | AE1: Pre-work Start Date {not in Banner} | AF1: Pre-work End Date {not in Banner} | AG1: pre-work # of weeks {not in Banner} | AH1: pre-work hours/week {not in Banner} | AI1: pre-work hours/period {not in Banner} | AJ1: Intensive Period Start Date {Meet Start Date} | AK1: Intensive Period End Date {Meet End Date} | AL1: intensive # of weeks {not in Banner} | AM1: intensive hours/week {not in Banner} | AN1: intensive hours/period {not in Banner} | AO1: Post-work Start Date {not in Banner} | AP1: Post-work End Date {not in Banner} | AQ1: post-work # of weeks {not in Banner} | AR1: post-work hours/week {not in Banner} | AS1: post-work hours/period {not in Banner} | AT1: sum of weeks (for check) {not in Banner} | AU1: total contract hours {not in Banner} | AV1: Semester End Date {Soaterm End Date} | AW1: Course Beginning Time {Meet Beg Time} | AX1: Course Ending Time {Meet End Time} | AY1: SUN | AZ1: MON | BA1: TUE | BB1: WED | BC1: THU | BD1: FRI | BE1: SAT | BF1: Weeks | BG1: Fiscal Year {not in Banner} | BH1: Semester {not in Banner} | BI1: Room {Meet Room} | BJ1: Building {Meet Bldg} | BK1: Instructor Name {Instr Name} | BL1: Instructor Email {Instr Email} | BM1: Instructor ID {Instr ID} | BN1: Remote Employee {not in Banner} | BO1: % Responsibility | BP1: load/contract {not in Banner} | BQ1: Reason for Contract {not in Banner} | BR1: costs per credit {not in Banner} | BS1: total costs {not in Banner} | BT1: dept budget {not in Banner} | BU1: account to be charged {not in Banner} | BV1: SEM Department {Scacrse Dept} | BW1: dean email | BX1: VP finance email | BY1: HR email | BZ1: Fee Amount {Fees Amt} | CA1: Fee Code {Detl Code} | CB1: Fee Type | CC1: Fee Level | CD1: Fee Ind | CE1: Fee Term | CF1: Activity Date | CG1: Status | CH1: Bill Hrs | CI1: Sect Sch Type | CJ1: Prerequisites {Preq Areas} | CK1: Link Ind | CL1: Integration Code | CM1: Link Conn | CN1: Crs Attr | CO1: Comments | CP1: Major Restr | CQ1: Scacrse College | CR1: Enrolled | CS1: Waitlist Capacity | CT1: Primary Ind | CU1: Override | CV1: 1st Date Reg Opens | CW1: Last Date Reg Opens | CX1: OL Range From Date | CY1: OL Range To Date | CZ1: OL Numb Units | DA1: OL Duration Code | DB1: Grade Mode | DC1: Gradable Ind | DD1: Tuit Waiver | DE1: Course Override {Meet Override} | DF1: Lvl Res Ind | DG1: Cmp Res Ind | DH1: Rate Code | DI1: Cohort Code | DJ1: St Attr Code | DK1: Coll SC | DL1: DegC SC | DM1: Prog SC | DN1: FOS Type | DO1: Special Approval {Special Apvl} | DP1: Term Code | DQ1: Camp SC
O2: =IFERROR(INDEX('_courses_lookup'!$C:$C,MATCH(K2&L2,'_courses_lookup'!$E:$E,0)),"") | P2: =IFERROR(INDEX('_courses_lookup'!$D:$D,MATCH(K2&L2,'_courses_lookup'!$E:$E,0)),"") | AG2: =IF(AND(AE2<>"",AF2<>""),ROUNDUP((AF2-AE2)/7,0),"") | AI2: =IFERROR(IF(AG2*AH2=0,"",AG2*AH2),"") | AL2: =IF(AND(AJ2<>"",AK2<>""),ROUNDUP((AK2-AJ2)/7,0),"") | AN2: =IFERROR(IF(AL2*AM2=0,"",AL2*AM2),"") | AQ2: =IF(AND(AO2<>"",AP2<>""),ROUNDUP((AP2-AO2)/7,0),"") | AR2: =IFERROR(IF((AU2-(AI2+AN2))/AQ2=0,"",ROUNDUP((AU2-(AI2+AN2))/AQ2,0)),"") | AS2: =IFERROR(IF((AU2-(AI2+AN2))=0,"",(AU2-(AI2+AN2))),"") | AT2: =IF(AND(AG2="",AQ2=""),AL2,IF(SUM(AG2,AL2,AQ2)=0,"",SUM(AG2,AL2,AQ2))) | BG2: =IF(AD2="","",YEAR(AD2)+IF(MONTH(AD2)>=5,1,0)) | BH2: =IF(AD2="","",IF(AND(MONTH(AD2)=8,DAY(AD2)>=15),"Fall",IF(MONTH(AD2)>8,"Fall",IF(MONTH(AD2)=5,"Summer",IF(MONTH(AD2)=1,"Spring",""))))) | BL2: =IFERROR(INDEX('_names_lookup'!$C:$C,MATCH(BK2,'_names_lookup'!$A:$A,0)),"") | BM2: =IFERROR(INDEX('_names_lookup'!$B:$B,MATCH(BK2,'_names_lookup'!$A:$A,0)),"") | BS2: =IFERROR(IF(BR2*AA2=0,"",BR2*AA2),"")
O3: =IFERROR(INDEX('_courses_lookup'!$C:$C,MATCH(K3&L3,'_courses_lookup'!$E:$E,0)),"") | P3: =IFERROR(INDEX('_courses_lookup'!$D:$D,MATCH(K3&L3,'_courses_lookup'!$E:$E,0)),"") | AG3: =IF(AND(AE3<>"",AF3<>""),ROUNDUP((AF3-AE3)/7,0),"") | AI3: =IFERROR(IF(AG3*AH3=0,"",AG3*AH3),"") | AL3: =IF(AND(AJ3<>"",AK3<>""),ROUNDUP((AK3-AJ3)/7,0),"") | AN3: =IFERROR(IF(AL3*AM3=0,"",AL3*AM3),"") | AQ3: =IF(AND(AO3<>"",AP3<>""),ROUNDUP((AP3-AO3)/7,0),"") | AR3: =IFERROR(IF((AU3-(AI3+AN3))/AQ3=0,"",ROUNDUP((AU3-(AI3+AN3))/AQ3,0)),"") | AS3: =IFERROR(IF((AU3-(AI3+AN3))=0,"",(AU3-(AI3+AN3))),"") | AT3: =IF(AND(AG3="",AQ3=""),AL3,IF(SUM(AG3,AL3,AQ3)=0,"",SUM(AG3,AL3,AQ3))) | BG3: =IF(AD3="","",YEAR(AD3)+IF(MONTH(AD3)>=5,1,0)) | BH3: =IF(AD3="","",IF(AND(MONTH(AD3)=8,DAY(AD3)>=15),"Fall",IF(MONTH(AD3)>8,"Fall",IF(MONTH(AD3)=5,"Summer",IF(MONTH(AD3)=1,"Spring",""))))) | BL3: =IFERROR(INDEX('_names_lookup'!$C:$C,MATCH(BK3,'_names_lookup'!$A:$A,0)),"") | BM3: =IFERROR(INDEX('_names_lookup'!$B:$B,MATCH(BK3,'_names_lookup'!$A:$A,0)),"") | BS3: =IFERROR(IF(BR3*AA3=0,"",BR3*AA3),"")
O4: =IFERROR(INDEX('_courses_lookup'!$C:$C,MATCH(K4&L4,'_courses_lookup'!$E:$E,0)),"") | P4: =IFERROR(INDEX('_courses_lookup'!$D:$D,MATCH(K4&L4,'_courses_lookup'!$E:$E,0)),"") | AG4: =IF(AND(AE4<>"",AF4<>""),ROUNDUP((AF4-AE4)/7,0),"") | AI4: =IFERROR(IF(AG4*AH4=0,"",AG4*AH4),"") | AL4: =IF(AND(AJ4<>"",AK4<>""),ROUNDUP((AK4-AJ4)/7,0),"") | AN4: =IFERROR(IF(AL4*AM4=0,"",AL4*AM4),"") | AQ4: =IF(AND(AO4<>"",AP4<>""),ROUNDUP((AP4-AO4)/7,0),"") | AR4: =IFERROR(IF((AU4-(AI4+AN4))/AQ4=0,"",ROUNDUP((AU4-(AI4+AN4))/AQ4,0)),"") | AS4: =IFERROR(IF((AU4-(AI4+AN4))=0,"",(AU4-(AI4+AN4))),"") | AT4: =IF(AND(AG4="",AQ4=""),AL4,IF(SUM(AG4,AL4,AQ4)=0,"",SUM(AG4,AL4,AQ4))) | BG4: =IF(AD4="","",YEAR(AD4)+IF(MONTH(AD4)>=5,1,0)) | BH4: =IF(AD4="","",IF(AND(MONTH(AD4)=8,DAY(AD4)>=15),"Fall",IF(MONTH(AD4)>8,"Fall",IF(MONTH(AD4)=5,"Summer",IF(MONTH(AD4)=1,"Spring",""))))) | BL4: =IFERROR(INDEX('_names_lookup'!$C:$C,MATCH(BK4,'_names_lookup'!$A:$A,0)),"") | BM4: =IFERROR(INDEX('_names_lookup'!$B:$B,MATCH(BK4,'_names_lookup'!$A:$A,0)),"") | BS4: =IFERROR(IF(BR4*AA4=0,"",BR4*AA4),"")
O5: =IFERROR(INDEX('_courses_lookup'!$C:$C,MATCH(K5&L5,'_courses_lookup'!$E:$E,0)),"") | P5: =IFERROR(INDEX('_courses_lookup'!$D:$D,MATCH(K5&L5,'_courses_lookup'!$E:$E,0)),"") | AG5: =IF(AND(AE5<>"",AF5<>""),ROUNDUP((AF5-AE5)/7,0),"") | AI5: =IFERROR(IF(AG5*AH5=0,"",AG5*AH5),"") | AL5: =IF(AND(AJ5<>"",AK5<>""),ROUNDUP((AK5-AJ5)/7,0),"") | AN5: =IFERROR(IF(AL5*AM5=0,"",AL5*AM5),"") | AQ5: =IF(AND(AO5<>"",AP5<>""),ROUNDUP((AP5-AO5)/7,0),"") | AR5: =IFERROR(IF((AU5-(AI5+AN5))/AQ5=0,"",ROUNDUP((AU5-(AI5+AN5))/AQ5,0)),"") | AS5: =IFERROR(IF((AU5-(AI5+AN5))=0,"",(AU5-(AI5+AN5))),"") | AT5: =IF(AND(AG5="",AQ5=""),AL5,IF(SUM(AG5,AL5,AQ5)=0,"",SUM(AG5,AL5,AQ5))) | BG5: =IF(AD5="","",YEAR(AD5)+IF(MONTH(AD5)>=5,1,0)) | BH5: =IF(AD5="","",IF(AND(MONTH(AD5)=8,DAY(AD5)>=15),"Fall",IF(MONTH(AD5)>8,"Fall",IF(MONTH(AD5)=5,"Summer",IF(MONTH(AD5)=1,"Spring",""))))) | BL5: =IFERROR(INDEX('_names_lookup'!$C:$C,MATCH(BK5,'_names_lookup'!$A:$A,0)),"") | BM5: =IFERROR(INDEX('_names_lookup'!$B:$B,MATCH(BK5,'_names_lookup'!$A:$A,0)),"") | BS5: =IFERROR(IF(BR5*AA5=0,"",BR5*AA5),"")
O6: =IFERROR(INDEX('_courses_lookup'!$C:$C,MATCH(K6&L6,'_courses_lookup'!$E:$E,0)),"") | P6: =IFERROR(INDEX('_courses_lookup'!$D:$D,MATCH(K6&L6,'_courses_lookup'!$E:$E,0)),"") | AG6: =IF(AND(AE6<>"",AF6<>""),ROUNDUP((AF6-AE6)/7,0),"") | AI6: =IFERROR(IF(AG6*AH6=0,"",AG6*AH6),"") | AL6: =IF(AND(AJ6<>"",AK6<>""),ROUNDUP((AK6-AJ6)/7,0),"") | AN6: =IFERROR(IF(AL6*AM6=0,"",AL6*AM6),"") | AQ6: =IF(AND(AO6<>"",AP6<>""),ROUNDUP((AP6-AO6)/7,0),"") | AR6: =IFERROR(IF((AU6-(AI6+AN6))/AQ6=0,"",ROUNDUP((AU6-(AI6+AN6))/AQ6,0)),"") | AS6: =IFERROR(IF((AU6-(AI6+AN6))=0,"",(AU6-(AI6+AN6))),"") | AT6: =IF(AND(AG6="",AQ6=""),AL6,IF(SUM(AG6,AL6,AQ6)=0,"",SUM(AG6,AL6,AQ6))) | BG6: =IF(AD6="","",YEAR(AD6)+IF(MONTH(AD6)>=5,1,0)) | BH6: =IF(AD6="","",IF(AND(MONTH(AD6)=8,DAY(AD6)>=15),"Fall",IF(MONTH(AD6)>8,"Fall",IF(MONTH(AD6)=5,"Summer",IF(MONTH(AD6)=1,"Spring",""))))) | BL6: =IFERROR(INDEX('_names_lookup'!$C:$C,MATCH(BK6,'_names_lookup'!$A:$A,0)),"") | BM6: =IFERROR(INDEX('_names_lookup'!$B:$B,MATCH(BK6,'_names_lookup'!$A:$A,0)),"") | BS6: =IFERROR(IF(BR6*AA6=0,"",BR6*AA6),"")
O7: =IFERROR(INDEX('_courses_lookup'!$C:$C,MATCH(K7&L7,'_courses_lookup'!$E:$E,0)),"") | P7: =IFERROR(INDEX('_courses_lookup'!$D:$D,MATCH(K7&L7,'_courses_lookup'!$E:$E,0)),"") | AG7: =IF(AND(AE7<>"",AF7<>""),ROUNDUP((AF7-AE7)/7,0),"") | AI7: =IFERROR(IF(AG7*AH7=0,"",AG7*AH7),"") | AL7: =IF(AND(AJ7<>"",AK7<>""),ROUNDUP((AK7-AJ7)/7,0),"") | AN7: =IFERROR(IF(AL7*AM7=0,"",AL7*AM7),"") | AQ7: =IF(AND(AO7<>"",AP7<>""),ROUNDUP((AP7-AO7)/7,0),"") | AR7: =IFERROR(IF((AU7-(AI7+AN7))/AQ7=0,"",ROUNDUP((AU7-(AI7+AN7))/AQ7,0)),"") | AS7: =IFERROR(IF((AU7-(AI7+AN7))=0,"",(AU7-(AI7+AN7))),"") | AT7: =IF(AND(AG7="",AQ7=""),AL7,IF(SUM(AG7,AL7,AQ7)=0,"",SUM(AG7,AL7,AQ7))) | BG7: =IF(AD7="","",YEAR(AD7)+IF(MONTH(AD7)>=5,1,0)) | BH7: =IF(AD7="","",IF(AND(MONTH(AD7)=8,DAY(AD7)>=15),"Fall",IF(MONTH(AD7)>8,"Fall",IF(MONTH(AD7)=5,"Summer",IF(MONTH(AD7)=1,"Spring",""))))) | BL7: =IFERROR(INDEX('_names_lookup'!$C:$C,MATCH(BK7,'_names_lookup'!$A:$A,0)),"") | BM7: =IFERROR(INDEX('_names_lookup'!$B:$B,MATCH(BK7,'_names_lookup'!$A:$A,0)),"") | BS7: =IFERROR(IF(BR7*AA7=0,"",BR7*AA7),"")
O8: =IFERROR(INDEX('_courses_lookup'!$C:$C,MATCH(K8&L8,'_courses_lookup'!$E:$E,0)),"") | P8: =IFERROR(INDEX('_courses_lookup'!$D:$D,MATCH(K8&L8,'_courses_lookup'!$E:$E,0)),"") | AG8: =IF(AND(AE8<>"",AF8<>""),ROUNDUP((AF8-AE8)/7,0),"") | AI8: =IFERROR(IF(AG8*AH8=0,"",AG8*AH8),"") | AL8: =IF(AND(AJ8<>"",AK8<>""),ROUNDUP((AK8-AJ8)/7,0),"") | AN8: =IFERROR(IF(AL8*AM8=0,"",AL8*AM8),"") | AQ8: =IF(AND(AO8<>"",AP8<>""),ROUNDUP((AP8-AO8)/7,0),"") | AR8: =IFERROR(IF((AU8-(AI8+AN8))/AQ8=0,"",ROUNDUP((AU8-(AI8+AN8))/AQ8,0)),"") | AS8: =IFERROR(IF((AU8-(AI8+AN8))=0,"",(AU8-(AI8+AN8))),"") | AT8: =IF(AND(AG8="",AQ8=""),AL8,IF(SUM(AG8,AL8,AQ8)=0,"",SUM(AG8,AL8,AQ8))) | BG8: =IF(AD8="","",YEAR(AD8)+IF(MONTH(AD8)>=5,1,0)) | BH8: =IF(AD8="","",IF(AND(MONTH(AD8)=8,DAY(AD8)>=15),"Fall",IF(MONTH(AD8)>8,"Fall",IF(MONTH(AD8)=5,"Summer",IF(MONTH(AD8)=1,"Spring",""))))) | BL8: =IFERROR(INDEX('_names_lookup'!$C:$C,MATCH(BK8,'_names_lookup'!$A:$A,0)),"") | BM8: =IFERROR(INDEX('_names_lookup'!$B:$B,MATCH(BK8,'_names_lookup'!$A:$A,0)),"") | BS8: =IFERROR(IF(BR8*AA8=0,"",BR8*AA8),"")
O9: =IFERROR(INDEX('_courses_lookup'!$C:$C,MATCH(K9&L9,'_courses_lookup'!$E:$E,0)),"") | P9: =IFERROR(INDEX('_courses_lookup'!$D:$D,MATCH(K9&L9,'_courses_lookup'!$E:$E,0)),"") | AG9: =IF(AND(AE9<>"",AF9<>""),ROUNDUP((AF9-AE9)/7,0),"") | AI9: =IFERROR(IF(AG9*AH9=0,"",AG9*AH9),"") | AL9: =IF(AND(AJ9<>"",AK9<>""),ROUNDUP((AK9-AJ9)/7,0),"") | AN9: =IFERROR(IF(AL9*AM9=0,"",AL9*AM9),"") | AQ9: =IF(AND(AO9<>"",AP9<>""),ROUNDUP((AP9-AO9)/7,0),"") | AR9: =IFERROR(IF((AU9-(AI9+AN9))/AQ9=0,"",ROUNDUP((AU9-(AI9+AN9))/AQ9,0)),"") | AS9: =IFERROR(IF((AU9-(AI9+AN9))=0,"",(AU9-(AI9+AN9))),"") | AT9: =IF(AND(AG9="",AQ9=""),AL9,IF(SUM(AG9,AL9,AQ9)=0,"",SUM(AG9,AL9,AQ9))) | BG9: =IF(AD9="","",YEAR(AD9)+IF(MONTH(AD9)>=5,1,0)) | BH9: =IF(AD9="","",IF(AND(MONTH(AD9)=8,DAY(AD9)>=15),"Fall",IF(MONTH(AD9)>8,"Fall",IF(MONTH(AD9)=5,"Summer",IF(MONTH(AD9)=1,"Spring",""))))) | BL9: =IFERROR(INDEX('_names_lookup'!$C:$C,MATCH(BK9,'_names_lookup'!$A:$A,0)),"") | BM9: =IFERROR(INDEX('_names_lookup'!$B:$B,MATCH(BK9,'_names_lookup'!$A:$A,0)),"") | BS9: =IFERROR(IF(BR9*AA9=0,"",BR9*AA9),"")
O10: =IFERROR(INDEX('_courses_lookup'!$C:$C,MATCH(K10&L10,'_courses_lookup'!$E:$E,0)),"") | P10: =IFERROR(INDEX('_courses_lookup'!$D:$D,MATCH(K10&L10,'_courses_lookup'!$E:$E,0)),"") | AG10: =IF(AND(AE10<>"",AF10<>""),ROUNDUP((AF10-AE10)/7,0),"") | AI10: =IFERROR(IF(AG10*AH10=0,"",AG10*AH10),"") | AL10: =IF(AND(AJ10<>"",AK10<>""),ROUNDUP((AK10-AJ10)/7,0),"") | AN10: =IFERROR(IF(AL10*AM10=0,"",AL10*AM10),"") | AQ10: =IF(AND(AO10<>"",AP10<>""),ROUNDUP((AP10-AO10)/7,0),"") | AR10: =IFERROR(IF((AU10-(AI10+AN10))/AQ10=0,"",ROUNDUP((AU10-(AI10+AN10))/AQ10,0)),"") | AS10: =IFERROR(IF((AU10-(AI10+AN10))=0,"",(AU10-(AI10+AN10))),"") | AT10: =IF(AND(AG10="",AQ10=""),AL10,IF(SUM(AG10,AL10,AQ10)=0,"",SUM(AG10,AL10,AQ10))) | BG10: =IF(AD10="","",YEAR(AD10)+IF(MONTH(AD10)>=5,1,0)) | BH10: =IF(AD10="","",IF(AND(MONTH(AD10)=8,DAY(AD10)>=15),"Fall",IF(MONTH(AD10)>8,"Fall",IF(MONTH(AD10)=5,"Summer",IF(MONTH(AD10)=1,"Spring",""))))) | BL10: =IFERROR(INDEX('_names_lookup'!$C:$C,MATCH(BK10,'_names_lookup'!$A:$A,0)),"") | BM10: =IFERROR(INDEX('_names_lookup'!$B:$B,MATCH(BK10,'_names_lookup'!$A:$A,0)),"") | BS10: =IFERROR(IF(BR10*AA10=0,"",BR10*AA10),"")
O11: =IFERROR(INDEX('_courses_lookup'!$C:$C,MATCH(K11&L11,'_courses_lookup'!$E:$E,0)),"") | P11: =IFERROR(INDEX('_courses_lookup'!$D:$D,MATCH(K11&L11,'_courses_lookup'!$E:$E,0)),"") | AG11: =IF(AND(AE11<>"",AF11<>""),ROUNDUP((AF11-AE11)/7,0),"") | AI11: =IFERROR(IF(AG11*AH11=0,"",AG11*AH11),"") | AL11: =IF(AND(AJ11<>"",AK11<>""),ROUNDUP((AK11-AJ11)/7,0),"") | AN11: =IFERROR(IF(AL11*AM11=0,"",AL11*AM11),"") | AQ11: =IF(AND(AO11<>"",AP11<>""),ROUNDUP((AP11-AO11)/7,0),"") | AR11: =IFERROR(IF((AU11-(AI11+AN11))/AQ11=0,"",ROUNDUP((AU11-(AI11+AN11))/AQ11,0)),"") | AS11: =IFERROR(IF((AU11-(AI11+AN11))=0,"",(AU11-(AI11+AN11))),"") | AT11: =IF(AND(AG11="",AQ11=""),AL11,IF(SUM(AG11,AL11,AQ11)=0,"",SUM(AG11,AL11,AQ11))) | BG11: =IF(AD11="","",YEAR(AD11)+IF(MONTH(AD11)>=5,1,0)) | BH11: =IF(AD11="","",IF(AND(MONTH(AD11)=8,DAY(AD11)>=15),"Fall",IF(MONTH(AD11)>8,"Fall",IF(MONTH(AD11)=5,"Summer",IF(MONTH(AD11)=1,"Spring",""))))) | BL11: =IFERROR(INDEX('_names_lookup'!$C:$C,MATCH(BK11,'_names_lookup'!$A:$A,0)),"") | BM11: =IFERROR(INDEX('_names_lookup'!$B:$B,MATCH(BK11,'_names_lookup'!$A:$A,0)),"") | BS11: =IFERROR(IF(BR11*AA11=0,"",BR11*AA11),"")
O12: =IFERROR(INDEX('_courses_lookup'!$C:$C,MATCH(K12&L12,'_courses_lookup'!$E:$E,0)),"") | P12: =IFERROR(INDEX('_courses_lookup'!$D:$D,MATCH(K12&L12,'_courses_lookup'!$E:$E,0)),"") | AG12: =IF(AND(AE12<>"",AF12<>""),ROUNDUP((AF12-AE12)/7,0),"") | AI12: =IFERROR(IF(AG12*AH12=0,"",AG12*AH12),"") | AL12: =IF(AND(AJ12<>"",AK12<>""),ROUNDUP((AK12-AJ12)/7,0),"") | AN12: =IFERROR(IF(AL12*AM12=0,"",AL12*AM12),"") | AQ12: =IF(AND(AO12<>"",AP12<>""),ROUNDUP((AP12-AO12)/7,0),"") | AR12: =IFERROR(IF((AU12-(AI12+AN12))/AQ12=0,"",ROUNDUP((AU12-(AI12+AN12))/AQ12,0)),"") | AS12: =IFERROR(IF((AU12-(AI12+AN12))=0,"",(AU12-(AI12+AN12))),"") | AT12: =IF(AND(AG12="",AQ12=""),AL12,IF(SUM(AG12,AL12,AQ12)=0,"",SUM(AG12,AL12,AQ12))) | BG12: =IF(AD12="","",YEAR(AD12)+IF(MONTH(AD12)>=5,1,0)) | BH12: =IF(AD12="","",IF(AND(MONTH(AD12)=8,DAY(AD12)>=15),"Fall",IF(MONTH(AD12)>8,"Fall",IF(MONTH(AD12)=5,"Summer",IF(MONTH(AD12)=1,"Spring",""))))) | BL12: =IFERROR(INDEX('_names_lookup'!$C:$C,MATCH(BK12,'_names_lookup'!$A:$A,0)),"") | BM12: =IFERROR(INDEX('_names_lookup'!$B:$B,MATCH(BK12,'_names_lookup'!$A:$A,0)),"") | BS12: =IFERROR(IF(BR12*AA12=0,"",BR12*AA12),"")
O13: =IFERROR(INDEX('_courses_lookup'!$C:$C,MATCH(K13&L13,'_courses_lookup'!$E:$E,0)),"") | P13: =IFERROR(INDEX('_courses_lookup'!$D:$D,MATCH(K13&L13,'_courses_lookup'!$E:$E,0)),"") | AG13: =IF(AND(AE13<>"",AF13<>""),ROUNDUP((AF13-AE13)/7,0),"") | AI13: =IFERROR(IF(AG13*AH13=0,"",AG13*AH13),"") | AL13: =IF(AND(AJ13<>"",AK13<>""),ROUNDUP((AK13-AJ13)/7,0),"") | AN13: =IFERROR(IF(AL13*AM13=0,"",AL13*AM13),"") | AQ13: =IF(AND(AO13<>"",AP13<>""),ROUNDUP((AP13-AO13)/7,0),"") | AR13: =IFERROR(IF((AU13-(AI13+AN13))/AQ13=0,"",ROUNDUP((AU13-(AI13+AN13))/AQ13,0)),"") | AS13: =IFERROR(IF((AU13-(AI13+AN13))=0,"",(AU13-(AI13+AN13))),"") | AT13: =IF(AND(AG13="",AQ13=""),AL13,IF(SUM(AG13,AL13,AQ13)=0,"",SUM(AG13,AL13,AQ13))) | BG13: =IF(AD13="","",YEAR(AD13)+IF(MONTH(AD13)>=5,1,0)) | BH13: =IF(AD13="","",IF(AND(MONTH(AD13)=8,DAY(AD13)>=15),"Fall",IF(MONTH(AD13)>8,"Fall",IF(MONTH(AD13)=5,"Summer",IF(MONTH(AD13)=1,"Spring",""))))) | BL13: =IFERROR(INDEX('_names_lookup'!$C:$C,MATCH(BK13,'_names_lookup'!$A:$A,0)),"") | BM13: =IFERROR(INDEX('_names_lookup'!$B:$B,MATCH(BK13,'_names_lookup'!$A:$A,0)),"") | BS13: =IFERROR(IF(BR13*AA13=0,"",BR13*AA13),"")
... O300: =IFERROR(INDEX('_courses_lookup'!$C:$C,MATCH(K300&L300,'_courses_lookup'!$E:$E,0)),"") | P300: =IFERROR(INDEX('_courses_lookup'!$D:$D,MATCH(K300&L300,'_courses_lookup'!$E:$E,0)),"") | AG300: =IF(AND(AE300<>"",AF300<>""),ROUNDUP((AF300-AE300)/7,0),"") | AI300: =IFERROR(IF(AG300*AH300=0,"",AG300*AH300),"") | AL300: =IF(AND(AJ300<>"",AK300<>""),ROUNDUP((AK300-AJ300)/7,0),"") | AN300: =IFERROR(IF(AL300*AM300=0,"",AL300*AM300),"") | AQ300: =IF(AND(AO300<>"",AP300<>""),ROUNDUP((AP300-AO300)/7,0),"") | AR300: =IFERROR(IF((AU300-(AI300+AN300))/AQ300=0,"",ROUNDUP((AU300-(AI300+AN300))/AQ300,0)),"") | AS300: =IFERROR(IF((AU300-(AI300+AN300))=0,"",(AU300-(AI300+AN300))),"") | AT300: =IF(AND(AG300="",AQ300=""),AL300,IF(SUM(AG300,AL300,AQ300)=0,"",SUM(AG300,AL300,AQ300))) | BG300: =IF(AD300="","",YEAR(AD300)+IF(MONTH(AD300)>=5,1,0)) | BH300: =IF(AD300="","",IF(AND(MONTH(AD300)=8,DAY(AD300)>=15),"Fall",IF(MONTH(AD300)>8,"Fall",IF(MONTH(AD300)=5,"Summer",IF(MONTH(AD300)=1,"Spring",""))))) | BL300: =IFERROR(INDEX('_names_lookup'!$C:$C,MATCH(BK300,'_names_lookup'!$A:$A,0)),"") | BM300: =IFERROR(INDEX('_names_lookup'!$B:$B,MATCH(BK300,'_names_lookup'!$A:$A,0)),"") | BS300: =IFERROR(IF(BR300*AA300=0,"",BR300*AA300),"")

Sheet DSLE
A1: Don {not in Banner} | B1: Mismatching {not in Banner} | C1: Dept/Prog Admin {not in Banner} | D1: Mona {not in Banner} | E1: Karen {not in Banner} | F1: DONE {not in Banner} | G1: Notes {not in Banner} | H1: CRN sorted {not in Banner} | I1: CRN | J1: Attribute {not in Banner} | K1: Subject | L1: Course Number {Crse Num} | M1: Course Section {Seq Crse Num} | N1: Program {not in Banner} | O1: Catalog Title | P1: Section Title | Q1: Crosslist Details {not in Banner} | R1: X Lst | S1: Campus {Ssasect Campus} | T1: Campus Restriction {Camp Restr CC} | U1: Schedule Type {not in Banner} | V1: Instruction Method {Inst Method} | W1: Level {Level SC} | X1: Part-Of-Term | Y1: Credit Catalog {Cat Crs} | Z1: Credits {Sect Crs} | AA1: Faculty Load / Contract Credits {not in Banner} | AB1: Enrollment Cap {Max Enrl} | AC1: Meeting Type | AD1: Semester Start Date {Soaterm Start Date} | AE1: Pre-work Start Date {not in Banner} | AF1: Pre-work End Date {not in Banner} | AG1: pre-work # of weeks {not in Banner} | AH1: pre-work hours/week {not in Banner} | AI1: pre-work hours/period {not in Banner} | AJ1: Intensive Period Start Date {Meet Start Date} | AK1: Intensive Period End Date {Meet End Date} | AL1: intensive # of weeks {not in Banner} | AM1: intensive hours/week {not in Banner} | AN1: intensive hours/period {not in Banner} | AO1: Post-work Start Date {not in Banner} | AP1: Post-work End Date {not in Banner} | AQ1: post-work # of weeks {not in Banner} | AR1: post-work hours/week {not in Banner} | AS1: post-work hours/period {not in Banner} | AT1: sum of weeks (for check) {not in Banner} | AU1: total contract hours {not in Banner} | AV1: Semester End Date {Soaterm End Date} | AW1: Course Beginning Time {Meet Beg Time} | AX1: Course Ending Time {Meet End Time} | AY1: SUN | AZ1: MON | BA1: TUE | BB1: WED | BC1: THU | BD1: FRI | BE1: SAT | BF1: Weeks | BG1: Fiscal Year {not in Banner} | BH1: Semester {not in Banner} | BI1: Room {Meet Room} | BJ1: Building {Meet Bldg} | BK1: Instructor Name {Instr Name} | BL1: Instructor Email {Instr Email} | BM1: Instructor ID {Instr ID} | BN1: Remote Employee {not in Banner} | BO1: % Responsibility | BP1: load/contract {not in Banner} | BQ1: Reason for Contract {not in Banner} | BR1: costs per credit {not in Banner} | BS1: total costs {not in Banner} | BT1: dept budget {not in Banner} | BU1: account to be charged {not in Banner} | BV1: SEM Department {Scacrse Dept} | BW1: dean email | BX1: VP finance email | BY1: HR email | BZ1: Fee Amount {Fees Amt} | CA1: Fee Code {Detl Code} | CB1: Fee Type | CC1: Fee Level | CD1: Fee Ind | CE1: Fee Term | CF1: Activity Date | CG1: Status | CH1: Bill Hrs | CI1: Sect Sch Type | CJ1: Prerequisites {Preq Areas} | CK1: Link Ind | CL1: Integration Code | CM1: Link Conn | CN1: Crs Attr | CO1: Comments | CP1: Major Restr | CQ1: Scacrse College | CR1: Enrolled | CS1: Waitlist Capacity | CT1: Primary Ind | CU1: Override | CV1: 1st Date Reg Opens | CW1: Last Date Reg Opens | CX1: OL Range From Date | CY1: OL Range To Date | CZ1: OL Numb Units | DA1: OL Duration Code | DB1: Grade Mode | DC1: Gradable Ind | DD1: Tuit Waiver | DE1: Course Override {Meet Override} | DF1: Lvl Res Ind | DG1: Cmp Res Ind | DH1: Rate Code | DI1: Cohort Code | DJ1: St Attr Code | DK1: Coll SC | DL1: DegC SC | DM1: Prog SC | DN1: FOS Type | DO1: Special Approval {Special Apvl} | DP1: Term Code | DQ1: Camp SC
O2: =IFERROR(INDEX('_courses_lookup'!$C:$C,MATCH(K2&L2,'_courses_lookup'!$E:$E,0)),"") | P2: =IFERROR(INDEX('_courses_lookup'!$D:$D,MATCH(K2&L2,'_courses_lookup'!$E:$E,0)),"") | AG2: =IF(AND(AE2<>"",AF2<>""),ROUNDUP((AF2-AE2)/7,0),"") | AI2: =IFERROR(IF(AG2*AH2=0,"",AG2*AH2),"") | AL2: =IF(AND(AJ2<>"",AK2<>""),ROUNDUP((AK2-AJ2)/7,0),"") | AN2: =IFERROR(IF(AL2*AM2=0,"",AL2*AM2),"") | AQ2: =IF(AND(AO2<>"",AP2<>""),ROUNDUP((AP2-AO2)/7,0),"") | AR2: =IFERROR(IF((AU2-(AI2+AN2))/AQ2=0,"",ROUNDUP((AU2-(AI2+AN2))/AQ2,0)),"") | AS2: =IFERROR(IF((AU2-(AI2+AN2))=0,"",(AU2-(AI2+AN2))),"") | AT2: =IF(AND(AG2="",AQ2=""),AL2,IF(SUM(AG2,AL2,AQ2)=0,"",SUM(AG2,AL2,AQ2))) | BG2: =IF(AD2="","",YEAR(AD2)+IF(MONTH(AD2)>=5,1,0)) | BH2: =IF(AD2="","",IF(AND(MONTH(AD2)=8,DAY(AD2)>=15),"Fall",IF(MONTH(AD2)>8,"Fall",IF(MONTH(AD2)=5,"Summer",IF(MONTH(AD2)=1,"Spring",""))))) | BL2: =IFERROR(INDEX('_names_lookup'!$C:$C,MATCH(BK2,'_names_lookup'!$A:$A,0)),"") | BM2: =IFERROR(INDEX('_names_lookup'!$B:$B,MATCH(BK2,'_names_lookup'!$A:$A,0)),"") | BS2: =IFERROR(IF(BR2*AA2=0,"",BR2*AA2),"")
O3: =IFERROR(INDEX('_courses_lookup'!$C:$C,MATCH(K3&L3,'_courses_lookup'!$E:$E,0)),"") | P3: =IFERROR(INDEX('_courses_lookup'!$D:$D,MATCH(K3&L3,'_courses_lookup'!$E:$E,0)),"") | AG3: =IF(AND(AE3<>"",AF3<>""),ROUNDUP((AF3-AE3)/7,0),"") | AI3: =IFERROR(IF(AG3*AH3=0,"",AG3*AH3),"") | AL3: =IF(AND(AJ3<>"",AK3<>""),ROUNDUP((AK3-AJ3)/7,0),"") | AN3: =IFERROR(IF(AL3*AM3=0,"",AL3*AM3),"") | AQ3: =IF(AND(AO3<>"",AP3<>""),ROUNDUP((AP3-AO3)/7,0),"") | AR3: =IFERROR(IF((AU3-(AI3+AN3))/AQ3=0,"",ROUNDUP((AU3-(AI3+AN3))/AQ3,0)),"") | AS3: =IFERROR(IF((AU3-(AI3+AN3))=0,"",(AU3-(AI3+AN3))),"") | AT3: =IF(AND(AG3="",AQ3=""),AL3,IF(SUM(AG3,AL3,AQ3)=0,"",SUM(AG3,AL3,AQ3))) | BG3: =IF(AD3="","",YEAR(AD3)+IF(MONTH(AD3)>=5,1,0)) | BH3: =IF(AD3="","",IF(AND(MONTH(AD3)=8,DAY(AD3)>=15),"Fall",IF(MONTH(AD3)>8,"Fall",IF(MONTH(AD3)=5,"Summer",IF(MONTH(AD3)=1,"Spring",""))))) | BL3: =IFERROR(INDEX('_names_lookup'!$C:$C,MATCH(BK3,'_names_lookup'!$A:$A,0)),"") | BM3: =IFERROR(INDEX('_names_lookup'!$B:$B,MATCH(BK3,'_names_lookup'!$A:$A,0)),"") | BS3: =IFERROR(IF(BR3*AA3=0,"",BR3*AA3),"")
O4: =IFERROR(INDEX('_courses_lookup'!$C:$C,MATCH(K4&L4,'_courses_lookup'!$E:$E,0)),"") | P4: =IFERROR(INDEX('_courses_lookup'!$D:$D,MATCH(K4&L4,'_courses_lookup'!$E:$E,0)),"") | AG4: =IF(AND(AE4<>"",AF4<>""),ROUNDUP((AF4-AE4)/7,0),"") | AI4: =IFERROR(IF(AG4*AH4=0,"",AG4*AH4),"") | AL4: =IF(AND(AJ4<>"",AK4<>""),ROUNDUP((AK4-AJ4)/7,0),"") | AN4: =IFERROR(IF(AL4*AM4=0,"",AL4*AM4),"") | AQ4: =IF(AND(AO4<>"",AP4<>""),ROUNDUP((AP4-AO4)/7,0),"") | AR4: =IFERROR(IF((AU4-(AI4+AN4))/AQ4=0,"",ROUNDUP((AU4-(AI4+AN4))/AQ4,0)),"") | AS4: =IFERROR(IF((AU4-(AI4+AN4))=0,"",(AU4-(AI4+AN4))),"") | AT4: =IF(AND(AG4="",AQ4=""),AL4,IF(SUM(AG4,AL4,AQ4)=0,"",SUM(AG4,AL4,AQ4))) | BG4: =IF(AD4="","",YEAR(AD4)+IF(MONTH(AD4)>=5,1,0)) | BH4: =IF(AD4="","",IF(AND(MONTH(AD4)=8,DAY(AD4)>=15),"Fall",IF(MONTH(AD4)>8,"Fall",IF(MONTH(AD4)=5,"Summer",IF(MONTH(AD4)=1,"Spring",""))))) | BL4: =IFERROR(INDEX('_names_lookup'!$C:$C,MATCH(BK4,'_names_lookup'!$A:$A,0)),"") | BM4: =IFERROR(INDEX('_names_lookup'!$B:$B,MATCH(BK4,'_names_lookup'!$A:$A,0)),"") | BS4: =IFERROR(IF(BR4*AA4=0,"",BR4*AA4),"")
O5: =IFERROR(INDEX('_courses_lookup'!$C:$C,MATCH(K5&L5,'_courses_lookup'!$E:$E,0)),"") | P5: =IFERROR(INDEX('_courses_lookup'!$D:$D,MATCH(K5&L5,'_courses_lookup'!$E:$E,0)),"") | AG5: =IF(AND(AE5<>"",AF5<>""),ROUNDUP((AF5-AE5)/7,0),"") | AI5: =IFERROR(IF(AG5*AH5=0,"",AG5*AH5),"") | AL5: =IF(AND(AJ5<>"",AK5<>""),ROUNDUP((AK5-AJ5)/7,0),"") | AN5: =IFERROR(IF(AL5*AM5=0,"",AL5*AM5),"") | AQ5: =IF(AND(AO5<>"",AP5<>""),ROUNDUP((AP5-AO5)/7,0),"") | AR5: =IFERROR(IF((AU5-(AI5+AN5))/AQ5=0,"",ROUNDUP((AU5-(AI5+AN5))/AQ5,0)),"") | AS5: =IFERROR(IF((AU5-(AI5+AN5))=0,"",(AU5-(AI5+AN5))),"") | AT5: =IF(AND(AG5="",AQ5=""),AL5,IF(SUM(AG5,AL5,AQ5)=0,"",SUM(AG5,AL5,AQ5))) | BG5: =IF(AD5="","",YEAR(AD5)+IF(MONTH(AD5)>=5,1,0)) | BH5: =IF(AD5="","",IF(AND(MONTH(AD5)=8,DAY(AD5)>=15),"Fall",IF(MONTH(AD5)>8,"Fall",IF(MONTH(AD5)=5,"Summer",IF(MONTH(AD5)=1,"Spring",""))))) | BL5: =IFERROR(INDEX('_names_lookup'!$C:$C,MATCH(BK5,'_names_lookup'!$A:$A,0)),"") | BM5: =IFERROR(INDEX('_names_lookup'!$B:$B,MATCH(BK5,'_names_lookup'!$A:$A,0)),"") | BS5: =IFERROR(IF(BR5*AA5=0,"",BR5*AA5),"")
O6: =IFERROR(INDEX('_courses_lookup'!$C:$C,MATCH(K6&L6,'_courses_lookup'!$E:$E,0)),"") | P6: =IFERROR(INDEX('_courses_lookup'!$D:$D,MATCH(K6&L6,'_courses_lookup'!$E:$E,0)),"") | AG6: =IF(AND(AE6<>"",AF6<>""),ROUNDUP((AF6-AE6)/7,0),"") | AI6: =IFERROR(IF(AG6*AH6=0,"",AG6*AH6),"") | AL6: =IF(AND(AJ6<>"",AK6<>""),ROUNDUP((AK6-AJ6)/7,0),"") | AN6: =IFERROR(IF(AL6*AM6=0,"",AL6*AM6),"") | AQ6: =IF(AND(AO6<>"",AP6<>""),ROUNDUP((AP6-AO6)/7,0),"") | AR6: =IFERROR(IF((AU6-(AI6+AN6))/AQ6=0,"",ROUNDUP((AU6-(AI6+AN6))/AQ6,0)),"") | AS6: =IFERROR(IF((AU6-(AI6+AN6))=0,"",(AU6-(AI6+AN6))),"") | AT6: =IF(AND(AG6="",AQ6=""),AL6,IF(SUM(AG6,AL6,AQ6)=0,"",SUM(AG6,AL6,AQ6))) | BG6: =IF(AD6="","",YEAR(AD6)+IF(MONTH(AD6)>=5,1,0)) | BH6: =IF(AD6="","",IF(AND(MONTH(AD6)=8,DAY(AD6)>=15),"Fall",IF(MONTH(AD6)>8,"Fall",IF(MONTH(AD6)=5,"Summer",IF(MONTH(AD6)=1,"Spring",""))))) | BL6: =IFERROR(INDEX('_names_lookup'!$C:$C,MATCH(BK6,'_names_lookup'!$A:$A,0)),"") | BM6: =IFERROR(INDEX('_names_lookup'!$B:$B,MATCH(BK6,'_names_lookup'!$A:$A,0)),"") | BS6: =IFERROR(IF(BR6*AA6=0,"",BR6*AA6),"")
O7: =IFERROR(INDEX('_courses_lookup'!$C:$C,MATCH(K7&L7,'_courses_lookup'!$E:$E,0)),"") | P7: =IFERROR(INDEX('_courses_lookup'!$D:$D,MATCH(K7&L7,'_courses_lookup'!$E:$E,0)),"") | AG7: =IF(AND(AE7<>"",AF7<>""),ROUNDUP((AF7-AE7)/7,0),"") | AI7: =IFERROR(IF(AG7*AH7=0,"",AG7*AH7),"") | AL7: =IF(AND(AJ7<>"",AK7<>""),ROUNDUP((AK7-AJ7)/7,0),"") | AN7: =IFERROR(IF(AL7*AM7=0,"",AL7*AM7),"") | AQ7: =IF(AND(AO7<>"",AP7<>""),ROUNDUP((AP7-AO7)/7,0),"") | AR7: =IFERROR(IF((AU7-(AI7+AN7))/AQ7=0,"",ROUNDUP((AU7-(AI7+AN7))/AQ7,0)),"") | AS7: =IFERROR(IF((AU7-(AI7+AN7))=0,"",(AU7-(AI7+AN7))),"") | AT7: =IF(AND(AG7="",AQ7=""),AL7,IF(SUM(AG7,AL7,AQ7)=0,"",SUM(AG7,AL7,AQ7))) | BG7: =IF(AD7="","",YEAR(AD7)+IF(MONTH(AD7)>=5,1,0)) | BH7: =IF(AD7="","",IF(AND(MONTH(AD7)=8,DAY(AD7)>=15),"Fall",IF(MONTH(AD7)>8,"Fall",IF(MONTH(AD7)=5,"Summer",IF(MONTH(AD7)=1,"Spring",""))))) | BL7: =IFERROR(INDEX('_names_lookup'!$C:$C,MATCH(BK7,'_names_lookup'!$A:$A,0)),"") | BM7: =IFERROR(INDEX('_names_lookup'!$B:$B,MATCH(BK7,'_names_lookup'!$A:$A,0)),"") | BS7: =IFERROR(IF(BR7*AA7=0,"",BR7*AA7),"")
O8: =IFERROR(INDEX('_courses_lookup'!$C:$C,MATCH(K8&L8,'_courses_lookup'!$E:$E,0)),"") | P8: =IFERROR(INDEX('_courses_lookup'!$D:$D,MATCH(K8&L8,'_courses_lookup'!$E:$E,0)),"") | AG8: =IF(AND(AE8<>"",AF8<>""),ROUNDUP((AF8-AE8)/7,0),"") | AI8: =IFERROR(IF(AG8*AH8=0,"",AG8*AH8),"") | AL8: =IF(AND(AJ8<>"",AK8<>""),ROUNDUP((AK8-AJ8)/7,0),"") | AN8: =IFERROR(IF(AL8*AM8=0,"",AL8*AM8),"") | AQ8: =IF(AND(AO8<>"",AP8<>""),ROUNDUP((AP8-AO8)/7,0),"") | AR8: =IFERROR(IF((AU8-(AI8+AN8))/AQ8=0,"",ROUNDUP((AU8-(AI8+AN8))/AQ8,0)),"") | AS8: =IFERROR(IF((AU8-(AI8+AN8))=0,"",(AU8-(AI8+AN8))),"") | AT8: =IF(AND(AG8="",AQ8=""),AL8,IF(SUM(AG8,AL8,AQ8)=0,"",SUM(AG8,AL8,AQ8))) | BG8: =IF(AD8="","",YEAR(AD8)+IF(MONTH(AD8)>=5,1,0)) | BH8: =IF(AD8="","",IF(AND(MONTH(AD8)=8,DAY(AD8)>=15),"Fall",IF(MONTH(AD8)>8,"Fall",IF(MONTH(AD8)=5,"Summer",IF(MONTH(AD8)=1,"Spring",""))))) | BL8: =IFERROR(INDEX('_names_lookup'!$C:$C,MATCH(BK8,'_names_lookup'!$A:$A,0)),"") | BM8: =IFERROR(INDEX('_names_lookup'!$B:$B,MATCH(BK8,'_names_lookup'!$A:$A,0)),"") | BS8: =IFERROR(IF(BR8*AA8=0,"",BR8*AA8),"")
O9: =IFERROR(INDEX('_courses_lookup'!$C:$C,MATCH(K9&L9,'_courses_lookup'!$E:$E,0)),"") | P9: =IFERROR(INDEX('_courses_lookup'!$D:$D,MATCH(K9&L9,'_courses_lookup'!$E:$E,0)),"") | AG9: =IF(AND(AE9<>"",AF9<>""),ROUNDUP((AF9-AE9)/7,0),"") | AI9: =IFERROR(IF(AG9*AH9=0,"",AG9*AH9),"") | AL9: =IF(AND(AJ9<>"",AK9<>""),ROUNDUP((AK9-AJ9)/7,0),"") | AN9: =IFERROR(IF(AL9*AM9=0,"",AL9*AM9),"") | AQ9: =IF(AND(AO9<>"",AP9<>""),ROUNDUP((AP9-AO9)/7,0),"") | AR9: =IFERROR(IF((AU9-(AI9+AN9))/AQ9=0,"",ROUNDUP((AU9-(AI9+AN9))/AQ9,0)),"") | AS9: =IFERROR(IF((AU9-(AI9+AN9))=0,"",(AU9-(AI9+AN9))),"") | AT9: =IF(AND(AG9="",AQ9=""),AL9,IF(SUM(AG9,AL9,AQ9)=0,"",SUM(AG9,AL9,AQ9))) | BG9: =IF(AD9="","",YEAR(AD9)+IF(MONTH(AD9)>=5,1,0)) | BH9: =IF(AD9="","",IF(AND(MONTH(AD9)=8,DAY(AD9)>=15),"Fall",IF(MONTH(AD9)>8,"Fall",IF(MONTH(AD9)=5,"Summer",IF(MONTH(AD9)=1,"Spring",""))))) | BL9: =IFERROR(INDEX('_names_lookup'!$C:$C,MATCH(BK9,'_names_lookup'!$A:$A,0)),"") | BM9: =IFERROR(INDEX('_names_lookup'!$B:$B,MATCH(BK9,'_names_lookup'!$A:$A,0)),"") | BS9: =IFERROR(IF(BR9*AA9=0,"",BR9*AA9),"")
O10: =IFERROR(INDEX('_courses_lookup'!$C:$C,MATCH(K10&L10,'_courses_lookup'!$E:$E,0)),"") | P10: =IFERROR(INDEX('_courses_lookup'!$D:$D,MATCH(K10&L10,'_courses_lookup'!$E:$E,0)),"") | AG10: =IF(AND(AE10<>"",AF10<>""),ROUNDUP((AF10-AE10)/7,0),"") | AI10: =IFERROR(IF(AG10*AH10=0,"",AG10*AH10),"") | AL10: =IF(AND(AJ10<>"",AK10<>""),ROUNDUP((AK10-AJ10)/7,0),"") | AN10: =IFERROR(IF(AL10*AM10=0,"",AL10*AM10),"") | AQ10: =IF(AND(AO10<>"",AP10<>""),ROUNDUP((AP10-AO10)/7,0),"") | AR10: =IFERROR(IF((AU10-(AI10+AN10))/AQ10=0,"",ROUNDUP((AU10-(AI10+AN10))/AQ10,0)),"") | AS10: =IFERROR(IF((AU10-(AI10+AN10))=0,"",(AU10-(AI10+AN10))),"") | AT10: =IF(AND(AG10="",AQ10=""),AL10,IF(SUM(AG10,AL10,AQ10)=0,"",SUM(AG10,AL10,AQ10))) | BG10: =IF(AD10="","",YEAR(AD10)+IF(MONTH(AD10)>=5,1,0)) | BH10: =IF(AD10="","",IF(AND(MONTH(AD10)=8,DAY(AD10)>=15),"Fall",IF(MONTH(AD10)>8,"Fall",IF(MONTH(AD10)=5,"Summer",IF(MONTH(AD10)=1,"Spring",""))))) | BL10: =IFERROR(INDEX('_names_lookup'!$C:$C,MATCH(BK10,'_names_lookup'!$A:$A,0)),"") | BM10: =IFERROR(INDEX('_names_lookup'!$B:$B,MATCH(BK10,'_names_lookup'!$A:$A,0)),"") | BS10: =IFERROR(IF(BR10*AA10=0,"",BR10*AA10),"")
O11: =IFERROR(INDEX('_courses_lookup'!$C:$C,MATCH(K11&L11,'_courses_lookup'!$E:$E,0)),"") | P11: =IFERROR(INDEX('_courses_lookup'!$D:$D,MATCH(K11&L11,'_courses_lookup'!$E:$E,0)),"") | AG11: =IF(AND(AE11<>"",AF11<>""),ROUNDUP((AF11-AE11)/7,0),"") | AI11: =IFERROR(IF(AG11*AH11=0,"",AG11*AH11),"") | AL11: =IF(AND(AJ11<>"",AK11<>""),ROUNDUP((AK11-AJ11)/7,0),"") | AN11: =IFERROR(IF(AL11*AM11=0,"",AL11*AM11),"") | AQ11: =IF(AND(AO11<>"",AP11<>""),ROUNDUP((AP11-AO11)/7,0),"") | AR11: =IFERROR(IF((AU11-(AI11+AN11))/AQ11=0,"",ROUNDUP((AU11-(AI11+AN11))/AQ11,0)),"") | AS11: =IFERROR(IF((AU11-(AI11+AN11))=0,"",(AU11-(AI11+AN11))),"") | AT11: =IF(AND(AG11="",AQ11=""),AL11,IF(SUM(AG11,AL11,AQ11)=0,"",SUM(AG11,AL11,AQ11))) | BG11: =IF(AD11="","",YEAR(AD11)+IF(MONTH(AD11)>=5,1,0)) | BH11: =IF(AD11="","",IF(AND(MONTH(AD11)=8,DAY(AD11)>=15),"Fall",IF(MONTH(AD11)>8,"Fall",IF(MONTH(AD11)=5,"Summer",IF(MONTH(AD11)=1,"Spring",""))))) | BL11: =IFERROR(INDEX('_names_lookup'!$C:$C,MATCH(BK11,'_names_lookup'!$A:$A,0)),"") | BM11: =IFERROR(INDEX('_names_lookup'!$B:$B,MATCH(BK11,'_names_lookup'!$A:$A,0)),"") | BS11: =IFERROR(IF(BR11*AA11=0,"",BR11*AA11),"")
O12: =IFERROR(INDEX('_courses_lookup'!$C:$C,MATCH(K12&L12,'_courses_lookup'!$E:$E,0)),"") | P12: =IFERROR(INDEX('_courses_lookup'!$D:$D,MATCH(K12&L12,'_courses_lookup'!$E:$E,0)),"") | AG12: =IF(AND(AE12<>"",AF12<>""),ROUNDUP((AF12-AE12)/7,0),"") | AI12: =IFERROR(IF(AG12*AH12=0,"",AG12*AH12),"") | AL12: =IF(AND(AJ12<>"",AK12<>""),ROUNDUP((AK12-AJ12)/7,0),"") | AN12: =IFERROR(IF(AL12*AM12=0,"",AL12*AM12),"") | AQ12: =IF(AND(AO12<>"",AP12<>""),ROUNDUP((AP12-AO12)/7,0),"") | AR12: =IFERROR(IF((AU12-(AI12+AN12))/AQ12=0,"",ROUNDUP((AU12-(AI12+AN12))/AQ12,0)),"") | AS12: =IFERROR(IF((AU12-(AI12+AN12))=0,"",(AU12-(AI12+AN12))),"") | AT12: =IF(AND(AG12="",AQ12=""),AL12,IF(SUM(AG12,AL12,AQ12)=0,"",SUM(AG12,AL12,AQ12))) | BG12: =IF(AD12="","",YEAR(AD12)+IF(MONTH(AD12)>=5,1,0)) | BH12: =IF(AD12="","",IF(AND(MONTH(AD12)=8,DAY(AD12)>=15),"Fall",IF(MONTH(AD12)>8,"Fall",IF(MONTH(AD12)=5,"Summer",IF(MONTH(AD12)=1,"Spring",""))))) | BL12: =IFERROR(INDEX('_names_lookup'!$C:$C,MATCH(BK12,'_names_lookup'!$A:$A,0)),"") | BM12: =IFERROR(INDEX('_names_lookup'!$B:$B,MATCH(BK12,'_names_lookup'!$A:$A,0)),"") | BS12: =IFERROR(IF(BR12*AA12=0,"",BR12*AA12),"")
O13: =IFERROR(INDEX('_courses_lookup'!$C:$C,MATCH(K13&L13,'_courses_lookup'!$E:$E,0)),"") | P13: =IFERROR(INDEX('_courses_lookup'!$D:$D,MATCH(K13&L13,'_courses_lookup'!$E:$E,0)),"") | AG13: =IF(AND(AE13<>"",AF13<>""),ROUNDUP((AF13-AE13)/7,0),"") | AI13: =IFERROR(IF(AG13*AH13=0,"",AG13*AH13),"") | AL13: =IF(AND(AJ13<>"",AK13<>""),ROUNDUP((AK13-AJ13)/7,0),"") | AN13: =IFERROR(IF(AL13*AM13=0,"",AL13*AM13),"") | AQ13: =IF(AND(AO13<>"",AP13<>""),ROUNDUP((AP13-AO13)/7,0),"") | AR13: =IFERROR(IF((AU13-(AI13+AN13))/AQ13=0,"",ROUNDUP((AU13-(AI13+AN13))/AQ13,0)),"") | AS13: =IFERROR(IF((AU13-(AI13+AN13))=0,"",(AU13-(AI13+AN13))),"") | AT13: =IF(AND(AG13="",AQ13=""),AL13,IF(SUM(AG13,AL13,AQ13)=0,"",SUM(AG13,AL13,AQ13))) | BG13: =IF(AD13="","",YEAR(AD13)+IF(MONTH(AD13)>=5,1,0)) | BH13: =IF(AD13="","",IF(AND(MONTH(AD13)=8,DAY(AD13)>=15),"Fall",IF(MONTH(AD13)>8,"Fall",IF(MONTH(AD13)=5,"Summer",IF(MONTH(AD13)=1,"Spring",""))))) | BL13: =IFERROR(INDEX('_names_lookup'!$C:$C,MATCH(BK13,'_names_lookup'!$A:$A,0)),"") | BM13: =IFERROR(INDEX('_names_lookup'!$B:$B,MATCH(BK13,'_names_lookup'!$A:$A,0)),"") | BS13: =IFERROR(IF(BR13*AA13=0,"",BR13*AA13),"")
... O300: =IFERROR(INDEX('_courses_lookup'!$C:$C,MATCH(K300&L300,'_courses_lookup'!$E:$E,0)),"") | P300: =IFERROR(INDEX('_courses_lookup'!$D:$D,MATCH(K300&L300,'_courses_lookup'!$E:$E,0)),"") | AG300: =IF(AND(AE300<>"",AF300<>""),ROUNDUP((AF300-AE300)/7,0),"") | AI300: =IFERROR(IF(AG300*AH300=0,"",AG300*AH300),"") | AL300: =IF(AND(AJ300<>"",AK300<>""),ROUNDUP((AK300-AJ300)/7,0),"") | AN300: =IFERROR(IF(AL300*AM300=0,"",AL300*AM300),"") | AQ300: =IF(AND(AO300<>"",AP300<>""),ROUNDUP((AP300-AO300)/7,0),"") | AR300: =IFERROR(IF((AU300-(AI300+AN300))/AQ300=0,"",ROUNDUP((AU300-(AI300+AN300))/AQ300,0)),"") | AS300: =IFERROR(IF((AU300-(AI300+AN300))=0,"",(AU300-(AI300+AN300))),"") | AT300: =IF(AND(AG300="",AQ300=""),AL300,IF(SUM(AG300,AL300,AQ300)=0,"",SUM(AG300,AL300,AQ300))) | BG300: =IF(AD300="","",YEAR(AD300)+IF(MONTH(AD300)>=5,1,0)) | BH300: =IF(AD300="","",IF(AND(MONTH(AD300)=8,DAY(AD300)>=15),"Fall",IF(MONTH(AD300)>8,"Fall",IF(MONTH(AD300)=5,"Summer",IF(MONTH(AD300)=1,"Spring",""))))) | BL300: =IFERROR(INDEX('_names_lookup'!$C:$C,MATCH(BK300,'_names_lookup'!$A:$A,0)),"") | BM300: =IFERROR(INDEX('_names_lookup'!$B:$B,MATCH(BK300,'_names_lookup'!$A:$A,0)),"") | BS300: =IFERROR(IF(BR300*AA300=0,"",BR300*AA300),"")

Sheet GSEM
A1: Don {not in Banner} | B1: Mismatching {not in Banner} | C1: Dept/Prog Admin {not in Banner} | D1: Mona {not in Banner} | E1: Karen {not in Banner} | F1: DONE {not in Banner} | G1: Notes {not in Banner} | H1: CRN sorted {not in Banner} | I1: CRN | J1: Attribute {not in Banner} | K1: Subject | L1: Course Number {Crse Num} | M1: Course Section {Seq Crse Num} | N1: Program {not in Banner} | O1: Catalog Title | P1: Section Title | Q1: Crosslist Details {not in Banner} | R1: X Lst | S1: Campus {Ssasect Campus} | T1: Campus Restriction {Camp Restr CC} | U1: Schedule Type {not in Banner} | V1: Instruction Method {Inst Method} | W1: Level {Level SC} | X1: Part-Of-Term | Y1: Credit Catalog {Cat Crs} | Z1: Credits {Sect Crs} | AA1: Faculty Load / Contract Credits {not in Banner} | AB1: Enrollment Cap {Max Enrl} | AC1: Meeting Type | AD1: Semester Start Date {Soaterm Start Date} | AE1: Pre-work Start Date {not in Banner} | AF1: Pre-work End Date {not in Banner} | AG1: pre-work # of weeks {not in Banner} | AH1: pre-work hours/week {not in Banner} | AI1: pre-work hours/period {not in Banner} | AJ1: Intensive Period Start Date {Meet Start Date} | AK1: Intensive Period End Date {Meet End Date} | AL1: intensive # of weeks {not in Banner} | AM1: intensive hours/week {not in Banner} | AN1: intensive hours/period {not in Banner} | AO1: Post-work Start Date {not in Banner} | AP1: Post-work End Date {not in Banner} | AQ1: post-work # of weeks {not in Banner} | AR1: post-work hours/week {not in Banner} | AS1: post-work hours/period {not in Banner} | AT1: sum of weeks (for check) {not in Banner} | AU1: total contract hours {not in Banner} | AV1: Semester End Date {Soaterm End Date} | AW1: Course Beginning Time {Meet Beg Time} | AX1: Course Ending Time {Meet End Time} | AY1: SUN | AZ1: MON | BA1: TUE | BB1: WED | BC1: THU | BD1: FRI | BE1: SAT | BF1: Weeks | BG1: Fiscal Year {not in Banner} | BH1: Semester {not in Banner} | BI1: Room {Meet Room} | BJ1: Building {Meet Bldg} | BK1: Instructor Name {Instr Name} | BL1: Instructor Email {Instr Email} | BM1: Instructor ID {Instr ID} | BN1: Remote Employee {not in Banner} | BO1: % Responsibility | BP1: load/contract {not in Banner} | BQ1: Reason for Contract {not in Banner} | BR1: costs per credit {not in Banner} | BS1: total costs {not in Banner} | BT1: dept budget {not in Banner} | BU1: account to be charged {not in Banner} | BV1: SEM Department {Scacrse Dept} | BW1: dean email | BX1: VP finance email | BY1: HR email | BZ1: Fee Amount {Fees Amt} | CA1: Fee Code {Detl Code} | CB1: Fee Type | CC1: Fee Level | CD1: Fee Ind | CE1: Fee Term | CF1: Activity Date | CG1: Status | CH1: Bill Hrs | CI1: Sect Sch Type | CJ1: Prerequisites {Preq Areas} | CK1: Link Ind | CL1: Integration Code | CM1: Link Conn | CN1: Crs Attr | CO1: Comments | CP1: Major Restr | CQ1: Scacrse College | CR1: Enrolled | CS1: Waitlist Capacity | CT1: Primary Ind | CU1: Override | CV1: 1st Date Reg Opens | CW1: Last Date Reg Opens | CX1: OL Range From Date | CY1: OL Range To Date | CZ1: OL Numb Units | DA1: OL Duration Code | DB1: Grade Mode | DC1: Gradable Ind | DD1: Tuit Waiver | DE1: Course Override {Meet Override} | DF1: Lvl Res Ind | DG1: Cmp Res Ind | DH1: Rate Code | DI1: Cohort Code | DJ1: St Attr Code | DK1: Coll SC | DL1: DegC SC | DM1: Prog SC | DN1: FOS Type | DO1: Special Approval {Special Apvl} | DP1: Term Code | DQ1: Camp SC
O2: =IFERROR(INDEX('_courses_lookup'!$C:$C,MATCH(K2&L2,'_courses_lookup'!$E:$E,0)),"") | P2: =IFERROR(INDEX('_courses_lookup'!$D:$D,MATCH(K2&L2,'_courses_lookup'!$E:$E,0)),"") | AG2: =IF(AND(AE2<>"",AF2<>""),ROUNDUP((AF2-AE2)/7,0),"") | AI2: =IFERROR(IF(AG2*AH2=0,"",AG2*AH2),"") | AL2: =IF(AND(AJ2<>"",AK2<>""),ROUNDUP((AK2-AJ2)/7,0),"") | AN2: =IFERROR(IF(AL2*AM2=0,"",AL2*AM2),"") | AQ2: =IF(AND(AO2<>"",AP2<>""),ROUNDUP((AP2-AO2)/7,0),"") | AR2: =IFERROR(IF((AU2-(AI2+AN2))/AQ2=0,"",ROUNDUP((AU2-(AI2+AN2))/AQ2,0)),"") | AS2: =IFERROR(IF((AU2-(AI2+AN2))=0,"",(AU2-(AI2+AN2))),"") | AT2: =IF(AND(AG2="",AQ2=""),AL2,IF(SUM(AG2,AL2,AQ2)=0,"",SUM(AG2,AL2,AQ2))) | BG2: =IF(AD2="","",YEAR(AD2)+IF(MONTH(AD2)>=5,1,0)) | BH2: =IF(AD2="","",IF(AND(MONTH(AD2)=8,DAY(AD2)>=15),"Fall",IF(MONTH(AD2)>8,"Fall",IF(MONTH(AD2)=5,"Summer",IF(MONTH(AD2)=1,"Spring",""))))) | BL2: =IFERROR(INDEX('_names_lookup'!$C:$C,MATCH(BK2,'_names_lookup'!$A:$A,0)),"") | BM2: =IFERROR(INDEX('_names_lookup'!$B:$B,MATCH(BK2,'_names_lookup'!$A:$A,0)),"") | BS2: =IFERROR(IF(BR2*AA2=0,"",BR2*AA2),"")
O3: =IFERROR(INDEX('_courses_lookup'!$C:$C,MATCH(K3&L3,'_courses_lookup'!$E:$E,0)),"") | P3: =IFERROR(INDEX('_courses_lookup'!$D:$D,MATCH(K3&L3,'_courses_lookup'!$E:$E,0)),"") | AG3: =IF(AND(AE3<>"",AF3<>""),ROUNDUP((AF3-AE3)/7,0),"") | AI3: =IFERROR(IF(AG3*AH3=0,"",AG3*AH3),"") | AL3: =IF(AND(AJ3<>"",AK3<>""),ROUNDUP((AK3-AJ3)/7,0),"") | AN3: =IFERROR(IF(AL3*AM3=0,"",AL3*AM3),"") | AQ3: =IF(AND(AO3<>"",AP3<>""),ROUNDUP((AP3-AO3)/7,0),"") | AR3: =IFERROR(IF((AU3-(AI3+AN3))/AQ3=0,"",ROUNDUP((AU3-(AI3+AN3))/AQ3,0)),"") | AS3: =IFERROR(IF((AU3-(AI3+AN3))=0,"",(AU3-(AI3+AN3))),"") | AT3: =IF(AND(AG3="",AQ3=""),AL3,IF(SUM(AG3,AL3,AQ3)=0,"",SUM(AG3,AL3,AQ3))) | BG3: =IF(AD3="","",YEAR(AD3)+IF(MONTH(AD3)>=5,1,0)) | BH3: =IF(AD3="","",IF(AND(MONTH(AD3)=8,DAY(AD3)>=15),"Fall",IF(MONTH(AD3)>8,"Fall",IF(MONTH(AD3)=5,"Summer",IF(MONTH(AD3)=1,"Spring",""))))) | BL3: =IFERROR(INDEX('_names_lookup'!$C:$C,MATCH(BK3,'_names_lookup'!$A:$A,0)),"") | BM3: =IFERROR(INDEX('_names_lookup'!$B:$B,MATCH(BK3,'_names_lookup'!$A:$A,0)),"") | BS3: =IFERROR(IF(BR3*AA3=0,"",BR3*AA3),"")
O4: =IFERROR(INDEX('_courses_lookup'!$C:$C,MATCH(K4&L4,'_courses_lookup'!$E:$E,0)),"") | P4: =IFERROR(INDEX('_courses_lookup'!$D:$D,MATCH(K4&L4,'_courses_lookup'!$E:$E,0)),"") | AG4: =IF(AND(AE4<>"",AF4<>""),ROUNDUP((AF4-AE4)/7,0),"") | AI4: =IFERROR(IF(AG4*AH4=0,"",AG4*AH4),"") | AL4: =IF(AND(AJ4<>"",AK4<>""),ROUNDUP((AK4-AJ4)/7,0),"") | AN4: =IFERROR(IF(AL4*AM4=0,"",AL4*AM4),"") | AQ4: =IF(AND(AO4<>"",AP4<>""),ROUNDUP((AP4-AO4)/7,0),"") | AR4: =IFERROR(IF((AU4-(AI4+AN4))/AQ4=0,"",ROUNDUP((AU4-(AI4+AN4))/AQ4,0)),"") | AS4: =IFERROR(IF((AU4-(AI4+AN4))=0,"",(AU4-(AI4+AN4))),"") | AT4: =IF(AND(AG4="",AQ4=""),AL4,IF(SUM(AG4,AL4,AQ4)=0,"",SUM(AG4,AL4,AQ4))) | BG4: =IF(AD4="","",YEAR(AD4)+IF(MONTH(AD4)>=5,1,0)) | BH4: =IF(AD4="","",IF(AND(MONTH(AD4)=8,DAY(AD4)>=15),"Fall",IF(MONTH(AD4)>8,"Fall",IF(MONTH(AD4)=5,"Summer",IF(MONTH(AD4)=1,"Spring",""))))) | BL4: =IFERROR(INDEX('_names_lookup'!$C:$C,MATCH(BK4,'_names_lookup'!$A:$A,0)),"") | BM4: =IFERROR(INDEX('_names_lookup'!$B:$B,MATCH(BK4,'_names_lookup'!$A:$A,0)),"") | BS4: =IFERROR(IF(BR4*AA4=0,"",BR4*AA4),"")
O5: =IFERROR(INDEX('_courses_lookup'!$C:$C,MATCH(K5&L5,'_courses_lookup'!$E:$E,0)),"") | P5: =IFERROR(INDEX('_courses_lookup'!$D:$D,MATCH(K5&L5,'_courses_lookup'!$E:$E,0)),"") | AG5: =IF(AND(AE5<>"",AF5<>""),ROUNDUP((AF5-AE5)/7,0),"") | AI5: =IFERROR(IF(AG5*AH5=0,"",AG5*AH5),"") | AL5: =IF(AND(AJ5<>"",AK5<>""),ROUNDUP((AK5-AJ5)/7,0),"") | AN5: =IFERROR(IF(AL5*AM5=0,"",AL5*AM5),"") | AQ5: =IF(AND(AO5<>"",AP5<>""),ROUNDUP((AP5-AO5)/7,0),"") | AR5: =IFERROR(IF((AU5-(AI5+AN5))/AQ5=0,"",ROUNDUP((AU5-(AI5+AN5))/AQ5,0)),"") | AS5: =IFERROR(IF((AU5-(AI5+AN5))=0,"",(AU5-(AI5+AN5))),"") | AT5: =IF(AND(AG5="",AQ5=""),AL5,IF(SUM(AG5,AL5,AQ5)=0,"",SUM(AG5,AL5,AQ5))) | BG5: =IF(AD5="","",YEAR(AD5)+IF(MONTH(AD5)>=5,1,0)) | BH5: =IF(AD5="","",IF(AND(MONTH(AD5)=8,DAY(AD5)>=15),"Fall",IF(MONTH(AD5)>8,"Fall",IF(MONTH(AD5)=5,"Summer",IF(MONTH(AD5)=1,"Spring",""))))) | BL5: =IFERROR(INDEX('_names_lookup'!$C:$C,MATCH(BK5,'_names_lookup'!$A:$A,0)),"") | BM5: =IFERROR(INDEX('_names_lookup'!$B:$B,MATCH(BK5,'_names_lookup'!$A:$A,0)),"") | BS5: =IFERROR(IF(BR5*AA5=0,"",BR5*AA5),"")
O6: =IFERROR(INDEX('_courses_lookup'!$C:$C,MATCH(K6&L6,'_courses_lookup'!$E:$E,0)),"") | P6: =IFERROR(INDEX('_courses_lookup'!$D:$D,MATCH(K6&L6,'_courses_lookup'!$E:$E,0)),"") | AG6: =IF(AND(AE6<>"",AF6<>""),ROUNDUP((AF6-AE6)/7,0),"") | AI6: =IFERROR(IF(AG6*AH6=0,"",AG6*AH6),"") | AL6: =IF(AND(AJ6<>"",AK6<>""),ROUNDUP((AK6-AJ6)/7,0),"") | AN6: =IFERROR(IF(AL6*AM6=0,"",AL6*AM6),"") | AQ6: =IF(AND(AO6<>"",AP6<>""),ROUNDUP((AP6-AO6)/7,0),"") | AR6: =IFERROR(IF((AU6-(AI6+AN6))/AQ6=0,"",ROUNDUP((AU6-(AI6+AN6))/AQ6,0)),"") | AS6: =IFERROR(IF((AU6-(AI6+AN6))=0,"",(AU6-(AI6+AN6))),"") | AT6: =IF(AND(AG6="",AQ6=""),AL6,IF(SUM(AG6,AL6,AQ6)=0,"",SUM(AG6,AL6,AQ6))) | BG6: =IF(AD6="","",YEAR(AD6)+IF(MONTH(AD6)>=5,1,0)) | BH6: =IF(AD6="","",IF(AND(MONTH(AD6)=8,DAY(AD6)>=15),"Fall",IF(MONTH(AD6)>8,"Fall",IF(MONTH(AD6)=5,"Summer",IF(MONTH(AD6)=1,"Spring",""))))) | BL6: =IFERROR(INDEX('_names_lookup'!$C:$C,MATCH(BK6,'_names_lookup'!$A:$A,0)),"") | BM6: =IFERROR(INDEX('_names_lookup'!$B:$B,MATCH(BK6,'_names_lookup'!$A:$A,0)),"") | BS6: =IFERROR(IF(BR6*AA6=0,"",BR6*AA6),"")
O7: =IFERROR(INDEX('_courses_lookup'!$C:$C,MATCH(K7&L7,'_courses_lookup'!$E:$E,0)),"") | P7: =IFERROR(INDEX('_courses_lookup'!$D:$D,MATCH(K7&L7,'_courses_lookup'!$E:$E,0)),"") | AG7: =IF(AND(AE7<>"",AF7<>""),ROUNDUP((AF7-AE7)/7,0),"") | AI7: =IFERROR(IF(AG7*AH7=0,"",AG7*AH7),"") | AL7: =IF(AND(AJ7<>"",AK7<>""),ROUNDUP((AK7-AJ7)/7,0),"") | AN7: =IFERROR(IF(AL7*AM7=0,"",AL7*AM7),"") | AQ7: =IF(AND(AO7<>"",AP7<>""),ROUNDUP((AP7-AO7)/7,0),"") | AR7: =IFERROR(IF((AU7-(AI7+AN7))/AQ7=0,"",ROUNDUP((AU7-(AI7+AN7))/AQ7,0)),"") | AS7: =IFERROR(IF((AU7-(AI7+AN7))=0,"",(AU7-(AI7+AN7))),"") | AT7: =IF(AND(AG7="",AQ7=""),AL7,IF(SUM(AG7,AL7,AQ7)=0,"",SUM(AG7,AL7,AQ7))) | BG7: =IF(AD7="","",YEAR(AD7)+IF(MONTH(AD7)>=5,1,0)) | BH7: =IF(AD7="","",IF(AND(MONTH(AD7)=8,DAY(AD7)>=15),"Fall",IF(MONTH(AD7)>8,"Fall",IF(MONTH(AD7)=5,"Summer",IF(MONTH(AD7)=1,"Spring",""))))) | BL7: =IFERROR(INDEX('_names_lookup'!$C:$C,MATCH(BK7,'_names_lookup'!$A:$A,0)),"") | BM7: =IFERROR(INDEX('_names_lookup'!$B:$B,MATCH(BK7,'_names_lookup'!$A:$A,0)),"") | BS7: =IFERROR(IF(BR7*AA7=0,"",BR7*AA7),"")
O8: =IFERROR(INDEX('_courses_lookup'!$C:$C,MATCH(K8&L8,'_courses_lookup'!$E:$E,0)),"") | P8: =IFERROR(INDEX('_courses_lookup'!$D:$D,MATCH(K8&L8,'_courses_lookup'!$E:$E,0)),"") | AG8: =IF(AND(AE8<>"",AF8<>""),ROUNDUP((AF8-AE8)/7,0),"") | AI8: =IFERROR(IF(AG8*AH8=0,"",AG8*AH8),"") | AL8: =IF(AND(AJ8<>"",AK8<>""),ROUNDUP((AK8-AJ8)/7,0),"") | AN8: =IFERROR(IF(AL8*AM8=0,"",AL8*AM8),"") | AQ8: =IF(AND(AO8<>"",AP8<>""),ROUNDUP((AP8-AO8)/7,0),"") | AR8: =IFERROR(IF((AU8-(AI8+AN8))/AQ8=0,"",ROUNDUP((AU8-(AI8+AN8))/AQ8,0)),"") | AS8: =IFERROR(IF((AU8-(AI8+AN8))=0,"",(AU8-(AI8+AN8))),"") | AT8: =IF(AND(AG8="",AQ8=""),AL8,IF(SUM(AG8,AL8,AQ8)=0,"",SUM(AG8,AL8,AQ8))) | BG8: =IF(AD8="","",YEAR(AD8)+IF(MONTH(AD8)>=5,1,0)) | BH8: =IF(AD8="","",IF(AND(MONTH(AD8)=8,DAY(AD8)>=15),"Fall",IF(MONTH(AD8)>8,"Fall",IF(MONTH(AD8)=5,"Summer",IF(MONTH(AD8)=1,"Spring",""))))) | BL8: =IFERROR(INDEX('_names_lookup'!$C:$C,MATCH(BK8,'_names_lookup'!$A:$A,0)),"") | BM8: =IFERROR(INDEX('_names_lookup'!$B:$B,MATCH(BK8,'_names_lookup'!$A:$A,0)),"") | BS8: =IFERROR(IF(BR8*AA8=0,"",BR8*AA8),"")
O9: =IFERROR(INDEX('_courses_lookup'!$C:$C,MATCH(K9&L9,'_courses_lookup'!$E:$E,0)),"") | P9: =IFERROR(INDEX('_courses_lookup'!$D:$D,MATCH(K9&L9,'_courses_lookup'!$E:$E,0)),"") | AG9: =IF(AND(AE9<>"",AF9<>""),ROUNDUP((AF9-AE9)/7,0),"") | AI9: =IFERROR(IF(AG9*AH9=0,"",AG9*AH9),"") | AL9: =IF(AND(AJ9<>"",AK9<>""),ROUNDUP((AK9-AJ9)/7,0),"") | AN9: =IFERROR(IF(AL9*AM9=0,"",AL9*AM9),"") | AQ9: =IF(AND(AO9<>"",AP9<>""),ROUNDUP((AP9-AO9)/7,0),"") | AR9: =IFERROR(IF((AU9-(AI9+AN9))/AQ9=0,"",ROUNDUP((AU9-(AI9+AN9))/AQ9,0)),"") | AS9: =IFERROR(IF((AU9-(AI9+AN9))=0,"",(AU9-(AI9+AN9))),"") | AT9: =IF(AND(AG9="",AQ9=""),AL9,IF(SUM(AG9,AL9,AQ9)=0,"",SUM(AG9,AL9,AQ9))) | BG9: =IF(AD9="","",YEAR(AD9)+IF(MONTH(AD9)>=5,1,0)) | BH9: =IF(AD9="","",IF(AND(MONTH(AD9)=8,DAY(AD9)>=15),"Fall",IF(MONTH(AD9)>8,"Fall",IF(MONTH(AD9)=5,"Summer",IF(MONTH(AD9)=1,"Spring",""))))) | BL9: =IFERROR(INDEX('_names_lookup'!$C:$C,MATCH(BK9,'_names_lookup'!$A:$A,0)),"") | BM9: =IFERROR(INDEX('_names_lookup'!$B:$B,MATCH(BK9,'_names_lookup'!$A:$A,0)),"") | BS9: =IFERROR(IF(BR9*AA9=0,"",BR9*AA9),"")
O10: =IFERROR(INDEX('_courses_lookup'!$C:$C,MATCH(K10&L10,'_courses_lookup'!$E:$E,0)),"") | P10: =IFERROR(INDEX('_courses_lookup'!$D:$D,MATCH(K10&L10,'_courses_lookup'!$E:$E,0)),"") | AG10: =IF(AND(AE10<>"",AF10<>""),ROUNDUP((AF10-AE10)/7,0),"") | AI10: =IFERROR(IF(AG10*AH10=0,"",AG10*AH10),"") | AL10: =IF(AND(AJ10<>"",AK10<>""),ROUNDUP((AK10-AJ10)/7,0),"") | AN10: =IFERROR(IF(AL10*AM10=0,"",AL10*AM10),"") | AQ10: =IF(AND(AO10<>"",AP10<>""),ROUNDUP((AP10-AO10)/7,0),"") | AR10: =IFERROR(IF((AU10-(AI10+AN10))/AQ10=0,"",ROUNDUP((AU10-(AI10+AN10))/AQ10,0)),"") | AS10: =IFERROR(IF((AU10-(AI10+AN10))=0,"",(AU10-(AI10+AN10))),"") | AT10: =IF(AND(AG10="",AQ10=""),AL10,IF(SUM(AG10,AL10,AQ10)=0,"",SUM(AG10,AL10,AQ10))) | BG10: =IF(AD10="","",YEAR(AD10)+IF(MONTH(AD10)>=5,1,0)) | BH10: =IF(AD10="","",IF(AND(MONTH(AD10)=8,DAY(AD10)>=15),"Fall",IF(MONTH(AD10)>8,"Fall",IF(MONTH(AD10)=5,"Summer",IF(MONTH(AD10)=1,"Spring",""))))) | BL10: =IFERROR(INDEX('_names_lookup'!$C:$C,MATCH(BK10,'_names_lookup'!$A:$A,0)),"") | BM10: =IFERROR(INDEX('_names_lookup'!$B:$B,MATCH(BK10,'_names_lookup'!$A:$A,0)),"") | BS10: =IFERROR(IF(BR10*AA10=0,"",BR10*AA10),"")
O11: =IFERROR(INDEX('_courses_lookup'!$C:$C,MATCH(K11&L11,'_courses_lookup'!$E:$E,0)),"") | P11: =IFERROR(INDEX('_courses_lookup'!$D:$D,MATCH(K11&L11,'_courses_lookup'!$E:$E,0)),"") | AG11: =IF(AND(AE11<>"",AF11<>""),ROUNDUP((AF11-AE11)/7,0),"") | AI11: =IFERROR(IF(AG11*AH11=0,"",AG11*AH11),"") | AL11: =IF(AND(AJ11<>"",AK11<>""),ROUNDUP((AK11-AJ11)/7,0),"") | AN11: =IFERROR(IF(AL11*AM11=0,"",AL11*AM11),"") | AQ11: =IF(AND(AO11<>"",AP11<>""),ROUNDUP((AP11-AO11)/7,0),"") | AR11: =IFERROR(IF((AU11-(AI11+AN11))/AQ11=0,"",ROUNDUP((AU11-(AI11+AN11))/AQ11,0)),"") | AS11: =IFERROR(IF((AU11-(AI11+AN11))=0,"",(AU11-(AI11+AN11))),"") | AT11: =IF(AND(AG11="",AQ11=""),AL11,IF(SUM(AG11,AL11,AQ11)=0,"",SUM(AG11,AL11,AQ11))) | BG11: =IF(AD11="","",YEAR(AD11)+IF(MONTH(AD11)>=5,1,0)) | BH11: =IF(AD11="","",IF(AND(MONTH(AD11)=8,DAY(AD11)>=15),"Fall",IF(MONTH(AD11)>8,"Fall",IF(MONTH(AD11)=5,"Summer",IF(MONTH(AD11)=1,"Spring",""))))) | BL11: =IFERROR(INDEX('_names_lookup'!$C:$C,MATCH(BK11,'_names_lookup'!$A:$A,0)),"") | BM11: =IFERROR(INDEX('_names_lookup'!$B:$B,MATCH(BK11,'_names_lookup'!$A:$A,0)),"") | BS11: =IFERROR(IF(BR11*AA11=0,"",BR11*AA11),"")
O12: =IFERROR(INDEX('_courses_lookup'!$C:$C,MATCH(K12&L12,'_courses_lookup'!$E:$E,0)),"") | P12: =IFERROR(INDEX('_courses_lookup'!$D:$D,MATCH(K12&L12,'_courses_lookup'!$E:$E,0)),"") | AG12: =IF(AND(AE12<>"",AF12<>""),ROUNDUP((AF12-AE12)/7,0),"") | AI12: =IFERROR(IF(AG12*AH12=0,"",AG12*AH12),"") | AL12: =IF(AND(AJ12<>"",AK12<>""),ROUNDUP((AK12-AJ12)/7,0),"") | AN12: =IFERROR(IF(AL12*AM12=0,"",AL12*AM12),"") | AQ12: =IF(AND(AO12<>"",AP12<>""),ROUNDUP((AP12-AO12)/7,0),"") | AR12: =IFERROR(IF((AU12-(AI12+AN12))/AQ12=0,"",ROUNDUP((AU12-(AI12+AN12))/AQ12,0)),"") | AS12: =IFERROR(IF((AU12-(AI12+AN12))=0,"",(AU12-(AI12+AN12))),"") | AT12: =IF(AND(AG12="",AQ12=""),AL12,IF(SUM(AG12,AL12,AQ12)=0,"",SUM(AG12,AL12,AQ12))) | BG12: =IF(AD12="","",YEAR(AD12)+IF(MONTH(AD12)>=5,1,0)) | BH12: =IF(AD12="","",IF(AND(MONTH(AD12)=8,DAY(AD12)>=15),"Fall",IF(MONTH(AD12)>8,"Fall",IF(MONTH(AD12)=5,"Summer",IF(MONTH(AD12)=1,"Spring",""))))) | BL12: =IFERROR(INDEX('_names_lookup'!$C:$C,MATCH(BK12,'_names_lookup'!$A:$A,0)),"") | BM12: =IFERROR(INDEX('_names_lookup'!$B:$B,MATCH(BK12,'_names_lookup'!$A:$A,0)),"") | BS12: =IFERROR(IF(BR12*AA12=0,"",BR12*AA12),"")
O13: =IFERROR(INDEX('_courses_lookup'!$C:$C,MATCH(K13&L13,'_courses_lookup'!$E:$E,0)),"") | P13: =IFERROR(INDEX('_courses_lookup'!$D:$D,MATCH(K13&L13,'_courses_lookup'!$E:$E,0)),"") | AG13: =IF(AND(AE13<>"",AF13<>""),ROUNDUP((AF13-AE13)/7,0),"") | AI13: =IFERROR(IF(AG13*AH13=0,"",AG13*AH13),"") | AL13: =IF(AND(AJ13<>"",AK13<>""),ROUNDUP((AK13-AJ13)/7,0),"") | AN13: =IFERROR(IF(AL13*AM13=0,"",AL13*AM13),"") | AQ13: =IF(AND(AO13<>"",AP13<>""),ROUNDUP((AP13-AO13)/7,0),"") | AR13: =IFERROR(IF((AU13-(AI13+AN13))/AQ13=0,"",ROUNDUP((AU13-(AI13+AN13))/AQ13,0)),"") | AS13: =IFERROR(IF((AU13-(AI13+AN13))=0,"",(AU13-(AI13+AN13))),"") | AT13: =IF(AND(AG13="",AQ13=""),AL13,IF(SUM(AG13,AL13,AQ13)=0,"",SUM(AG13,AL13,AQ13))) | BG13: =IF(AD13="","",YEAR(AD13)+IF(MONTH(AD13)>=5,1,0)) | BH13: =IF(AD13="","",IF(AND(MONTH(AD13)=8,DAY(AD13)>=15),"Fall",IF(MONTH(AD13)>8,"Fall",IF(MONTH(AD13)=5,"Summer",IF(MONTH(AD13)=1,"Spring",""))))) | BL13: =IFERROR(INDEX('_names_lookup'!$C:$C,MATCH(BK13,'_names_lookup'!$A:$A,0)),"") | BM13: =IFERROR(INDEX('_names_lookup'!$B:$B,MATCH(BK13,'_names_lookup'!$A:$A,0)),"") | BS13: =IFERROR(IF(BR13*AA13=0,"",BR13*AA13),"")
... O300: =IFERROR(INDEX('_courses_lookup'!$C:$C,MATCH(K300&L300,'_courses_lookup'!$E:$E,0)),"") | P300: =IFERROR(INDEX('_courses_lookup'!$D:$D,MATCH(K300&L300,'_courses_lookup'!$E:$E,0)),"") | AG300: =IF(AND(AE300<>"",AF300<>""),ROUNDUP((AF300-AE300)/7,0),"") | AI300: =IFERROR(IF(AG300*AH300=0,"",AG300*AH300),"") | AL300: =IF(AND(AJ300<>"",AK300<>""),ROUNDUP((AK300-AJ300)/7,0),"") | AN300: =IFERROR(IF(AL300*AM300=0,"",AL300*AM300),"") | AQ300: =IF(AND(AO300<>"",AP300<>""),ROUNDUP((AP300-AO300)/7,0),"") | AR300: =IFERROR(IF((AU300-(AI300+AN300))/AQ300=0,"",ROUNDUP((AU300-(AI300+AN300))/AQ300,0)),"") | AS300: =IFERROR(IF((AU300-(AI300+AN300))=0,"",(AU300-(AI300+AN300))),"") | AT300: =IF(AND(AG300="",AQ300=""),AL300,IF(SUM(AG300,AL300,AQ300)=0,"",SUM(AG300,AL300,AQ300))) | BG300: =IF(AD300="","",YEAR(AD300)+IF(MONTH(AD300)>=5,1,0)) | BH300: =IF(AD300="","",IF(AND(MONTH(AD300)=8,DAY(AD300)>=15),"Fall",IF(MONTH(AD300)>8,"Fall",IF(MONTH(AD300)=5,"Summer",IF(MONTH(AD300)=1,"Spring",""))))) | BL300: =IFERROR(INDEX('_names_lookup'!$C:$C,MATCH(BK300,'_names_lookup'!$A:$A,0)),"") | BM300: =IFERROR(INDEX('_names_lookup'!$B:$B,MATCH(BK300,'_names_lookup'!$A:$A,0)),"") | BS300: =IFERROR(IF(BR300*AA300=0,"",BR300*AA300),"")

Sheet MSSN
A1: Don {not in Banner} | B1: Mismatching {not in Banner} | C1: Dept/Prog Admin {not in Banner} | D1: Mona {not in Banner} | E1: Karen {not in Banner} | F1: DONE {not in Banner} | G1: Notes {not in Banner} | H1: CRN sorted {not in Banner} | I1: CRN | J1: Attribute {not in Banner} | K1: Subject | L1: Course Number {Crse Num} | M1: Course Section {Seq Crse Num} | N1: Program {not in Banner} | O1: Catalog Title | P1: Section Title | Q1: Crosslist Details {not in Banner} | R1: X Lst | S1: Campus {Ssasect Campus} | T1: Campus Restriction {Camp Restr CC} | U1: Schedule Type {not in Banner} | V1: Instruction Method {Inst Method} | W1: Level {Level SC} | X1: Part-Of-Term | Y1: Credit Catalog {Cat Crs} | Z1: Credits {Sect Crs} | AA1: Faculty Load / Contract Credits {not in Banner} | AB1: Enrollment Cap {Max Enrl} | AC1: Meeting Type | AD1: Semester Start Date {Soaterm Start Date} | AE1: Pre-work Start Date {not in Banner} | AF1: Pre-work End Date {not in Banner} | AG1: pre-work # of weeks {not in Banner} | AH1: pre-work hours/week {not in Banner} | AI1: pre-work hours/period {not in Banner} | AJ1: Intensive Period Start Date {Meet Start Date} | AK1: Intensive Period End Date {Meet End Date} | AL1: intensive # of weeks {not in Banner} | AM1: intensive hours/week {not in Banner} | AN1: intensive hours/period {not in Banner} | AO1: Post-work Start Date {not in Banner} | AP1: Post-work End Date {not in Banner} | AQ1: post-work # of weeks {not in Banner} | AR1: post-work hours/week {not in Banner} | AS1: post-work hours/period {not in Banner} | AT1: sum of weeks (for check) {not in Banner} | AU1: total contract hours {not in Banner} | AV1: Semester End Date {Soaterm End Date} | AW1: Course Beginning Time {Meet Beg Time} | AX1: Course Ending Time {Meet End Time} | AY1: SUN | AZ1: MON | BA1: TUE | BB1: WED | BC1: THU | BD1: FRI | BE1: SAT | BF1: Weeks | BG1: Fiscal Year {not in Banner} | BH1: Semester {not in Banner} | BI1: Room {Meet Room} | BJ1: Building {Meet Bldg} | BK1: Instructor Name {Instr Name} | BL1: Instructor Email {Instr Email} | BM1: Instructor ID {Instr ID} | BN1: Remote Employee {not in Banner} | BO1: % Responsibility | BP1: load/contract {not in Banner} | BQ1: Reason for Contract {not in Banner} | BR1: costs per credit {not in Banner} | BS1: total costs {not in Banner} | BT1: dept budget {not in Banner} | BU1: account to be charged {not in Banner} | BV1: SEM Department {Scacrse Dept} | BW1: dean email | BX1: VP finance email | BY1: HR email | BZ1: Fee Amount {Fees Amt} | CA1: Fee Code {Detl Code} | CB1: Fee Type | CC1: Fee Level | CD1: Fee Ind | CE1: Fee Term | CF1: Activity Date | CG1: Status | CH1: Bill Hrs | CI1: Sect Sch Type | CJ1: Prerequisites {Preq Areas} | CK1: Link Ind | CL1: Integration Code | CM1: Link Conn | CN1: Crs Attr | CO1: Comments | CP1: Major Restr | CQ1: Scacrse College | CR1: Enrolled | CS1: Waitlist Capacity | CT1: Primary Ind | CU1: Override | CV1: 1st Date Reg Opens | CW1: Last Date Reg Opens | CX1: OL Range From Date | CY1: OL Range To Date | CZ1: OL Numb Units | DA1: OL Duration Code | DB1: Grade Mode | DC1: Gradable Ind | DD1: Tuit Waiver | DE1: Course Override {Meet Override} | DF1: Lvl Res Ind | DG1: Cmp Res Ind | DH1: Rate Code | DI1: Cohort Code | DJ1: St Attr Code | DK1: Coll SC | DL1: DegC SC | DM1: Prog SC | DN1: FOS Type | DO1: Special Approval {Special Apvl} | DP1: Term Code | DQ1: Camp SC
O2: =IFERROR(INDEX('_courses_lookup'!$C:$C,MATCH(K2&L2,'_courses_lookup'!$E:$E,0)),"") | P2: =IFERROR(INDEX('_courses_lookup'!$D:$D,MATCH(K2&L2,'_courses_lookup'!$E:$E,0)),"") | AG2: =IF(AND(AE2<>"",AF2<>""),ROUNDUP((AF2-AE2)/7,0),"") | AI2: =IFERROR(IF(AG2*AH2=0,"",AG2*AH2),"") | AL2: =IF(AND(AJ2<>"",AK2<>""),ROUNDUP((AK2-AJ2)/7,0),"") | AN2: =IFERROR(IF(AL2*AM2=0,"",AL2*AM2),"") | AQ2: =IF(AND(AO2<>"",AP2<>""),ROUNDUP((AP2-AO2)/7,0),"") | AR2: =IFERROR(IF((AU2-(AI2+AN2))/AQ2=0,"",ROUNDUP((AU2-(AI2+AN2))/AQ2,0)),"") | AS2: =IFERROR(IF((AU2-(AI2+AN2))=0,"",(AU2-(AI2+AN2))),"") | AT2: =IF(AND(AG2="",AQ2=""),AL2,IF(SUM(AG2,AL2,AQ2)=0,"",SUM(AG2,AL2,AQ2))) | BG2: =IF(AD2="","",YEAR(AD2)+IF(MONTH(AD2)>=5,1,0)) | BH2: =IF(AD2="","",IF(AND(MONTH(AD2)=8,DAY(AD2)>=15),"Fall",IF(MONTH(AD2)>8,"Fall",IF(MONTH(AD2)=5,"Summer",IF(MONTH(AD2)=1,"Spring",""))))) | BK2: =IF($BJ2="","",IFERROR(INDEX(InstructorMap!$B:$B, MATCH($BJ2, InstructorMap!$A:$A, 0)),"")) | BL2: =IFERROR(INDEX('_names_lookup'!$C:$C,MATCH(BK2,'_names_lookup'!$A:$A,0)),"") | BM2: =IFERROR(INDEX('_names_lookup'!$B:$B,MATCH(BK2,'_names_lookup'!$A:$A,0)),"") | BS2: =IFERROR(IF(BR2*AA2=0,"",BR2*AA2),"")
O3: =IFERROR(INDEX('_courses_lookup'!$C:$C,MATCH(K3&L3,'_courses_lookup'!$E:$E,0)),"") | P3: =IFERROR(INDEX('_courses_lookup'!$D:$D,MATCH(K3&L3,'_courses_lookup'!$E:$E,0)),"") | AG3: =IF(AND(AE3<>"",AF3<>""),ROUNDUP((AF3-AE3)/7,0),"") | AI3: =IFERROR(IF(AG3*AH3=0,"",AG3*AH3),"") | AL3: =IF(AND(AJ3<>"",AK3<>""),ROUNDUP((AK3-AJ3)/7,0),"") | AN3: =IFERROR(IF(AL3*AM3=0,"",AL3*AM3),"") | AQ3: =IF(AND(AO3<>"",AP3<>""),ROUNDUP((AP3-AO3)/7,0),"") | AR3: =IFERROR(IF((AU3-(AI3+AN3))/AQ3=0,"",ROUNDUP((AU3-(AI3+AN3))/AQ3,0)),"") | AS3: =IFERROR(IF((AU3-(AI3+AN3))=0,"",(AU3-(AI3+AN3))),"") | AT3: =IF(AND(AG3="",AQ3=""),AL3,IF(SUM(AG3,AL3,AQ3)=0,"",SUM(AG3,AL3,AQ3))) | BG3: =IF(AD3="","",YEAR(AD3)+IF(MONTH(AD3)>=5,1,0)) | BH3: =IF(AD3="","",IF(AND(MONTH(AD3)=8,DAY(AD3)>=15),"Fall",IF(MONTH(AD3)>8,"Fall",IF(MONTH(AD3)=5,"Summer",IF(MONTH(AD3)=1,"Spring",""))))) | BK3: =IF($BJ3="","",IFERROR(INDEX(InstructorMap!$B:$B, MATCH($BJ3, InstructorMap!$A:$A, 0)),"")) | BL3: =IFERROR(INDEX('_names_lookup'!$C:$C,MATCH(BK3,'_names_lookup'!$A:$A,0)),"") | BM3: =IFERROR(INDEX('_names_lookup'!$B:$B,MATCH(BK3,'_names_lookup'!$A:$A,0)),"") | BS3: =IFERROR(IF(BR3*AA3=0,"",BR3*AA3),"")
O4: =IFERROR(INDEX('_courses_lookup'!$C:$C,MATCH(K4&L4,'_courses_lookup'!$E:$E,0)),"") | P4: =IFERROR(INDEX('_courses_lookup'!$D:$D,MATCH(K4&L4,'_courses_lookup'!$E:$E,0)),"") | AG4: =IF(AND(AE4<>"",AF4<>""),ROUNDUP((AF4-AE4)/7,0),"") | AI4: =IFERROR(IF(AG4*AH4=0,"",AG4*AH4),"") | AL4: =IF(AND(AJ4<>"",AK4<>""),ROUNDUP((AK4-AJ4)/7,0),"") | AN4: =IFERROR(IF(AL4*AM4=0,"",AL4*AM4),"") | AQ4: =IF(AND(AO4<>"",AP4<>""),ROUNDUP((AP4-AO4)/7,0),"") | AR4: =IFERROR(IF((AU4-(AI4+AN4))/AQ4=0,"",ROUNDUP((AU4-(AI4+AN4))/AQ4,0)),"") | AS4: =IFERROR(IF((AU4-(AI4+AN4))=0,"",(AU4-(AI4+AN4))),"") | AT4: =IF(AND(AG4="",AQ4=""),AL4,IF(SUM(AG4,AL4,AQ4)=0,"",SUM(AG4,AL4,AQ4))) | BG4: =IF(AD4="","",YEAR(AD4)+IF(MONTH(AD4)>=5,1,0)) | BH4: =IF(AD4="","",IF(AND(MONTH(AD4)=8,DAY(AD4)>=15),"Fall",IF(MONTH(AD4)>8,"Fall",IF(MONTH(AD4)=5,"Summer",IF(MONTH(AD4)=1,"Spring",""))))) | BK4: =IF($BJ4="","",IFERROR(INDEX(InstructorMap!$B:$B, MATCH($BJ4, InstructorMap!$A:$A, 0)),"")) | BL4: =IFERROR(INDEX('_names_lookup'!$C:$C,MATCH(BK4,'_names_lookup'!$A:$A,0)),"") | BM4: =IFERROR(INDEX('_names_lookup'!$B:$B,MATCH(BK4,'_names_lookup'!$A:$A,0)),"") | BS4: =IFERROR(IF(BR4*AA4=0,"",BR4*AA4),"")
O5: =IFERROR(INDEX('_courses_lookup'!$C:$C,MATCH(K5&L5,'_courses_lookup'!$E:$E,0)),"") | P5: =IFERROR(INDEX('_courses_lookup'!$D:$D,MATCH(K5&L5,'_courses_lookup'!$E:$E,0)),"") | AG5: =IF(AND(AE5<>"",AF5<>""),ROUNDUP((AF5-AE5)/7,0),"") | AI5: =IFERROR(IF(AG5*AH5=0,"",AG5*AH5),"") | AL5: =IF(AND(AJ5<>"",AK5<>""),ROUNDUP((AK5-AJ5)/7,0),"") | AN5: =IFERROR(IF(AL5*AM5=0,"",AL5*AM5),"") | AQ5: =IF(AND(AO5<>"",AP5<>""),ROUNDUP((AP5-AO5)/7,0),"") | AR5: =IFERROR(IF((AU5-(AI5+AN5))/AQ5=0,"",ROUNDUP((AU5-(AI5+AN5))/AQ5,0)),"") | AS5: =IFERROR(IF((AU5-(AI5+AN5))=0,"",(AU5-(AI5+AN5))),"") | AT5: =IF(AND(AG5="",AQ5=""),AL5,IF(SUM(AG5,AL5,AQ5)=0,"",SUM(AG5,AL5,AQ5))) | BG5: =IF(AD5="","",YEAR(AD5)+IF(MONTH(AD5)>=5,1,0)) | BH5: =IF(AD5="","",IF(AND(MONTH(AD5)=8,DAY(AD5)>=15),"Fall",IF(MONTH(AD5)>8,"Fall",IF(MONTH(AD5)=5,"Summer",IF(MONTH(AD5)=1,"Spring",""))))) | BK5: =IF($BJ5="","",IFERROR(INDEX(InstructorMap!$B:$B, MATCH($BJ5, InstructorMap!$A:$A, 0)),"")) | BL5: =IFERROR(INDEX('_names_lookup'!$C:$C,MATCH(BK5,'_names_lookup'!$A:$A,0)),"") | BM5: =IFERROR(INDEX('_names_lookup'!$B:$B,MATCH(BK5,'_names_lookup'!$A:$A,0)),"") | BS5: =IFERROR(IF(BR5*AA5=0,"",BR5*AA5),"")
O6: =IFERROR(INDEX('_courses_lookup'!$C:$C,MATCH(K6&L6,'_courses_lookup'!$E:$E,0)),"") | P6: =IFERROR(INDEX('_courses_lookup'!$D:$D,MATCH(K6&L6,'_courses_lookup'!$E:$E,0)),"") | AG6: =IF(AND(AE6<>"",AF6<>""),ROUNDUP((AF6-AE6)/7,0),"") | AI6: =IFERROR(IF(AG6*AH6=0,"",AG6*AH6),"") | AL6: =IF(AND(AJ6<>"",AK6<>""),ROUNDUP((AK6-AJ6)/7,0),"") | AN6: =IFERROR(IF(AL6*AM6=0,"",AL6*AM6),"") | AQ6: =IF(AND(AO6<>"",AP6<>""),ROUNDUP((AP6-AO6)/7,0),"") | AR6: =IFERROR(IF((AU6-(AI6+AN6))/AQ6=0,"",ROUNDUP((AU6-(AI6+AN6))/AQ6,0)),"") | AS6: =IFERROR(IF((AU6-(AI6+AN6))=0,"",(AU6-(AI6+AN6))),"") | AT6: =IF(AND(AG6="",AQ6=""),AL6,IF(SUM(AG6,AL6,AQ6)=0,"",SUM(AG6,AL6,AQ6))) | BG6: =IF(AD6="","",YEAR(AD6)+IF(MONTH(AD6)>=5,1,0)) | BH6: =IF(AD6="","",IF(AND(MONTH(AD6)=8,DAY(AD6)>=15),"Fall",IF(MONTH(AD6)>8,"Fall",IF(MONTH(AD6)=5,"Summer",IF(MONTH(AD6)=1,"Spring",""))))) | BL6: =IFERROR(INDEX('_names_lookup'!$C:$C,MATCH(BK6,'_names_lookup'!$A:$A,0)),"") | BM6: =IFERROR(INDEX('_names_lookup'!$B:$B,MATCH(BK6,'_names_lookup'!$A:$A,0)),"") | BS6: =IFERROR(IF(BR6*AA6=0,"",BR6*AA6),"")
O7: =IFERROR(INDEX('_courses_lookup'!$C:$C,MATCH(K7&L7,'_courses_lookup'!$E:$E,0)),"") | P7: =IFERROR(INDEX('_courses_lookup'!$D:$D,MATCH(K7&L7,'_courses_lookup'!$E:$E,0)),"") | AG7: =IF(AND(AE7<>"",AF7<>""),ROUNDUP((AF7-AE7)/7,0),"") | AI7: =IFERROR(IF(AG7*AH7=0,"",AG7*AH7),"") | AL7: =IF(AND(AJ7<>"",AK7<>""),ROUNDUP((AK7-AJ7)/7,0),"") | AN7: =IFERROR(IF(AL7*AM7=0,"",AL7*AM7),"") | AQ7: =IF(AND(AO7<>"",AP7<>""),ROUNDUP((AP7-AO7)/7,0),"") | AR7: =IFERROR(IF((AU7-(AI7+AN7))/AQ7=0,"",ROUNDUP((AU7-(AI7+AN7))/AQ7,0)),"") | AS7: =IFERROR(IF((AU7-(AI7+AN7))=0,"",(AU7-(AI7+AN7))),"") | AT7: =IF(AND(AG7="",AQ7=""),AL7,IF(SUM(AG7,AL7,AQ7)=0,"",SUM(AG7,AL7,AQ7))) | BG7: =IF(AD7="","",YEAR(AD7)+IF(MONTH(AD7)>=5,1,0)) | BH7: =IF(AD7="","",IF(AND(MONTH(AD7)=8,DAY(AD7)>=15),"Fall",IF(MONTH(AD7)>8,"Fall",IF(MONTH(AD7)=5,"Summer",IF(MONTH(AD7)=1,"Spring",""))))) | BL7: =IFERROR(INDEX('_names_lookup'!$C:$C,MATCH(BK7,'_names_lookup'!$A:$A,0)),"") | BM7: =IFERROR(INDEX('_names_lookup'!$B:$B,MATCH(BK7,'_names_lookup'!$A:$A,0)),"") | BS7: =IFERROR(IF(BR7*AA7=0,"",BR7*AA7),"")
O8: =IFERROR(INDEX('_courses_lookup'!$C:$C,MATCH(K8&L8,'_courses_lookup'!$E:$E,0)),"") | P8: =IFERROR(INDEX('_courses_lookup'!$D:$D,MATCH(K8&L8,'_courses_lookup'!$E:$E,0)),"") | AG8: =IF(AND(AE8<>"",AF8<>""),ROUNDUP((AF8-AE8)/7,0),"") | AI8: =IFERROR(IF(AG8*AH8=0,"",AG8*AH8),"") | AL8: =IF(AND(AJ8<>"",AK8<>""),ROUNDUP((AK8-AJ8)/7,0),"") | AN8: =IFERROR(IF(AL8*AM8=0,"",AL8*AM8),"") | AQ8: =IF(AND(AO8<>"",AP8<>""),ROUNDUP((AP8-AO8)/7,0),"") | AR8: =IFERROR(IF((AU8-(AI8+AN8))/AQ8=0,"",ROUNDUP((AU8-(AI8+AN8))/AQ8,0)),"") | AS8: =IFERROR(IF((AU8-(AI8+AN8))=0,"",(AU8-(AI8+AN8))),"") | AT8: =IF(AND(AG8="",AQ8=""),AL8,IF(SUM(AG8,AL8,AQ8)=0,"",SUM(AG8,AL8,AQ8))) | BG8: =IF(AD8="","",YEAR(AD8)+IF(MONTH(AD8)>=5,1,0)) | BH8: =IF(AD8="","",IF(AND(MONTH(AD8)=8,DAY(AD8)>=15),"Fall",IF(MONTH(AD8)>8,"Fall",IF(MONTH(AD8)=5,"Summer",IF(MONTH(AD8)=1,"Spring",""))))) | BL8: =IFERROR(INDEX('_names_lookup'!$C:$C,MATCH(BK8,'_names_lookup'!$A:$A,0)),"") | BM8: =IFERROR(INDEX('_names_lookup'!$B:$B,MATCH(BK8,'_names_lookup'!$A:$A,0)),"") | BS8: =IFERROR(IF(BR8*AA8=0,"",BR8*AA8),"")
O9: =IFERROR(INDEX('_courses_lookup'!$C:$C,MATCH(K9&L9,'_courses_lookup'!$E:$E,0)),"") | P9: =IFERROR(INDEX('_courses_lookup'!$D:$D,MATCH(K9&L9,'_courses_lookup'!$E:$E,0)),"") | AG9: =IF(AND(AE9<>"",AF9<>""),ROUNDUP((AF9-AE9)/7,0),"") | AI9: =IFERROR(IF(AG9*AH9=0,"",AG9*AH9),"") | AL9: =IF(AND(AJ9<>"",AK9<>""),ROUNDUP((AK9-AJ9)/7,0),"") | AN9: =IFERROR(IF(AL9*AM9=0,"",AL9*AM9),"") | AQ9: =IF(AND(AO9<>"",AP9<>""),ROUNDUP((AP9-AO9)/7,0),"") | AR9: =IFERROR(IF((AU9-(AI9+AN9))/AQ9=0,"",ROUNDUP((AU9-(AI9+AN9))/AQ9,0)),"") | AS9: =IFERROR(IF((AU9-(AI9+AN9))=0,"",(AU9-(AI9+AN9))),"") | AT9: =IF(AND(AG9="",AQ9=""),AL9,IF(SUM(AG9,AL9,AQ9)=0,"",SUM(AG9,AL9,AQ9))) | BG9: =IF(AD9="","",YEAR(AD9)+IF(MONTH(AD9)>=5,1,0)) | BH9: =IF(AD9="","",IF(AND(MONTH(AD9)=8,DAY(AD9)>=15),"Fall",IF(MONTH(AD9)>8,"Fall",IF(MONTH(AD9)=5,"Summer",IF(MONTH(AD9)=1,"Spring",""))))) | BL9: =IFERROR(INDEX('_names_lookup'!$C:$C,MATCH(BK9,'_names_lookup'!$A:$A,0)),"") | BM9: =IFERROR(INDEX('_names_lookup'!$B:$B,MATCH(BK9,'_names_lookup'!$A:$A,0)),"") | BS9: =IFERROR(IF(BR9*AA9=0,"",BR9*AA9),"")
O10: =IFERROR(INDEX('_courses_lookup'!$C:$C,MATCH(K10&L10,'_courses_lookup'!$E:$E,0)),"") | P10: =IFERROR(INDEX('_courses_lookup'!$D:$D,MATCH(K10&L10,'_courses_lookup'!$E:$E,0)),"") | AG10: =IF(AND(AE10<>"",AF10<>""),ROUNDUP((AF10-AE10)/7,0),"") | AI10: =IFERROR(IF(AG10*AH10=0,"",AG10*AH10),"") | AL10: =IF(AND(AJ10<>"",AK10<>""),ROUNDUP((AK10-AJ10)/7,0),"") | AN10: =IFERROR(IF(AL10*AM10=0,"",AL10*AM10),"") | AQ10: =IF(AND(AO10<>"",AP10<>""),ROUNDUP((AP10-AO10)/7,0),"") | AR10: =IFERROR(IF((AU10-(AI10+AN10))/AQ10=0,"",ROUNDUP((AU10-(AI10+AN10))/AQ10,0)),"") | AS10: =IFERROR(IF((AU10-(AI10+AN10))=0,"",(AU10-(AI10+AN10))),"") | AT10: =IF(AND(AG10="",AQ10=""),AL10,IF(SUM(AG10,AL10,AQ10)=0,"",SUM(AG10,AL10,AQ10))) | BG10: =IF(AD10="","",YEAR(AD10)+IF(MONTH(AD10)>=5,1,0)) | BH10: =IF(AD10="","",IF(AND(MONTH(AD10)=8,DAY(AD10)>=15),"Fall",IF(MONTH(AD10)>8,"Fall",IF(MONTH(AD10)=5,"Summer",IF(MONTH(AD10)=1,"Spring",""))))) | BL10: =IFERROR(INDEX('_names_lookup'!$C:$C,MATCH(BK10,'_names_lookup'!$A:$A,0)),"") | BM10: =IFERROR(INDEX('_names_lookup'!$B:$B,MATCH(BK10,'_names_lookup'!$A:$A,0)),"") | BS10: =IFERROR(IF(BR10*AA10=0,"",BR10*AA10),"")
O11: =IFERROR(INDEX('_courses_lookup'!$C:$C,MATCH(K11&L11,'_courses_lookup'!$E:$E,0)),"") | P11: =IFERROR(INDEX('_courses_lookup'!$D:$D,MATCH(K11&L11,'_courses_lookup'!$E:$E,0)),"") | AG11: =IF(AND(AE11<>"",AF11<>""),ROUNDUP((AF11-AE11)/7,0),"") | AI11: =IFERROR(IF(AG11*AH11=0,"",AG11*AH11),"") | AL11: =IF(AND(AJ11<>"",AK11<>""),ROUNDUP((AK11-AJ11)/7,0),"") | AN11: =IFERROR(IF(AL11*AM11=0,"",AL11*AM11),"") | AQ11: =IF(AND(AO11<>"",AP11<>""),ROUNDUP((AP11-AO11)/7,0),"") | AR11: =IFERROR(IF((AU11-(AI11+AN11))/AQ11=0,"",ROUNDUP((AU11-(AI11+AN11))/AQ11,0)),"") | AS11: =IFERROR(IF((AU11-(AI11+AN11))=0,"",(AU11-(AI11+AN11))),"") | AT11: =IF(AND(AG11="",AQ11=""),AL11,IF(SUM(AG11,AL11,AQ11)=0,"",SUM(AG11,AL11,AQ11))) | BG11: =IF(AD11="","",YEAR(AD11)+IF(MONTH(AD11)>=5,1,0)) | BH11: =IF(AD11="","",IF(AND(MONTH(AD11)=8,DAY(AD11)>=15),"Fall",IF(MONTH(AD11)>8,"Fall",IF(MONTH(AD11)=5,"Summer",IF(MONTH(AD11)=1,"Spring",""))))) | BL11: =IFERROR(INDEX('_names_lookup'!$C:$C,MATCH(BK11,'_names_lookup'!$A:$A,0)),"") | BM11: =IFERROR(INDEX('_names_lookup'!$B:$B,MATCH(BK11,'_names_lookup'!$A:$A,0)),"") | BS11: =IFERROR(IF(BR11*AA11=0,"",BR11*AA11),"")
O12: =IFERROR(INDEX('_courses_lookup'!$C:$C,MATCH(K12&L12,'_courses_lookup'!$E:$E,0)),"") | P12: =IFERROR(INDEX('_courses_lookup'!$D:$D,MATCH(K12&L12,'_courses_lookup'!$E:$E,0)),"") | AG12: =IF(AND(AE12<>"",AF12<>""),ROUNDUP((AF12-AE12)/7,0),"") | AI12: =IFERROR(IF(AG12*AH12=0,"",AG12*AH12),"") | AL12: =IF(AND(AJ12<>"",AK12<>""),ROUNDUP((AK12-AJ12)/7,0),"") | AN12: =IFERROR(IF(AL12*AM12=0,"",AL12*AM12),"") | AQ12: =IF(AND(AO12<>"",AP12<>""),ROUNDUP((AP12-AO12)/7,0),"") | AR12: =IFERROR(IF((AU12-(AI12+AN12))/AQ12=0,"",ROUNDUP((AU12-(AI12+AN12))/AQ12,0)),"") | AS12: =IFERROR(IF((AU12-(AI12+AN12))=0,"",(AU12-(AI12+AN12))),"") | AT12: =IF(AND(AG12="",AQ12=""),AL12,IF(SUM(AG12,AL12,AQ12)=0,"",SUM(AG12,AL12,AQ12))) | BG12: =IF(AD12="","",YEAR(AD12)+IF(MONTH(AD12)>=5,1,0)) | BH12: =IF(AD12="","",IF(AND(MONTH(AD12)=8,DAY(AD12)>=15),"Fall",IF(MONTH(AD12)>8,"Fall",IF(MONTH(AD12)=5,"Summer",IF(MONTH(AD12)=1,"Spring",""))))) | BL12: =IFERROR(INDEX('_names_lookup'!$C:$C,MATCH(BK12,'_names_lookup'!$A:$A,0)),"") | BM12: =IFERROR(INDEX('_names_lookup'!$B:$B,MATCH(BK12,'_names_lookup'!$A:$A,0)),"") | BS12: =IFERROR(IF(BR12*AA12=0,"",BR12*AA12),"")
O13: =IFERROR(INDEX('_courses_lookup'!$C:$C,MATCH(K13&L13,'_courses_lookup'!$E:$E,0)),"") | P13: =IFERROR(INDEX('_courses_lookup'!$D:$D,MATCH(K13&L13,'_courses_lookup'!$E:$E,0)),"") | AG13: =IF(AND(AE13<>"",AF13<>""),ROUNDUP((AF13-AE13)/7,0),"") | AI13: =IFERROR(IF(AG13*AH13=0,"",AG13*AH13),"") | AL13: =IF(AND(AJ13<>"",AK13<>""),ROUNDUP((AK13-AJ13)/7,0),"") | AN13: =IFERROR(IF(AL13*AM13=0,"",AL13*AM13),"") | AQ13: =IF(AND(AO13<>"",AP13<>""),ROUNDUP((AP13-AO13)/7,0),"") | AR13: =IFERROR(IF((AU13-(AI13+AN13))/AQ13=0,"",ROUNDUP((AU13-(AI13+AN13))/AQ13,0)),"") | AS13: =IFERROR(IF((AU13-(AI13+AN13))=0,"",(AU13-(AI13+AN13))),"") | AT13: =IF(AND(AG13="",AQ13=""),AL13,IF(SUM(AG13,AL13,AQ13)=0,"",SUM(AG13,AL13,AQ13))) | BG13: =IF(AD13="","",YEAR(AD13)+IF(MONTH(AD13)>=5,1,0)) | BH13: =IF(AD13="","",IF(AND(MONTH(AD13)=8,DAY(AD13)>=15),"Fall",IF(MONTH(AD13)>8,"Fall",IF(MONTH(AD13)=5,"Summer",IF(MONTH(AD13)=1,"Spring",""))))) | BL13: =IFERROR(INDEX('_names_lookup'!$C:$C,MATCH(BK13,'_names_lookup'!$A:$A,0)),"") | BM13: =IFERROR(INDEX('_names_lookup'!$B:$B,MATCH(BK13,'_names_lookup'!$A:$A,0)),"") | BS13: =IFERROR(IF(BR13*AA13=0,"",BR13*AA13),"")
O14: =IFERROR(INDEX('_courses_lookup'!$C:$C,MATCH(K14&L14,'_courses_lookup'!$E:$E,0)),"") | P14: =IFERROR(INDEX('_courses_lookup'!$D:$D,MATCH(K14&L14,'_courses_lookup'!$E:$E,0)),"") | AG14: =IF(AND(AE14<>"",AF14<>""),ROUNDUP((AF14-AE14)/7,0),"") | AI14: =IFERROR(IF(AG14*AH14=0,"",AG14*AH14),"") | AL14: =IF(AND(AJ14<>"",AK14<>""),ROUNDUP((AK14-AJ14)/7,0),"") | AN14: =IFERROR(IF(AL14*AM14=0,"",AL14*AM14),"") | AQ14: =IF(AND(AO14<>"",AP14<>""),ROUNDUP((AP14-AO14)/7,0),"") | AR14: =IFERROR(IF((AU14-(AI14+AN14))/AQ14=0,"",ROUNDUP((AU14-(AI14+AN14))/AQ14,0)),"") | AS14: =IFERROR(IF((AU14-(AI14+AN14))=0,"",(AU14-(AI14+AN14))),"") | AT14: =IF(AND(AG14="",AQ14=""),AL14,IF(SUM(AG14,AL14,AQ14)=0,"",SUM(AG14,AL14,AQ14))) | BG14: =IF(AD14="","",YEAR(AD14)+IF(MONTH(AD14)>=5,1,0)) | BH14: =IF(AD14="","",IF(AND(MONTH(AD14)=8,DAY(AD14)>=15),"Fall",IF(MONTH(AD14)>8,"Fall",IF(MONTH(AD14)=5,"Summer",IF(MONTH(AD14)=1,"Spring",""))))) | BL14: =IFERROR(INDEX('_names_lookup'!$C:$C,MATCH(BK14,'_names_lookup'!$A:$A,0)),"") | BM14: =IFERROR(INDEX('_names_lookup'!$B:$B,MATCH(BK14,'_names_lookup'!$A:$A,0)),"") | BS14: =IFERROR(IF(BR14*AA14=0,"",BR14*AA14),"")
O15: =IFERROR(INDEX('_courses_lookup'!$C:$C,MATCH(K15&L15,'_courses_lookup'!$E:$E,0)),"") | P15: =IFERROR(INDEX('_courses_lookup'!$D:$D,MATCH(K15&L15,'_courses_lookup'!$E:$E,0)),"") | AG15: =IF(AND(AE15<>"",AF15<>""),ROUNDUP((AF15-AE15)/7,0),"") | AI15: =IFERROR(IF(AG15*AH15=0,"",AG15*AH15),"") | AL15: =IF(AND(AJ15<>"",AK15<>""),ROUNDUP((AK15-AJ15)/7,0),"") | AN15: =IFERROR(IF(AL15*AM15=0,"",AL15*AM15),"") | AQ15: =IF(AND(AO15<>"",AP15<>""),ROUNDUP((AP15-AO15)/7,0),"") | AR15: =IFERROR(IF((AU15-(AI15+AN15))/AQ15=0,"",ROUNDUP((AU15-(AI15+AN15))/AQ15,0)),"") | AS15: =IFERROR(IF((AU15-(AI15+AN15))=0,"",(AU15-(AI15+AN15))),"") | AT15: =IF(AND(AG15="",AQ15=""),AL15,IF(SUM(AG15,AL15,AQ15)=0,"",SUM(AG15,AL15,AQ15))) | BG15: =IF(AD15="","",YEAR(AD15)+IF(MONTH(AD15)>=5,1,0)) | BH15: =IF(AD15="","",IF(AND(MONTH(AD15)=8,DAY(AD15)>=15),"Fall",IF(MONTH(AD15)>8,"Fall",IF(MONTH(AD15)=5,"Summer",IF(MONTH(AD15)=1,"Spring",""))))) | BL15: =IFERROR(INDEX('_names_lookup'!$C:$C,MATCH(BK15,'_names_lookup'!$A:$A,0)),"") | BM15: =IFERROR(INDEX('_names_lookup'!$B:$B,MATCH(BK15,'_names_lookup'!$A:$A,0)),"") | BS15: =IFERROR(IF(BR15*AA15=0,"",BR15*AA15),"")
O16: =IFERROR(INDEX('_courses_lookup'!$C:$C,MATCH(K16&L16,'_courses_lookup'!$E:$E,0)),"") | P16: =IFERROR(INDEX('_courses_lookup'!$D:$D,MATCH(K16&L16,'_courses_lookup'!$E:$E,0)),"") | AG16: =IF(AND(AE16<>"",AF16<>""),ROUNDUP((AF16-AE16)/7,0),"") | AI16: =IFERROR(IF(AG16*AH16=0,"",AG16*AH16),"") | AL16: =IF(AND(AJ16<>"",AK16<>""),ROUNDUP((AK16-AJ16)/7,0),"") | AN16: =IFERROR(IF(AL16*AM16=0,"",AL16*AM16),"") | AQ16: =IF(AND(AO16<>"",AP16<>""),ROUNDUP((AP16-AO16)/7,0),"") | AR16: =IFERROR(IF((AU16-(AI16+AN16))/AQ16=0,"",ROUNDUP((AU16-(AI16+AN16))/AQ16,0)),"") | AS16: =IFERROR(IF((AU16-(AI16+AN16))=0,"",(AU16-(AI16+AN16))),"") | AT16: =IF(AND(AG16="",AQ16=""),AL16,IF(SUM(AG16,AL16,AQ16)=0,"",SUM(AG16,AL16,AQ16))) | BG16: =IF(AD16="","",YEAR(AD16)+IF(MONTH(AD16)>=5,1,0)) | BH16: =IF(AD16="","",IF(AND(MONTH(AD16)=8,DAY(AD16)>=15),"Fall",IF(MONTH(AD16)>8,"Fall",IF(MONTH(AD16)=5,"Summer",IF(MONTH(AD16)=1,"Spring",""))))) | BL16: =IFERROR(INDEX('_names_lookup'!$C:$C,MATCH(BK16,'_names_lookup'!$A:$A,0)),"") | BM16: =IFERROR(INDEX('_names_lookup'!$B:$B,MATCH(BK16,'_names_lookup'!$A:$A,0)),"") | BS16: =IFERROR(IF(BR16*AA16=0,"",BR16*AA16),"")
O17: =IFERROR(INDEX('_courses_lookup'!$C:$C,MATCH(K17&L17,'_courses_lookup'!$E:$E,0)),"") | P17: =IFERROR(INDEX('_courses_lookup'!$D:$D,MATCH(K17&L17,'_courses_lookup'!$E:$E,0)),"") | AG17: =IF(AND(AE17<>"",AF17<>""),ROUNDUP((AF17-AE17)/7,0),"") | AI17: =IFERROR(IF(AG17*AH17=0,"",AG17*AH17),"") | AL17: =IF(AND(AJ17<>"",AK17<>""),ROUNDUP((AK17-AJ17)/7,0),"") | AN17: =IFERROR(IF(AL17*AM17=0,"",AL17*AM17),"") | AQ17: =IF(AND(AO17<>"",AP17<>""),ROUNDUP((AP17-AO17)/7,0),"") | AR17: =IFERROR(IF((AU17-(AI17+AN17))/AQ17=0,"",ROUNDUP((AU17-(AI17+AN17))/AQ17,0)),"") | AS17: =IFERROR(IF((AU17-(AI17+AN17))=0,"",(AU17-(AI17+AN17))),"") | AT17: =IF(AND(AG17="",AQ17=""),AL17,IF(SUM(AG17,AL17,AQ17)=0,"",SUM(AG17,AL17,AQ17))) | BG17: =IF(AD17="","",YEAR(AD17)+IF(MONTH(AD17)>=5,1,0)) | BH17: =IF(AD17="","",IF(AND(MONTH(AD17)=8,DAY(AD17)>=15),"Fall",IF(MONTH(AD17)>8,"Fall",IF(MONTH(AD17)=5,"Summer",IF(MONTH(AD17)=1,"Spring",""))))) | BL17: =IFERROR(INDEX('_names_lookup'!$C:$C,MATCH(BK17,'_names_lookup'!$A:$A,0)),"") | BM17: =IFERROR(INDEX('_names_lookup'!$B:$B,MATCH(BK17,'_names_lookup'!$A:$A,0)),"") | BS17: =IFERROR(IF(BR17*AA17=0,"",BR17*AA17),"")
... O300: =IFERROR(INDEX('_courses_lookup'!$C:$C,MATCH(K300&L300,'_courses_lookup'!$E:$E,0)),"") | P300: =IFERROR(INDEX('_courses_lookup'!$D:$D,MATCH(K300&L300,'_courses_lookup'!$E:$E,0)),"") | AG300: =IF(AND(AE300<>"",AF300<>""),ROUNDUP((AF300-AE300)/7,0),"") | AI300: =IFERROR(IF(AG300*AH300=0,"",AG300*AH300),"") | AL300: =IF(AND(AJ300<>"",AK300<>""),ROUNDUP((AK300-AJ300)/7,0),"") | AN300: =IFERROR(IF(AL300*AM300=0,"",AL300*AM300),"") | AQ300: =IF(AND(AO300<>"",AP300<>""),ROUNDUP((AP300-AO300)/7,0),"") | AR300: =IFERROR(IF((AU300-(AI300+AN300))/AQ300=0,"",ROUNDUP((AU300-(AI300+AN300))/AQ300,0)),"") | AS300: =IFERROR(IF((AU300-(AI300+AN300))=0,"",(AU300-(AI300+AN300))),"") | AT300: =IF(AND(AG300="",AQ300=""),AL300,IF(SUM(AG300,AL300,AQ300)=0,"",SUM(AG300,AL300,AQ300))) | BG300: =IF(AD300="","",YEAR(AD300)+IF(MONTH(AD300)>=5,1,0)) | BH300: =IF(AD300="","",IF(AND(MONTH(AD300)=8,DAY(AD300)>=15),"Fall",IF(MONTH(AD300)>8,"Fall",IF(MONTH(AD300)=5,"Summer",IF(MONTH(AD300)=1,"Spring",""))))) | BL300: =IFERROR(INDEX('_names_lookup'!$C:$C,MATCH(BK300,'_names_lookup'!$A:$A,0)),"") | BM300: =IFERROR(INDEX('_names_lookup'!$B:$B,MATCH(BK300,'_names_lookup'!$A:$A,0)),"") | BS300: =IFERROR(IF(BR300*AA300=0,"",BR300*AA300),"")

Sheet NTST
A1: Don {not in Banner} | B1: Mismatching {not in Banner} | C1: Dept/Prog Admin {not in Banner} | D1: Mona {not in Banner} | E1: Karen {not in Banner} | F1: DONE {not in Banner} | G1: Notes {not in Banner} | H1: CRN sorted {not in Banner} | I1: CRN | J1: Attribute {not in Banner} | K1: Subject | L1: Course Number {Crse Num} | M1: Course Section {Seq Crse Num} | N1: Program {not in Banner} | O1: Catalog Title | P1: Section Title | Q1: Crosslist Details {not in Banner} | R1: X Lst | S1: Campus {Ssasect Campus} | T1: Campus Restriction {Camp Restr CC} | U1: Schedule Type {not in Banner} | V1: Instruction Method {Inst Method} | W1: Level {Level SC} | X1: Part-Of-Term | Y1: Credit Catalog {Cat Crs} | Z1: Credits {Sect Crs} | AA1: Faculty Load / Contract Credits {not in Banner} | AB1: Enrollment Cap {Max Enrl} | AC1: Meeting Type | AD1: Semester Start Date {Soaterm Start Date} | AE1: Pre-work Start Date {not in Banner} | AF1: Pre-work End Date {not in Banner} | AG1: pre-work # of weeks {not in Banner} | AH1: pre-work hours/week {not in Banner} | AI1: pre-work hours/period {not in Banner} | AJ1: Intensive Period Start Date {Meet Start Date} | AK1: Intensive Period End Date {Meet End Date} | AL1: intensive # of weeks {not in Banner} | AM1: intensive hours/week {not in Banner} | AN1: intensive hours/period {not in Banner} | AO1: Post-work Start Date {not in Banner} | AP1: Post-work End Date {not in Banner} | AQ1: post-work # of weeks {not in Banner} | AR1: post-work hours/week {not in Banner} | AS1: post-work hours/period {not in Banner} | AT1: sum of weeks (for check) {not in Banner} | AU1: total contract hours {not in Banner} | AV1: Semester End Date {Soaterm End Date} | AW1: Course Beginning Time {Meet Beg Time} | AX1: Course Ending Time {Meet End Time} | AY1: SUN | AZ1: MON | BA1: TUE | BB1: WED | BC1: THU | BD1: FRI | BE1: SAT | BF1: Weeks | BG1: Fiscal Year {not in Banner} | BH1: Semester {not in Banner} | BI1: Room {Meet Room} | BJ1: Building {Meet Bldg} | BK1: Instructor Name {Instr Name} | BL1: Instructor Email {Instr Email} | BM1: Instructor ID {Instr ID} | BN1: Remote Employee {not in Banner} | BO1: % Responsibility | BP1: load/contract {not in Banner} | BQ1: Reason for Contract {not in Banner} | BR1: costs per credit {not in Banner} | BS1: total costs {not in Banner} | BT1: dept budget {not in Banner} | BU1: account to be charged {not in Banner} | BV1: SEM Department {Scacrse Dept} | BW1: dean email | BX1: VP finance email | BY1: HR email | BZ1: Fee Amount {Fees Amt} | CA1: Fee Code {Detl Code} | CB1: Fee Type | CC1: Fee Level | CD1: Fee Ind | CE1: Fee Term | CF1: Activity Date | CG1: Status | CH1: Bill Hrs | CI1: Sect Sch Type | CJ1: Prerequisites {Preq Areas} | CK1: Link Ind | CL1: Integration Code | CM1: Link Conn | CN1: Crs Attr | CO1: Comments | CP1: Major Restr | CQ1: Scacrse College | CR1: Enrolled | CS1: Waitlist Capacity | CT1: Primary Ind | CU1: Override | CV1: 1st Date Reg Opens | CW1: Last Date Reg Opens | CX1: OL Range From Date | CY1: OL Range To Date | CZ1: OL Numb Units | DA1: OL Duration Code | DB1: Grade Mode | DC1: Gradable Ind | DD1: Tuit Waiver | DE1: Course Override {Meet Override} | DF1: Lvl Res Ind | DG1: Cmp Res Ind | DH1: Rate Code | DI1: Cohort Code | DJ1: St Attr Code | DK1: Coll SC | DL1: DegC SC | DM1: Prog SC | DN1: FOS Type | DO1: Special Approval {Special Apvl} | DP1: Term Code | DQ1: Camp SC
O2: =IFERROR(INDEX('_courses_lookup'!$C:$C,MATCH(K2&L2,'_courses_lookup'!$E:$E,0)),"") | P2: =IFERROR(INDEX('_courses_lookup'!$D:$D,MATCH(K2&L2,'_courses_lookup'!$E:$E,0)),"") | AG2: =IF(AND(AE2<>"",AF2<>""),ROUNDUP((AF2-AE2)/7,0),"") | AI2: =IFERROR(IF(AG2*AH2=0,"",AG2*AH2),"") | AL2: =IF(AND(AJ2<>"",AK2<>""),ROUNDUP((AK2-AJ2)/7,0),"") | AN2: =IFERROR(IF(AL2*AM2=0,"",AL2*AM2),"") | AQ2: =IF(AND(AO2<>"",AP2<>""),ROUNDUP((AP2-AO2)/7,0),"") | AR2: =IFERROR(IF((AU2-(AI2+AN2))/AQ2=0,"",ROUNDUP((AU2-(AI2+AN2))/AQ2,0)),"") | AS2: =IFERROR(IF((AU2-(AI2+AN2))=0,"",(AU2-(AI2+AN2))),"") | AT2: =IF(AND(AG2="",AQ2=""),AL2,IF(SUM(AG2,AL2,AQ2)=0,"",SUM(AG2,AL2,AQ2))) | BG2: =IF(AD2="","",YEAR(AD2)+IF(MONTH(AD2)>=5,1,0)) | BH2: =IF(AD2="","",IF(AND(MONTH(AD2)=8,DAY(AD2)>=15),"Fall",IF(MONTH(AD2)>8,"Fall",IF(MONTH(AD2)=5,"Summer",IF(MONTH(AD2)=1,"Spring",""))))) | BL2: =IFERROR(INDEX('_names_lookup'!$C:$C,MATCH(BK2,'_names_lookup'!$A:$A,0)),"") | BM2: =IFERROR(INDEX('_names_lookup'!$B:$B,MATCH(BK2,'_names_lookup'!$A:$A,0)),"") | BS2: =IFERROR(IF(BR2*AA2=0,"",BR2*AA2),"")
O3: =IFERROR(INDEX('_courses_lookup'!$C:$C,MATCH(K3&L3,'_courses_lookup'!$E:$E,0)),"") | P3: =IFERROR(INDEX('_courses_lookup'!$D:$D,MATCH(K3&L3,'_courses_lookup'!$E:$E,0)),"") | AG3: =IF(AND(AE3<>"",AF3<>""),ROUNDUP((AF3-AE3)/7,0),"") | AI3: =IFERROR(IF(AG3*AH3=0,"",AG3*AH3),"") | AL3: =IF(AND(AJ3<>"",AK3<>""),ROUNDUP((AK3-AJ3)/7,0),"") | AN3: =IFERROR(IF(AL3*AM3=0,"",AL3*AM3),"") | AQ3: =IF(AND(AO3<>"",AP3<>""),ROUNDUP((AP3-AO3)/7,0),"") | AR3: =IFERROR(IF((AU3-(AI3+AN3))/AQ3=0,"",ROUNDUP((AU3-(AI3+AN3))/AQ3,0)),"") | AS3: =IFERROR(IF((AU3-(AI3+AN3))=0,"",(AU3-(AI3+AN3))),"") | AT3: =IF(AND(AG3="",AQ3=""),AL3,IF(SUM(AG3,AL3,AQ3)=0,"",SUM(AG3,AL3,AQ3))) | BG3: =IF(AD3="","",YEAR(AD3)+IF(MONTH(AD3)>=5,1,0)) | BH3: =IF(AD3="","",IF(AND(MONTH(AD3)=8,DAY(AD3)>=15),"Fall",IF(MONTH(AD3)>8,"Fall",IF(MONTH(AD3)=5,"Summer",IF(MONTH(AD3)=1,"Spring",""))))) | BL3: =IFERROR(INDEX('_names_lookup'!$C:$C,MATCH(BK3,'_names_lookup'!$A:$A,0)),"") | BM3: =IFERROR(INDEX('_names_lookup'!$B:$B,MATCH(BK3,'_names_lookup'!$A:$A,0)),"") | BS3: =IFERROR(IF(BR3*AA3=0,"",BR3*AA3),"")
O4: =IFERROR(INDEX('_courses_lookup'!$C:$C,MATCH(K4&L4,'_courses_lookup'!$E:$E,0)),"") | P4: =IFERROR(INDEX('_courses_lookup'!$D:$D,MATCH(K4&L4,'_courses_lookup'!$E:$E,0)),"") | AG4: =IF(AND(AE4<>"",AF4<>""),ROUNDUP((AF4-AE4)/7,0),"") | AI4: =IFERROR(IF(AG4*AH4=0,"",AG4*AH4),"") | AL4: =IF(AND(AJ4<>"",AK4<>""),ROUNDUP((AK4-AJ4)/7,0),"") | AN4: =IFERROR(IF(AL4*AM4=0,"",AL4*AM4),"") | AQ4: =IF(AND(AO4<>"",AP4<>""),ROUNDUP((AP4-AO4)/7,0),"") | AR4: =IFERROR(IF((AU4-(AI4+AN4))/AQ4=0,"",ROUNDUP((AU4-(AI4+AN4))/AQ4,0)),"") | AS4: =IFERROR(IF((AU4-(AI4+AN4))=0,"",(AU4-(AI4+AN4))),"") | AT4: =IF(AND(AG4="",AQ4=""),AL4,IF(SUM(AG4,AL4,AQ4)=0,"",SUM(AG4,AL4,AQ4))) | BG4: =IF(AD4="","",YEAR(AD4)+IF(MONTH(AD4)>=5,1,0)) | BH4: =IF(AD4="","",IF(AND(MONTH(AD4)=8,DAY(AD4)>=15),"Fall",IF(MONTH(AD4)>8,"Fall",IF(MONTH(AD4)=5,"Summer",IF(MONTH(AD4)=1,"Spring",""))))) | BL4: =IFERROR(INDEX('_names_lookup'!$C:$C,MATCH(BK4,'_names_lookup'!$A:$A,0)),"") | BM4: =IFERROR(INDEX('_names_lookup'!$B:$B,MATCH(BK4,'_names_lookup'!$A:$A,0)),"") | BS4: =IFERROR(IF(BR4*AA4=0,"",BR4*AA4),"")
O5: =IFERROR(INDEX('_courses_lookup'!$C:$C,MATCH(K5&L5,'_courses_lookup'!$E:$E,0)),"") | P5: =IFERROR(INDEX('_courses_lookup'!$D:$D,MATCH(K5&L5,'_courses_lookup'!$E:$E,0)),"") | AG5: =IF(AND(AE5<>"",AF5<>""),ROUNDUP((AF5-AE5)/7,0),"") | AI5: =IFERROR(IF(AG5*AH5=0,"",AG5*AH5),"") | AL5: =IF(AND(AJ5<>"",AK5<>""),ROUNDUP((AK5-AJ5)/7,0),"") | AN5: =IFERROR(IF(AL5*AM5=0,"",AL5*AM5),"") | AQ5: =IF(AND(AO5<>"",AP5<>""),ROUNDUP((AP5-AO5)/7,0),"") | AR5: =IFERROR(IF((AU5-(AI5+AN5))/AQ5=0,"",ROUNDUP((AU5-(AI5+AN5))/AQ5,0)),"") | AS5: =IFERROR(IF((AU5-(AI5+AN5))=0,"",(AU5-(AI5+AN5))),"") | AT5: =IF(AND(AG5="",AQ5=""),AL5,IF(SUM(AG5,AL5,AQ5)=0,"",SUM(AG5,AL5,AQ5))) | BG5: =IF(AD5="","",YEAR(AD5)+IF(MONTH(AD5)>=5,1,0)) | BH5: =IF(AD5="","",IF(AND(MONTH(AD5)=8,DAY(AD5)>=15),"Fall",IF(MONTH(AD5)>8,"Fall",IF(MONTH(AD5)=5,"Summer",IF(MONTH(AD5)=1,"Spring",""))))) | BL5: =IFERROR(INDEX('_names_lookup'!$C:$C,MATCH(BK5,'_names_lookup'!$A:$A,0)),"") | BM5: =IFERROR(INDEX('_names_lookup'!$B:$B,MATCH(BK5,'_names_lookup'!$A:$A,0)),"") | BS5: =IFERROR(IF(BR5*AA5=0,"",BR5*AA5),"")
O6: =IFERROR(INDEX('_courses_lookup'!$C:$C,MATCH(K6&L6,'_courses_lookup'!$E:$E,0)),"") | P6: =IFERROR(INDEX('_courses_lookup'!$D:$D,MATCH(K6&L6,'_courses_lookup'!$E:$E,0)),"") | AG6: =IF(AND(AE6<>"",AF6<>""),ROUNDUP((AF6-AE6)/7,0),"") | AI6: =IFERROR(IF(AG6*AH6=0,"",AG6*AH6),"") | AL6: =IF(AND(AJ6<>"",AK6<>""),ROUNDUP((AK6-AJ6)/7,0),"") | AN6: =IFERROR(IF(AL6*AM6=0,"",AL6*AM6),"") | AQ6: =IF(AND(AO6<>"",AP6<>""),ROUNDUP((AP6-AO6)/7,0),"") | AR6: =IFERROR(IF((AU6-(AI6+AN6))/AQ6=0,"",ROUNDUP((AU6-(AI6+AN6))/AQ6,0)),"") | AS6: =IFERROR(IF((AU6-(AI6+AN6))=0,"",(AU6-(AI6+AN6))),"") | AT6: =IF(AND(AG6="",AQ6=""),AL6,IF(SUM(AG6,AL6,AQ6)=0,"",SUM(AG6,AL6,AQ6))) | BG6: =IF(AD6="","",YEAR(AD6)+IF(MONTH(AD6)>=5,1,0)) | BH6: =IF(AD6="","",IF(AND(MONTH(AD6)=8,DAY(AD6)>=15),"Fall",IF(MONTH(AD6)>8,"Fall",IF(MONTH(AD6)=5,"Summer",IF(MONTH(AD6)=1,"Spring",""))))) | BL6: =IFERROR(INDEX('_names_lookup'!$C:$C,MATCH(BK6,'_names_lookup'!$A:$A,0)),"") | BM6: =IFERROR(INDEX('_names_lookup'!$B:$B,MATCH(BK6,'_names_lookup'!$A:$A,0)),"") | BS6: =IFERROR(IF(BR6*AA6=0,"",BR6*AA6),"")
O7: =IFERROR(INDEX('_courses_lookup'!$C:$C,MATCH(K7&L7,'_courses_lookup'!$E:$E,0)),"") | P7: =IFERROR(INDEX('_courses_lookup'!$D:$D,MATCH(K7&L7,'_courses_lookup'!$E:$E,0)),"") | AG7: =IF(AND(AE7<>"",AF7<>""),ROUNDUP((AF7-AE7)/7,0),"") | AI7: =IFERROR(IF(AG7*AH7=0,"",AG7*AH7),"") | AL7: =IF(AND(AJ7<>"",AK7<>""),ROUNDUP((AK7-AJ7)/7,0),"") | AN7: =IFERROR(IF(AL7*AM7=0,"",AL7*AM7),"") | AQ7: =IF(AND(AO7<>"",AP7<>""),ROUNDUP((AP7-AO7)/7,0),"") | AR7: =IFERROR(IF((AU7-(AI7+AN7))/AQ7=0,"",ROUNDUP((AU7-(AI7+AN7))/AQ7,0)),"") | AS7: =IFERROR(IF((AU7-(AI7+AN7))=0,"",(AU7-(AI7+AN7))),"") | AT7: =IF(AND(AG7="",AQ7=""),AL7,IF(SUM(AG7,AL7,AQ7)=0,"",SUM(AG7,AL7,AQ7))) | BG7: =IF(AD7="","",YEAR(AD7)+IF(MONTH(AD7)>=5,1,0)) | BH7: =IF(AD7="","",IF(AND(MONTH(AD7)=8,DAY(AD7)>=15),"Fall",IF(MONTH(AD7)>8,"Fall",IF(MONTH(AD7)=5,"Summer",IF(MONTH(AD7)=1,"Spring",""))))) | BL7: =IFERROR(INDEX('_names_lookup'!$C:$C,MATCH(BK7,'_names_lookup'!$A:$A,0)),"") | BM7: =IFERROR(INDEX('_names_lookup'!$B:$B,MATCH(BK7,'_names_lookup'!$A:$A,0)),"") | BS7: =IFERROR(IF(BR7*AA7=0,"",BR7*AA7),"")
O8: =IFERROR(INDEX('_courses_lookup'!$C:$C,MATCH(K8&L8,'_courses_lookup'!$E:$E,0)),"") | P8: =IFERROR(INDEX('_courses_lookup'!$D:$D,MATCH(K8&L8,'_courses_lookup'!$E:$E,0)),"") | AG8: =IF(AND(AE8<>"",AF8<>""),ROUNDUP((AF8-AE8)/7,0),"") | AI8: =IFERROR(IF(AG8*AH8=0,"",AG8*AH8),"") | AL8: =IF(AND(AJ8<>"",AK8<>""),ROUNDUP((AK8-AJ8)/7,0),"") | AN8: =IFERROR(IF(AL8*AM8=0,"",AL8*AM8),"") | AQ8: =IF(AND(AO8<>"",AP8<>""),ROUNDUP((AP8-AO8)/7,0),"") | AR8: =IFERROR(IF((AU8-(AI8+AN8))/AQ8=0,"",ROUNDUP((AU8-(AI8+AN8))/AQ8,0)),"") | AS8: =IFERROR(IF((AU8-(AI8+AN8))=0,"",(AU8-(AI8+AN8))),"") | AT8: =IF(AND(AG8="",AQ8=""),AL8,IF(SUM(AG8,AL8,AQ8)=0,"",SUM(AG8,AL8,AQ8))) | BG8: =IF(AD8="","",YEAR(AD8)+IF(MONTH(AD8)>=5,1,0)) | BH8: =IF(AD8="","",IF(AND(MONTH(AD8)=8,DAY(AD8)>=15),"Fall",IF(MONTH(AD8)>8,"Fall",IF(MONTH(AD8)=5,"Summer",IF(MONTH(AD8)=1,"Spring",""))))) | BL8: =IFERROR(INDEX('_names_lookup'!$C:$C,MATCH(BK8,'_names_lookup'!$A:$A,0)),"") | BM8: =IFERROR(INDEX('_names_lookup'!$B:$B,MATCH(BK8,'_names_lookup'!$A:$A,0)),"") | BS8: =IFERROR(IF(BR8*AA8=0,"",BR8*AA8),"")
O9: =IFERROR(INDEX('_courses_lookup'!$C:$C,MATCH(K9&L9,'_courses_lookup'!$E:$E,0)),"") | P9: =IFERROR(INDEX('_courses_lookup'!$D:$D,MATCH(K9&L9,'_courses_lookup'!$E:$E,0)),"") | AG9: =IF(AND(AE9<>"",AF9<>""),ROUNDUP((AF9-AE9)/7,0),"") | AI9: =IFERROR(IF(AG9*AH9=0,"",AG9*AH9),"") | AL9: =IF(AND(AJ9<>"",AK9<>""),ROUNDUP((AK9-AJ9)/7,0),"") | AN9: =IFERROR(IF(AL9*AM9=0,"",AL9*AM9),"") | AQ9: =IF(AND(AO9<>"",AP9<>""),ROUNDUP((AP9-AO9)/7,0),"") | AR9: =IFERROR(IF((AU9-(AI9+AN9))/AQ9=0,"",ROUNDUP((AU9-(AI9+AN9))/AQ9,0)),"") | AS9: =IFERROR(IF((AU9-(AI9+AN9))=0,"",(AU9-(AI9+AN9))),"") | AT9: =IF(AND(AG9="",AQ9=""),AL9,IF(SUM(AG9,AL9,AQ9)=0,"",SUM(AG9,AL9,AQ9))) | BG9: =IF(AD9="","",YEAR(AD9)+IF(MONTH(AD9)>=5,1,0)) | BH9: =IF(AD9="","",IF(AND(MONTH(AD9)=8,DAY(AD9)>=15),"Fall",IF(MONTH(AD9)>8,"Fall",IF(MONTH(AD9)=5,"Summer",IF(MONTH(AD9)=1,"Spring",""))))) | BL9: =IFERROR(INDEX('_names_lookup'!$C:$C,MATCH(BK9,'_names_lookup'!$A:$A,0)),"") | BM9: =IFERROR(INDEX('_names_lookup'!$B:$B,MATCH(BK9,'_names_lookup'!$A:$A,0)),"") | BS9: =IFERROR(IF(BR9*AA9=0,"",BR9*AA9),"")
O10: =IFERROR(INDEX('_courses_lookup'!$C:$C,MATCH(K10&L10,'_courses_lookup'!$E:$E,0)),"") | P10: =IFERROR(INDEX('_courses_lookup'!$D:$D,MATCH(K10&L10,'_courses_lookup'!$E:$E,0)),"") | AG10: =IF(AND(AE10<>"",AF10<>""),ROUNDUP((AF10-AE10)/7,0),"") | AI10: =IFERROR(IF(AG10*AH10=0,"",AG10*AH10),"") | AL10: =IF(AND(AJ10<>"",AK10<>""),ROUNDUP((AK10-AJ10)/7,0),"") | AN10: =IFERROR(IF(AL10*AM10=0,"",AL10*AM10),"") | AQ10: =IF(AND(AO10<>"",AP10<>""),ROUNDUP((AP10-AO10)/7,0),"") | AR10: =IFERROR(IF((AU10-(AI10+AN10))/AQ10=0,"",ROUNDUP((AU10-(AI10+AN10))/AQ10,0)),"") | AS10: =IFERROR(IF((AU10-(AI10+AN10))=0,"",(AU10-(AI10+AN10))),"") | AT10: =IF(AND(AG10="",AQ10=""),AL10,IF(SUM(AG10,AL10,AQ10)=0,"",SUM(AG10,AL10,AQ10))) | BG10: =IF(AD10="","",YEAR(AD10)+IF(MONTH(AD10)>=5,1,0)) | BH10: =IF(AD10="","",IF(AND(MONTH(AD10)=8,DAY(AD10)>=15),"Fall",IF(MONTH(AD10)>8,"Fall",IF(MONTH(AD10)=5,"Summer",IF(MONTH(AD10)=1,"Spring",""))))) | BL10: =IFERROR(INDEX('_names_lookup'!$C:$C,MATCH(BK10,'_names_lookup'!$A:$A,0)),"") | BM10: =IFERROR(INDEX('_names_lookup'!$B:$B,MATCH(BK10,'_names_lookup'!$A:$A,0)),"") | BS10: =IFERROR(IF(BR10*AA10=0,"",BR10*AA10),"")
O11: =IFERROR(INDEX('_courses_lookup'!$C:$C,MATCH(K11&L11,'_courses_lookup'!$E:$E,0)),"") | P11: =IFERROR(INDEX('_courses_lookup'!$D:$D,MATCH(K11&L11,'_courses_lookup'!$E:$E,0)),"") | AG11: =IF(AND(AE11<>"",AF11<>""),ROUNDUP((AF11-AE11)/7,0),"") | AI11: =IFERROR(IF(AG11*AH11=0,"",AG11*AH11),"") | AL11: =IF(AND(AJ11<>"",AK11<>""),ROUNDUP((AK11-AJ11)/7,0),"") | AN11: =IFERROR(IF(AL11*AM11=0,"",AL11*AM11),"") | AQ11: =IF(AND(AO11<>"",AP11<>""),ROUNDUP((AP11-AO11)/7,0),"") | AR11: =IFERROR(IF((AU11-(AI11+AN11))/AQ11=0,"",ROUNDUP((AU11-(AI11+AN11))/AQ11,0)),"") | AS11: =IFERROR(IF((AU11-(AI11+AN11))=0,"",(AU11-(AI11+AN11))),"") | AT11: =IF(AND(AG11="",AQ11=""),AL11,IF(SUM(AG11,AL11,AQ11)=0,"",SUM(AG11,AL11,AQ11))) | BG11: =IF(AD11="","",YEAR(AD11)+IF(MONTH(AD11)>=5,1,0)) | BH11: =IF(AD11="","",IF(AND(MONTH(AD11)=8,DAY(AD11)>=15),"Fall",IF(MONTH(AD11)>8,"Fall",IF(MONTH(AD11)=5,"Summer",IF(MONTH(AD11)=1,"Spring",""))))) | BL11: =IFERROR(INDEX('_names_lookup'!$C:$C,MATCH(BK11,'_names_lookup'!$A:$A,0)),"") | BM11: =IFERROR(INDEX('_names_lookup'!$B:$B,MATCH(BK11,'_names_lookup'!$A:$A,0)),"") | BS11: =IFERROR(IF(BR11*AA11=0,"",BR11*AA11),"")
O12: =IFERROR(INDEX('_courses_lookup'!$C:$C,MATCH(K12&L12,'_courses_lookup'!$E:$E,0)),"") | P12: =IFERROR(INDEX('_courses_lookup'!$D:$D,MATCH(K12&L12,'_courses_lookup'!$E:$E,0)),"") | AG12: =IF(AND(AE12<>"",AF12<>""),ROUNDUP((AF12-AE12)/7,0),"") | AI12: =IFERROR(IF(AG12*AH12=0,"",AG12*AH12),"") | AL12: =IF(AND(AJ12<>"",AK12<>""),ROUNDUP((AK12-AJ12)/7,0),"") | AN12: =IFERROR(IF(AL12*AM12=0,"",AL12*AM12),"") | AQ12: =IF(AND(AO12<>"",AP12<>""),ROUNDUP((AP12-AO12)/7,0),"") | AR12: =IFERROR(IF((AU12-(AI12+AN12))/AQ12=0,"",ROUNDUP((AU12-(AI12+AN12))/AQ12,0)),"") | AS12: =IFERROR(IF((AU12-(AI12+AN12))=0,"",(AU12-(AI12+AN12))),"") | AT12: =IF(AND(AG12="",AQ12=""),AL12,IF(SUM(AG12,AL12,AQ12)=0,"",SUM(AG12,AL12,AQ12))) | BG12: =IF(AD12="","",YEAR(AD12)+IF(MONTH(AD12)>=5,1,0)) | BH12: =IF(AD12="","",IF(AND(MONTH(AD12)=8,DAY(AD12)>=15),"Fall",IF(MONTH(AD12)>8,"Fall",IF(MONTH(AD12)=5,"Summer",IF(MONTH(AD12)=1,"Spring",""))))) | BL12: =IFERROR(INDEX('_names_lookup'!$C:$C,MATCH(BK12,'_names_lookup'!$A:$A,0)),"") | BM12: =IFERROR(INDEX('_names_lookup'!$B:$B,MATCH(BK12,'_names_lookup'!$A:$A,0)),"") | BS12: =IFERROR(IF(BR12*AA12=0,"",BR12*AA12),"")
O13: =IFERROR(INDEX('_courses_lookup'!$C:$C,MATCH(K13&L13,'_courses_lookup'!$E:$E,0)),"") | P13: =IFERROR(INDEX('_courses_lookup'!$D:$D,MATCH(K13&L13,'_courses_lookup'!$E:$E,0)),"") | AG13: =IF(AND(AE13<>"",AF13<>""),ROUNDUP((AF13-AE13)/7,0),"") | AI13: =IFERROR(IF(AG13*AH13=0,"",AG13*AH13),"") | AL13: =IF(AND(AJ13<>"",AK13<>""),ROUNDUP((AK13-AJ13)/7,0),"") | AN13: =IFERROR(IF(AL13*AM13=0,"",AL13*AM13),"") | AQ13: =IF(AND(AO13<>"",AP13<>""),ROUNDUP((AP13-AO13)/7,0),"") | AR13: =IFERROR(IF((AU13-(AI13+AN13))/AQ13=0,"",ROUNDUP((AU13-(AI13+AN13))/AQ13,0)),"") | AS13: =IFERROR(IF((AU13-(AI13+AN13))=0,"",(AU13-(AI13+AN13))),"") | AT13: =IF(AND(AG13="",AQ13=""),AL13,IF(SUM(AG13,AL13,AQ13)=0,"",SUM(AG13,AL13,AQ13))) | BG13: =IF(AD13="","",YEAR(AD13)+IF(MONTH(AD13)>=5,1,0)) | BH13: =IF(AD13="","",IF(AND(MONTH(AD13)=8,DAY(AD13)>=15),"Fall",IF(MONTH(AD13)>8,"Fall",IF(MONTH(AD13)=5,"Summer",IF(MONTH(AD13)=1,"Spring",""))))) | BL13: =IFERROR(INDEX('_names_lookup'!$C:$C,MATCH(BK13,'_names_lookup'!$A:$A,0)),"") | BM13: =IFERROR(INDEX('_names_lookup'!$B:$B,MATCH(BK13,'_names_lookup'!$A:$A,0)),"") | BS13: =IFERROR(IF(BR13*AA13=0,"",BR13*AA13),"")
... O300: =IFERROR(INDEX('_courses_lookup'!$C:$C,MATCH(K300&L300,'_courses_lookup'!$E:$E,0)),"") | P300: =IFERROR(INDEX('_courses_lookup'!$D:$D,MATCH(K300&L300,'_courses_lookup'!$E:$E,0)),"") | AG300: =IF(AND(AE300<>"",AF300<>""),ROUNDUP((AF300-AE300)/7,0),"") | AI300: =IFERROR(IF(AG300*AH300=0,"",AG300*AH300),"") | AL300: =IF(AND(AJ300<>"",AK300<>""),ROUNDUP((AK300-AJ300)/7,0),"") | AN300: =IFERROR(IF(AL300*AM300=0,"",AL300*AM300),"") | AQ300: =IF(AND(AO300<>"",AP300<>""),ROUNDUP((AP300-AO300)/7,0),"") | AR300: =IFERROR(IF((AU300-(AI300+AN300))/AQ300=0,"",ROUNDUP((AU300-(AI300+AN300))/AQ300,0)),"") | AS300: =IFERROR(IF((AU300-(AI300+AN300))=0,"",(AU300-(AI300+AN300))),"") | AT300: =IF(AND(AG300="",AQ300=""),AL300,IF(SUM(AG300,AL300,AQ300)=0,"",SUM(AG300,AL300,AQ300))) | BG300: =IF(AD300="","",YEAR(AD300)+IF(MONTH(AD300)>=5,1,0)) | BH300: =IF(AD300="","",IF(AND(MONTH(AD300)=8,DAY(AD300)>=15),"Fall",IF(MONTH(AD300)>8,"Fall",IF(MONTH(AD300)=5,"Summer",IF(MONTH(AD300)=1,"Spring",""))))) | BL300: =IFERROR(INDEX('_names_lookup'!$C:$C,MATCH(BK300,'_names_lookup'!$A:$A,0)),"") | BM300: =IFERROR(INDEX('_names_lookup'!$B:$B,MATCH(BK300,'_names_lookup'!$A:$A,0)),"") | BS300: =IFERROR(IF(BR300*AA300=0,"",BR300*AA300),"")

Sheet OTST
A1: Don {not in Banner} | B1: Mismatching {not in Banner} | C1: Dept/Prog Admin {not in Banner} | D1: Mona {not in Banner} | E1: Karen {not in Banner} | F1: DONE {not in Banner} | G1: Notes {not in Banner} | H1: CRN sorted {not in Banner} | I1: CRN | J1: Attribute {not in Banner} | K1: Subject | L1: Course Number {Crse Num} | M1: Course Section {Seq Crse Num} | N1: Program {not in Banner} | O1: Catalog Title | P1: Section Title | Q1: Crosslist Details {not in Banner} | R1: X Lst | S1: Campus {Ssasect Campus} | T1: Campus Restriction {Camp Restr CC} | U1: Schedule Type {not in Banner} | V1: Instruction Method {Inst Method} | W1: Level {Level SC} | X1: Part-Of-Term | Y1: Credit Catalog {Cat Crs} | Z1: Credits {Sect Crs} | AA1: Faculty Load / Contract Credits {not in Banner} | AB1: Enrollment Cap {Max Enrl} | AC1: Meeting Type | AD1: Semester Start Date {Soaterm Start Date} | AE1: Pre-work Start Date {not in Banner} | AF1: Pre-work End Date {not in Banner} | AG1: pre-work # of weeks {not in Banner} | AH1: pre-work hours/week {not in Banner} | AI1: pre-work hours/period {not in Banner} | AJ1: Intensive Period Start Date {Meet Start Date} | AK1: Intensive Period End Date {Meet End Date} | AL1: intensive # of weeks {not in Banner} | AM1: intensive hours/week {not in Banner} | AN1: intensive hours/period {not in Banner} | AO1: Post-work Start Date {not in Banner} | AP1: Post-work End Date {not in Banner} | AQ1: post-work # of weeks {not in Banner} | AR1: post-work hours/week {not in Banner} | AS1: post-work hours/period {not in Banner} | AT1: sum of weeks (for check) {not in Banner} | AU1: total contract hours {not in Banner} | AV1: Semester End Date {Soaterm End Date} | AW1: Course Beginning Time {Meet Beg Time} | AX1: Course Ending Time {Meet End Time} | AY1: SUN | AZ1: MON | BA1: TUE | BB1: WED | BC1: THU | BD1: FRI | BE1: SAT | BF1: Weeks | BG1: Fiscal Year {not in Banner} | BH1: Semester {not in Banner} | BI1: Room {Meet Room} | BJ1: Building {Meet Bldg} | BK1: Instructor Name {Instr Name} | BL1: Instructor Email {Instr Email} | BM1: Instructor ID {Instr ID} | BN1: Remote Employee {not in Banner} | BO1: % Responsibility | BP1: load/contract {not in Banner} | BQ1: Reason for Contract {not in Banner} | BR1: costs per credit {not in Banner} | BS1: total costs {not in Banner} | BT1: dept budget {not in Banner} | BU1: account to be charged {not in Banner} | BV1: SEM Department {Scacrse Dept} | BW1: dean email | BX1: VP finance email | BY1: HR email | BZ1: Fee Amount {Fees Amt} | CA1: Fee Code {Detl Code} | CB1: Fee Type | CC1: Fee Level | CD1: Fee Ind | CE1: Fee Term | CF1: Activity Date | CG1: Status | CH1: Bill Hrs | CI1: Sect Sch Type | CJ1: Prerequisites {Preq Areas} | CK1: Link Ind | CL1: Integration Code | CM1: Link Conn | CN1: Crs Attr | CO1: Comments | CP1: Major Restr | CQ1: Scacrse College | CR1: Enrolled | CS1: Waitlist Capacity | CT1: Primary Ind | CU1: Override | CV1: 1st Date Reg Opens | CW1: Last Date Reg Opens | CX1: OL Range From Date | CY1: OL Range To Date | CZ1: OL Numb Units | DA1: OL Duration Code | DB1: Grade Mode | DC1: Gradable Ind | DD1: Tuit Waiver | DE1: Course Override {Meet Override} | DF1: Lvl Res Ind | DG1: Cmp Res Ind | DH1: Rate Code | DI1: Cohort Code | DJ1: St Attr Code | DK1: Coll SC | DL1: DegC SC | DM1: Prog SC | DN1: FOS Type | DO1: Special Approval {Special Apvl} | DP1: Term Code | DQ1: Camp SC
O2: =IFERROR(INDEX('_courses_lookup'!$C:$C,MATCH(K2&L2,'_courses_lookup'!$E:$E,0)),"") | P2: =IFERROR(INDEX('_courses_lookup'!$D:$D,MATCH(K2&L2,'_courses_lookup'!$E:$E,0)),"") | AG2: =IF(AND(AE2<>"",AF2<>""),ROUNDUP((AF2-AE2)/7,0),"") | AI2: =IFERROR(IF(AG2*AH2=0,"",AG2*AH2),"") | AL2: =IF(AND(AJ2<>"",AK2<>""),ROUNDUP((AK2-AJ2)/7,0),"") | AN2: =IFERROR(IF(AL2*AM2=0,"",AL2*AM2),"") | AQ2: =IF(AND(AO2<>"",AP2<>""),ROUNDUP((AP2-AO2)/7,0),"") | AR2: =IFERROR(IF((AU2-(AI2+AN2))/AQ2=0,"",ROUNDUP((AU2-(AI2+AN2))/AQ2,0)),"") | AS2: =IFERROR(IF((AU2-(AI2+AN2))=0,"",(AU2-(AI2+AN2))),"") | AT2: =IF(AND(AG2="",AQ2=""),AL2,IF(SUM(AG2,AL2,AQ2)=0,"",SUM(AG2,AL2,AQ2))) | BG2: =IF(AD2="","",YEAR(AD2)+IF(MONTH(AD2)>=5,1,0)) | BH2: =IF(AD2="","",IF(AND(MONTH(AD2)=8,DAY(AD2)>=15),"Fall",IF(MONTH(AD2)>8,"Fall",IF(MONTH(AD2)=5,"Summer",IF(MONTH(AD2)=1,"Spring",""))))) | BL2: =IFERROR(INDEX('_names_lookup'!$C:$C,MATCH(BK2,'_names_lookup'!$A:$A,0)),"") | BM2: =IFERROR(INDEX('_names_lookup'!$B:$B,MATCH(BK2,'_names_lookup'!$A:$A,0)),"") | BS2: =IFERROR(IF(BR2*AA2=0,"",BR2*AA2),"")
O3: =IFERROR(INDEX('_courses_lookup'!$C:$C,MATCH(K3&L3,'_courses_lookup'!$E:$E,0)),"") | P3: =IFERROR(INDEX('_courses_lookup'!$D:$D,MATCH(K3&L3,'_courses_lookup'!$E:$E,0)),"") | AG3: =IF(AND(AE3<>"",AF3<>""),ROUNDUP((AF3-AE3)/7,0),"") | AI3: =IFERROR(IF(AG3*AH3=0,"",AG3*AH3),"") | AL3: =IF(AND(AJ3<>"",AK3<>""),ROUNDUP((AK3-AJ3)/7,0),"") | AN3: =IFERROR(IF(AL3*AM3=0,"",AL3*AM3),"") | AQ3: =IF(AND(AO3<>"",AP3<>""),ROUNDUP((AP3-AO3)/7,0),"") | AR3: =IFERROR(IF((AU3-(AI3+AN3))/AQ3=0,"",ROUNDUP((AU3-(AI3+AN3))/AQ3,0)),"") | AS3: =IFERROR(IF((AU3-(AI3+AN3))=0,"",(AU3-(AI3+AN3))),"") | AT3: =IF(AND(AG3="",AQ3=""),AL3,IF(SUM(AG3,AL3,AQ3)=0,"",SUM(AG3,AL3,AQ3))) | BG3: =IF(AD3="","",YEAR(AD3)+IF(MONTH(AD3)>=5,1,0)) | BH3: =IF(AD3="","",IF(AND(MONTH(AD3)=8,DAY(AD3)>=15),"Fall",IF(MONTH(AD3)>8,"Fall",IF(MONTH(AD3)=5,"Summer",IF(MONTH(AD3)=1,"Spring",""))))) | BL3: =IFERROR(INDEX('_names_lookup'!$C:$C,MATCH(BK3,'_names_lookup'!$A:$A,0)),"") | BM3: =IFERROR(INDEX('_names_lookup'!$B:$B,MATCH(BK3,'_names_lookup'!$A:$A,0)),"") | BS3: =IFERROR(IF(BR3*AA3=0,"",BR3*AA3),"")
O4: =IFERROR(INDEX('_courses_lookup'!$C:$C,MATCH(K4&L4,'_courses_lookup'!$E:$E,0)),"") | P4: =IFERROR(INDEX('_courses_lookup'!$D:$D,MATCH(K4&L4,'_courses_lookup'!$E:$E,0)),"") | AG4: =IF(AND(AE4<>"",AF4<>""),ROUNDUP((AF4-AE4)/7,0),"") | AI4: =IFERROR(IF(AG4*AH4=0,"",AG4*AH4),"") | AL4: =IF(AND(AJ4<>"",AK4<>""),ROUNDUP((AK4-AJ4)/7,0),"") | AN4: =IFERROR(IF(AL4*AM4=0,"",AL4*AM4),"") | AQ4: =IF(AND(AO4<>"",AP4<>""),ROUNDUP((AP4-AO4)/7,0),"") | AR4: =IFERROR(IF((AU4-(AI4+AN4))/AQ4=0,"",ROUNDUP((AU4-(AI4+AN4))/AQ4,0)),"") | AS4: =IFERROR(IF((AU4-(AI4+AN4))=0,"",(AU4-(AI4+AN4))),"") | AT4: =IF(AND(AG4="",AQ4=""),AL4,IF(SUM(AG4,AL4,AQ4)=0,"",SUM(AG4,AL4,AQ4))) | BG4: =IF(AD4="","",YEAR(AD4)+IF(MONTH(AD4)>=5,1,0)) | BH4: =IF(AD4="","",IF(AND(MONTH(AD4)=8,DAY(AD4)>=15),"Fall",IF(MONTH(AD4)>8,"Fall",IF(MONTH(AD4)=5,"Summer",IF(MONTH(AD4)=1,"Spring",""))))) | BL4: =IFERROR(INDEX('_names_lookup'!$C:$C,MATCH(BK4,'_names_lookup'!$A:$A,0)),"") | BM4: =IFERROR(INDEX('_names_lookup'!$B:$B,MATCH(BK4,'_names_lookup'!$A:$A,0)),"") | BS4: =IFERROR(IF(BR4*AA4=0,"",BR4*AA4),"")
O5: =IFERROR(INDEX('_courses_lookup'!$C:$C,MATCH(K5&L5,'_courses_lookup'!$E:$E,0)),"") | P5: =IFERROR(INDEX('_courses_lookup'!$D:$D,MATCH(K5&L5,'_courses_lookup'!$E:$E,0)),"") | AG5: =IF(AND(AE5<>"",AF5<>""),ROUNDUP((AF5-AE5)/7,0),"") | AI5: =IFERROR(IF(AG5*AH5=0,"",AG5*AH5),"") | AL5: =IF(AND(AJ5<>"",AK5<>""),ROUNDUP((AK5-AJ5)/7,0),"") | AN5: =IFERROR(IF(AL5*AM5=0,"",AL5*AM5),"") | AQ5: =IF(AND(AO5<>"",AP5<>""),ROUNDUP((AP5-AO5)/7,0),"") | AR5: =IFERROR(IF((AU5-(AI5+AN5))/AQ5=0,"",ROUNDUP((AU5-(AI5+AN5))/AQ5,0)),"") | AS5: =IFERROR(IF((AU5-(AI5+AN5))=0,"",(AU5-(AI5+AN5))),"") | AT5: =IF(AND(AG5="",AQ5=""),AL5,IF(SUM(AG5,AL5,AQ5)=0,"",SUM(AG5,AL5,AQ5))) | BG5: =IF(AD5="","",YEAR(AD5)+IF(MONTH(AD5)>=5,1,0)) | BH5: =IF(AD5="","",IF(AND(MONTH(AD5)=8,DAY(AD5)>=15),"Fall",IF(MONTH(AD5)>8,"Fall",IF(MONTH(AD5)=5,"Summer",IF(MONTH(AD5)=1,"Spring",""))))) | BL5: =IFERROR(INDEX('_names_lookup'!$C:$C,MATCH(BK5,'_names_lookup'!$A:$A,0)),"") | BM5: =IFERROR(INDEX('_names_lookup'!$B:$B,MATCH(BK5,'_names_lookup'!$A:$A,0)),"") | BS5: =IFERROR(IF(BR5*AA5=0,"",BR5*AA5),"")
O6: =IFERROR(INDEX('_courses_lookup'!$C:$C,MATCH(K6&L6,'_courses_lookup'!$E:$E,0)),"") | P6: =IFERROR(INDEX('_courses_lookup'!$D:$D,MATCH(K6&L6,'_courses_lookup'!$E:$E,0)),"") | AG6: =IF(AND(AE6<>"",AF6<>""),ROUNDUP((AF6-AE6)/7,0),"") | AI6: =IFERROR(IF(AG6*AH6=0,"",AG6*AH6),"") | AL6: =IF(AND(AJ6<>"",AK6<>""),ROUNDUP((AK6-AJ6)/7,0),"") | AN6: =IFERROR(IF(AL6*AM6=0,"",AL6*AM6),"") | AQ6: =IF(AND(AO6<>"",AP6<>""),ROUNDUP((AP6-AO6)/7,0),"") | AR6: =IFERROR(IF((AU6-(AI6+AN6))/AQ6=0,"",ROUNDUP((AU6-(AI6+AN6))/AQ6,0)),"") | AS6: =IFERROR(IF((AU6-(AI6+AN6))=0,"",(AU6-(AI6+AN6))),"") | AT6: =IF(AND(AG6="",AQ6=""),AL6,IF(SUM(AG6,AL6,AQ6)=0,"",SUM(AG6,AL6,AQ6))) | BG6: =IF(AD6="","",YEAR(AD6)+IF(MONTH(AD6)>=5,1,0)) | BH6: =IF(AD6="","",IF(AND(MONTH(AD6)=8,DAY(AD6)>=15),"Fall",IF(MONTH(AD6)>8,"Fall",IF(MONTH(AD6)=5,"Summer",IF(MONTH(AD6)=1,"Spring",""))))) | BL6: =IFERROR(INDEX('_names_lookup'!$C:$C,MATCH(BK6,'_names_lookup'!$A:$A,0)),"") | BM6: =IFERROR(INDEX('_names_lookup'!$B:$B,MATCH(BK6,'_names_lookup'!$A:$A,0)),"") | BS6: =IFERROR(IF(BR6*AA6=0,"",BR6*AA6),"")
O7: =IFERROR(INDEX('_courses_lookup'!$C:$C,MATCH(K7&L7,'_courses_lookup'!$E:$E,0)),"") | P7: =IFERROR(INDEX('_courses_lookup'!$D:$D,MATCH(K7&L7,'_courses_lookup'!$E:$E,0)),"") | AG7: =IF(AND(AE7<>"",AF7<>""),ROUNDUP((AF7-AE7)/7,0),"") | AI7: =IFERROR(IF(AG7*AH7=0,"",AG7*AH7),"") | AL7: =IF(AND(AJ7<>"",AK7<>""),ROUNDUP((AK7-AJ7)/7,0),"") | AN7: =IFERROR(IF(AL7*AM7=0,"",AL7*AM7),"") | AQ7: =IF(AND(AO7<>"",AP7<>""),ROUNDUP((AP7-AO7)/7,0),"") | AR7: =IFERROR(IF((AU7-(AI7+AN7))/AQ7=0,"",ROUNDUP((AU7-(AI7+AN7))/AQ7,0)),"") | AS7: =IFERROR(IF((AU7-(AI7+AN7))=0,"",(AU7-(AI7+AN7))),"") | AT7: =IF(AND(AG7="",AQ7=""),AL7,IF(SUM(AG7,AL7,AQ7)=0,"",SUM(AG7,AL7,AQ7))) | BG7: =IF(AD7="","",YEAR(AD7)+IF(MONTH(AD7)>=5,1,0)) | BH7: =IF(AD7="","",IF(AND(MONTH(AD7)=8,DAY(AD7)>=15),"Fall",IF(MONTH(AD7)>8,"Fall",IF(MONTH(AD7)=5,"Summer",IF(MONTH(AD7)=1,"Spring",""))))) | BL7: =IFERROR(INDEX('_names_lookup'!$C:$C,MATCH(BK7,'_names_lookup'!$A:$A,0)),"") | BM7: =IFERROR(INDEX('_names_lookup'!$B:$B,MATCH(BK7,'_names_lookup'!$A:$A,0)),"") | BS7: =IFERROR(IF(BR7*AA7=0,"",BR7*AA7),"")
O8: =IFERROR(INDEX('_courses_lookup'!$C:$C,MATCH(K8&L8,'_courses_lookup'!$E:$E,0)),"") | P8: =IFERROR(INDEX('_courses_lookup'!$D:$D,MATCH(K8&L8,'_courses_lookup'!$E:$E,0)),"") | AG8: =IF(AND(AE8<>"",AF8<>""),ROUNDUP((AF8-AE8)/7,0),"") | AI8: =IFERROR(IF(AG8*AH8=0,"",AG8*AH8),"") | AL8: =IF(AND(AJ8<>"",AK8<>""),ROUNDUP((AK8-AJ8)/7,0),"") | AN8: =IFERROR(IF(AL8*AM8=0,"",AL8*AM8),"") | AQ8: =IF(AND(AO8<>"",AP8<>""),ROUNDUP((AP8-AO8)/7,0),"") | AR8: =IFERROR(IF((AU8-(AI8+AN8))/AQ8=0,"",ROUNDUP((AU8-(AI8+AN8))/AQ8,0)),"") | AS8: =IFERROR(IF((AU8-(AI8+AN8))=0,"",(AU8-(AI8+AN8))),"") | AT8: =IF(AND(AG8="",AQ8=""),AL8,IF(SUM(AG8,AL8,AQ8)=0,"",SUM(AG8,AL8,AQ8))) | BG8: =IF(AD8="","",YEAR(AD8)+IF(MONTH(AD8)>=5,1,0)) | BH8: =IF(AD8="","",IF(AND(MONTH(AD8)=8,DAY(AD8)>=15),"Fall",IF(MONTH(AD8)>8,"Fall",IF(MONTH(AD8)=5,"Summer",IF(MONTH(AD8)=1,"Spring",""))))) | BL8: =IFERROR(INDEX('_names_lookup'!$C:$C,MATCH(BK8,'_names_lookup'!$A:$A,0)),"") | BM8: =IFERROR(INDEX('_names_lookup'!$B:$B,MATCH(BK8,'_names_lookup'!$A:$A,0)),"") | BS8: =IFERROR(IF(BR8*AA8=0,"",BR8*AA8),"")
O9: =IFERROR(INDEX('_courses_lookup'!$C:$C,MATCH(K9&L9,'_courses_lookup'!$E:$E,0)),"") | P9: =IFERROR(INDEX('_courses_lookup'!$D:$D,MATCH(K9&L9,'_courses_lookup'!$E:$E,0)),"") | AG9: =IF(AND(AE9<>"",AF9<>""),ROUNDUP((AF9-AE9)/7,0),"") | AI9: =IFERROR(IF(AG9*AH9=0,"",AG9*AH9),"") | AL9: =IF(AND(AJ9<>"",AK9<>""),ROUNDUP((AK9-AJ9)/7,0),"") | AN9: =IFERROR(IF(AL9*AM9=0,"",AL9*AM9),"") | AQ9: =IF(AND(AO9<>"",AP9<>""),ROUNDUP((AP9-AO9)/7,0),"") | AR9: =IFERROR(IF((AU9-(AI9+AN9))/AQ9=0,"",ROUNDUP((AU9-(AI9+AN9))/AQ9,0)),"") | AS9: =IFERROR(IF((AU9-(AI9+AN9))=0,"",(AU9-(AI9+AN9))),"") | AT9: =IF(AND(AG9="",AQ9=""),AL9,IF(SUM(AG9,AL9,AQ9)=0,"",SUM(AG9,AL9,AQ9))) | BG9: =IF(AD9="","",YEAR(AD9)+IF(MONTH(AD9)>=5,1,0)) | BH9: =IF(AD9="","",IF(AND(MONTH(AD9)=8,DAY(AD9)>=15),"Fall",IF(MONTH(AD9)>8,"Fall",IF(MONTH(AD9)=5,"Summer",IF(MONTH(AD9)=1,"Spring",""))))) | BL9: =IFERROR(INDEX('_names_lookup'!$C:$C,MATCH(BK9,'_names_lookup'!$A:$A,0)),"") | BM9: =IFERROR(INDEX('_names_lookup'!$B:$B,MATCH(BK9,'_names_lookup'!$A:$A,0)),"") | BS9: =IFERROR(IF(BR9*AA9=0,"",BR9*AA9),"")
O10: =IFERROR(INDEX('_courses_lookup'!$C:$C,MATCH(K10&L10,'_courses_lookup'!$E:$E,0)),"") | P10: =IFERROR(INDEX('_courses_lookup'!$D:$D,MATCH(K10&L10,'_courses_lookup'!$E:$E,0)),"") | AG10: =IF(AND(AE10<>"",AF10<>""),ROUNDUP((AF10-AE10)/7,0),"") | AI10: =IFERROR(IF(AG10*AH10=0,"",AG10*AH10),"") | AL10: =IF(AND(AJ10<>"",AK10<>""),ROUNDUP((AK10-AJ10)/7,0),"") | AN10: =IFERROR(IF(AL10*AM10=0,"",AL10*AM10),"") | AQ10: =IF(AND(AO10<>"",AP10<>""),ROUNDUP((AP10-AO10)/7,0),"") | AR10: =IFERROR(IF((AU10-(AI10+AN10))/AQ10=0,"",ROUNDUP((AU10-(AI10+AN10))/AQ10,0)),"") | AS10: =IFERROR(IF((AU10-(AI10+AN10))=0,"",(AU10-(AI10+AN10))),"") | AT10: =IF(AND(AG10="",AQ10=""),AL10,IF(SUM(AG10,AL10,AQ10)=0,"",SUM(AG10,AL10,AQ10))) | BG10: =IF(AD10="","",YEAR(AD10)+IF(MONTH(AD10)>=5,1,0)) | BH10: =IF(AD10="","",IF(AND(MONTH(AD10)=8,DAY(AD10)>=15),"Fall",IF(MONTH(AD10)>8,"Fall",IF(MONTH(AD10)=5,"Summer",IF(MONTH(AD10)=1,"Spring",""))))) | BL10: =IFERROR(INDEX('_names_lookup'!$C:$C,MATCH(BK10,'_names_lookup'!$A:$A,0)),"") | BM10: =IFERROR(INDEX('_names_lookup'!$B:$B,MATCH(BK10,'_names_lookup'!$A:$A,0)),"") | BS10: =IFERROR(IF(BR10*AA10=0,"",BR10*AA10),"")
O11: =IFERROR(INDEX('_courses_lookup'!$C:$C,MATCH(K11&L11,'_courses_lookup'!$E:$E,0)),"") | P11: =IFERROR(INDEX('_courses_lookup'!$D:$D,MATCH(K11&L11,'_courses_lookup'!$E:$E,0)),"") | AG11: =IF(AND(AE11<>"",AF11<>""),ROUNDUP((AF11-AE11)/7,0),"") | AI11: =IFERROR(IF(AG11*AH11=0,"",AG11*AH11),"") | AL11: =IF(AND(AJ11<>"",AK11<>""),ROUNDUP((AK11-AJ11)/7,0),"") | AN11: =IFERROR(IF(AL11*AM11=0,"",AL11*AM11),"") | AQ11: =IF(AND(AO11<>"",AP11<>""),ROUNDUP((AP11-AO11)/7,0),"") | AR11: =IFERROR(IF((AU11-(AI11+AN11))/AQ11=0,"",ROUNDUP((AU11-(AI11+AN11))/AQ11,0)),"") | AS11: =IFERROR(IF((AU11-(AI11+AN11))=0,"",(AU11-(AI11+AN11))),"") | AT11: =IF(AND(AG11="",AQ11=""),AL11,IF(SUM(AG11,AL11,AQ11)=0,"",SUM(AG11,AL11,AQ11))) | BG11: =IF(AD11="","",YEAR(AD11)+IF(MONTH(AD11)>=5,1,0)) | BH11: =IF(AD11="","",IF(AND(MONTH(AD11)=8,DAY(AD11)>=15),"Fall",IF(MONTH(AD11)>8,"Fall",IF(MONTH(AD11)=5,"Summer",IF(MONTH(AD11)=1,"Spring",""))))) | BL11: =IFERROR(INDEX('_names_lookup'!$C:$C,MATCH(BK11,'_names_lookup'!$A:$A,0)),"") | BM11: =IFERROR(INDEX('_names_lookup'!$B:$B,MATCH(BK11,'_names_lookup'!$A:$A,0)),"") | BS11: =IFERROR(IF(BR11*AA11=0,"",BR11*AA11),"")
O12: =IFERROR(INDEX('_courses_lookup'!$C:$C,MATCH(K12&L12,'_courses_lookup'!$E:$E,0)),"") | P12: =IFERROR(INDEX('_courses_lookup'!$D:$D,MATCH(K12&L12,'_courses_lookup'!$E:$E,0)),"") | AG12: =IF(AND(AE12<>"",AF12<>""),ROUNDUP((AF12-AE12)/7,0),"") | AI12: =IFERROR(IF(AG12*AH12=0,"",AG12*AH12),"") | AL12: =IF(AND(AJ12<>"",AK12<>""),ROUNDUP((AK12-AJ12)/7,0),"") | AN12: =IFERROR(IF(AL12*AM12=0,"",AL12*AM12),"") | AQ12: =IF(AND(AO12<>"",AP12<>""),ROUNDUP((AP12-AO12)/7,0),"") | AR12: =IFERROR(IF((AU12-(AI12+AN12))/AQ12=0,"",ROUNDUP((AU12-(AI12+AN12))/AQ12,0)),"") | AS12: =IFERROR(IF((AU12-(AI12+AN12))=0,"",(AU12-(AI12+AN12))),"") | AT12: =IF(AND(AG12="",AQ12=""),AL12,IF(SUM(AG12,AL12,AQ12)=0,"",SUM(AG12,AL12,AQ12))) | BG12: =IF(AD12="","",YEAR(AD12)+IF(MONTH(AD12)>=5,1,0)) | BH12: =IF(AD12="","",IF(AND(MONTH(AD12)=8,DAY(AD12)>=15),"Fall",IF(MONTH(AD12)>8,"Fall",IF(MONTH(AD12)=5,"Summer",IF(MONTH(AD12)=1,"Spring",""))))) | BL12: =IFERROR(INDEX('_names_lookup'!$C:$C,MATCH(BK12,'_names_lookup'!$A:$A,0)),"") | BM12: =IFERROR(INDEX('_names_lookup'!$B:$B,MATCH(BK12,'_names_lookup'!$A:$A,0)),"") | BS12: =IFERROR(IF(BR12*AA12=0,"",BR12*AA12),"")
O13: =IFERROR(INDEX('_courses_lookup'!$C:$C,MATCH(K13&L13,'_courses_lookup'!$E:$E,0)),"") | P13: =IFERROR(INDEX('_courses_lookup'!$D:$D,MATCH(K13&L13,'_courses_lookup'!$E:$E,0)),"") | AG13: =IF(AND(AE13<>"",AF13<>""),ROUNDUP((AF13-AE13)/7,0),"") | AI13: =IFERROR(IF(AG13*AH13=0,"",AG13*AH13),"") | AL13: =IF(AND(AJ13<>"",AK13<>""),ROUNDUP((AK13-AJ13)/7,0),"") | AN13: =IFERROR(IF(AL13*AM13=0,"",AL13*AM13),"") | AQ13: =IF(AND(AO13<>"",AP13<>""),ROUNDUP((AP13-AO13)/7,0),"") | AR13: =IFERROR(IF((AU13-(AI13+AN13))/AQ13=0,"",ROUNDUP((AU13-(AI13+AN13))/AQ13,0)),"") | AS13: =IFERROR(IF((AU13-(AI13+AN13))=0,"",(AU13-(AI13+AN13))),"") | AT13: =IF(AND(AG13="",AQ13=""),AL13,IF(SUM(AG13,AL13,AQ13)=0,"",SUM(AG13,AL13,AQ13))) | BG13: =IF(AD13="","",YEAR(AD13)+IF(MONTH(AD13)>=5,1,0)) | BH13: =IF(AD13="","",IF(AND(MONTH(AD13)=8,DAY(AD13)>=15),"Fall",IF(MONTH(AD13)>8,"Fall",IF(MONTH(AD13)=5,"Summer",IF(MONTH(AD13)=1,"Spring",""))))) | BL13: =IFERROR(INDEX('_names_lookup'!$C:$C,MATCH(BK13,'_names_lookup'!$A:$A,0)),"") | BM13: =IFERROR(INDEX('_names_lookup'!$B:$B,MATCH(BK13,'_names_lookup'!$A:$A,0)),"") | BS13: =IFERROR(IF(BR13*AA13=0,"",BR13*AA13),"")
... O300: =IFERROR(INDEX('_courses_lookup'!$C:$C,MATCH(K300&L300,'_courses_lookup'!$E:$E,0)),"") | P300: =IFERROR(INDEX('_courses_lookup'!$D:$D,MATCH(K300&L300,'_courses_lookup'!$E:$E,0)),"") | AG300: =IF(AND(AE300<>"",AF300<>""),ROUNDUP((AF300-AE300)/7,0),"") | AI300: =IFERROR(IF(AG300*AH300=0,"",AG300*AH300),"") | AL300: =IF(AND(AJ300<>"",AK300<>""),ROUNDUP((AK300-AJ300)/7,0),"") | AN300: =IFERROR(IF(AL300*AM300=0,"",AL300*AM300),"") | AQ300: =IF(AND(AO300<>"",AP300<>""),ROUNDUP((AP300-AO300)/7,0),"") | AR300: =IFERROR(IF((AU300-(AI300+AN300))/AQ300=0,"",ROUNDUP((AU300-(AI300+AN300))/AQ300,0)),"") | AS300: =IFERROR(IF((AU300-(AI300+AN300))=0,"",(AU300-(AI300+AN300))),"") | AT300: =IF(AND(AG300="",AQ300=""),AL300,IF(SUM(AG300,AL300,AQ300)=0,"",SUM(AG300,AL300,AQ300))) | BG300: =IF(AD300="","",YEAR(AD300)+IF(MONTH(AD300)>=5,1,0)) | BH300: =IF(AD300="","",IF(AND(MONTH(AD300)=8,DAY(AD300)>=15),"Fall",IF(MONTH(AD300)>8,"Fall",IF(MONTH(AD300)=5,"Summer",IF(MONTH(AD300)=1,"Spring",""))))) | BL300: =IFERROR(INDEX('_names_lookup'!$C:$C,MATCH(BK300,'_names_lookup'!$A:$A,0)),"") | BM300: =IFERROR(INDEX('_names_lookup'!$B:$B,MATCH(BK300,'_names_lookup'!$A:$A,0)),"") | BS300: =IFERROR(IF(BR300*AA300=0,"",BR300*AA300),"")

Sheet PATH
A1: Don {not in Banner} | B1: Mismatching {not in Banner} | C1: Dept/Prog Admin {not in Banner} | D1: Mona {not in Banner} | E1: Karen {not in Banner} | F1: DONE {not in Banner} | G1: Notes {not in Banner} | H1: CRN sorted {not in Banner} | I1: CRN | J1: Attribute {not in Banner} | K1: Subject | L1: Course Number {Crse Num} | M1: Course Section {Seq Crse Num} | N1: Program {not in Banner} | O1: Catalog Title | P1: Section Title | Q1: Crosslist Details {not in Banner} | R1: X Lst | S1: Campus {Ssasect Campus} | T1: Campus Restriction {Camp Restr CC} | U1: Schedule Type {not in Banner} | V1: Instruction Method {Inst Method} | W1: Level {Level SC} | X1: Part-Of-Term | Y1: Credit Catalog {Cat Crs} | Z1: Credits {Sect Crs} | AA1: Faculty Load / Contract Credits {not in Banner} | AB1: Enrollment Cap {Max Enrl} | AC1: Meeting Type | AD1: Semester Start Date {Soaterm Start Date} | AE1: Pre-work Start Date {not in Banner} | AF1: Pre-work End Date {not in Banner} | AG1: pre-work # of weeks {not in Banner} | AH1: pre-work hours/week {not in Banner} | AI1: pre-work hours/period {not in Banner} | AJ1: Intensive Period Start Date {Meet Start Date} | AK1: Intensive Period End Date {Meet End Date} | AL1: intensive # of weeks {not in Banner} | AM1: intensive hours/week {not in Banner} | AN1: intensive hours/period {not in Banner} | AO1: Post-work Start Date {not in Banner} | AP1: Post-work End Date {not in Banner} | AQ1: post-work # of weeks {not in Banner} | AR1: post-work hours/week {not in Banner} | AS1: post-work hours/period {not in Banner} | AT1: sum of weeks (for check) {not in Banner} | AU1: total contract hours {not in Banner} | AV1: Semester End Date {Soaterm End Date} | AW1: Course Beginning Time {Meet Beg Time} | AX1: Course Ending Time {Meet End Time} | AY1: SUN | AZ1: MON | BA1: TUE | BB1: WED | BC1: THU | BD1: FRI | BE1: SAT | BF1: Weeks | BG1: Fiscal Year {not in Banner} | BH1: Semester {not in Banner} | BI1: Room {Meet Room} | BJ1: Building {Meet Bldg} | BK1: Instructor Name {Instr Name} | BL1: Instructor Email {Instr Email} | BM1: Instructor ID {Instr ID} | BN1: Remote Employee {not in Banner} | BO1: % Responsibility | BP1: load/contract {not in Banner} | BQ1: Reason for Contract {not in Banner} | BR1: costs per credit {not in Banner} | BS1: total costs {not in Banner} | BT1: dept budget {not in Banner} | BU1: account to be charged {not in Banner} | BV1: SEM Department {Scacrse Dept} | BW1: dean email | BX1: VP finance email | BY1: HR email | BZ1: Fee Amount {Fees Amt} | CA1: Fee Code {Detl Code} | CB1: Fee Type | CC1: Fee Level | CD1: Fee Ind | CE1: Fee Term | CF1: Activity Date | CG1: Status | CH1: Bill Hrs | CI1: Sect Sch Type | CJ1: Prerequisites {Preq Areas} | CK1: Link Ind | CL1: Integration Code | CM1: Link Conn | CN1: Crs Attr | CO1: Comments | CP1: Major Restr | CQ1: Scacrse College | CR1: Enrolled | CS1: Waitlist Capacity | CT1: Primary Ind | CU1: Override | CV1: 1st Date Reg Opens | CW1: Last Date Reg Opens | CX1: OL Range From Date | CY1: OL Range To Date | CZ1: OL Numb Units | DA1: OL Duration Code | DB1: Grade Mode | DC1: Gradable Ind | DD1: Tuit Waiver | DE1: Course Override {Meet Override} | DF1: Lvl Res Ind | DG1: Cmp Res Ind | DH1: Rate Code | DI1: Cohort Code | DJ1: St Attr Code | DK1: Coll SC | DL1: DegC SC | DM1: Prog SC | DN1: FOS Type | DO1: Special Approval {Special Apvl} | DP1: Term Code | DQ1: Camp SC
O2: =IFERROR(INDEX('_courses_lookup'!$C:$C,MATCH(K2&L2,'_courses_lookup'!$E:$E,0)),"") | P2: =IFERROR(INDEX('_courses_lookup'!$D:$D,MATCH(K2&L2,'_courses_lookup'!$E:$E,0)),"") | AG2: =IF(AND(AE2<>"",AF2<>""),ROUNDUP((AF2-AE2)/7,0),"") | AI2: =IFERROR(IF(AG2*AH2=0,"",AG2*AH2),"") | AL2: =IF(AND(AJ2<>"",AK2<>""),ROUNDUP((AK2-AJ2)/7,0),"") | AN2: =IFERROR(IF(AL2*AM2=0,"",AL2*AM2),"") | AQ2: =IF(AND(AO2<>"",AP2<>""),ROUNDUP((AP2-AO2)/7,0),"") | AR2: =IFERROR(IF((AU2-(AI2+AN2))/AQ2=0,"",ROUNDUP((AU2-(AI2+AN2))/AQ2,0)),"") | AS2: =IFERROR(IF((AU2-(AI2+AN2))=0,"",(AU2-(AI2+AN2))),"") | AT2: =IF(AND(AG2="",AQ2=""),AL2,IF(SUM(AG2,AL2,AQ2)=0,"",SUM(AG2,AL2,AQ2))) | BG2: =IF(AD2="","",YEAR(AD2)+IF(MONTH(AD2)>=5,1,0)) | BH2: =IF(AD2="","",IF(AND(MONTH(AD2)=8,DAY(AD2)>=15),"Fall",IF(MONTH(AD2)>8,"Fall",IF(MONTH(AD2)=5,"Summer",IF(MONTH(AD2)=1,"Spring",""))))) | BL2: =IFERROR(INDEX('_names_lookup'!$C:$C,MATCH(BK2,'_names_lookup'!$A:$A,0)),"") | BM2: =IFERROR(INDEX('_names_lookup'!$B:$B,MATCH(BK2,'_names_lookup'!$A:$A,0)),"") | BS2: =IFERROR(IF(BR2*AA2=0,"",BR2*AA2),"")
O3: =IFERROR(INDEX('_courses_lookup'!$C:$C,MATCH(K3&L3,'_courses_lookup'!$E:$E,0)),"") | P3: =IFERROR(INDEX('_courses_lookup'!$D:$D,MATCH(K3&L3,'_courses_lookup'!$E:$E,0)),"") | AG3: =IF(AND(AE3<>"",AF3<>""),ROUNDUP((AF3-AE3)/7,0),"") | AI3: =IFERROR(IF(AG3*AH3=0,"",AG3*AH3),"") | AL3: =IF(AND(AJ3<>"",AK3<>""),ROUNDUP((AK3-AJ3)/7,0),"") | AN3: =IFERROR(IF(AL3*AM3=0,"",AL3*AM3),"") | AQ3: =IF(AND(AO3<>"",AP3<>""),ROUNDUP((AP3-AO3)/7,0),"") | AR3: =IFERROR(IF((AU3-(AI3+AN3))/AQ3=0,"",ROUNDUP((AU3-(AI3+AN3))/AQ3,0)),"") | AS3: =IFERROR(IF((AU3-(AI3+AN3))=0,"",(AU3-(AI3+AN3))),"") | AT3: =IF(AND(AG3="",AQ3=""),AL3,IF(SUM(AG3,AL3,AQ3)=0,"",SUM(AG3,AL3,AQ3))) | BG3: =IF(AD3="","",YEAR(AD3)+IF(MONTH(AD3)>=5,1,0)) | BH3: =IF(AD3="","",IF(AND(MONTH(AD3)=8,DAY(AD3)>=15),"Fall",IF(MONTH(AD3)>8,"Fall",IF(MONTH(AD3)=5,"Summer",IF(MONTH(AD3)=1,"Spring",""))))) | BL3: =IFERROR(INDEX('_names_lookup'!$C:$C,MATCH(BK3,'_names_lookup'!$A:$A,0)),"") | BM3: =IFERROR(INDEX('_names_lookup'!$B:$B,MATCH(BK3,'_names_lookup'!$A:$A,0)),"") | BS3: =IFERROR(IF(BR3*AA3=0,"",BR3*AA3),"")
O4: =IFERROR(INDEX('_courses_lookup'!$C:$C,MATCH(K4&L4,'_courses_lookup'!$E:$E,0)),"") | P4: =IFERROR(INDEX('_courses_lookup'!$D:$D,MATCH(K4&L4,'_courses_lookup'!$E:$E,0)),"") | AG4: =IF(AND(AE4<>"",AF4<>""),ROUNDUP((AF4-AE4)/7,0),"") | AI4: =IFERROR(IF(AG4*AH4=0,"",AG4*AH4),"") | AL4: =IF(AND(AJ4<>"",AK4<>""),ROUNDUP((AK4-AJ4)/7,0),"") | AN4: =IFERROR(IF(AL4*AM4=0,"",AL4*AM4),"") | AQ4: =IF(AND(AO4<>"",AP4<>""),ROUNDUP((AP4-AO4)/7,0),"") | AR4: =IFERROR(IF((AU4-(AI4+AN4))/AQ4=0,"",ROUNDUP((AU4-(AI4+AN4))/AQ4,0)),"") | AS4: =IFERROR(IF((AU4-(AI4+AN4))=0,"",(AU4-(AI4+AN4))),"") | AT4: =IF(AND(AG4="",AQ4=""),AL4,IF(SUM(AG4,AL4,AQ4)=0,"",SUM(AG4,AL4,AQ4))) | BG4: =IF(AD4="","",YEAR(AD4)+IF(MONTH(AD4)>=5,1,0)) | BH4: =IF(AD4="","",IF(AND(MONTH(AD4)=8,DAY(AD4)>=15),"Fall",IF(MONTH(AD4)>8,"Fall",IF(MONTH(AD4)=5,"Summer",IF(MONTH(AD4)=1,"Spring",""))))) | BL4: =IFERROR(INDEX('_names_lookup'!$C:$C,MATCH(BK4,'_names_lookup'!$A:$A,0)),"") | BM4: =IFERROR(INDEX('_names_lookup'!$B:$B,MATCH(BK4,'_names_lookup'!$A:$A,0)),"") | BS4: =IFERROR(IF(BR4*AA4=0,"",BR4*AA4),"")
O5: =IFERROR(INDEX('_courses_lookup'!$C:$C,MATCH(K5&L5,'_courses_lookup'!$E:$E,0)),"") | P5: =IFERROR(INDEX('_courses_lookup'!$D:$D,MATCH(K5&L5,'_courses_lookup'!$E:$E,0)),"") | AG5: =IF(AND(AE5<>"",AF5<>""),ROUNDUP((AF5-AE5)/7,0),"") | AI5: =IFERROR(IF(AG5*AH5=0,"",AG5*AH5),"") | AL5: =IF(AND(AJ5<>"",AK5<>""),ROUNDUP((AK5-AJ5)/7,0),"") | AN5: =IFERROR(IF(AL5*AM5=0,"",AL5*AM5),"") | AQ5: =IF(AND(AO5<>"",AP5<>""),ROUNDUP((AP5-AO5)/7,0),"") | AR5: =IFERROR(IF((AU5-(AI5+AN5))/AQ5=0,"",ROUNDUP((AU5-(AI5+AN5))/AQ5,0)),"") | AS5: =IFERROR(IF((AU5-(AI5+AN5))=0,"",(AU5-(AI5+AN5))),"") | AT5: =IF(AND(AG5="",AQ5=""),AL5,IF(SUM(AG5,AL5,AQ5)=0,"",SUM(AG5,AL5,AQ5))) | BG5: =IF(AD5="","",YEAR(AD5)+IF(MONTH(AD5)>=5,1,0)) | BH5: =IF(AD5="","",IF(AND(MONTH(AD5)=8,DAY(AD5)>=15),"Fall",IF(MONTH(AD5)>8,"Fall",IF(MONTH(AD5)=5,"Summer",IF(MONTH(AD5)=1,"Spring",""))))) | BL5: =IFERROR(INDEX('_names_lookup'!$C:$C,MATCH(BK5,'_names_lookup'!$A:$A,0)),"") | BM5: =IFERROR(INDEX('_names_lookup'!$B:$B,MATCH(BK5,'_names_lookup'!$A:$A,0)),"") | BS5: =IFERROR(IF(BR5*AA5=0,"",BR5*AA5),"")
O6: =IFERROR(INDEX('_courses_lookup'!$C:$C,MATCH(K6&L6,'_courses_lookup'!$E:$E,0)),"") | P6: =IFERROR(INDEX('_courses_lookup'!$D:$D,MATCH(K6&L6,'_courses_lookup'!$E:$E,0)),"") | AG6: =IF(AND(AE6<>"",AF6<>""),ROUNDUP((AF6-AE6)/7,0),"") | AI6: =IFERROR(IF(AG6*AH6=0,"",AG6*AH6),"") | AL6: =IF(AND(AJ6<>"",AK6<>""),ROUNDUP((AK6-AJ6)/7,0),"") | AN6: =IFERROR(IF(AL6*AM6=0,"",AL6*AM6),"") | AQ6: =IF(AND(AO6<>"",AP6<>""),ROUNDUP((AP6-AO6)/7,0),"") | AR6: =IFERROR(IF((AU6-(AI6+AN6))/AQ6=0,"",ROUNDUP((AU6-(AI6+AN6))/AQ6,0)),"") | AS6: =IFERROR(IF((AU6-(AI6+AN6))=0,"",(AU6-(AI6+AN6))),"") | AT6: =IF(AND(AG6="",AQ6=""),AL6,IF(SUM(AG6,AL6,AQ6)=0,"",SUM(AG6,AL6,AQ6))) | BG6: =IF(AD6="","",YEAR(AD6)+IF(MONTH(AD6)>=5,1,0)) | BH6: =IF(AD6="","",IF(AND(MONTH(AD6)=8,DAY(AD6)>=15),"Fall",IF(MONTH(AD6)>8,"Fall",IF(MONTH(AD6)=5,"Summer",IF(MONTH(AD6)=1,"Spring",""))))) | BL6: =IFERROR(INDEX('_names_lookup'!$C:$C,MATCH(BK6,'_names_lookup'!$A:$A,0)),"") | BM6: =IFERROR(INDEX('_names_lookup'!$B:$B,MATCH(BK6,'_names_lookup'!$A:$A,0)),"") | BS6: =IFERROR(IF(BR6*AA6=0,"",BR6*AA6),"")
O7: =IFERROR(INDEX('_courses_lookup'!$C:$C,MATCH(K7&L7,'_courses_lookup'!$E:$E,0)),"") | P7: =IFERROR(INDEX('_courses_lookup'!$D:$D,MATCH(K7&L7,'_courses_lookup'!$E:$E,0)),"") | AG7: =IF(AND(AE7<>"",AF7<>""),ROUNDUP((AF7-AE7)/7,0),"") | AI7: =IFERROR(IF(AG7*AH7=0,"",AG7*AH7),"") | AL7: =IF(AND(AJ7<>"",AK7<>""),ROUNDUP((AK7-AJ7)/7,0),"") | AN7: =IFERROR(IF(AL7*AM7=0,"",AL7*AM7),"") | AQ7: =IF(AND(AO7<>"",AP7<>""),ROUNDUP((AP7-AO7)/7,0),"") | AR7: =IFERROR(IF((AU7-(AI7+AN7))/AQ7=0,"",ROUNDUP((AU7-(AI7+AN7))/AQ7,0)),"") | AS7: =IFERROR(IF((AU7-(AI7+AN7))=0,"",(AU7-(AI7+AN7))),"") | AT7: =IF(AND(AG7="",AQ7=""),AL7,IF(SUM(AG7,AL7,AQ7)=0,"",SUM(AG7,AL7,AQ7))) | BG7: =IF(AD7="","",YEAR(AD7)+IF(MONTH(AD7)>=5,1,0)) | BH7: =IF(AD7="","",IF(AND(MONTH(AD7)=8,DAY(AD7)>=15),"Fall",IF(MONTH(AD7)>8,"Fall",IF(MONTH(AD7)=5,"Summer",IF(MONTH(AD7)=1,"Spring",""))))) | BL7: =IFERROR(INDEX('_names_lookup'!$C:$C,MATCH(BK7,'_names_lookup'!$A:$A,0)),"") | BM7: =IFERROR(INDEX('_names_lookup'!$B:$B,MATCH(BK7,'_names_lookup'!$A:$A,0)),"") | BS7: =IFERROR(IF(BR7*AA7=0,"",BR7*AA7),"")
O8: =IFERROR(INDEX('_courses_lookup'!$C:$C,MATCH(K8&L8,'_courses_lookup'!$E:$E,0)),"") | P8: =IFERROR(INDEX('_courses_lookup'!$D:$D,MATCH(K8&L8,'_courses_lookup'!$E:$E,0)),"") | AG8: =IF(AND(AE8<>"",AF8<>""),ROUNDUP((AF8-AE8)/7,0),"") | AI8: =IFERROR(IF(AG8*AH8=0,"",AG8*AH8),"") | AL8: =IF(AND(AJ8<>"",AK8<>""),ROUNDUP((AK8-AJ8)/7,0),"") | AN8: =IFERROR(IF(AL8*AM8=0,"",AL8*AM8),"") | AQ8: =IF(AND(AO8<>"",AP8<>""),ROUNDUP((AP8-AO8)/7,0),"") | AR8: =IFERROR(IF((AU8-(AI8+AN8))/AQ8=0,"",ROUNDUP((AU8-(AI8+AN8))/AQ8,0)),"") | AS8: =IFERROR(IF((AU8-(AI8+AN8))=0,"",(AU8-(AI8+AN8))),"") | AT8: =IF(AND(AG8="",AQ8=""),AL8,IF(SUM(AG8,AL8,AQ8)=0,"",SUM(AG8,AL8,AQ8))) | BG8: =IF(AD8="","",YEAR(AD8)+IF(MONTH(AD8)>=5,1,0)) | BH8: =IF(AD8="","",IF(AND(MONTH(AD8)=8,DAY(AD8)>=15),"Fall",IF(MONTH(AD8)>8,"Fall",IF(MONTH(AD8)=5,"Summer",IF(MONTH(AD8)=1,"Spring",""))))) | BL8: =IFERROR(INDEX('_names_lookup'!$C:$C,MATCH(BK8,'_names_lookup'!$A:$A,0)),"") | BM8: =IFERROR(INDEX('_names_lookup'!$B:$B,MATCH(BK8,'_names_lookup'!$A:$A,0)),"") | BS8: =IFERROR(IF(BR8*AA8=0,"",BR8*AA8),"")
O9: =IFERROR(INDEX('_courses_lookup'!$C:$C,MATCH(K9&L9,'_courses_lookup'!$E:$E,0)),"") | P9: =IFERROR(INDEX('_courses_lookup'!$D:$D,MATCH(K9&L9,'_courses_lookup'!$E:$E,0)),"") | AG9: =IF(AND(AE9<>"",AF9<>""),ROUNDUP((AF9-AE9)/7,0),"") | AI9: =IFERROR(IF(AG9*AH9=0,"",AG9*AH9),"") | AL9: =IF(AND(AJ9<>"",AK9<>""),ROUNDUP((AK9-AJ9)/7,0),"") | AN9: =IFERROR(IF(AL9*AM9=0,"",AL9*AM9),"") | AQ9: =IF(AND(AO9<>"",AP9<>""),ROUNDUP((AP9-AO9)/7,0),"") | AR9: =IFERROR(IF((AU9-(AI9+AN9))/AQ9=0,"",ROUNDUP((AU9-(AI9+AN9))/AQ9,0)),"") | AS9: =IFERROR(IF((AU9-(AI9+AN9))=0,"",(AU9-(AI9+AN9))),"") | AT9: =IF(AND(AG9="",AQ9=""),AL9,IF(SUM(AG9,AL9,AQ9)=0,"",SUM(AG9,AL9,AQ9))) | BG9: =IF(AD9="","",YEAR(AD9)+IF(MONTH(AD9)>=5,1,0)) | BH9: =IF(AD9="","",IF(AND(MONTH(AD9)=8,DAY(AD9)>=15),"Fall",IF(MONTH(AD9)>8,"Fall",IF(MONTH(AD9)=5,"Summer",IF(MONTH(AD9)=1,"Spring",""))))) | BL9: =IFERROR(INDEX('_names_lookup'!$C:$C,MATCH(BK9,'_names_lookup'!$A:$A,0)),"") | BM9: =IFERROR(INDEX('_names_lookup'!$B:$B,MATCH(BK9,'_names_lookup'!$A:$A,0)),"") | BS9: =IFERROR(IF(BR9*AA9=0,"",BR9*AA9),"")
O10: =IFERROR(INDEX('_courses_lookup'!$C:$C,MATCH(K10&L10,'_courses_lookup'!$E:$E,0)),"") | P10: =IFERROR(INDEX('_courses_lookup'!$D:$D,MATCH(K10&L10,'_courses_lookup'!$E:$E,0)),"") | AG10: =IF(AND(AE10<>"",AF10<>""),ROUNDUP((AF10-AE10)/7,0),"") | AI10: =IFERROR(IF(AG10*AH10=0,"",AG10*AH10),"") | AL10: =IF(AND(AJ10<>"",AK10<>""),ROUNDUP((AK10-AJ10)/7,0),"") | AN10: =IFERROR(IF(AL10*AM10=0,"",AL10*AM10),"") | AQ10: =IF(AND(AO10<>"",AP10<>""),ROUNDUP((AP10-AO10)/7,0),"") | AR10: =IFERROR(IF((AU10-(AI10+AN10))/AQ10=0,"",ROUNDUP((AU10-(AI10+AN10))/AQ10,0)),"") | AS10: =IFERROR(IF((AU10-(AI10+AN10))=0,"",(AU10-(AI10+AN10))),"") | AT10: =IF(AND(AG10="",AQ10=""),AL10,IF(SUM(AG10,AL10,AQ10)=0,"",SUM(AG10,AL10,AQ10))) | BG10: =IF(AD10="","",YEAR(AD10)+IF(MONTH(AD10)>=5,1,0)) | BH10: =IF(AD10="","",IF(AND(MONTH(AD10)=8,DAY(AD10)>=15),"Fall",IF(MONTH(AD10)>8,"Fall",IF(MONTH(AD10)=5,"Summer",IF(MONTH(AD10)=1,"Spring",""))))) | BL10: =IFERROR(INDEX('_names_lookup'!$C:$C,MATCH(BK10,'_names_lookup'!$A:$A,0)),"") | BM10: =IFERROR(INDEX('_names_lookup'!$B:$B,MATCH(BK10,'_names_lookup'!$A:$A,0)),"") | BS10: =IFERROR(IF(BR10*AA10=0,"",BR10*AA10),"")
O11: =IFERROR(INDEX('_courses_lookup'!$C:$C,MATCH(K11&L11,'_courses_lookup'!$E:$E,0)),"") | P11: =IFERROR(INDEX('_courses_lookup'!$D:$D,MATCH(K11&L11,'_courses_lookup'!$E:$E,0)),"") | AG11: =IF(AND(AE11<>"",AF11<>""),ROUNDUP((AF11-AE11)/7,0),"") | AI11: =IFERROR(IF(AG11*AH11=0,"",AG11*AH11),"") | AL11: =IF(AND(AJ11<>"",AK11<>""),ROUNDUP((AK11-AJ11)/7,0),"") | AN11: =IFERROR(IF(AL11*AM11=0,"",AL11*AM11),"") | AQ11: =IF(AND(AO11<>"",AP11<>""),ROUNDUP((AP11-AO11)/7,0),"") | AR11: =IFERROR(IF((AU11-(AI11+AN11))/AQ11=0,"",ROUNDUP((AU11-(AI11+AN11))/AQ11,0)),"") | AS11: =IFERROR(IF((AU11-(AI11+AN11))=0,"",(AU11-(AI11+AN11))),"") | AT11: =IF(AND(AG11="",AQ11=""),AL11,IF(SUM(AG11,AL11,AQ11)=0,"",SUM(AG11,AL11,AQ11))) | BG11: =IF(AD11="","",YEAR(AD11)+IF(MONTH(AD11)>=5,1,0)) | BH11: =IF(AD11="","",IF(AND(MONTH(AD11)=8,DAY(AD11)>=15),"Fall",IF(MONTH(AD11)>8,"Fall",IF(MONTH(AD11)=5,"Summer",IF(MONTH(AD11)=1,"Spring",""))))) | BL11: =IFERROR(INDEX('_names_lookup'!$C:$C,MATCH(BK11,'_names_lookup'!$A:$A,0)),"") | BM11: =IFERROR(INDEX('_names_lookup'!$B:$B,MATCH(BK11,'_names_lookup'!$A:$A,0)),"") | BS11: =IFERROR(IF(BR11*AA11=0,"",BR11*AA11),"")
O12: =IFERROR(INDEX('_courses_lookup'!$C:$C,MATCH(K12&L12,'_courses_lookup'!$E:$E,0)),"") | P12: =IFERROR(INDEX('_courses_lookup'!$D:$D,MATCH(K12&L12,'_courses_lookup'!$E:$E,0)),"") | AG12: =IF(AND(AE12<>"",AF12<>""),ROUNDUP((AF12-AE12)/7,0),"") | AI12: =IFERROR(IF(AG12*AH12=0,"",AG12*AH12),"") | AL12: =IF(AND(AJ12<>"",AK12<>""),ROUNDUP((AK12-AJ12)/7,0),"") | AN12: =IFERROR(IF(AL12*AM12=0,"",AL12*AM12),"") | AQ12: =IF(AND(AO12<>"",AP12<>""),ROUNDUP((AP12-AO12)/7,0),"") | AR12: =IFERROR(IF((AU12-(AI12+AN12))/AQ12=0,"",ROUNDUP((AU12-(AI12+AN12))/AQ12,0)),"") | AS12: =IFERROR(IF((AU12-(AI12+AN12))=0,"",(AU12-(AI12+AN12))),"") | AT12: =IF(AND(AG12="",AQ12=""),AL12,IF(SUM(AG12,AL12,AQ12)=0,"",SUM(AG12,AL12,AQ12))) | BG12: =IF(AD12="","",YEAR(AD12)+IF(MONTH(AD12)>=5,1,0)) | BH12: =IF(AD12="","",IF(AND(MONTH(AD12)=8,DAY(AD12)>=15),"Fall",IF(MONTH(AD12)>8,"Fall",IF(MONTH(AD12)=5,"Summer",IF(MONTH(AD12)=1,"Spring",""))))) | BL12: =IFERROR(INDEX('_names_lookup'!$C:$C,MATCH(BK12,'_names_lookup'!$A:$A,0)),"") | BM12: =IFERROR(INDEX('_names_lookup'!$B:$B,MATCH(BK12,'_names_lookup'!$A:$A,0)),"") | BS12: =IFERROR(IF(BR12*AA12=0,"",BR12*AA12),"")
O13: =IFERROR(INDEX('_courses_lookup'!$C:$C,MATCH(K13&L13,'_courses_lookup'!$E:$E,0)),"") | P13: =IFERROR(INDEX('_courses_lookup'!$D:$D,MATCH(K13&L13,'_courses_lookup'!$E:$E,0)),"") | AG13: =IF(AND(AE13<>"",AF13<>""),ROUNDUP((AF13-AE13)/7,0),"") | AI13: =IFERROR(IF(AG13*AH13=0,"",AG13*AH13),"") | AL13: =IF(AND(AJ13<>"",AK13<>""),ROUNDUP((AK13-AJ13)/7,0),"") | AN13: =IFERROR(IF(AL13*AM13=0,"",AL13*AM13),"") | AQ13: =IF(AND(AO13<>"",AP13<>""),ROUNDUP((AP13-AO13)/7,0),"") | AR13: =IFERROR(IF((AU13-(AI13+AN13))/AQ13=0,"",ROUNDUP((AU13-(AI13+AN13))/AQ13,0)),"") | AS13: =IFERROR(IF((AU13-(AI13+AN13))=0,"",(AU13-(AI13+AN13))),"") | AT13: =IF(AND(AG13="",AQ13=""),AL13,IF(SUM(AG13,AL13,AQ13)=0,"",SUM(AG13,AL13,AQ13))) | BG13: =IF(AD13="","",YEAR(AD13)+IF(MONTH(AD13)>=5,1,0)) | BH13: =IF(AD13="","",IF(AND(MONTH(AD13)=8,DAY(AD13)>=15),"Fall",IF(MONTH(AD13)>8,"Fall",IF(MONTH(AD13)=5,"Summer",IF(MONTH(AD13)=1,"Spring",""))))) | BL13: =IFERROR(INDEX('_names_lookup'!$C:$C,MATCH(BK13,'_names_lookup'!$A:$A,0)),"") | BM13: =IFERROR(INDEX('_names_lookup'!$B:$B,MATCH(BK13,'_names_lookup'!$A:$A,0)),"") | BS13: =IFERROR(IF(BR13*AA13=0,"",BR13*AA13),"")
... O300: =IFERROR(INDEX('_courses_lookup'!$C:$C,MATCH(K300&L300,'_courses_lookup'!$E:$E,0)),"") | P300: =IFERROR(INDEX('_courses_lookup'!$D:$D,MATCH(K300&L300,'_courses_lookup'!$E:$E,0)),"") | AG300: =IF(AND(AE300<>"",AF300<>""),ROUNDUP((AF300-AE300)/7,0),"") | AI300: =IFERROR(IF(AG300*AH300=0,"",AG300*AH300),"") | AL300: =IF(AND(AJ300<>"",AK300<>""),ROUNDUP((AK300-AJ300)/7,0),"") | AN300: =IFERROR(IF(AL300*AM300=0,"",AL300*AM300),"") | AQ300: =IF(AND(AO300<>"",AP300<>""),ROUNDUP((AP300-AO300)/7,0),"") | AR300: =IFERROR(IF((AU300-(AI300+AN300))/AQ300=0,"",ROUNDUP((AU300-(AI300+AN300))/AQ300,0)),"") | AS300: =IFERROR(IF((AU300-(AI300+AN300))=0,"",(AU300-(AI300+AN300))),"") | AT300: =IF(AND(AG300="",AQ300=""),AL300,IF(SUM(AG300,AL300,AQ300)=0,"",SUM(AG300,AL300,AQ300))) | BG300: =IF(AD300="","",YEAR(AD300)+IF(MONTH(AD300)>=5,1,0)) | BH300: =IF(AD300="","",IF(AND(MONTH(AD300)=8,DAY(AD300)>=15),"Fall",IF(MONTH(AD300)>8,"Fall",IF(MONTH(AD300)=5,"Summer",IF(MONTH(AD300)=1,"Spring",""))))) | BL300: =IFERROR(INDEX('_names_lookup'!$C:$C,MATCH(BK300,'_names_lookup'!$A:$A,0)),"") | BM300: =IFERROR(INDEX('_names_lookup'!$B:$B,MATCH(BK300,'_names_lookup'!$A:$A,0)),"") | BS300: =IFERROR(IF(BR300*AA300=0,"",BR300*AA300),"")

Sheet THST
A1: Don {not in Banner} | B1: Mismatching {not in Banner} | C1: Dept/Prog Admin {not in Banner} | D1: Mona {not in Banner} | E1: Karen {not in Banner} | F1: DONE {not in Banner} | G1: Notes {not in Banner} | H1: CRN sorted {not in Banner} | I1: CRN | J1: Attribute {not in Banner} | K1: Subject | L1: Course Number {Crse Num} | M1: Course Section {Seq Crse Num} | N1: Program {not in Banner} | O1: Catalog Title | P1: Section Title | Q1: Crosslist Details {not in Banner} | R1: X Lst | S1: Campus {Ssasect Campus} | T1: Campus Restriction {Camp Restr CC} | U1: Schedule Type {not in Banner} | V1: Instruction Method {Inst Method} | W1: Level {Level SC} | X1: Part-Of-Term | Y1: Credit Catalog {Cat Crs} | Z1: Credits {Sect Crs} | AA1: Faculty Load / Contract Credits {not in Banner} | AB1: Enrollment Cap {Max Enrl} | AC1: Meeting Type | AD1: Semester Start Date {Soaterm Start Date} | AE1: Pre-work Start Date {not in Banner} | AF1: Pre-work End Date {not in Banner} | AG1: pre-work # of weeks {not in Banner} | AH1: pre-work hours/week {not in Banner} | AI1: pre-work hours/period {not in Banner} | AJ1: Intensive Period Start Date {Meet Start Date} | AK1: Intensive Period End Date {Meet End Date} | AL1: intensive # of weeks {not in Banner} | AM1: intensive hours/week {not in Banner} | AN1: intensive hours/period {not in Banner} | AO1: Post-work Start Date {not in Banner} | AP1: Post-work End Date {not in Banner} | AQ1: post-work # of weeks {not in Banner} | AR1: post-work hours/week {not in Banner} | AS1: post-work hours/period {not in Banner} | AT1: sum of weeks (for check) {not in Banner} | AU1: total contract hours {not in Banner} | AV1: Semester End Date {Soaterm End Date} | AW1: Course Beginning Time {Meet Beg Time} | AX1: Course Ending Time {Meet End Time} | AY1: SUN | AZ1: MON | BA1: TUE | BB1: WED | BC1: THU | BD1: FRI | BE1: SAT | BF1: Weeks | BG1: Fiscal Year {not in Banner} | BH1: Semester {not in Banner} | BI1: Room {Meet Room} | BJ1: Building {Meet Bldg} | BK1: Instructor Name {Instr Name} | BL1: Instructor Email {Instr Email} | BM1: Instructor ID {Instr ID} | BN1: Remote Employee {not in Banner} | BO1: % Responsibility | BP1: load/contract {not in Banner} | BQ1: Reason for Contract {not in Banner} | BR1: costs per credit {not in Banner} | BS1: total costs {not in Banner} | BT1: dept budget {not in Banner} | BU1: account to be charged {not in Banner} | BV1: SEM Department {Scacrse Dept} | BW1: dean email | BX1: VP finance email | BY1: HR email | BZ1: Fee Amount {Fees Amt} | CA1: Fee Code {Detl Code} | CB1: Fee Type | CC1: Fee Level | CD1: Fee Ind | CE1: Fee Term | CF1: Activity Date | CG1: Status | CH1: Bill Hrs | CI1: Sect Sch Type | CJ1: Prerequisites {Preq Areas} | CK1: Link Ind | CL1: Integration Code | CM1: Link Conn | CN1: Crs Attr | CO1: Comments | CP1: Major Restr | CQ1: Scacrse College | CR1: Enrolled | CS1: Waitlist Capacity | CT1: Primary Ind | CU1: Override | CV1: 1st Date Reg Opens | CW1: Last Date Reg Opens | CX1: OL Range From Date | CY1: OL Range To Date | CZ1: OL Numb Units | DA1: OL Duration Code | DB1: Grade Mode | DC1: Gradable Ind | DD1: Tuit Waiver | DE1: Course Override {Meet Override} | DF1: Lvl Res Ind | DG1: Cmp Res Ind | DH1: Rate Code | DI1: Cohort Code | DJ1: St Attr Code | DK1: Coll SC | DL1: DegC SC | DM1: Prog SC | DN1: FOS Type | DO1: Special Approval {Special Apvl} | DP1: Term Code | DQ1: Camp SC
O2: =IFERROR(INDEX('_courses_lookup'!$C:$C,MATCH(K2&L2,'_courses_lookup'!$E:$E,0)),"") | P2: =IFERROR(INDEX('_courses_lookup'!$D:$D,MATCH(K2&L2,'_courses_lookup'!$E:$E,0)),"") | AG2: =IF(AND(AE2<>"",AF2<>""),ROUNDUP((AF2-AE2)/7,0),"") | AI2: =IFERROR(IF(AG2*AH2=0,"",AG2*AH2),"") | AL2: =IF(AND(AJ2<>"",AK2<>""),ROUNDUP((AK2-AJ2)/7,0),"") | AN2: =IFERROR(IF(AL2*AM2=0,"",AL2*AM2),"") | AQ2: =IF(AND(AO2<>"",AP2<>""),ROUNDUP((AP2-AO2)/7,0),"") | AR2: =IFERROR(IF((AU2-(AI2+AN2))/AQ2=0,"",ROUNDUP((AU2-(AI2+AN2))/AQ2,0)),"") | AS2: =IFERROR(IF((AU2-(AI2+AN2))=0,"",(AU2-(AI2+AN2))),"") | AT2: =IF(AND(AG2="",AQ2=""),AL2,IF(SUM(AG2,AL2,AQ2)=0,"",SUM(AG2,AL2,AQ2))) | BG2: =IF(AD2="","",YEAR(AD2)+IF(MONTH(AD2)>=5,1,0)) | BH2: =IF(AD2="","",IF(AND(MONTH(AD2)=8,DAY(AD2)>=15),"Fall",IF(MONTH(AD2)>8,"Fall",IF(MONTH(AD2)=5,"Summer",IF(MONTH(AD2)=1,"Spring",""))))) | BK2: =IF($BJ2="","",IFERROR(INDEX(InstructorMap!$B:$B, MATCH($BJ2, InstructorMap!$A:$A, 0)),"")) | BL2: =IFERROR(INDEX('_names_lookup'!$C:$C,MATCH(BK2,'_names_lookup'!$A:$A,0)),"") | BM2: =IFERROR(INDEX('_names_lookup'!$B:$B,MATCH(BK2,'_names_lookup'!$A:$A,0)),"") | BS2: =IFERROR(IF(BR2*AA2=0,"",BR2*AA2),"")
O3: =IFERROR(INDEX('_courses_lookup'!$C:$C,MATCH(K3&L3,'_courses_lookup'!$E:$E,0)),"") | P3: =IFERROR(INDEX('_courses_lookup'!$D:$D,MATCH(K3&L3,'_courses_lookup'!$E:$E,0)),"") | AG3: =IF(AND(AE3<>"",AF3<>""),ROUNDUP((AF3-AE3)/7,0),"") | AI3: =IFERROR(IF(AG3*AH3=0,"",AG3*AH3),"") | AL3: =IF(AND(AJ3<>"",AK3<>""),ROUNDUP((AK3-AJ3)/7,0),"") | AN3: =IFERROR(IF(AL3*AM3=0,"",AL3*AM3),"") | AQ3: =IF(AND(AO3<>"",AP3<>""),ROUNDUP((AP3-AO3)/7,0),"") | AR3: =IFERROR(IF((AU3-(AI3+AN3))/AQ3=0,"",ROUNDUP((AU3-(AI3+AN3))/AQ3,0)),"") | AS3: =IFERROR(IF((AU3-(AI3+AN3))=0,"",(AU3-(AI3+AN3))),"") | AT3: =IF(AND(AG3="",AQ3=""),AL3,IF(SUM(AG3,AL3,AQ3)=0,"",SUM(AG3,AL3,AQ3))) | BG3: =IF(AD3="","",YEAR(AD3)+IF(MONTH(AD3)>=5,1,0)) | BH3: =IF(AD3="","",IF(AND(MONTH(AD3)=8,DAY(AD3)>=15),"Fall",IF(MONTH(AD3)>8,"Fall",IF(MONTH(AD3)=5,"Summer",IF(MONTH(AD3)=1,"Spring",""))))) | BK3: =IF($BJ3="","",IFERROR(INDEX(InstructorMap!$B:$B, MATCH($BJ3, InstructorMap!$A:$A, 0)),"")) | BL3: =IFERROR(INDEX('_names_lookup'!$C:$C,MATCH(BK3,'_names_lookup'!$A:$A,0)),"") | BM3: =IFERROR(INDEX('_names_lookup'!$B:$B,MATCH(BK3,'_names_lookup'!$A:$A,0)),"") | BS3: =IFERROR(IF(BR3*AA3=0,"",BR3*AA3),"")
O4: =IFERROR(INDEX('_courses_lookup'!$C:$C,MATCH(K4&L4,'_courses_lookup'!$E:$E,0)),"") | P4: =IFERROR(INDEX('_courses_lookup'!$D:$D,MATCH(K4&L4,'_courses_lookup'!$E:$E,0)),"") | AG4: =IF(AND(AE4<>"",AF4<>""),ROUNDUP((AF4-AE4)/7,0),"") | AI4: =IFERROR(IF(AG4*AH4=0,"",AG4*AH4),"") | AL4: =IF(AND(AJ4<>"",AK4<>""),ROUNDUP((AK4-AJ4)/7,0),"") | AN4: =IFERROR(IF(AL4*AM4=0,"",AL4*AM4),"") | AQ4: =IF(AND(AO4<>"",AP4<>""),ROUNDUP((AP4-AO4)/7,0),"") | AR4: =IFERROR(IF((AU4-(AI4+AN4))/AQ4=0,"",ROUNDUP((AU4-(AI4+AN4))/AQ4,0)),"") | AS4: =IFERROR(IF((AU4-(AI4+AN4))=0,"",(AU4-(AI4+AN4))),"") | AT4: =IF(AND(AG4="",AQ4=""),AL4,IF(SUM(AG4,AL4,AQ4)=0,"",SUM(AG4,AL4,AQ4))) | BG4: =IF(AD4="","",YEAR(AD4)+IF(MONTH(AD4)>=5,1,0)) | BH4: =IF(AD4="","",IF(AND(MONTH(AD4)=8,DAY(AD4)>=15),"Fall",IF(MONTH(AD4)>8,"Fall",IF(MONTH(AD4)=5,"Summer",IF(MONTH(AD4)=1,"Spring",""))))) | BK4: =IF($BJ4="","",IFERROR(INDEX(InstructorMap!$B:$B, MATCH($BJ4, InstructorMap!$A:$A, 0)),"")) | BL4: =IFERROR(INDEX('_names_lookup'!$C:$C,MATCH(BK4,'_names_lookup'!$A:$A,0)),"") | BM4: =IFERROR(INDEX('_names_lookup'!$B:$B,MATCH(BK4,'_names_lookup'!$A:$A,0)),"") | BS4: =IFERROR(IF(BR4*AA4=0,"",BR4*AA4),"")
O5: =IFERROR(INDEX('_courses_lookup'!$C:$C,MATCH(K5&L5,'_courses_lookup'!$E:$E,0)),"") | P5: =IFERROR(INDEX('_courses_lookup'!$D:$D,MATCH(K5&L5,'_courses_lookup'!$E:$E,0)),"") | AG5: =IF(AND(AE5<>"",AF5<>""),ROUNDUP((AF5-AE5)/7,0),"") | AI5: =IFERROR(IF(AG5*AH5=0,"",AG5*AH5),"") | AL5: =IF(AND(AJ5<>"",AK5<>""),ROUNDUP((AK5-AJ5)/7,0),"") | AN5: =IFERROR(IF(AL5*AM5=0,"",AL5*AM5),"") | AQ5: =IF(AND(AO5<>"",AP5<>""),ROUNDUP((AP5-AO5)/7,0),"") | AR5: =IFERROR(IF((AU5-(AI5+AN5))/AQ5=0,"",ROUNDUP((AU5-(AI5+AN5))/AQ5,0)),"") | AS5: =IFERROR(IF((AU5-(AI5+AN5))=0,"",(AU5-(AI5+AN5))),"") | AT5: =IF(AND(AG5="",AQ5=""),AL5,IF(SUM(AG5,AL5,AQ5)=0,"",SUM(AG5,AL5,AQ5))) | BG5: =IF(AD5="","",YEAR(AD5)+IF(MONTH(AD5)>=5,1,0)) | BH5: =IF(AD5="","",IF(AND(MONTH(AD5)=8,DAY(AD5)>=15),"Fall",IF(MONTH(AD5)>8,"Fall",IF(MONTH(AD5)=5,"Summer",IF(MONTH(AD5)=1,"Spring",""))))) | BK5: =IF($BJ5="","",IFERROR(INDEX(InstructorMap!$B:$B, MATCH($BJ5, InstructorMap!$A:$A, 0)),"")) | BL5: =IFERROR(INDEX('_names_lookup'!$C:$C,MATCH(BK5,'_names_lookup'!$A:$A,0)),"") | BM5: =IFERROR(INDEX('_names_lookup'!$B:$B,MATCH(BK5,'_names_lookup'!$A:$A,0)),"") | BS5: =IFERROR(IF(BR5*AA5=0,"",BR5*AA5),"")
O6: =IFERROR(INDEX('_courses_lookup'!$C:$C,MATCH(K6&L6,'_courses_lookup'!$E:$E,0)),"") | P6: =IFERROR(INDEX('_courses_lookup'!$D:$D,MATCH(K6&L6,'_courses_lookup'!$E:$E,0)),"") | AG6: =IF(AND(AE6<>"",AF6<>""),ROUNDUP((AF6-AE6)/7,0),"") | AI6: =IFERROR(IF(AG6*AH6=0,"",AG6*AH6),"") | AL6: =IF(AND(AJ6<>"",AK6<>""),ROUNDUP((AK6-AJ6)/7,0),"") | AN6: =IFERROR(IF(AL6*AM6=0,"",AL6*AM6),"") | AQ6: =IF(AND(AO6<>"",AP6<>""),ROUNDUP((AP6-AO6)/7,0),"") | AR6: =IFERROR(IF((AU6-(AI6+AN6))/AQ6=0,"",ROUNDUP((AU6-(AI6+AN6))/AQ6,0)),"") | AS6: =IFERROR(IF((AU6-(AI6+AN6))=0,"",(AU6-(AI6+AN6))),"") | AT6: =IF(AND(AG6="",AQ6=""),AL6,IF(SUM(AG6,AL6,AQ6)=0,"",SUM(AG6,AL6,AQ6))) | BG6: =IF(AD6="","",YEAR(AD6)+IF(MONTH(AD6)>=5,1,0)) | BH6: =IF(AD6="","",IF(AND(MONTH(AD6)=8,DAY(AD6)>=15),"Fall",IF(MONTH(AD6)>8,"Fall",IF(MONTH(AD6)=5,"Summer",IF(MONTH(AD6)=1,"Spring",""))))) | BK6: =IF($BJ6="","",IFERROR(INDEX(InstructorMap!$B:$B, MATCH($BJ6, InstructorMap!$A:$A, 0)),"")) | BL6: =IFERROR(INDEX('_names_lookup'!$C:$C,MATCH(BK6,'_names_lookup'!$A:$A,0)),"") | BM6: =IFERROR(INDEX('_names_lookup'!$B:$B,MATCH(BK6,'_names_lookup'!$A:$A,0)),"") | BS6: =IFERROR(IF(BR6*AA6=0,"",BR6*AA6),"")
O7: =IFERROR(INDEX('_courses_lookup'!$C:$C,MATCH(K7&L7,'_courses_lookup'!$E:$E,0)),"") | P7: =IFERROR(INDEX('_courses_lookup'!$D:$D,MATCH(K7&L7,'_courses_lookup'!$E:$E,0)),"") | AG7: =IF(AND(AE7<>"",AF7<>""),ROUNDUP((AF7-AE7)/7,0),"") | AI7: =IFERROR(IF(AG7*AH7=0,"",AG7*AH7),"") | AL7: =IF(AND(AJ7<>"",AK7<>""),ROUNDUP((AK7-AJ7)/7,0),"") | AN7: =IFERROR(IF(AL7*AM7=0,"",AL7*AM7),"") | AQ7: =IF(AND(AO7<>"",AP7<>""),ROUNDUP((AP7-AO7)/7,0),"") | AR7: =IFERROR(IF((AU7-(AI7+AN7))/AQ7=0,"",ROUNDUP((AU7-(AI7+AN7))/AQ7,0)),"") | AS7: =IFERROR(IF((AU7-(AI7+AN7))=0,"",(AU7-(AI7+AN7))),"") | AT7: =IF(AND(AG7="",AQ7=""),AL7,IF(SUM(AG7,AL7,AQ7)=0,"",SUM(AG7,AL7,AQ7))) | BG7: =IF(AD7="","",YEAR(AD7)+IF(MONTH(AD7)>=5,1,0)) | BH7: =IF(AD7="","",IF(AND(MONTH(AD7)=8,DAY(AD7)>=15),"Fall",IF(MONTH(AD7)>8,"Fall",IF(MONTH(AD7)=5,"Summer",IF(MONTH(AD7)=1,"Spring",""))))) | BK7: =IF($BJ7="","",IFERROR(INDEX(InstructorMap!$B:$B, MATCH($BJ7, InstructorMap!$A:$A, 0)),"")) | BL7: =IFERROR(INDEX('_names_lookup'!$C:$C,MATCH(BK7,'_names_lookup'!$A:$A,0)),"") | BM7: =IFERROR(INDEX('_names_lookup'!$B:$B,MATCH(BK7,'_names_lookup'!$A:$A,0)),"") | BS7: =IFERROR(IF(BR7*AA7=0,"",BR7*AA7),"")
O8: =IFERROR(INDEX('_courses_lookup'!$C:$C,MATCH(K8&L8,'_courses_lookup'!$E:$E,0)),"") | P8: =IFERROR(INDEX('_courses_lookup'!$D:$D,MATCH(K8&L8,'_courses_lookup'!$E:$E,0)),"") | AG8: =IF(AND(AE8<>"",AF8<>""),ROUNDUP((AF8-AE8)/7,0),"") | AI8: =IFERROR(IF(AG8*AH8=0,"",AG8*AH8),"") | AL8: =IF(AND(AJ8<>"",AK8<>""),ROUNDUP((AK8-AJ8)/7,0),"") | AN8: =IFERROR(IF(AL8*AM8=0,"",AL8*AM8),"") | AQ8: =IF(AND(AO8<>"",AP8<>""),ROUNDUP((AP8-AO8)/7,0),"") | AR8: =IFERROR(IF((AU8-(AI8+AN8))/AQ8=0,"",ROUNDUP((AU8-(AI8+AN8))/AQ8,0)),"") | AS8: =IFERROR(IF((AU8-(AI8+AN8))=0,"",(AU8-(AI8+AN8))),"") | AT8: =IF(AND(AG8="",AQ8=""),AL8,IF(SUM(AG8,AL8,AQ8)=0,"",SUM(AG8,AL8,AQ8))) | BG8: =IF(AD8="","",YEAR(AD8)+IF(MONTH(AD8)>=5,1,0)) | BH8: =IF(AD8="","",IF(AND(MONTH(AD8)=8,DAY(AD8)>=15),"Fall",IF(MONTH(AD8)>8,"Fall",IF(MONTH(AD8)=5,"Summer",IF(MONTH(AD8)=1,"Spring",""))))) | BL8: =IFERROR(INDEX('_names_lookup'!$C:$C,MATCH(BK8,'_names_lookup'!$A:$A,0)),"") | BM8: =IFERROR(INDEX('_names_lookup'!$B:$B,MATCH(BK8,'_names_lookup'!$A:$A,0)),"") | BS8: =IFERROR(IF(BR8*AA8=0,"",BR8*AA8),"")
O9: =IFERROR(INDEX('_courses_lookup'!$C:$C,MATCH(K9&L9,'_courses_lookup'!$E:$E,0)),"") | P9: =IFERROR(INDEX('_courses_lookup'!$D:$D,MATCH(K9&L9,'_courses_lookup'!$E:$E,0)),"") | AG9: =IF(AND(AE9<>"",AF9<>""),ROUNDUP((AF9-AE9)/7,0),"") | AI9: =IFERROR(IF(AG9*AH9=0,"",AG9*AH9),"") | AL9: =IF(AND(AJ9<>"",AK9<>""),ROUNDUP((AK9-AJ9)/7,0),"") | AN9: =IFERROR(IF(AL9*AM9=0,"",AL9*AM9),"") | AQ9: =IF(AND(AO9<>"",AP9<>""),ROUNDUP((AP9-AO9)/7,0),"") | AR9: =IFERROR(IF((AU9-(AI9+AN9))/AQ9=0,"",ROUNDUP((AU9-(AI9+AN9))/AQ9,0)),"") | AS9: =IFERROR(IF((AU9-(AI9+AN9))=0,"",(AU9-(AI9+AN9))),"") | AT9: =IF(AND(AG9="",AQ9=""),AL9,IF(SUM(AG9,AL9,AQ9)=0,"",SUM(AG9,AL9,AQ9))) | BG9: =IF(AD9="","",YEAR(AD9)+IF(MONTH(AD9)>=5,1,0)) | BH9: =IF(AD9="","",IF(AND(MONTH(AD9)=8,DAY(AD9)>=15),"Fall",IF(MONTH(AD9)>8,"Fall",IF(MONTH(AD9)=5,"Summer",IF(MONTH(AD9)=1,"Spring",""))))) | BL9: =IFERROR(INDEX('_names_lookup'!$C:$C,MATCH(BK9,'_names_lookup'!$A:$A,0)),"") | BM9: =IFERROR(INDEX('_names_lookup'!$B:$B,MATCH(BK9,'_names_lookup'!$A:$A,0)),"") | BS9: =IFERROR(IF(BR9*AA9=0,"",BR9*AA9),"")
O10: =IFERROR(INDEX('_courses_lookup'!$C:$C,MATCH(K10&L10,'_courses_lookup'!$E:$E,0)),"") | P10: =IFERROR(INDEX('_courses_lookup'!$D:$D,MATCH(K10&L10,'_courses_lookup'!$E:$E,0)),"") | AG10: =IF(AND(AE10<>"",AF10<>""),ROUNDUP((AF10-AE10)/7,0),"") | AI10: =IFERROR(IF(AG10*AH10=0,"",AG10*AH10),"") | AL10: =IF(AND(AJ10<>"",AK10<>""),ROUNDUP((AK10-AJ10)/7,0),"") | AN10: =IFERROR(IF(AL10*AM10=0,"",AL10*AM10),"") | AQ10: =IF(AND(AO10<>"",AP10<>""),ROUNDUP((AP10-AO10)/7,0),"") | AR10: =IFERROR(IF((AU10-(AI10+AN10))/AQ10=0,"",ROUNDUP((AU10-(AI10+AN10))/AQ10,0)),"") | AS10: =IFERROR(IF((AU10-(AI10+AN10))=0,"",(AU10-(AI10+AN10))),"") | AT10: =IF(AND(AG10="",AQ10=""),AL10,IF(SUM(AG10,AL10,AQ10)=0,"",SUM(AG10,AL10,AQ10))) | BG10: =IF(AD10="","",YEAR(AD10)+IF(MONTH(AD10)>=5,1,0)) | BH10: =IF(AD10="","",IF(AND(MONTH(AD10)=8,DAY(AD10)>=15),"Fall",IF(MONTH(AD10)>8,"Fall",IF(MONTH(AD10)=5,"Summer",IF(MONTH(AD10)=1,"Spring",""))))) | BL10: =IFERROR(INDEX('_names_lookup'!$C:$C,MATCH(BK10,'_names_lookup'!$A:$A,0)),"") | BM10: =IFERROR(INDEX('_names_lookup'!$B:$B,MATCH(BK10,'_names_lookup'!$A:$A,0)),"") | BS10: =IFERROR(IF(BR10*AA10=0,"",BR10*AA10),"")
O11: =IFERROR(INDEX('_courses_lookup'!$C:$C,MATCH(K11&L11,'_courses_lookup'!$E:$E,0)),"") | P11: =IFERROR(INDEX('_courses_lookup'!$D:$D,MATCH(K11&L11,'_courses_lookup'!$E:$E,0)),"") | AG11: =IF(AND(AE11<>"",AF11<>""),ROUNDUP((AF11-AE11)/7,0),"") | AI11: =IFERROR(IF(AG11*AH11=0,"",AG11*AH11),"") | AL11: =IF(AND(AJ11<>"",AK11<>""),ROUNDUP((AK11-AJ11)/7,0),"") | AN11: =IFERROR(IF(AL11*AM11=0,"",AL11*AM11),"") | AQ11: =IF(AND(AO11<>"",AP11<>""),ROUNDUP((AP11-AO11)/7,0),"") | AR11: =IFERROR(IF((AU11-(AI11+AN11))/AQ11=0,"",ROUNDUP((AU11-(AI11+AN11))/AQ11,0)),"") | AS11: =IFERROR(IF((AU11-(AI11+AN11))=0,"",(AU11-(AI11+AN11))),"") | AT11: =IF(AND(AG11="",AQ11=""),AL11,IF(SUM(AG11,AL11,AQ11)=0,"",SUM(AG11,AL11,AQ11))) | BG11: =IF(AD11="","",YEAR(AD11)+IF(MONTH(AD11)>=5,1,0)) | BH11: =IF(AD11="","",IF(AND(MONTH(AD11)=8,DAY(AD11)>=15),"Fall",IF(MONTH(AD11)>8,"Fall",IF(MONTH(AD11)=5,"Summer",IF(MONTH(AD11)=1,"Spring",""))))) | BL11: =IFERROR(INDEX('_names_lookup'!$C:$C,MATCH(BK11,'_names_lookup'!$A:$A,0)),"") | BM11: =IFERROR(INDEX('_names_lookup'!$B:$B,MATCH(BK11,'_names_lookup'!$A:$A,0)),"") | BS11: =IFERROR(IF(BR11*AA11=0,"",BR11*AA11),"")
O12: =IFERROR(INDEX('_courses_lookup'!$C:$C,MATCH(K12&L12,'_courses_lookup'!$E:$E,0)),"") | P12: =IFERROR(INDEX('_courses_lookup'!$D:$D,MATCH(K12&L12,'_courses_lookup'!$E:$E,0)),"") | AG12: =IF(AND(AE12<>"",AF12<>""),ROUNDUP((AF12-AE12)/7,0),"") | AI12: =IFERROR(IF(AG12*AH12=0,"",AG12*AH12),"") | AL12: =IF(AND(AJ12<>"",AK12<>""),ROUNDUP((AK12-AJ12)/7,0),"") | AN12: =IFERROR(IF(AL12*AM12=0,"",AL12*AM12),"") | AQ12: =IF(AND(AO12<>"",AP12<>""),ROUNDUP((AP12-AO12)/7,0),"") | AR12: =IFERROR(IF((AU12-(AI12+AN12))/AQ12=0,"",ROUNDUP((AU12-(AI12+AN12))/AQ12,0)),"") | AS12: =IFERROR(IF((AU12-(AI12+AN12))=0,"",(AU12-(AI12+AN12))),"") | AT12: =IF(AND(AG12="",AQ12=""),AL12,IF(SUM(AG12,AL12,AQ12)=0,"",SUM(AG12,AL12,AQ12))) | BG12: =IF(AD12="","",YEAR(AD12)+IF(MONTH(AD12)>=5,1,0)) | BH12: =IF(AD12="","",IF(AND(MONTH(AD12)=8,DAY(AD12)>=15),"Fall",IF(MONTH(AD12)>8,"Fall",IF(MONTH(AD12)=5,"Summer",IF(MONTH(AD12)=1,"Spring",""))))) | BL12: =IFERROR(INDEX('_names_lookup'!$C:$C,MATCH(BK12,'_names_lookup'!$A:$A,0)),"") | BM12: =IFERROR(INDEX('_names_lookup'!$B:$B,MATCH(BK12,'_names_lookup'!$A:$A,0)),"") | BS12: =IFERROR(IF(BR12*AA12=0,"",BR12*AA12),"")
O13: =IFERROR(INDEX('_courses_lookup'!$C:$C,MATCH(K13&L13,'_courses_lookup'!$E:$E,0)),"") | P13: =IFERROR(INDEX('_courses_lookup'!$D:$D,MATCH(K13&L13,'_courses_lookup'!$E:$E,0)),"") | AG13: =IF(AND(AE13<>"",AF13<>""),ROUNDUP((AF13-AE13)/7,0),"") | AI13: =IFERROR(IF(AG13*AH13=0,"",AG13*AH13),"") | AL13: =IF(AND(AJ13<>"",AK13<>""),ROUNDUP((AK13-AJ13)/7,0),"") | AN13: =IFERROR(IF(AL13*AM13=0,"",AL13*AM13),"") | AQ13: =IF(AND(AO13<>"",AP13<>""),ROUNDUP((AP13-AO13)/7,0),"") | AR13: =IFERROR(IF((AU13-(AI13+AN13))/AQ13=0,"",ROUNDUP((AU13-(AI13+AN13))/AQ13,0)),"") | AS13: =IFERROR(IF((AU13-(AI13+AN13))=0,"",(AU13-(AI13+AN13))),"") | AT13: =IF(AND(AG13="",AQ13=""),AL13,IF(SUM(AG13,AL13,AQ13)=0,"",SUM(AG13,AL13,AQ13))) | BG13: =IF(AD13="","",YEAR(AD13)+IF(MONTH(AD13)>=5,1,0)) | BH13: =IF(AD13="","",IF(AND(MONTH(AD13)=8,DAY(AD13)>=15),"Fall",IF(MONTH(AD13)>8,"Fall",IF(MONTH(AD13)=5,"Summer",IF(MONTH(AD13)=1,"Spring",""))))) | BL13: =IFERROR(INDEX('_names_lookup'!$C:$C,MATCH(BK13,'_names_lookup'!$A:$A,0)),"") | BM13: =IFERROR(INDEX('_names_lookup'!$B:$B,MATCH(BK13,'_names_lookup'!$A:$A,0)),"") | BS13: =IFERROR(IF(BR13*AA13=0,"",BR13*AA13),"")
O14: =IFERROR(INDEX('_courses_lookup'!$C:$C,MATCH(K14&L14,'_courses_lookup'!$E:$E,0)),"") | P14: =IFERROR(INDEX('_courses_lookup'!$D:$D,MATCH(K14&L14,'_courses_lookup'!$E:$E,0)),"") | AG14: =IF(AND(AE14<>"",AF14<>""),ROUNDUP((AF14-AE14)/7,0),"") | AI14: =IFERROR(IF(AG14*AH14=0,"",AG14*AH14),"") | AL14: =IF(AND(AJ14<>"",AK14<>""),ROUNDUP((AK14-AJ14)/7,0),"") | AN14: =IFERROR(IF(AL14*AM14=0,"",AL14*AM14),"") | AQ14: =IF(AND(AO14<>"",AP14<>""),ROUNDUP((AP14-AO14)/7,0),"") | AR14: =IFERROR(IF((AU14-(AI14+AN14))/AQ14=0,"",ROUNDUP((AU14-(AI14+AN14))/AQ14,0)),"") | AS14: =IFERROR(IF((AU14-(AI14+AN14))=0,"",(AU14-(AI14+AN14))),"") | AT14: =IF(AND(AG14="",AQ14=""),AL14,IF(SUM(AG14,AL14,AQ14)=0,"",SUM(AG14,AL14,AQ14))) | BG14: =IF(AD14="","",YEAR(AD14)+IF(MONTH(AD14)>=5,1,0)) | BH14: =IF(AD14="","",IF(AND(MONTH(AD14)=8,DAY(AD14)>=15),"Fall",IF(MONTH(AD14)>8,"Fall",IF(MONTH(AD14)=5,"Summer",IF(MONTH(AD14)=1,"Spring",""))))) | BL14: =IFERROR(INDEX('_names_lookup'!$C:$C,MATCH(BK14,'_names_lookup'!$A:$A,0)),"") | BM14: =IFERROR(INDEX('_names_lookup'!$B:$B,MATCH(BK14,'_names_lookup'!$A:$A,0)),"") | BS14: =IFERROR(IF(BR14*AA14=0,"",BR14*AA14),"")
O15: =IFERROR(INDEX('_courses_lookup'!$C:$C,MATCH(K15&L15,'_courses_lookup'!$E:$E,0)),"") | P15: =IFERROR(INDEX('_courses_lookup'!$D:$D,MATCH(K15&L15,'_courses_lookup'!$E:$E,0)),"") | AG15: =IF(AND(AE15<>"",AF15<>""),ROUNDUP((AF15-AE15)/7,0),"") | AI15: =IFERROR(IF(AG15*AH15=0,"",AG15*AH15),"") | AL15: =IF(AND(AJ15<>"",AK15<>""),ROUNDUP((AK15-AJ15)/7,0),"") | AN15: =IFERROR(IF(AL15*AM15=0,"",AL15*AM15),"") | AQ15: =IF(AND(AO15<>"",AP15<>""),ROUNDUP((AP15-AO15)/7,0),"") | AR15: =IFERROR(IF((AU15-(AI15+AN15))/AQ15=0,"",ROUNDUP((AU15-(AI15+AN15))/AQ15,0)),"") | AS15: =IFERROR(IF((AU15-(AI15+AN15))=0,"",(AU15-(AI15+AN15))),"") | AT15: =IF(AND(AG15="",AQ15=""),AL15,IF(SUM(AG15,AL15,AQ15)=0,"",SUM(AG15,AL15,AQ15))) | BG15: =IF(AD15="","",YEAR(AD15)+IF(MONTH(AD15)>=5,1,0)) | BH15: =IF(AD15="","",IF(AND(MONTH(AD15)=8,DAY(AD15)>=15),"Fall",IF(MONTH(AD15)>8,"Fall",IF(MONTH(AD15)=5,"Summer",IF(MONTH(AD15)=1,"Spring",""))))) | BL15: =IFERROR(INDEX('_names_lookup'!$C:$C,MATCH(BK15,'_names_lookup'!$A:$A,0)),"") | BM15: =IFERROR(INDEX('_names_lookup'!$B:$B,MATCH(BK15,'_names_lookup'!$A:$A,0)),"") | BS15: =IFERROR(IF(BR15*AA15=0,"",BR15*AA15),"")
O16: =IFERROR(INDEX('_courses_lookup'!$C:$C,MATCH(K16&L16,'_courses_lookup'!$E:$E,0)),"") | P16: =IFERROR(INDEX('_courses_lookup'!$D:$D,MATCH(K16&L16,'_courses_lookup'!$E:$E,0)),"") | AG16: =IF(AND(AE16<>"",AF16<>""),ROUNDUP((AF16-AE16)/7,0),"") | AI16: =IFERROR(IF(AG16*AH16=0,"",AG16*AH16),"") | AL16: =IF(AND(AJ16<>"",AK16<>""),ROUNDUP((AK16-AJ16)/7,0),"") | AN16: =IFERROR(IF(AL16*AM16=0,"",AL16*AM16),"") | AQ16: =IF(AND(AO16<>"",AP16<>""),ROUNDUP((AP16-AO16)/7,0),"") | AR16: =IFERROR(IF((AU16-(AI16+AN16))/AQ16=0,"",ROUNDUP((AU16-(AI16+AN16))/AQ16,0)),"") | AS16: =IFERROR(IF((AU16-(AI16+AN16))=0,"",(AU16-(AI16+AN16))),"") | AT16: =IF(AND(AG16="",AQ16=""),AL16,IF(SUM(AG16,AL16,AQ16)=0,"",SUM(AG16,AL16,AQ16))) | BG16: =IF(AD16="","",YEAR(AD16)+IF(MONTH(AD16)>=5,1,0)) | BH16: =IF(AD16="","",IF(AND(MONTH(AD16)=8,DAY(AD16)>=15),"Fall",IF(MONTH(AD16)>8,"Fall",IF(MONTH(AD16)=5,"Summer",IF(MONTH(AD16)=1,"Spring",""))))) | BL16: =IFERROR(INDEX('_names_lookup'!$C:$C,MATCH(BK16,'_names_lookup'!$A:$A,0)),"") | BM16: =IFERROR(INDEX('_names_lookup'!$B:$B,MATCH(BK16,'_names_lookup'!$A:$A,0)),"") | BS16: =IFERROR(IF(BR16*AA16=0,"",BR16*AA16),"")
O17: =IFERROR(INDEX('_courses_lookup'!$C:$C,MATCH(K17&L17,'_courses_lookup'!$E:$E,0)),"") | P17: =IFERROR(INDEX('_courses_lookup'!$D:$D,MATCH(K17&L17,'_courses_lookup'!$E:$E,0)),"") | AG17: =IF(AND(AE17<>"",AF17<>""),ROUNDUP((AF17-AE17)/7,0),"") | AI17: =IFERROR(IF(AG17*AH17=0,"",AG17*AH17),"") | AL17: =IF(AND(AJ17<>"",AK17<>""),ROUNDUP((AK17-AJ17)/7,0),"") | AN17: =IFERROR(IF(AL17*AM17=0,"",AL17*AM17),"") | AQ17: =IF(AND(AO17<>"",AP17<>""),ROUNDUP((AP17-AO17)/7,0),"") | AR17: =IFERROR(IF((AU17-(AI17+AN17))/AQ17=0,"",ROUNDUP((AU17-(AI17+AN17))/AQ17,0)),"") | AS17: =IFERROR(IF((AU17-(AI17+AN17))=0,"",(AU17-(AI17+AN17))),"") | AT17: =IF(AND(AG17="",AQ17=""),AL17,IF(SUM(AG17,AL17,AQ17)=0,"",SUM(AG17,AL17,AQ17))) | BG17: =IF(AD17="","",YEAR(AD17)+IF(MONTH(AD17)>=5,1,0)) | BH17: =IF(AD17="","",IF(AND(MONTH(AD17)=8,DAY(AD17)>=15),"Fall",IF(MONTH(AD17)>8,"Fall",IF(MONTH(AD17)=5,"Summer",IF(MONTH(AD17)=1,"Spring",""))))) | BL17: =IFERROR(INDEX('_names_lookup'!$C:$C,MATCH(BK17,'_names_lookup'!$A:$A,0)),"") | BM17: =IFERROR(INDEX('_names_lookup'!$B:$B,MATCH(BK17,'_names_lookup'!$A:$A,0)),"") | BS17: =IFERROR(IF(BR17*AA17=0,"",BR17*AA17),"")
O18: =IFERROR(INDEX('_courses_lookup'!$C:$C,MATCH(K18&L18,'_courses_lookup'!$E:$E,0)),"") | P18: =IFERROR(INDEX('_courses_lookup'!$D:$D,MATCH(K18&L18,'_courses_lookup'!$E:$E,0)),"") | AG18: =IF(AND(AE18<>"",AF18<>""),ROUNDUP((AF18-AE18)/7,0),"") | AI18: =IFERROR(IF(AG18*AH18=0,"",AG18*AH18),"") | AL18: =IF(AND(AJ18<>"",AK18<>""),ROUNDUP((AK18-AJ18)/7,0),"") | AN18: =IFERROR(IF(AL18*AM18=0,"",AL18*AM18),"") | AQ18: =IF(AND(AO18<>"",AP18<>""),ROUNDUP((AP18-AO18)/7,0),"") | AR18: =IFERROR(IF((AU18-(AI18+AN18))/AQ18=0,"",ROUNDUP((AU18-(AI18+AN18))/AQ18,0)),"") | AS18: =IFERROR(IF((AU18-(AI18+AN18))=0,"",(AU18-(AI18+AN18))),"") | AT18: =IF(AND(AG18="",AQ18=""),AL18,IF(SUM(AG18,AL18,AQ18)=0,"",SUM(AG18,AL18,AQ18))) | BG18: =IF(AD18="","",YEAR(AD18)+IF(MONTH(AD18)>=5,1,0)) | BH18: =IF(AD18="","",IF(AND(MONTH(AD18)=8,DAY(AD18)>=15),"Fall",IF(MONTH(AD18)>8,"Fall",IF(MONTH(AD18)=5,"Summer",IF(MONTH(AD18)=1,"Spring",""))))) | BL18: =IFERROR(INDEX('_names_lookup'!$C:$C,MATCH(BK18,'_names_lookup'!$A:$A,0)),"") | BM18: =IFERROR(INDEX('_names_lookup'!$B:$B,MATCH(BK18,'_names_lookup'!$A:$A,0)),"") | BS18: =IFERROR(IF(BR18*AA18=0,"",BR18*AA18),"")
O19: =IFERROR(INDEX('_courses_lookup'!$C:$C,MATCH(K19&L19,'_courses_lookup'!$E:$E,0)),"") | P19: =IFERROR(INDEX('_courses_lookup'!$D:$D,MATCH(K19&L19,'_courses_lookup'!$E:$E,0)),"") | AG19: =IF(AND(AE19<>"",AF19<>""),ROUNDUP((AF19-AE19)/7,0),"") | AI19: =IFERROR(IF(AG19*AH19=0,"",AG19*AH19),"") | AL19: =IF(AND(AJ19<>"",AK19<>""),ROUNDUP((AK19-AJ19)/7,0),"") | AN19: =IFERROR(IF(AL19*AM19=0,"",AL19*AM19),"") | AQ19: =IF(AND(AO19<>"",AP19<>""),ROUNDUP((AP19-AO19)/7,0),"") | AR19: =IFERROR(IF((AU19-(AI19+AN19))/AQ19=0,"",ROUNDUP((AU19-(AI19+AN19))/AQ19,0)),"") | AS19: =IFERROR(IF((AU19-(AI19+AN19))=0,"",(AU19-(AI19+AN19))),"") | AT19: =IF(AND(AG19="",AQ19=""),AL19,IF(SUM(AG19,AL19,AQ19)=0,"",SUM(AG19,AL19,AQ19))) | BG19: =IF(AD19="","",YEAR(AD19)+IF(MONTH(AD19)>=5,1,0)) | BH19: =IF(AD19="","",IF(AND(MONTH(AD19)=8,DAY(AD19)>=15),"Fall",IF(MONTH(AD19)>8,"Fall",IF(MONTH(AD19)=5,"Summer",IF(MONTH(AD19)=1,"Spring",""))))) | BL19: =IFERROR(INDEX('_names_lookup'!$C:$C,MATCH(BK19,'_names_lookup'!$A:$A,0)),"") | BM19: =IFERROR(INDEX('_names_lookup'!$B:$B,MATCH(BK19,'_names_lookup'!$A:$A,0)),"") | BS19: =IFERROR(IF(BR19*AA19=0,"",BR19*AA19),"")
... O300: =IFERROR(INDEX('_courses_lookup'!$C:$C,MATCH(K300&L300,'_courses_lookup'!$E:$E,0)),"") | P300: =IFERROR(INDEX('_courses_lookup'!$D:$D,MATCH(K300&L300,'_courses_lookup'!$E:$E,0)),"") | AG300: =IF(AND(AE300<>"",AF300<>""),ROUNDUP((AF300-AE300)/7,0),"") | AI300: =IFERROR(IF(AG300*AH300=0,"",AG300*AH300),"") | AL300: =IF(AND(AJ300<>"",AK300<>""),ROUNDUP((AK300-AJ300)/7,0),"") | AN300: =IFERROR(IF(AL300*AM300=0,"",AL300*AM300),"") | AQ300: =IF(AND(AO300<>"",AP300<>""),ROUNDUP((AP300-AO300)/7,0),"") | AR300: =IFERROR(IF((AU300-(AI300+AN300))/AQ300=0,"",ROUNDUP((AU300-(AI300+AN300))/AQ300,0)),"") | AS300: =IFERROR(IF((AU300-(AI300+AN300))=0,"",(AU300-(AI300+AN300))),"") | AT300: =IF(AND(AG300="",AQ300=""),AL300,IF(SUM(AG300,AL300,AQ300)=0,"",SUM(AG300,AL300,AQ300))) | BG300: =IF(AD300="","",YEAR(AD300)+IF(MONTH(AD300)>=5,1,0)) | BH300: =IF(AD300="","",IF(AND(MONTH(AD300)=8,DAY(AD300)>=15),"Fall",IF(MONTH(AD300)>8,"Fall",IF(MONTH(AD300)=5,"Summer",IF(MONTH(AD300)=1,"Spring",""))))) | BL300: =IFERROR(INDEX('_names_lookup'!$C:$C,MATCH(BK300,'_names_lookup'!$A:$A,0)),"") | BM300: =IFERROR(INDEX('_names_lookup'!$B:$B,MATCH(BK300,'_names_lookup'!$A:$A,0)),"") | BS300: =IFERROR(IF(BR300*AA300=0,"",BR300*AA300),"")

Sheet MDivHISP_MAPmENGL_MAPmHISP
A1: Don {not in Banner} | B1: Mismatching {not in Banner} | C1: Dept/Prog Admin {not in Banner} | D1: Mona {not in Banner} | E1: Karen {not in Banner} | F1: DONE {not in Banner} | G1: Notes {not in Banner} | H1: CRN sorted {not in Banner} | I1: CRN | J1: Attribute {not in Banner} | K1: Subject | L1: Course Number {Crse Num} | M1: Course Section {Seq Crse Num} | N1: Program {not in Banner} | O1: Catalog Title | P1: Section Title | Q1: Crosslist Details {not in Banner} | R1: X Lst | S1: Campus {Ssasect Campus} | T1: Campus Restriction {Camp Restr CC} | U1: Schedule Type {not in Banner} | V1: Instruction Method {Inst Method} | W1: Level {Level SC} | X1: Part-Of-Term | Y1: Credit Catalog {Cat Crs} | Z1: Credits {Sect Crs} | AA1: Faculty Load / Contract Credits {not in Banner} | AB1: Enrollment Cap {Max Enrl} | AC1: Meeting Type | AD1: Semester Start Date {Soaterm Start Date} | AE1: Pre-work Start Date {not in Banner} | AF1: Pre-work End Date {not in Banner} | AG1: pre-work # of weeks {not in Banner} | AH1: pre-work hours/week {not in Banner} | AI1: pre-work hours/period {not in Banner} | AJ1: Intensive Period Start Date {Meet Start Date} | AK1: Intensive Period End Date {Meet End Date} | AL1: intensive # of weeks {not in Banner} | AM1: intensive hours/week {not in Banner} | AN1: intensive hours/period {not in Banner} | AO1: Post-work Start Date {not in Banner} | AP1: Post-work End Date {not in Banner} | AQ1: post-work # of weeks {not in Banner} | AR1: post-work hours/week {not in Banner} | AS1: post-work hours/period {not in Banner} | AT1: sum of weeks (for check) {not in Banner} | AU1: total contract hours {not in Banner} | AV1: Semester End Date {Soaterm End Date} | AW1: Course Beginning Time {Meet Beg Time} | AX1: Course Ending Time {Meet End Time} | AY1: SUN | AZ1: MON | BA1: TUE | BB1: WED | BC1: THU | BD1: FRI | BE1: SAT | BF1: Weeks | BG1: Fiscal Year {not in Banner} | BH1: Semester {not in Banner} | BI1: Room {Meet Room} | BJ1: Building {Meet Bldg} | BK1: Instructor Name {Instr Name} | BL1: Instructor Email {Instr Email} | BM1: Instructor ID {Instr ID} | BN1: Remote Employee {not in Banner} | BO1: % Responsibility | BP1: load/contract {not in Banner} | BQ1: Reason for Contract {not in Banner} | BR1: costs per credit {not in Banner} | BS1: total costs {not in Banner} | BT1: dept budget {not in Banner} | BU1: account to be charged {not in Banner} | BV1: SEM Department {Scacrse Dept} | BW1: dean email | BX1: VP finance email | BY1: HR email | BZ1: Fee Amount {Fees Amt} | CA1: Fee Code {Detl Code} | CB1: Fee Type | CC1: Fee Level | CD1: Fee Ind | CE1: Fee Term | CF1: Activity Date | CG1: Status | CH1: Bill Hrs | CI1: Sect Sch Type | CJ1: Prerequisites {Preq Areas} | CK1: Link Ind | CL1: Integration Code | CM1: Link Conn | CN1: Crs Attr | CO1: Comments | CP1: Major Restr | CQ1: Scacrse College | CR1: Enrolled | CS1: Waitlist Capacity | CT1: Primary Ind | CU1: Override | CV1: 1st Date Reg Opens | CW1: Last Date Reg Opens | CX1: OL Range From Date | CY1: OL Range To Date | CZ1: OL Numb Units | DA1: OL Duration Code | DB1: Grade Mode | DC1: Gradable Ind | DD1: Tuit Waiver | DE1: Course Override {Meet Override} | DF1: Lvl Res Ind | DG1: Cmp Res Ind | DH1: Rate Code | DI1: Cohort Code | DJ1: St Attr Code | DK1: Coll SC | DL1: DegC SC | DM1: Prog SC | DN1: FOS Type | DO1: Special Approval {Special Apvl} | DP1: Term Code | DQ1: Camp SC
O2: =IFERROR(INDEX('_courses_lookup'!$C:$C,MATCH(K2&L2,'_courses_lookup'!$E:$E,0)),"") | P2: =IFERROR(INDEX('_courses_lookup'!$D:$D,MATCH(K2&L2,'_courses_lookup'!$E:$E,0)),"") | AG2: =IF(AND(AE2<>"",AF2<>""),ROUNDUP((AF2-AE2)/7,0),"") | AI2: =IFERROR(IF(AG2*AH2=0,"",AG2*AH2),"") | AL2: =IF(AND(AJ2<>"",AK2<>""),ROUNDUP((AK2-AJ2)/7,0),"") | AN2: =IFERROR(IF(AL2*AM2=0,"",AL2*AM2),"") | AQ2: =IF(AND(AO2<>"",AP2<>""),ROUNDUP((AP2-AO2)/7,0),"") | AR2: =IFERROR(IF((AU2-(AI2+AN2))/AQ2=0,"",ROUNDUP((AU2-(AI2+AN2))/AQ2,0)),"") | AS2: =IFERROR(IF((AU2-(AI2+AN2))=0,"",(AU2-(AI2+AN2))),"") | AT2: =IF(AND(AG2="",AQ2=""),AL2,IF(SUM(AG2,AL2,AQ2)=0,"",SUM(AG2,AL2,AQ2))) | BG2: =IF(AD2="","",YEAR(AD2)+IF(MONTH(AD2)>=5,1,0)) | BH2: =IF(AD2="","",IF(AND(MONTH(AD2)=8,DAY(AD2)>=15),"Fall",IF(MONTH(AD2)>8,"Fall",IF(MONTH(AD2)=5,"Summer",IF(MONTH(AD2)=1,"Spring",""))))) | BK2: =IF($BJ2="","",IFERROR(INDEX(InstructorMap!$B:$B, MATCH($BJ2, InstructorMap!$A:$A, 0)),"")) | BL2: =IFERROR(INDEX('_names_lookup'!$C:$C,MATCH(BK2,'_names_lookup'!$A:$A,0)),"") | BM2: =IFERROR(INDEX('_names_lookup'!$B:$B,MATCH(BK2,'_names_lookup'!$A:$A,0)),"") | BS2: =IFERROR(IF(BR2*AA2=0,"",BR2*AA2),"")
O3: =IFERROR(INDEX('_courses_lookup'!$C:$C,MATCH(K3&L3,'_courses_lookup'!$E:$E,0)),"") | P3: =IFERROR(INDEX('_courses_lookup'!$D:$D,MATCH(K3&L3,'_courses_lookup'!$E:$E,0)),"") | AG3: =IF(AND(AE3<>"",AF3<>""),ROUNDUP((AF3-AE3)/7,0),"") | AI3: =IFERROR(IF(AG3*AH3=0,"",AG3*AH3),"") | AL3: =IF(AND(AJ3<>"",AK3<>""),ROUNDUP((AK3-AJ3)/7,0),"") | AN3: =IFERROR(IF(AL3*AM3=0,"",AL3*AM3),"") | AQ3: =IF(AND(AO3<>"",AP3<>""),ROUNDUP((AP3-AO3)/7,0),"") | AR3: =IFERROR(IF((AU3-(AI3+AN3))/AQ3=0,"",ROUNDUP((AU3-(AI3+AN3))/AQ3,0)),"") | AS3: =IFERROR(IF((AU3-(AI3+AN3))=0,"",(AU3-(AI3+AN3))),"") | AT3: =IF(AND(AG3="",AQ3=""),AL3,IF(SUM(AG3,AL3,AQ3)=0,"",SUM(AG3,AL3,AQ3))) | BG3: =IF(AD3="","",YEAR(AD3)+IF(MONTH(AD3)>=5,1,0)) | BH3: =IF(AD3="","",IF(AND(MONTH(AD3)=8,DAY(AD3)>=15),"Fall",IF(MONTH(AD3)>8,"Fall",IF(MONTH(AD3)=5,"Summer",IF(MONTH(AD3)=1,"Spring",""))))) | BK3: =IF($BJ3="","",IFERROR(INDEX(InstructorMap!$B:$B, MATCH($BJ3, InstructorMap!$A:$A, 0)),"")) | BL3: =IFERROR(INDEX('_names_lookup'!$C:$C,MATCH(BK3,'_names_lookup'!$A:$A,0)),"") | BM3: =IFERROR(INDEX('_names_lookup'!$B:$B,MATCH(BK3,'_names_lookup'!$A:$A,0)),"") | BS3: =IFERROR(IF(BR3*AA3=0,"",BR3*AA3),"")
O4: =IFERROR(INDEX('_courses_lookup'!$C:$C,MATCH(K4&L4,'_courses_lookup'!$E:$E,0)),"") | P4: =IFERROR(INDEX('_courses_lookup'!$D:$D,MATCH(K4&L4,'_courses_lookup'!$E:$E,0)),"") | AG4: =IF(AND(AE4<>"",AF4<>""),ROUNDUP((AF4-AE4)/7,0),"") | AI4: =IFERROR(IF(AG4*AH4=0,"",AG4*AH4),"") | AL4: =IF(AND(AJ4<>"",AK4<>""),ROUNDUP((AK4-AJ4)/7,0),"") | AN4: =IFERROR(IF(AL4*AM4=0,"",AL4*AM4),"") | AQ4: =IF(AND(AO4<>"",AP4<>""),ROUNDUP((AP4-AO4)/7,0),"") | AR4: =IFERROR(IF((AU4-(AI4+AN4))/AQ4=0,"",ROUNDUP((AU4-(AI4+AN4))/AQ4,0)),"") | AS4: =IFERROR(IF((AU4-(AI4+AN4))=0,"",(AU4-(AI4+AN4))),"") | AT4: =IF(AND(AG4="",AQ4=""),AL4,IF(SUM(AG4,AL4,AQ4)=0,"",SUM(AG4,AL4,AQ4))) | BG4: =IF(AD4="","",YEAR(AD4)+IF(MONTH(AD4)>=5,1,0)) | BH4: =IF(AD4="","",IF(AND(MONTH(AD4)=8,DAY(AD4)>=15),"Fall",IF(MONTH(AD4)>8,"Fall",IF(MONTH(AD4)=5,"Summer",IF(MONTH(AD4)=1,"Spring",""))))) | BK4: =IF($BJ4="","",IFERROR(INDEX(InstructorMap!$B:$B, MATCH($BJ4, InstructorMap!$A:$A, 0)),"")) | BL4: =IFERROR(INDEX('_names_lookup'!$C:$C,MATCH(BK4,'_names_lookup'!$A:$A,0)),"") | BM4: =IFERROR(INDEX('_names_lookup'!$B:$B,MATCH(BK4,'_names_lookup'!$A:$A,0)),"") | BS4: =IFERROR(IF(BR4*AA4=0,"",BR4*AA4),"")
O5: =IFERROR(INDEX('_courses_lookup'!$C:$C,MATCH(K5&L5,'_courses_lookup'!$E:$E,0)),"") | P5: =IFERROR(INDEX('_courses_lookup'!$D:$D,MATCH(K5&L5,'_courses_lookup'!$E:$E,0)),"") | AG5: =IF(AND(AE5<>"",AF5<>""),ROUNDUP((AF5-AE5)/7,0),"") | AI5: =IFERROR(IF(AG5*AH5=0,"",AG5*AH5),"") | AL5: =IF(AND(AJ5<>"",AK5<>""),ROUNDUP((AK5-AJ5)/7,0),"") | AN5: =IFERROR(IF(AL5*AM5=0,"",AL5*AM5),"") | AQ5: =IF(AND(AO5<>"",AP5<>""),ROUNDUP((AP5-AO5)/7,0),"") | AR5: =IFERROR(IF((AU5-(AI5+AN5))/AQ5=0,"",ROUNDUP((AU5-(AI5+AN5))/AQ5,0)),"") | AS5: =IFERROR(IF((AU5-(AI5+AN5))=0,"",(AU5-(AI5+AN5))),"") | AT5: =IF(AND(AG5="",AQ5=""),AL5,IF(SUM(AG5,AL5,AQ5)=0,"",SUM(AG5,AL5,AQ5))) | BG5: =IF(AD5="","",YEAR(AD5)+IF(MONTH(AD5)>=5,1,0)) | BH5: =IF(AD5="","",IF(AND(MONTH(AD5)=8,DAY(AD5)>=15),"Fall",IF(MONTH(AD5)>8,"Fall",IF(MONTH(AD5)=5,"Summer",IF(MONTH(AD5)=1,"Spring",""))))) | BK5: =IF($BJ5="","",IFERROR(INDEX(InstructorMap!$B:$B, MATCH($BJ5, InstructorMap!$A:$A, 0)),"")) | BL5: =IFERROR(INDEX('_names_lookup'!$C:$C,MATCH(BK5,'_names_lookup'!$A:$A,0)),"") | BM5: =IFERROR(INDEX('_names_lookup'!$B:$B,MATCH(BK5,'_names_lookup'!$A:$A,0)),"") | BS5: =IFERROR(IF(BR5*AA5=0,"",BR5*AA5),"")
O6: =IFERROR(INDEX('_courses_lookup'!$C:$C,MATCH(K6&L6,'_courses_lookup'!$E:$E,0)),"") | P6: =IFERROR(INDEX('_courses_lookup'!$D:$D,MATCH(K6&L6,'_courses_lookup'!$E:$E,0)),"") | AG6: =IF(AND(AE6<>"",AF6<>""),ROUNDUP((AF6-AE6)/7,0),"") | AI6: =IFERROR(IF(AG6*AH6=0,"",AG6*AH6),"") | AL6: =IF(AND(AJ6<>"",AK6<>""),ROUNDUP((AK6-AJ6)/7,0),"") | AN6: =IFERROR(IF(AL6*AM6=0,"",AL6*AM6),"") | AQ6: =IF(AND(AO6<>"",AP6<>""),ROUNDUP((AP6-AO6)/7,0),"") | AR6: =IFERROR(IF((AU6-(AI6+AN6))/AQ6=0,"",ROUNDUP((AU6-(AI6+AN6))/AQ6,0)),"") | AS6: =IFERROR(IF((AU6-(AI6+AN6))=0,"",(AU6-(AI6+AN6))),"") | AT6: =IF(AND(AG6="",AQ6=""),AL6,IF(SUM(AG6,AL6,AQ6)=0,"",SUM(AG6,AL6,AQ6))) | BG6: =IF(AD6="","",YEAR(AD6)+IF(MONTH(AD6)>=5,1,0)) | BH6: =IF(AD6="","",IF(AND(MONTH(AD6)=8,DAY(AD6)>=15),"Fall",IF(MONTH(AD6)>8,"Fall",IF(MONTH(AD6)=5,"Summer",IF(MONTH(AD6)=1,"Spring",""))))) | BK6: =IF($BJ6="","",IFERROR(INDEX(InstructorMap!$B:$B, MATCH($BJ6, InstructorMap!$A:$A, 0)),"")) | BL6: =IFERROR(INDEX('_names_lookup'!$C:$C,MATCH(BK6,'_names_lookup'!$A:$A,0)),"") | BM6: =IFERROR(INDEX('_names_lookup'!$B:$B,MATCH(BK6,'_names_lookup'!$A:$A,0)),"") | BS6: =IFERROR(IF(BR6*AA6=0,"",BR6*AA6),"")
O7: =IFERROR(INDEX('_courses_lookup'!$C:$C,MATCH(K7&L7,'_courses_lookup'!$E:$E,0)),"") | P7: =IFERROR(INDEX('_courses_lookup'!$D:$D,MATCH(K7&L7,'_courses_lookup'!$E:$E,0)),"") | AG7: =IF(AND(AE7<>"",AF7<>""),ROUNDUP((AF7-AE7)/7,0),"") | AI7: =IFERROR(IF(AG7*AH7=0,"",AG7*AH7),"") | AL7: =IF(AND(AJ7<>"",AK7<>""),ROUNDUP((AK7-AJ7)/7,0),"") | AN7: =IFERROR(IF(AL7*AM7=0,"",AL7*AM7),"") | AQ7: =IF(AND(AO7<>"",AP7<>""),ROUNDUP((AP7-AO7)/7,0),"") | AR7: =IFERROR(IF((AU7-(AI7+AN7))/AQ7=0,"",ROUNDUP((AU7-(AI7+AN7))/AQ7,0)),"") | AS7: =IFERROR(IF((AU7-(AI7+AN7))=0,"",(AU7-(AI7+AN7))),"") | AT7: =IF(AND(AG7="",AQ7=""),AL7,IF(SUM(AG7,AL7,AQ7)=0,"",SUM(AG7,AL7,AQ7))) | BG7: =IF(AD7="","",YEAR(AD7)+IF(MONTH(AD7)>=5,1,0)) | BH7: =IF(AD7="","",IF(AND(MONTH(AD7)=8,DAY(AD7)>=15),"Fall",IF(MONTH(AD7)>8,"Fall",IF(MONTH(AD7)=5,"Summer",IF(MONTH(AD7)=1,"Spring",""))))) | BK7: =IF($BJ7="","",IFERROR(INDEX(InstructorMap!$B:$B, MATCH($BJ7, InstructorMap!$A:$A, 0)),"")) | BL7: =IFERROR(INDEX('_names_lookup'!$C:$C,MATCH(BK7,'_names_lookup'!$A:$A,0)),"") | BM7: =IFERROR(INDEX('_names_lookup'!$B:$B,MATCH(BK7,'_names_lookup'!$A:$A,0)),"") | BS7: =IFERROR(IF(BR7*AA7=0,"",BR7*AA7),"")
O8: =IFERROR(INDEX('_courses_lookup'!$C:$C,MATCH(K8&L8,'_courses_lookup'!$E:$E,0)),"") | P8: =IFERROR(INDEX('_courses_lookup'!$D:$D,MATCH(K8&L8,'_courses_lookup'!$E:$E,0)),"") | AG8: =IF(AND(AE8<>"",AF8<>""),ROUNDUP((AF8-AE8)/7,0),"") | AI8: =IFERROR(IF(AG8*AH8=0,"",AG8*AH8),"") | AL8: =IF(AND(AJ8<>"",AK8<>""),ROUNDUP((AK8-AJ8)/7,0),"") | AN8: =IFERROR(IF(AL8*AM8=0,"",AL8*AM8),"") | AQ8: =IF(AND(AO8<>"",AP8<>""),ROUNDUP((AP8-AO8)/7,0),"") | AR8: =IFERROR(IF((AU8-(AI8+AN8))/AQ8=0,"",ROUNDUP((AU8-(AI8+AN8))/AQ8,0)),"") | AS8: =IFERROR(IF((AU8-(AI8+AN8))=0,"",(AU8-(AI8+AN8))),"") | AT8: =IF(AND(AG8="",AQ8=""),AL8,IF(SUM(AG8,AL8,AQ8)=0,"",SUM(AG8,AL8,AQ8))) | BG8: =IF(AD8="","",YEAR(AD8)+IF(MONTH(AD8)>=5,1,0)) | BH8: =IF(AD8="","",IF(AND(MONTH(AD8)=8,DAY(AD8)>=15),"Fall",IF(MONTH(AD8)>8,"Fall",IF(MONTH(AD8)=5,"Summer",IF(MONTH(AD8)=1,"Spring",""))))) | BK8: =IF($BJ8="","",IFERROR(INDEX(InstructorMap!$B:$B, MATCH($BJ8, InstructorMap!$A:$A, 0)),"")) | BL8: =IFERROR(INDEX('_names_lookup'!$C:$C,MATCH(BK8,'_names_lookup'!$A:$A,0)),"") | BM8: =IFERROR(INDEX('_names_lookup'!$B:$B,MATCH(BK8,'_names_lookup'!$A:$A,0)),"") | BS8: =IFERROR(IF(BR8*AA8=0,"",BR8*AA8),"")
O9: =IFERROR(INDEX('_courses_lookup'!$C:$C,MATCH(K9&L9,'_courses_lookup'!$E:$E,0)),"") | P9: =IFERROR(INDEX('_courses_lookup'!$D:$D,MATCH(K9&L9,'_courses_lookup'!$E:$E,0)),"") | AG9: =IF(AND(AE9<>"",AF9<>""),ROUNDUP((AF9-AE9)/7,0),"") | AI9: =IFERROR(IF(AG9*AH9=0,"",AG9*AH9),"") | AL9: =IF(AND(AJ9<>"",AK9<>""),ROUNDUP((AK9-AJ9)/7,0),"") | AN9: =IFERROR(IF(AL9*AM9=0,"",AL9*AM9),"") | AQ9: =IF(AND(AO9<>"",AP9<>""),ROUNDUP((AP9-AO9)/7,0),"") | AR9: =IFERROR(IF((AU9-(AI9+AN9))/AQ9=0,"",ROUNDUP((AU9-(AI9+AN9))/AQ9,0)),"") | AS9: =IFERROR(IF((AU9-(AI9+AN9))=0,"",(AU9-(AI9+AN9))),"") | AT9: =IF(AND(AG9="",AQ9=""),AL9,IF(SUM(AG9,AL9,AQ9)=0,"",SUM(AG9,AL9,AQ9))) | BG9: =IF(AD9="","",YEAR(AD9)+IF(MONTH(AD9)>=5,1,0)) | BH9: =IF(AD9="","",IF(AND(MONTH(AD9)=8,DAY(AD9)>=15),"Fall",IF(MONTH(AD9)>8,"Fall",IF(MONTH(AD9)=5,"Summer",IF(MONTH(AD9)=1,"Spring",""))))) | BK9: =IF($BJ9="","",IFERROR(INDEX(InstructorMap!$B:$B, MATCH($BJ9, InstructorMap!$A:$A, 0)),"")) | BL9: =IFERROR(INDEX('_names_lookup'!$C:$C,MATCH(BK9,'_names_lookup'!$A:$A,0)),"") | BM9: =IFERROR(INDEX('_names_lookup'!$B:$B,MATCH(BK9,'_names_lookup'!$A:$A,0)),"") | BS9: =IFERROR(IF(BR9*AA9=0,"",BR9*AA9),"")
O10: =IFERROR(INDEX('_courses_lookup'!$C:$C,MATCH(K10&L10,'_courses_lookup'!$E:$E,0)),"") | P10: =IFERROR(INDEX('_courses_lookup'!$D:$D,MATCH(K10&L10,'_courses_lookup'!$E:$E,0)),"") | AG10: =IF(AND(AE10<>"",AF10<>""),ROUNDUP((AF10-AE10)/7,0),"") | AI10: =IFERROR(IF(AG10*AH10=0,"",AG10*AH10),"") | AL10: =IF(AND(AJ10<>"",AK10<>""),ROUNDUP((AK10-AJ10)/7,0),"") | AN10: =IFERROR(IF(AL10*AM10=0,"",AL10*AM10),"") | AQ10: =IF(AND(AO10<>"",AP10<>""),ROUNDUP((AP10-AO10)/7,0),"") | AR10: =IFERROR(IF((AU10-(AI10+AN10))/AQ10=0,"",ROUNDUP((AU10-(AI10+AN10))/AQ10,0)),"") | AS10: =IFERROR(IF((AU10-(AI10+AN10))=0,"",(AU10-(AI10+AN10))),"") | AT10: =IF(AND(AG10="",AQ10=""),AL10,IF(SUM(AG10,AL10,AQ10)=0,"",SUM(AG10,AL10,AQ10))) | BG10: =IF(AD10="","",YEAR(AD10)+IF(MONTH(AD10)>=5,1,0)) | BH10: =IF(AD10="","",IF(AND(MONTH(AD10)=8,DAY(AD10)>=15),"Fall",IF(MONTH(AD10)>8,"Fall",IF(MONTH(AD10)=5,"Summer",IF(MONTH(AD10)=1,"Spring",""))))) | BK10: =IF($BJ10="","",IFERROR(INDEX(InstructorMap!$B:$B, MATCH($BJ10, InstructorMap!$A:$A, 0)),"")) | BL10: =IFERROR(INDEX('_names_lookup'!$C:$C,MATCH(BK10,'_names_lookup'!$A:$A,0)),"") | BM10: =IFERROR(INDEX('_names_lookup'!$B:$B,MATCH(BK10,'_names_lookup'!$A:$A,0)),"") | BS10: =IFERROR(IF(BR10*AA10=0,"",BR10*AA10),"")
O11: =IFERROR(INDEX('_courses_lookup'!$C:$C,MATCH(K11&L11,'_courses_lookup'!$E:$E,0)),"") | P11: =IFERROR(INDEX('_courses_lookup'!$D:$D,MATCH(K11&L11,'_courses_lookup'!$E:$E,0)),"") | AG11: =IF(AND(AE11<>"",AF11<>""),ROUNDUP((AF11-AE11)/7,0),"") | AI11: =IFERROR(IF(AG11*AH11=0,"",AG11*AH11),"") | AL11: =IF(AND(AJ11<>"",AK11<>""),ROUNDUP((AK11-AJ11)/7,0),"") | AN11: =IFERROR(IF(AL11*AM11=0,"",AL11*AM11),"") | AQ11: =IF(AND(AO11<>"",AP11<>""),ROUNDUP((AP11-AO11)/7,0),"") | AR11: =IFERROR(IF((AU11-(AI11+AN11))/AQ11=0,"",ROUNDUP((AU11-(AI11+AN11))/AQ11,0)),"") | AS11: =IFERROR(IF((AU11-(AI11+AN11))=0,"",(AU11-(AI11+AN11))),"") | AT11: =IF(AND(AG11="",AQ11=""),AL11,IF(SUM(AG11,AL11,AQ11)=0,"",SUM(AG11,AL11,AQ11))) | BG11: =IF(AD11="","",YEAR(AD11)+IF(MONTH(AD11)>=5,1,0)) | BH11: =IF(AD11="","",IF(AND(MONTH(AD11)=8,DAY(AD11)>=15),"Fall",IF(MONTH(AD11)>8,"Fall",IF(MONTH(AD11)=5,"Summer",IF(MONTH(AD11)=1,"Spring",""))))) | BK11: =IF($BJ11="","",IFERROR(INDEX(InstructorMap!$B:$B, MATCH($BJ11, InstructorMap!$A:$A, 0)),"")) | BL11: =IFERROR(INDEX('_names_lookup'!$C:$C,MATCH(BK11,'_names_lookup'!$A:$A,0)),"") | BM11: =IFERROR(INDEX('_names_lookup'!$B:$B,MATCH(BK11,'_names_lookup'!$A:$A,0)),"") | BS11: =IFERROR(IF(BR11*AA11=0,"",BR11*AA11),"")
O12: =IFERROR(INDEX('_courses_lookup'!$C:$C,MATCH(K12&L12,'_courses_lookup'!$E:$E,0)),"") | P12: =IFERROR(INDEX('_courses_lookup'!$D:$D,MATCH(K12&L12,'_courses_lookup'!$E:$E,0)),"") | AG12: =IF(AND(AE12<>"",AF12<>""),ROUNDUP((AF12-AE12)/7,0),"") | AI12: =IFERROR(IF(AG12*AH12=0,"",AG12*AH12),"") | AL12: =IF(AND(AJ12<>"",AK12<>""),ROUNDUP((AK12-AJ12)/7,0),"") | AN12: =IFERROR(IF(AL12*AM12=0,"",AL12*AM12),"") | AQ12: =IF(AND(AO12<>"",AP12<>""),ROUNDUP((AP12-AO12)/7,0),"") | AR12: =IFERROR(IF((AU12-(AI12+AN12))/AQ12=0,"",ROUNDUP((AU12-(AI12+AN12))/AQ12,0)),"") | AS12: =IFERROR(IF((AU12-(AI12+AN12))=0,"",(AU12-(AI12+AN12))),"") | AT12: =IF(AND(AG12="",AQ12=""),AL12,IF(SUM(AG12,AL12,AQ12)=0,"",SUM(AG12,AL12,AQ12))) | BG12: =IF(AD12="","",YEAR(AD12)+IF(MONTH(AD12)>=5,1,0)) | BH12: =IF(AD12="","",IF(AND(MONTH(AD12)=8,DAY(AD12)>=15),"Fall",IF(MONTH(AD12)>8,"Fall",IF(MONTH(AD12)=5,"Summer",IF(MONTH(AD12)=1,"Spring",""))))) | BK12: =IF($BJ12="","",IFERROR(INDEX(InstructorMap!$B:$B, MATCH($BJ12, InstructorMap!$A:$A, 0)),"")) | BL12: =IFERROR(INDEX('_names_lookup'!$C:$C,MATCH(BK12,'_names_lookup'!$A:$A,0)),"") | BM12: =IFERROR(INDEX('_names_lookup'!$B:$B,MATCH(BK12,'_names_lookup'!$A:$A,0)),"") | BS12: =IFERROR(IF(BR12*AA12=0,"",BR12*AA12),"")
O13: =IFERROR(INDEX('_courses_lookup'!$C:$C,MATCH(K13&L13,'_courses_lookup'!$E:$E,0)),"") | P13: =IFERROR(INDEX('_courses_lookup'!$D:$D,MATCH(K13&L13,'_courses_lookup'!$E:$E,0)),"") | AG13: =IF(AND(AE13<>"",AF13<>""),ROUNDUP((AF13-AE13)/7,0),"") | AI13: =IFERROR(IF(AG13*AH13=0,"",AG13*AH13),"") | AL13: =IF(AND(AJ13<>"",AK13<>""),ROUNDUP((AK13-AJ13)/7,0),"") | AN13: =IFERROR(IF(AL13*AM13=0,"",AL13*AM13),"") | AQ13: =IF(AND(AO13<>"",AP13<>""),ROUNDUP((AP13-AO13)/7,0),"") | AR13: =IFERROR(IF((AU13-(AI13+AN13))/AQ13=0,"",ROUNDUP((AU13-(AI13+AN13))/AQ13,0)),"") | AS13: =IFERROR(IF((AU13-(AI13+AN13))=0,"",(AU13-(AI13+AN13))),"") | AT13: =IF(AND(AG13="",AQ13=""),AL13,IF(SUM(AG13,AL13,AQ13)=0,"",SUM(AG13,AL13,AQ13))) | BG13: =IF(AD13="","",YEAR(AD13)+IF(MONTH(AD13)>=5,1,0)) | BH13: =IF(AD13="","",IF(AND(MONTH(AD13)=8,DAY(AD13)>=15),"Fall",IF(MONTH(AD13)>8,"Fall",IF(MONTH(AD13)=5,"Summer",IF(MONTH(AD13)=1,"Spring",""))))) | BK13: =IF($BJ13="","",IFERROR(INDEX(InstructorMap!$B:$B, MATCH($BJ13, InstructorMap!$A:$A, 0)),"")) | BL13: =IFERROR(INDEX('_names_lookup'!$C:$C,MATCH(BK13,'_names_lookup'!$A:$A,0)),"") | BM13: =IFERROR(INDEX('_names_lookup'!$B:$B,MATCH(BK13,'_names_lookup'!$A:$A,0)),"") | BS13: =IFERROR(IF(BR13*AA13=0,"",BR13*AA13),"")
... O40: =IFERROR(INDEX('_courses_lookup'!$C:$C,MATCH(K40&L40,'_courses_lookup'!$E:$E,0)),"") | P40: =IFERROR(INDEX('_courses_lookup'!$D:$D,MATCH(K40&L40,'_courses_lookup'!$E:$E,0)),"") | AG40: =IF(AND(AE40<>"",AF40<>""),ROUNDUP((AF40-AE40)/7,0),"") | AI40: =IFERROR(IF(AG40*AH40=0,"",AG40*AH40),"") | AL40: =IF(AND(AJ40<>"",AK40<>""),ROUNDUP((AK40-AJ40)/7,0),"") | AN40: =IFERROR(IF(AL40*AM40=0,"",AL40*AM40),"") | AQ40: =IF(AND(AO40<>"",AP40<>""),ROUNDUP((AP40-AO40)/7,0),"") | AR40: =IFERROR(IF((AU40-(AI40+AN40))/AQ40=0,"",ROUNDUP((AU40-(AI40+AN40))/AQ40,0)),"") | AS40: =IFERROR(IF((AU40-(AI40+AN40))=0,"",(AU40-(AI40+AN40))),"") | AT40: =IF(AND(AG40="",AQ40=""),AL40,IF(SUM(AG40,AL40,AQ40)=0,"",SUM(AG40,AL40,AQ40))) | BG40: =IF(AD40="","",YEAR(AD40)+IF(MONTH(AD40)>=5,1,0)) | BH40: =IF(AD40="","",IF(AND(MONTH(AD40)=8,DAY(AD40)>=15),"Fall",IF(MONTH(AD40)>8,"Fall",IF(MONTH(AD40)=5,"Summer",IF(MONTH(AD40)=1,"Spring",""))))) | BK40: =IF($BJ40="","",IFERROR(INDEX(InstructorMap!$B:$B, MATCH($BJ40, InstructorMap!$A:$A, 0)),"")) | BL40: =IFERROR(INDEX('_names_lookup'!$C:$C,MATCH(BK40,'_names_lookup'!$A:$A,0)),"") | BM40: =IFERROR(INDEX('_names_lookup'!$B:$B,MATCH(BK40,'_names_lookup'!$A:$A,0)),"") | BS40: =IFERROR(IF(BR40*AA40=0,"",BR40*AA40),"")
O41: =IFERROR(INDEX('_courses_lookup'!$C:$C,MATCH(K41&L41,'_courses_lookup'!$E:$E,0)),"") | P41: =IFERROR(INDEX('_courses_lookup'!$D:$D,MATCH(K41&L41,'_courses_lookup'!$E:$E,0)),"") | AG41: =IF(AND(AE41<>"",AF41<>""),ROUNDUP((AF41-AE41)/7,0),"") | AI41: =IFERROR(IF(AG41*AH41=0,"",AG41*AH41),"") | AL41: =IF(AND(AJ41<>"",AK41<>""),ROUNDUP((AK41-AJ41)/7,0),"") | AN41: =IFERROR(IF(AL41*AM41=0,"",AL41*AM41),"") | AQ41: =IF(AND(AO41<>"",AP41<>""),ROUNDUP((AP41-AO41)/7,0),"") | AR41: =IFERROR(IF((AU41-(AI41+AN41))/AQ41=0,"",ROUNDUP((AU41-(AI41+AN41))/AQ41,0)),"") | AS41: =IFERROR(IF((AU41-(AI41+AN41))=0,"",(AU41-(AI41+AN41))),"") | AT41: =IF(AND(AG41="",AQ41=""),AL41,IF(SUM(AG41,AL41,AQ41)=0,"",SUM(AG41,AL41,AQ41))) | BG41: =IF(AD41="","",YEAR(AD41)+IF(MONTH(AD41)>=5,1,0)) | BH41: =IF(AD41="","",IF(AND(MONTH(AD41)=8,DAY(AD41)>=15),"Fall",IF(MONTH(AD41)>8,"Fall",IF(MONTH(AD41)=5,"Summer",IF(MONTH(AD41)=1,"Spring",""))))) | BL41: =IFERROR(INDEX('_names_lookup'!$C:$C,MATCH(BK41,'_names_lookup'!$A:$A,0)),"") | BM41: =IFERROR(INDEX('_names_lookup'!$B:$B,MATCH(BK41,'_names_lookup'!$A:$A,0)),"") | BS41: =IFERROR(IF(BR41*AA41=0,"",BR41*AA41),"")
O42: =IFERROR(INDEX('_courses_lookup'!$C:$C,MATCH(K42&L42,'_courses_lookup'!$E:$E,0)),"") | P42: =IFERROR(INDEX('_courses_lookup'!$D:$D,MATCH(K42&L42,'_courses_lookup'!$E:$E,0)),"") | AG42: =IF(AND(AE42<>"",AF42<>""),ROUNDUP((AF42-AE42)/7,0),"") | AI42: =IFERROR(IF(AG42*AH42=0,"",AG42*AH42),"") | AL42: =IF(AND(AJ42<>"",AK42<>""),ROUNDUP((AK42-AJ42)/7,0),"") | AN42: =IFERROR(IF(AL42*AM42=0,"",AL42*AM42),"") | AQ42: =IF(AND(AO42<>"",AP42<>""),ROUNDUP((AP42-AO42)/7,0),"") | AR42: =IFERROR(IF((AU42-(AI42+AN42))/AQ42=0,"",ROUNDUP((AU42-(AI42+AN42))/AQ42,0)),"") | AS42: =IFERROR(IF((AU42-(AI42+AN42))=0,"",(AU42-(AI42+AN42))),"") | AT42: =IF(AND(AG42="",AQ42=""),AL42,IF(SUM(AG42,AL42,AQ42)=0,"",SUM(AG42,AL42,AQ42))) | BG42: =IF(AD42="","",YEAR(AD42)+IF(MONTH(AD42)>=5,1,0)) | BH42: =IF(AD42="","",IF(AND(MONTH(AD42)=8,DAY(AD42)>=15),"Fall",IF(MONTH(AD42)>8,"Fall",IF(MONTH(AD42)=5,"Summer",IF(MONTH(AD42)=1,"Spring",""))))) | BL42: =IFERROR(INDEX('_names_lookup'!$C:$C,MATCH(BK42,'_names_lookup'!$A:$A,0)),"") | BM42: =IFERROR(INDEX('_names_lookup'!$B:$B,MATCH(BK42,'_names_lookup'!$A:$A,0)),"") | BS42: =IFERROR(IF(BR42*AA42=0,"",BR42*AA42),"")
O43: =IFERROR(INDEX('_courses_lookup'!$C:$C,MATCH(K43&L43,'_courses_lookup'!$E:$E,0)),"") | P43: =IFERROR(INDEX('_courses_lookup'!$D:$D,MATCH(K43&L43,'_courses_lookup'!$E:$E,0)),"") | AG43: =IF(AND(AE43<>"",AF43<>""),ROUNDUP((AF43-AE43)/7,0),"") | AI43: =IFERROR(IF(AG43*AH43=0,"",AG43*AH43),"") | AL43: =IF(AND(AJ43<>"",AK43<>""),ROUNDUP((AK43-AJ43)/7,0),"") | AN43: =IFERROR(IF(AL43*AM43=0,"",AL43*AM43),"") | AQ43: =IF(AND(AO43<>"",AP43<>""),ROUNDUP((AP43-AO43)/7,0),"") | AR43: =IFERROR(IF((AU43-(AI43+AN43))/AQ43=0,"",ROUNDUP((AU43-(AI43+AN43))/AQ43,0)),"") | AS43: =IFERROR(IF((AU43-(AI43+AN43))=0,"",(AU43-(AI43+AN43))),"") | AT43: =IF(AND(AG43="",AQ43=""),AL43,IF(SUM(AG43,AL43,AQ43)=0,"",SUM(AG43,AL43,AQ43))) | BG43: =IF(AD43="","",YEAR(AD43)+IF(MONTH(AD43)>=5,1,0)) | BH43: =IF(AD43="","",IF(AND(MONTH(AD43)=8,DAY(AD43)>=15),"Fall",IF(MONTH(AD43)>8,"Fall",IF(MONTH(AD43)=5,"Summer",IF(MONTH(AD43)=1,"Spring",""))))) | BL43: =IFERROR(INDEX('_names_lookup'!$C:$C,MATCH(BK43,'_names_lookup'!$A:$A,0)),"") | BM43: =IFERROR(INDEX('_names_lookup'!$B:$B,MATCH(BK43,'_names_lookup'!$A:$A,0)),"") | BS43: =IFERROR(IF(BR43*AA43=0,"",BR43*AA43),"")
O44: =IFERROR(INDEX('_courses_lookup'!$C:$C,MATCH(K44&L44,'_courses_lookup'!$E:$E,0)),"") | P44: =IFERROR(INDEX('_courses_lookup'!$D:$D,MATCH(K44&L44,'_courses_lookup'!$E:$E,0)),"") | AG44: =IF(AND(AE44<>"",AF44<>""),ROUNDUP((AF44-AE44)/7,0),"") | AI44: =IFERROR(IF(AG44*AH44=0,"",AG44*AH44),"") | AL44: =IF(AND(AJ44<>"",AK44<>""),ROUNDUP((AK44-AJ44)/7,0),"") | AN44: =IFERROR(IF(AL44*AM44=0,"",AL44*AM44),"") | AQ44: =IF(AND(AO44<>"",AP44<>""),ROUNDUP((AP44-AO44)/7,0),"") | AR44: =IFERROR(IF((AU44-(AI44+AN44))/AQ44=0,"",ROUNDUP((AU44-(AI44+AN44))/AQ44,0)),"") | AS44: =IFERROR(IF((AU44-(AI44+AN44))=0,"",(AU44-(AI44+AN44))),"") | AT44: =IF(AND(AG44="",AQ44=""),AL44,IF(SUM(AG44,AL44,AQ44)=0,"",SUM(AG44,AL44,AQ44))) | BG44: =IF(AD44="","",YEAR(AD44)+IF(MONTH(AD44)>=5,1,0)) | BH44: =IF(AD44="","",IF(AND(MONTH(AD44)=8,DAY(AD44)>=15),"Fall",IF(MONTH(AD44)>8,"Fall",IF(MONTH(AD44)=5,"Summer",IF(MONTH(AD44)=1,"Spring",""))))) | BL44: =IFERROR(INDEX('_names_lookup'!$C:$C,MATCH(BK44,'_names_lookup'!$A:$A,0)),"") | BM44: =IFERROR(INDEX('_names_lookup'!$B:$B,MATCH(BK44,'_names_lookup'!$A:$A,0)),"") | BS44: =IFERROR(IF(BR44*AA44=0,"",BR44*AA44),"")
O45: =IFERROR(INDEX('_courses_lookup'!$C:$C,MATCH(K45&L45,'_courses_lookup'!$E:$E,0)),"") | P45: =IFERROR(INDEX('_courses_lookup'!$D:$D,MATCH(K45&L45,'_courses_lookup'!$E:$E,0)),"") | AG45: =IF(AND(AE45<>"",AF45<>""),ROUNDUP((AF45-AE45)/7,0),"") | AI45: =IFERROR(IF(AG45*AH45=0,"",AG45*AH45),"") | AL45: =IF(AND(AJ45<>"",AK45<>""),ROUNDUP((AK45-AJ45)/7,0),"") | AN45: =IFERROR(IF(AL45*AM45=0,"",AL45*AM45),"") | AQ45: =IF(AND(AO45<>"",AP45<>""),ROUNDUP((AP45-AO45)/7,0),"") | AR45: =IFERROR(IF((AU45-(AI45+AN45))/AQ45=0,"",ROUNDUP((AU45-(AI45+AN45))/AQ45,0)),"") | AS45: =IFERROR(IF((AU45-(AI45+AN45))=0,"",(AU45-(AI45+AN45))),"") | AT45: =IF(AND(AG45="",AQ45=""),AL45,IF(SUM(AG45,AL45,AQ45)=0,"",SUM(AG45,AL45,AQ45))) | BG45: =IF(AD45="","",YEAR(AD45)+IF(MONTH(AD45)>=5,1,0)) | BH45: =IF(AD45="","",IF(AND(MONTH(AD45)=8,DAY(AD45)>=15),"Fall",IF(MONTH(AD45)>8,"Fall",IF(MONTH(AD45)=5,"Summer",IF(MONTH(AD45)=1,"Spring",""))))) | BL45: =IFERROR(INDEX('_names_lookup'!$C:$C,MATCH(BK45,'_names_lookup'!$A:$A,0)),"") | BM45: =IFERROR(INDEX('_names_lookup'!$B:$B,MATCH(BK45,'_names_lookup'!$A:$A,0)),"") | BS45: =IFERROR(IF(BR45*AA45=0,"",BR45*AA45),"")
O46: =IFERROR(INDEX('_courses_lookup'!$C:$C,MATCH(K46&L46,'_courses_lookup'!$E:$E,0)),"") | P46: =IFERROR(INDEX('_courses_lookup'!$D:$D,MATCH(K46&L46,'_courses_lookup'!$E:$E,0)),"") | AG46: =IF(AND(AE46<>"",AF46<>""),ROUNDUP((AF46-AE46)/7,0),"") | AI46: =IFERROR(IF(AG46*AH46=0,"",AG46*AH46),"") | AL46: =IF(AND(AJ46<>"",AK46<>""),ROUNDUP((AK46-AJ46)/7,0),"") | AN46: =IFERROR(IF(AL46*AM46=0,"",AL46*AM46),"") | AQ46: =IF(AND(AO46<>"",AP46<>""),ROUNDUP((AP46-AO46)/7,0),"") | AR46: =IFERROR(IF((AU46-(AI46+AN46))/AQ46=0,"",ROUNDUP((AU46-(AI46+AN46))/AQ46,0)),"") | AS46: =IFERROR(IF((AU46-(AI46+AN46))=0,"",(AU46-(AI46+AN46))),"") | AT46: =IF(AND(AG46="",AQ46=""),AL46,IF(SUM(AG46,AL46,AQ46)=0,"",SUM(AG46,AL46,AQ46))) | BG46: =IF(AD46="","",YEAR(AD46)+IF(MONTH(AD46)>=5,1,0)) | BH46: =IF(AD46="","",IF(AND(MONTH(AD46)=8,DAY(AD46)>=15),"Fall",IF(MONTH(AD46)>8,"Fall",IF(MONTH(AD46)=5,"Summer",IF(MONTH(AD46)=1,"Spring",""))))) | BL46: =IFERROR(INDEX('_names_lookup'!$C:$C,MATCH(BK46,'_names_lookup'!$A:$A,0)),"") | BM46: =IFERROR(INDEX('_names_lookup'!$B:$B,MATCH(BK46,'_names_lookup'!$A:$A,0)),"") | BS46: =IFERROR(IF(BR46*AA46=0,"",BR46*AA46),"")
O47: =IFERROR(INDEX('_courses_lookup'!$C:$C,MATCH(K47&L47,'_courses_lookup'!$E:$E,0)),"") | P47: =IFERROR(INDEX('_courses_lookup'!$D:$D,MATCH(K47&L47,'_courses_lookup'!$E:$E,0)),"") | AG47: =IF(AND(AE47<>"",AF47<>""),ROUNDUP((AF47-AE47)/7,0),"") | AI47: =IFERROR(IF(AG47*AH47=0,"",AG47*AH47),"") | AL47: =IF(AND(AJ47<>"",AK47<>""),ROUNDUP((AK47-AJ47)/7,0),"") | AN47: =IFERROR(IF(AL47*AM47=0,"",AL47*AM47),"") | AQ47: =IF(AND(AO47<>"",AP47<>""),ROUNDUP((AP47-AO47)/7,0),"") | AR47: =IFERROR(IF((AU47-(AI47+AN47))/AQ47=0,"",ROUNDUP((AU47-(AI47+AN47))/AQ47,0)),"") | AS47: =IFERROR(IF((AU47-(AI47+AN47))=0,"",(AU47-(AI47+AN47))),"") | AT47: =IF(AND(AG47="",AQ47=""),AL47,IF(SUM(AG47,AL47,AQ47)=0,"",SUM(AG47,AL47,AQ47))) | BG47: =IF(AD47="","",YEAR(AD47)+IF(MONTH(AD47)>=5,1,0)) | BH47: =IF(AD47="","",IF(AND(MONTH(AD47)=8,DAY(AD47)>=15),"Fall",IF(MONTH(AD47)>8,"Fall",IF(MONTH(AD47)=5,"Summer",IF(MONTH(AD47)=1,"Spring",""))))) | BL47: =IFERROR(INDEX('_names_lookup'!$C:$C,MATCH(BK47,'_names_lookup'!$A:$A,0)),"") | BM47: =IFERROR(INDEX('_names_lookup'!$B:$B,MATCH(BK47,'_names_lookup'!$A:$A,0)),"") | BS47: =IFERROR(IF(BR47*AA47=0,"",BR47*AA47),"")
O48: =IFERROR(INDEX('_courses_lookup'!$C:$C,MATCH(K48&L48,'_courses_lookup'!$E:$E,0)),"") | P48: =IFERROR(INDEX('_courses_lookup'!$D:$D,MATCH(K48&L48,'_courses_lookup'!$E:$E,0)),"") | AG48: =IF(AND(AE48<>"",AF48<>""),ROUNDUP((AF48-AE48)/7,0),"") | AI48: =IFERROR(IF(AG48*AH48=0,"",AG48*AH48),"") | AL48: =IF(AND(AJ48<>"",AK48<>""),ROUNDUP((AK48-AJ48)/7,0),"") | AN48: =IFERROR(IF(AL48*AM48=0,"",AL48*AM48),"") | AQ48: =IF(AND(AO48<>"",AP48<>""),ROUNDUP((AP48-AO48)/7,0),"") | AR48: =IFERROR(IF((AU48-(AI48+AN48))/AQ48=0,"",ROUNDUP((AU48-(AI48+AN48))/AQ48,0)),"") | AS48: =IFERROR(IF((AU48-(AI48+AN48))=0,"",(AU48-(AI48+AN48))),"") | AT48: =IF(AND(AG48="",AQ48=""),AL48,IF(SUM(AG48,AL48,AQ48)=0,"",SUM(AG48,AL48,AQ48))) | BG48: =IF(AD48="","",YEAR(AD48)+IF(MONTH(AD48)>=5,1,0)) | BH48: =IF(AD48="","",IF(AND(MONTH(AD48)=8,DAY(AD48)>=15),"Fall",IF(MONTH(AD48)>8,"Fall",IF(MONTH(AD48)=5,"Summer",IF(MONTH(AD48)=1,"Spring",""))))) | BL48: =IFERROR(INDEX('_names_lookup'!$C:$C,MATCH(BK48,'_names_lookup'!$A:$A,0)),"") | BM48: =IFERROR(INDEX('_names_lookup'!$B:$B,MATCH(BK48,'_names_lookup'!$A:$A,0)),"") | BS48: =IFERROR(IF(BR48*AA48=0,"",BR48*AA48),"")
O49: =IFERROR(INDEX('_courses_lookup'!$C:$C,MATCH(K49&L49,'_courses_lookup'!$E:$E,0)),"") | P49: =IFERROR(INDEX('_courses_lookup'!$D:$D,MATCH(K49&L49,'_courses_lookup'!$E:$E,0)),"") | AG49: =IF(AND(AE49<>"",AF49<>""),ROUNDUP((AF49-AE49)/7,0),"") | AI49: =IFERROR(IF(AG49*AH49=0,"",AG49*AH49),"") | AL49: =IF(AND(AJ49<>"",AK49<>""),ROUNDUP((AK49-AJ49)/7,0),"") | AN49: =IFERROR(IF(AL49*AM49=0,"",AL49*AM49),"") | AQ49: =IF(AND(AO49<>"",AP49<>""),ROUNDUP((AP49-AO49)/7,0),"") | AR49: =IFERROR(IF((AU49-(AI49+AN49))/AQ49=0,"",ROUNDUP((AU49-(AI49+AN49))/AQ49,0)),"") | AS49: =IFERROR(IF((AU49-(AI49+AN49))=0,"",(AU49-(AI49+AN49))),"") | AT49: =IF(AND(AG49="",AQ49=""),AL49,IF(SUM(AG49,AL49,AQ49)=0,"",SUM(AG49,AL49,AQ49))) | BG49: =IF(AD49="","",YEAR(AD49)+IF(MONTH(AD49)>=5,1,0)) | BH49: =IF(AD49="","",IF(AND(MONTH(AD49)=8,DAY(AD49)>=15),"Fall",IF(MONTH(AD49)>8,"Fall",IF(MONTH(AD49)=5,"Summer",IF(MONTH(AD49)=1,"Spring",""))))) | BL49: =IFERROR(INDEX('_names_lookup'!$C:$C,MATCH(BK49,'_names_lookup'!$A:$A,0)),"") | BM49: =IFERROR(INDEX('_names_lookup'!$B:$B,MATCH(BK49,'_names_lookup'!$A:$A,0)),"") | BS49: =IFERROR(IF(BR49*AA49=0,"",BR49*AA49),"")
O50: =IFERROR(INDEX('_courses_lookup'!$C:$C,MATCH(K50&L50,'_courses_lookup'!$E:$E,0)),"") | P50: =IFERROR(INDEX('_courses_lookup'!$D:$D,MATCH(K50&L50,'_courses_lookup'!$E:$E,0)),"") | AG50: =IF(AND(AE50<>"",AF50<>""),ROUNDUP((AF50-AE50)/7,0),"") | AI50: =IFERROR(IF(AG50*AH50=0,"",AG50*AH50),"") | AL50: =IF(AND(AJ50<>"",AK50<>""),ROUNDUP((AK50-AJ50)/7,0),"") | AN50: =IFERROR(IF(AL50*AM50=0,"",AL50*AM50),"") | AQ50: =IF(AND(AO50<>"",AP50<>""),ROUNDUP((AP50-AO50)/7,0),"") | AR50: =IFERROR(IF((AU50-(AI50+AN50))/AQ50=0,"",ROUNDUP((AU50-(AI50+AN50))/AQ50,0)),"") | AS50: =IFERROR(IF((AU50-(AI50+AN50))=0,"",(AU50-(AI50+AN50))),"") | AT50: =IF(AND(AG50="",AQ50=""),AL50,IF(SUM(AG50,AL50,AQ50)=0,"",SUM(AG50,AL50,AQ50))) | BG50: =IF(AD50="","",YEAR(AD50)+IF(MONTH(AD50)>=5,1,0)) | BH50: =IF(AD50="","",IF(AND(MONTH(AD50)=8,DAY(AD50)>=15),"Fall",IF(MONTH(AD50)>8,"Fall",IF(MONTH(AD50)=5,"Summer",IF(MONTH(AD50)=1,"Spring",""))))) | BL50: =IFERROR(INDEX('_names_lookup'!$C:$C,MATCH(BK50,'_names_lookup'!$A:$A,0)),"") | BM50: =IFERROR(INDEX('_names_lookup'!$B:$B,MATCH(BK50,'_names_lookup'!$A:$A,0)),"") | BS50: =IFERROR(IF(BR50*AA50=0,"",BR50*AA50),"")
O51: =IFERROR(INDEX('_courses_lookup'!$C:$C,MATCH(K51&L51,'_courses_lookup'!$E:$E,0)),"") | P51: =IFERROR(INDEX('_courses_lookup'!$D:$D,MATCH(K51&L51,'_courses_lookup'!$E:$E,0)),"") | AG51: =IF(AND(AE51<>"",AF51<>""),ROUNDUP((AF51-AE51)/7,0),"") | AI51: =IFERROR(IF(AG51*AH51=0,"",AG51*AH51),"") | AL51: =IF(AND(AJ51<>"",AK51<>""),ROUNDUP((AK51-AJ51)/7,0),"") | AN51: =IFERROR(IF(AL51*AM51=0,"",AL51*AM51),"") | AQ51: =IF(AND(AO51<>"",AP51<>""),ROUNDUP((AP51-AO51)/7,0),"") | AR51: =IFERROR(IF((AU51-(AI51+AN51))/AQ51=0,"",ROUNDUP((AU51-(AI51+AN51))/AQ51,0)),"") | AS51: =IFERROR(IF((AU51-(AI51+AN51))=0,"",(AU51-(AI51+AN51))),"") | AT51: =IF(AND(AG51="",AQ51=""),AL51,IF(SUM(AG51,AL51,AQ51)=0,"",SUM(AG51,AL51,AQ51))) | BG51: =IF(AD51="","",YEAR(AD51)+IF(MONTH(AD51)>=5,1,0)) | BH51: =IF(AD51="","",IF(AND(MONTH(AD51)=8,DAY(AD51)>=15),"Fall",IF(MONTH(AD51)>8,"Fall",IF(MONTH(AD51)=5,"Summer",IF(MONTH(AD51)=1,"Spring",""))))) | BL51: =IFERROR(INDEX('_names_lookup'!$C:$C,MATCH(BK51,'_names_lookup'!$A:$A,0)),"") | BM51: =IFERROR(INDEX('_names_lookup'!$B:$B,MATCH(BK51,'_names_lookup'!$A:$A,0)),"") | BS51: =IFERROR(IF(BR51*AA51=0,"",BR51*AA51),"")
O52: =IFERROR(INDEX('_courses_lookup'!$C:$C,MATCH(K52&L52,'_courses_lookup'!$E:$E,0)),"") | P52: =IFERROR(INDEX('_courses_lookup'!$D:$D,MATCH(K52&L52,'_courses_lookup'!$E:$E,0)),"") | AG52: =IF(AND(AE52<>"",AF52<>""),ROUNDUP((AF52-AE52)/7,0),"") | AI52: =IFERROR(IF(AG52*AH52=0,"",AG52*AH52),"") | AL52: =IF(AND(AJ52<>"",AK52<>""),ROUNDUP((AK52-AJ52)/7,0),"") | AN52: =IFERROR(IF(AL52*AM52=0,"",AL52*AM52),"") | AQ52: =IF(AND(AO52<>"",AP52<>""),ROUNDUP((AP52-AO52)/7,0),"") | AR52: =IFERROR(IF((AU52-(AI52+AN52))/AQ52=0,"",ROUNDUP((AU52-(AI52+AN52))/AQ52,0)),"") | AS52: =IFERROR(IF((AU52-(AI52+AN52))=0,"",(AU52-(AI52+AN52))),"") | AT52: =IF(AND(AG52="",AQ52=""),AL52,IF(SUM(AG52,AL52,AQ52)=0,"",SUM(AG52,AL52,AQ52))) | BG52: =IF(AD52="","",YEAR(AD52)+IF(MONTH(AD52)>=5,1,0)) | BH52: =IF(AD52="","",IF(AND(MONTH(AD52)=8,DAY(AD52)>=15),"Fall",IF(MONTH(AD52)>8,"Fall",IF(MONTH(AD52)=5,"Summer",IF(MONTH(AD52)=1,"Spring",""))))) | BL52: =IFERROR(INDEX('_names_lookup'!$C:$C,MATCH(BK52,'_names_lookup'!$A:$A,0)),"") | BM52: =IFERROR(INDEX('_names_lookup'!$B:$B,MATCH(BK52,'_names_lookup'!$A:$A,0)),"") | BS52: =IFERROR(IF(BR52*AA52=0,"",BR52*AA52),"")
... O300: =IFERROR(INDEX('_courses_lookup'!$C:$C,MATCH(K300&L300,'_courses_lookup'!$E:$E,0)),"") | P300: =IFERROR(INDEX('_courses_lookup'!$D:$D,MATCH(K300&L300,'_courses_lookup'!$E:$E,0)),"") | AG300: =IF(AND(AE300<>"",AF300<>""),ROUNDUP((AF300-AE300)/7,0),"") | AI300: =IFERROR(IF(AG300*AH300=0,"",AG300*AH300),"") | AL300: =IF(AND(AJ300<>"",AK300<>""),ROUNDUP((AK300-AJ300)/7,0),"") | AN300: =IFERROR(IF(AL300*AM300=0,"",AL300*AM300),"") | AQ300: =IF(AND(AO300<>"",AP300<>""),ROUNDUP((AP300-AO300)/7,0),"") | AR300: =IFERROR(IF((AU300-(AI300+AN300))/AQ300=0,"",ROUNDUP((AU300-(AI300+AN300))/AQ300,0)),"") | AS300: =IFERROR(IF((AU300-(AI300+AN300))=0,"",(AU300-(AI300+AN300))),"") | AT300: =IF(AND(AG300="",AQ300=""),AL300,IF(SUM(AG300,AL300,AQ300)=0,"",SUM(AG300,AL300,AQ300))) | BG300: =IF(AD300="","",YEAR(AD300)+IF(MONTH(AD300)>=5,1,0)) | BH300: =IF(AD300="","",IF(AND(MONTH(AD300)=8,DAY(AD300)>=15),"Fall",IF(MONTH(AD300)>8,"Fall",IF(MONTH(AD300)=5,"Summer",IF(MONTH(AD300)=1,"Spring",""))))) | BL300: =IFERROR(INDEX('_names_lookup'!$C:$C,MATCH(BK300,'_names_lookup'!$A:$A,0)),"") | BM300: =IFERROR(INDEX('_names_lookup'!$B:$B,MATCH(BK300,'_names_lookup'!$A:$A,0)),"") | BS300: =IFERROR(IF(BR300*AA300=0,"",BR300*AA300),"")

Sheet MA_Religion
A1: Don {not in Banner} | B1: Mismatching {not in Banner} | C1: Dept/Prog Admin {not in Banner} | D1: Mona {not in Banner} | E1: Karen {not in Banner} | F1: DONE {not in Banner} | G1: Notes {not in Banner} | H1: CRN sorted {not in Banner} | I1: CRN | J1: Attribute {not in Banner} | K1: Subject | L1: Course Number {Crse Num} | M1: Course Section {Seq Crse Num} | N1: Program {not in Banner} | O1: Catalog Title | P1: Section Title | Q1: Crosslist Details {not in Banner} | R1: X Lst | S1: Campus {Ssasect Campus} | T1: Campus Restriction {Camp Restr CC} | U1: Schedule Type {not in Banner} | V1: Instruction Method {Inst Method} | W1: Level {Level SC} | X1: Part-Of-Term | Y1: Credit Catalog {Cat Crs} | Z1: Credits {Sect Crs} | AA1: Faculty Load / Contract Credits {not in Banner} | AB1: Enrollment Cap {Max Enrl} | AC1: Meeting Type | AD1: Semester Start Date {Soaterm Start Date} | AE1: Pre-work Start Date {not in Banner} | AF1: Pre-work End Date {not in Banner} | AG1: pre-work # of weeks {not in Banner} | AH1: pre-work hours/week {not in Banner} | AI1: pre-work hours/period {not in Banner} | AJ1: Intensive Period Start Date {Meet Start Date} | AK1: Intensive Period End Date {Meet End Date} | AL1: intensive # of weeks {not in Banner} | AM1: intensive hours/week {not in Banner} | AN1: intensive hours/period {not in Banner} | AO1: Post-work Start Date {not in Banner} | AP1: Post-work End Date {not in Banner} | AQ1: post-work # of weeks {not in Banner} | AR1: post-work hours/week {not in Banner} | AS1: post-work hours/period {not in Banner} | AT1: sum of weeks (for check) {not in Banner} | AU1: total contract hours {not in Banner} | AV1: Semester End Date {Soaterm End Date} | AW1: Course Beginning Time {Meet Beg Time} | AX1: Course Ending Time {Meet End Time} | AY1: SUN | AZ1: MON | BA1: TUE | BB1: WED | BC1: THU | BD1: FRI | BE1: SAT | BF1: Weeks | BG1: Fiscal Year {not in Banner} | BH1: Semester {not in Banner} | BI1: Room {Meet Room} | BJ1: Building {Meet Bldg} | BK1: Instructor Name {Instr Name} | BL1: Instructor Email {Instr Email} | BM1: Instructor ID {Instr ID} | BN1: Remote Employee {not in Banner} | BO1: % Responsibility | BP1: load/contract {not in Banner} | BQ1: Reason for Contract {not in Banner} | BR1: costs per credit {not in Banner} | BS1: total costs {not in Banner} | BT1: dept budget {not in Banner} | BU1: account to be charged {not in Banner} | BV1: SEM Department {Scacrse Dept} | BW1: dean email | BX1: VP finance email | BY1: HR email | BZ1: Fee Amount {Fees Amt} | CA1: Fee Code {Detl Code} | CB1: Fee Type | CC1: Fee Level | CD1: Fee Ind | CE1: Fee Term | CF1: Activity Date | CG1: Status | CH1: Bill Hrs | CI1: Sect Sch Type | CJ1: Prerequisites {Preq Areas} | CK1: Link Ind | CL1: Integration Code | CM1: Link Conn | CN1: Crs Attr | CO1: Comments | CP1: Major Restr | CQ1: Scacrse College | CR1: Enrolled | CS1: Waitlist Capacity | CT1: Primary Ind | CU1: Override | CV1: 1st Date Reg Opens | CW1: Last Date Reg Opens | CX1: OL Range From Date | CY1: OL Range To Date | CZ1: OL Numb Units | DA1: OL Duration Code | DB1: Grade Mode | DC1: Gradable Ind | DD1: Tuit Waiver | DE1: Course Override {Meet Override} | DF1: Lvl Res Ind | DG1: Cmp Res Ind | DH1: Rate Code | DI1: Cohort Code | DJ1: St Attr Code | DK1: Coll SC | DL1: DegC SC | DM1: Prog SC | DN1: FOS Type | DO1: Special Approval {Special Apvl} | DP1: Term Code | DQ1: Camp SC
O2: =IFERROR(INDEX('_courses_lookup'!$C:$C,MATCH(K2&L2,'_courses_lookup'!$E:$E,0)),"") | P2: =IFERROR(INDEX('_courses_lookup'!$D:$D,MATCH(K2&L2,'_courses_lookup'!$E:$E,0)),"") | AG2: =IF(AND(AE2<>"",AF2<>""),ROUNDUP((AF2-AE2)/7,0),"") | AI2: =IFERROR(IF(AG2*AH2=0,"",AG2*AH2),"") | AL2: =IF(AND(AJ2<>"",AK2<>""),ROUNDUP((AK2-AJ2)/7,0),"") | AN2: =IFERROR(IF(AL2*AM2=0,"",AL2*AM2),"") | AQ2: =IF(AND(AO2<>"",AP2<>""),ROUNDUP((AP2-AO2)/7,0),"") | AR2: =IFERROR(IF((AU2-(AI2+AN2))/AQ2=0,"",ROUNDUP((AU2-(AI2+AN2))/AQ2,0)),"") | AS2: =IFERROR(IF((AU2-(AI2+AN2))=0,"",(AU2-(AI2+AN2))),"") | AT2: =IF(AND(AG2="",AQ2=""),AL2,IF(SUM(AG2,AL2,AQ2)=0,"",SUM(AG2,AL2,AQ2))) | BG2: =IF(AD2="","",YEAR(AD2)+IF(MONTH(AD2)>=5,1,0)) | BH2: =IF(AD2="","",IF(AND(MONTH(AD2)=8,DAY(AD2)>=15),"Fall",IF(MONTH(AD2)>8,"Fall",IF(MONTH(AD2)=5,"Summer",IF(MONTH(AD2)=1,"Spring",""))))) | BK2: =IF($BJ2="","",IFERROR(INDEX(InstructorMap!$B:$B, MATCH($BJ2, InstructorMap!$A:$A, 0)),"")) | BL2: =IFERROR(INDEX('_names_lookup'!$C:$C,MATCH(BK2,'_names_lookup'!$A:$A,0)),"") | BM2: =IFERROR(INDEX('_names_lookup'!$B:$B,MATCH(BK2,'_names_lookup'!$A:$A,0)),"") | BS2: =IFERROR(IF(BR2*AA2=0,"",BR2*AA2),"")
O3: =IFERROR(INDEX('_courses_lookup'!$C:$C,MATCH(K3&L3,'_courses_lookup'!$E:$E,0)),"") | P3: =IFERROR(INDEX('_courses_lookup'!$D:$D,MATCH(K3&L3,'_courses_lookup'!$E:$E,0)),"") | AG3: =IF(AND(AE3<>"",AF3<>""),ROUNDUP((AF3-AE3)/7,0),"") | AI3: =IFERROR(IF(AG3*AH3=0,"",AG3*AH3),"") | AL3: =IF(AND(AJ3<>"",AK3<>""),ROUNDUP((AK3-AJ3)/7,0),"") | AN3: =IFERROR(IF(AL3*AM3=0,"",AL3*AM3),"") | AQ3: =IF(AND(AO3<>"",AP3<>""),ROUNDUP((AP3-AO3)/7,0),"") | AR3: =IFERROR(IF((AU3-(AI3+AN3))/AQ3=0,"",ROUNDUP((AU3-(AI3+AN3))/AQ3,0)),"") | AS3: =IFERROR(IF((AU3-(AI3+AN3))=0,"",(AU3-(AI3+AN3))),"") | AT3: =IF(AND(AG3="",AQ3=""),AL3,IF(SUM(AG3,AL3,AQ3)=0,"",SUM(AG3,AL3,AQ3))) | BG3: =IF(AD3="","",YEAR(AD3)+IF(MONTH(AD3)>=5,1,0)) | BH3: =IF(AD3="","",IF(AND(MONTH(AD3)=8,DAY(AD3)>=15),"Fall",IF(MONTH(AD3)>8,"Fall",IF(MONTH(AD3)=5,"Summer",IF(MONTH(AD3)=1,"Spring",""))))) | BK3: =IF($BJ3="","",IFERROR(INDEX(InstructorMap!$B:$B, MATCH($BJ3, InstructorMap!$A:$A, 0)),"")) | BL3: =IFERROR(INDEX('_names_lookup'!$C:$C,MATCH(BK3,'_names_lookup'!$A:$A,0)),"") | BM3: =IFERROR(INDEX('_names_lookup'!$B:$B,MATCH(BK3,'_names_lookup'!$A:$A,0)),"") | BS3: =IFERROR(IF(BR3*AA3=0,"",BR3*AA3),"")
O4: =IFERROR(INDEX('_courses_lookup'!$C:$C,MATCH(K4&L4,'_courses_lookup'!$E:$E,0)),"") | P4: =IFERROR(INDEX('_courses_lookup'!$D:$D,MATCH(K4&L4,'_courses_lookup'!$E:$E,0)),"") | AG4: =IF(AND(AE4<>"",AF4<>""),ROUNDUP((AF4-AE4)/7,0),"") | AI4: =IFERROR(IF(AG4*AH4=0,"",AG4*AH4),"") | AL4: =IF(AND(AJ4<>"",AK4<>""),ROUNDUP((AK4-AJ4)/7,0),"") | AN4: =IFERROR(IF(AL4*AM4=0,"",AL4*AM4),"") | AQ4: =IF(AND(AO4<>"",AP4<>""),ROUNDUP((AP4-AO4)/7,0),"") | AR4: =IFERROR(IF((AU4-(AI4+AN4))/AQ4=0,"",ROUNDUP((AU4-(AI4+AN4))/AQ4,0)),"") | AS4: =IFERROR(IF((AU4-(AI4+AN4))=0,"",(AU4-(AI4+AN4))),"") | AT4: =IF(AND(AG4="",AQ4=""),AL4,IF(SUM(AG4,AL4,AQ4)=0,"",SUM(AG4,AL4,AQ4))) | BG4: =IF(AD4="","",YEAR(AD4)+IF(MONTH(AD4)>=5,1,0)) | BH4: =IF(AD4="","",IF(AND(MONTH(AD4)=8,DAY(AD4)>=15),"Fall",IF(MONTH(AD4)>8,"Fall",IF(MONTH(AD4)=5,"Summer",IF(MONTH(AD4)=1,"Spring",""))))) | BK4: =IF($BJ4="","",IFERROR(INDEX(InstructorMap!$B:$B, MATCH($BJ4, InstructorMap!$A:$A, 0)),"")) | BL4: =IFERROR(INDEX('_names_lookup'!$C:$C,MATCH(BK4,'_names_lookup'!$A:$A,0)),"") | BM4: =IFERROR(INDEX('_names_lookup'!$B:$B,MATCH(BK4,'_names_lookup'!$A:$A,0)),"") | BS4: =IFERROR(IF(BR4*AA4=0,"",BR4*AA4),"")
O5: =IFERROR(INDEX('_courses_lookup'!$C:$C,MATCH(K5&L5,'_courses_lookup'!$E:$E,0)),"") | P5: =IFERROR(INDEX('_courses_lookup'!$D:$D,MATCH(K5&L5,'_courses_lookup'!$E:$E,0)),"") | AG5: =IF(AND(AE5<>"",AF5<>""),ROUNDUP((AF5-AE5)/7,0),"") | AI5: =IFERROR(IF(AG5*AH5=0,"",AG5*AH5),"") | AL5: =IF(AND(AJ5<>"",AK5<>""),ROUNDUP((AK5-AJ5)/7,0),"") | AN5: =IFERROR(IF(AL5*AM5=0,"",AL5*AM5),"") | AQ5: =IF(AND(AO5<>"",AP5<>""),ROUNDUP((AP5-AO5)/7,0),"") | AR5: =IFERROR(IF((AU5-(AI5+AN5))/AQ5=0,"",ROUNDUP((AU5-(AI5+AN5))/AQ5,0)),"") | AS5: =IFERROR(IF((AU5-(AI5+AN5))=0,"",(AU5-(AI5+AN5))),"") | AT5: =IF(AND(AG5="",AQ5=""),AL5,IF(SUM(AG5,AL5,AQ5)=0,"",SUM(AG5,AL5,AQ5))) | BG5: =IF(AD5="","",YEAR(AD5)+IF(MONTH(AD5)>=5,1,0)) | BH5: =IF(AD5="","",IF(AND(MONTH(AD5)=8,DAY(AD5)>=15),"Fall",IF(MONTH(AD5)>8,"Fall",IF(MONTH(AD5)=5,"Summer",IF(MONTH(AD5)=1,"Spring",""))))) | BK5: =IF($BJ5="","",IFERROR(INDEX(InstructorMap!$B:$B, MATCH($BJ5, InstructorMap!$A:$A, 0)),"")) | BL5: =IFERROR(INDEX('_names_lookup'!$C:$C,MATCH(BK5,'_names_lookup'!$A:$A,0)),"") | BM5: =IFERROR(INDEX('_names_lookup'!$B:$B,MATCH(BK5,'_names_lookup'!$A:$A,0)),"") | BS5: =IFERROR(IF(BR5*AA5=0,"",BR5*AA5),"")
O6: =IFERROR(INDEX('_courses_lookup'!$C:$C,MATCH(K6&L6,'_courses_lookup'!$E:$E,0)),"") | P6: =IFERROR(INDEX('_courses_lookup'!$D:$D,MATCH(K6&L6,'_courses_lookup'!$E:$E,0)),"") | AG6: =IF(AND(AE6<>"",AF6<>""),ROUNDUP((AF6-AE6)/7,0),"") | AI6: =IFERROR(IF(AG6*AH6=0,"",AG6*AH6),"") | AL6: =IF(AND(AJ6<>"",AK6<>""),ROUNDUP((AK6-AJ6)/7,0),"") | AN6: =IFERROR(IF(AL6*AM6=0,"",AL6*AM6),"") | AQ6: =IF(AND(AO6<>"",AP6<>""),ROUNDUP((AP6-AO6)/7,0),"") | AR6: =IFERROR(IF((AU6-(AI6+AN6))/AQ6=0,"",ROUNDUP((AU6-(AI6+AN6))/AQ6,0)),"") | AS6: =IFERROR(IF((AU6-(AI6+AN6))=0,"",(AU6-(AI6+AN6))),"") | AT6: =IF(AND(AG6="",AQ6=""),AL6,IF(SUM(AG6,AL6,AQ6)=0,"",SUM(AG6,AL6,AQ6))) | BG6: =IF(AD6="","",YEAR(AD6)+IF(MONTH(AD6)>=5,1,0)) | BH6: =IF(AD6="","",IF(AND(MONTH(AD6)=8,DAY(AD6)>=15),"Fall",IF(MONTH(AD6)>8,"Fall",IF(MONTH(AD6)=5,"Summer",IF(MONTH(AD6)=1,"Spring",""))))) | BK6: =IF($BJ6="","",IFERROR(INDEX(InstructorMap!$B:$B, MATCH($BJ6, InstructorMap!$A:$A, 0)),"")) | BL6: =IFERROR(INDEX('_names_lookup'!$C:$C,MATCH(BK6,'_names_lookup'!$A:$A,0)),"") | BM6: =IFERROR(INDEX('_names_lookup'!$B:$B,MATCH(BK6,'_names_lookup'!$A:$A,0)),"") | BS6: =IFERROR(IF(BR6*AA6=0,"",BR6*AA6),"")
O7: =IFERROR(INDEX('_courses_lookup'!$C:$C,MATCH(K7&L7,'_courses_lookup'!$E:$E,0)),"") | P7: =IFERROR(INDEX('_courses_lookup'!$D:$D,MATCH(K7&L7,'_courses_lookup'!$E:$E,0)),"") | AG7: =IF(AND(AE7<>"",AF7<>""),ROUNDUP((AF7-AE7)/7,0),"") | AI7: =IFERROR(IF(AG7*AH7=0,"",AG7*AH7),"") | AL7: =IF(AND(AJ7<>"",AK7<>""),ROUNDUP((AK7-AJ7)/7,0),"") | AN7: =IFERROR(IF(AL7*AM7=0,"",AL7*AM7),"") | AQ7: =IF(AND(AO7<>"",AP7<>""),ROUNDUP((AP7-AO7)/7,0),"") | AR7: =IFERROR(IF((AU7-(AI7+AN7))/AQ7=0,"",ROUNDUP((AU7-(AI7+AN7))/AQ7,0)),"") | AS7: =IFERROR(IF((AU7-(AI7+AN7))=0,"",(AU7-(AI7+AN7))),"") | AT7: =IF(AND(AG7="",AQ7=""),AL7,IF(SUM(AG7,AL7,AQ7)=0,"",SUM(AG7,AL7,AQ7))) | BG7: =IF(AD7="","",YEAR(AD7)+IF(MONTH(AD7)>=5,1,0)) | BH7: =IF(AD7="","",IF(AND(MONTH(AD7)=8,DAY(AD7)>=15),"Fall",IF(MONTH(AD7)>8,"Fall",IF(MONTH(AD7)=5,"Summer",IF(MONTH(AD7)=1,"Spring",""))))) | BK7: =IF($BJ7="","",IFERROR(INDEX(InstructorMap!$B:$B, MATCH($BJ7, InstructorMap!$A:$A, 0)),"")) | BL7: =IFERROR(INDEX('_names_lookup'!$C:$C,MATCH(BK7,'_names_lookup'!$A:$A,0)),"") | BM7: =IFERROR(INDEX('_names_lookup'!$B:$B,MATCH(BK7,'_names_lookup'!$A:$A,0)),"") | BS7: =IFERROR(IF(BR7*AA7=0,"",BR7*AA7),"")
