Workbook

Sheet contract-load_courses
A1: Faculty Name | B1: ID# | C1: email | D1: telephone | E1: status | F1: account to be charged | G1: Reason for Contract | H1: remote employee | I1: international | J1: Dept contact name | K1: Dept contact ID# | L1: Summer 2026 Course | M1: Course Section | N1: Catalog Title | O1: CRN | P1: Term 1 | Q1: Term 2 | R1: Term 3 | S1: Mode | T1: Program | U1: Location | V1: load/contract | W1: dept budget | X1: Cr. | Y1: rate per credit | Z1: total contract amount | AA1: Begin Date | AB1: End Date | AC1: pre-work period start | AD1: pre-work period end | AE1: pre-work # of weeks | AF1: pre-work hours/week | AG1: pre-work hours/period | AH1: intensive period start | AI1: intensive period end | AJ1: intensive # of weeks | AK1: intensive hours/week | AL1: intensive hours/period | AM1: post-work period start | AN1: post-work period end | AO1: post-work # of weeks | AP1: post-work hours/week | AQ1: post-work hours/period | AR1: sum of weeks (for check) | AS1: total contract hours | AT1: Fall 2026 Course | AU1: Course Section | AV1: Catalog Title | AW1: CRN | AX1: Mode | AY1: Program | AZ1: Location | BA1: load/contract | BB1: dept budget | BC1: Cr. | BD1: rate per credit | BE1: total contract amount | BF1: Begin Date | BG1: End Date | BH1: pre-work period start | BI1: pre-work period end | BJ1: pre-work # of weeks | BK1: pre-work hours/week | BL1: pre-work hours/period | BM1: intensive period start | BN1: intensive period end | BO1: intensive # of weeks | BP1: intensive hours/week | BQ1: intensive hours/period | BR1: post-work period start | BS1: post-work period end | BT1: post-work # of weeks | BU1: post-work hours/week | BV1: post-work hours/period | BW1: sum of weeks (for check) | BX1: total contract hours | BY1: Spring 2027 Course | BZ1: Course Section | CA1: Catalog Title | CB1: CRN | CC1: Mode | CD1: Program | CE1: Location | CF1: load/contract | CG1: dept budget | CH1: Cr. | CI1: rate per credit | CJ1: total contract amount | CK1: Begin Date | CL1: End Date | CM1: pre-work period start | CN1: pre-work period end | CO1: pre-work # of weeks | CP1: pre-work hours/week | CQ1: pre-work hours/period | CR1: intensive period start | CS1: intensive period end | CT1: intensive # of weeks | CU1: intensive hours/week | CV1: intensive hours/period | CW1: post-work period start | CX1: post-work period end | CY1: post-work # of weeks | CZ1: post-work hours/week | DA1: post-work hours/period | DB1: sum of weeks (for check) | DC1: total contract hours | DD1: Total Cr. | DE1: order
A2: Totals: Alain Coralie notes: | B2: ="Total Credits: " & IFERROR(IF(DD2=0,"",DD2),"") -> Total Credits: 16 | X2: =IF(SUM(X3:X11)=0, "", SUM(X3:X11)) -> 7 | BC2: =IF(SUM(BC3:BC11)=0, "", SUM(BC3:BC11)) -> 7 | CH2: =IF(SUM(CH3:CH11)=0, "", SUM(CH3:CH11)) -> 2 | DD2: =IF(SUM(L2:DC2)=0, "", SUM(L2:DC2)) -> 16 | DE2: 0
A3: Coralie, Alain | B3: =IF(_xlfn.XLOOKUP(A3, AutoFill_names!B:B, AutoFill_names!C:C,"")=0,"",_xlfn.XLOOKUP(A3, AutoFill_names!B:B, AutoFill_names!C:C,"")) | C3: =IF(_xlfn.XLOOKUP(A3, AutoFill_names!B:B, AutoFill_names!D:D,"")=0,"",_xlfn.XLOOKUP(A3, AutoFill_names!B:B, AutoFill_names!D:D,"")) | D3: =IF(_xlfn.XLOOKUP(A3, AutoFill_names!B:B, AutoFill_names!E:E,"")=0,"",_xlfn.XLOOKUP(A3, AutoFill_names!B:B, AutoFill_names!E:E,"")) | E3: =IF(_xlfn.XLOOKUP(A3, AutoFill_names!B:B, AutoFill_names!F:F,"")=0,"",_xlfn.XLOOKUP(A3, AutoFill_names!B:B, AutoFill_names!F:F,"")) | J3: =IF(_xlfn.XLOOKUP(A3, AutoFill_names!B:B, AutoFill_names!K:K,"")=0,"",_xlfn.XLOOKUP(A3, AutoFill_names!B:B, AutoFill_names!K:K,"")) | K3: =IF(_xlfn.XLOOKUP(A3, AutoFill_names!B:B, AutoFill_names!L:L,"")=0,"",_xlfn.XLOOKUP(A3, AutoFill_names!B:B, AutoFill_names!L:L,"")) | L3: PATH543 | N3: =IF(_xlfn.XLOOKUP(L3, AutoFill_classes!A:A, AutoFill_classes!B:B,"")=0,"",_xlfn.XLOOKUP(L3, AutoFill_classes!A:A, AutoFill_classes!B:B,"")) -> Christn Lead in a Chnging Wrld | S3: In-Person | T3: MDIV | U3: Main Campus - MC | V3: load | W3: yes | X3: 2 | Z3: =IF(X3*Y3=0,"",X3*Y3) | AE3: =IF(ROUNDUP((AD3-AC3)/7,0)=0,"",ROUNDUP((AD3-AC3)/7,0)) | AG3: =IFERROR(IF(AE3*AF3=0,"",AE3*AF3), "") | AJ3: =IF(ROUNDUP((AI3-AH3)/7,0)=0,"",ROUNDUP((AI3-AH3)/7,0)) | AL3: =IFERROR(IF(AJ3*AK3=0,"",AJ3*AK3), "") | AO3: =IF(ROUNDUP((AN3-AM3)/7,0)=0,"",ROUNDUP((AN3-AM3)/7,0)) | AP3: =IFERROR(IF((AS3-(AF3+AK3))/AO3=0,"",ROUNDUP((AS3-(AF3+AK3))/AO3,0)), "") | AQ3: =IFERROR(IF((AS3-(AG3+AL3))=0, "", (AS3-(AG3+AL3))), "") | AR3: =IFERROR(IF((AE3+AJ3+AO3)=0, "", (AE3+AJ3+AO3)), "") | AT3: PATH543 | AV3: =IF(_xlfn.XLOOKUP(AT3, AutoFill_classes!$A:$A, AutoFill_classes!$B:$B,"")=0,"",_xlfn.XLOOKUP(AT3, AutoFill_classes!$A:$A, AutoFill_classes!$B:$B,"")) -> Christn Lead in a Chnging Wrld | AX3: In-Person | AY3: MDIV | AZ3: Main Campus - MC | BA3: load | BB3: yes | BC3: 2 | BE3: =IF(BC3*BD3=0,"",BC3*BD3) | BJ3: =IF(ROUNDUP((BI3-BH3)/7,0)=0,"",ROUNDUP((BI3-BH3)/7,0)) | BL3: =IFERROR(IF(BJ3*BK3=0,"",BJ3*BK3), "") | BO3: =IF(ROUNDUP((BN3-BM3)/7,0)=0,"",ROUNDUP((BN3-BM3)/7,0)) | BQ3: =IFERROR(IF(BO3*BP3=0,"",BO3*BP3), "") | BT3: =IF(ROUNDUP((BS3-BR3)/7,0)=0,"",ROUNDUP((BS3-BR3)/7,0)) | BU3: =IFERROR(IF((BX3-(BK3+BP3))/BT3=0,"",ROUNDUP((BX3-(BK3+BP3))/BT3,0)), "") | BV3: =IFERROR(IF((BX3-(BL3+BQ3))=0, "", (BX3-(BL3+BQ3))), "") | BW3: =IFERROR(IF((BJ3+BO3+BT3)=0, "", (BJ3+BO3+BT3)), "") | BY3: PATH543 | CA3: =IF(_xlfn.XLOOKUP(BY3, AutoFill_classes!$A:$A, AutoFill_classes!$B:$B,"")=0,"",_xlfn.XLOOKUP(BY3, AutoFill_classes!$A:$A, AutoFill_classes!$B:$B,"")) -> Christn Lead in a Chnging Wrld | CC3: ASYNC | CD3: MDIV | CE3: Main Campus - MC | CF3: load | CG3: yes | CH3: 2 | CJ3: =IF(CH3*CI3=0,"",CH3*CI3) | CO3: =IF(ROUNDUP((CN3-CM3)/7,0)=0,"",ROUNDUP((CN3-CM3)/7,0)) | CQ3: =IFERROR(IF(CO3*CP3=0,"",CO3*CP3), "") | CT3: =IF(ROUNDUP((CS3-CR3)/7,0)=0,"",ROUNDUP((CS3-CR3)/7,0)) | CV3: =IFERROR(IF(CT3*CU3=0,"",CT3*CU3), "") | CY3: =IF(ROUNDUP((CX3-CW3)/7,0)=0,"",ROUNDUP((CX3-CW3)/7,0)) | CZ3: =IFERROR(IF((DC3-(CP3+CU3))/CY3=0,"",ROUNDUP((DC3-(CP3+CU3))/CY3,0)), "") | DA3: =IFERROR(IF((DC3-(CQ3+CV3))=0, "", (DC3-(CQ3+CV3))), "") | DB3: =IFERROR(IF((CO3+CT3+CY3)=0, "", (CO3+CT3+CY3)), "") | DE3: 1
A4: Coralie, Alain | B4: =IF(_xlfn.XLOOKUP(A4, AutoFill_names!B:B, AutoFill_names!C:C,"")=0,"",_xlfn.XLOOKUP(A4, AutoFill_names!B:B, AutoFill_names!C:C,"")) | C4: =IF(_xlfn.XLOOKUP(A4, AutoFill_names!B:B, AutoFill_names!D:D,"")=0,"",_xlfn.XLOOKUP(A4, AutoFill_names!B:B, AutoFill_names!D:D,"")) | D4: =IF(_xlfn.XLOOKUP(A4, AutoFill_names!B:B, AutoFill_names!E:E,"")=0,"",_xlfn.XLOOKUP(A4, AutoFill_names!B:B, AutoFill_names!E:E,"")) | E4: =IF(_xlfn.XLOOKUP(A4, AutoFill_names!B:B, AutoFill_names!F:F,"")=0,"",_xlfn.XLOOKUP(A4, AutoFill_names!B:B, AutoFill_names!F:F,"")) | J4: =IF(_xlfn.XLOOKUP(A4, AutoFill_names!B:B, AutoFill_names!K:K,"")=0,"",_xlfn.XLOOKUP(A4, AutoFill_names!B:B, AutoFill_names!K:K,"")) | K4: =IF(_xlfn.XLOOKUP(A4, AutoFill_names!B:B, AutoFill_names!L:L,"")=0,"",_xlfn.XLOOKUP(A4, AutoFill_names!B:B, AutoFill_names!L:L,"")) | L4: PATH543 | N4: =IF(_xlfn.XLOOKUP(L4, AutoFill_classes!A:A, AutoFill_classes!B:B,"")=0,"",_xlfn.XLOOKUP(L4, AutoFill_classes!A:A, AutoFill_classes!B:B,"")) -> Christn Lead in a Chnging Wrld | S4: ASYNC | T4: MDIV | U4: Main Campus - MC | V4: load | W4: yes | X4: 2 | Z4: =IF(X4*Y4=0,"",X4*Y4) | AE4: =IF(ROUNDUP((AD4-AC4)/7,0)=0,"",ROUNDUP((AD4-AC4)/7,0)) | AG4: =IFERROR(IF(AE4*AF4=0,"",AE4*AF4), "") | AJ4: =IF(ROUNDUP((AI4-AH4)/7,0)=0,"",ROUNDUP((AI4-AH4)/7,0)) | AL4: =IFERROR(IF(AJ4*AK4=0,"",AJ4*AK4), "") | AO4: =IF(ROUNDUP((AN4-AM4)/7,0)=0,"",ROUNDUP((AN4-AM4)/7,0)) | AP4: =IFERROR(IF((AS4-(AF4+AK4))/AO4=0,"",ROUNDUP((AS4-(AF4+AK4))/AO4,0)), "") | AQ4: =IFERROR(IF((AS4-(AG4+AL4))=0, "", (AS4-(AG4+AL4))), "") | AR4: =IFERROR(IF((AE4+AJ4+AO4)=0, "", (AE4+AJ4+AO4)), "") | AT4: PATH543 | AU4: 998 | AV4: =IF(_xlfn.XLOOKUP(AT4, AutoFill_classes!$A:$A, AutoFill_classes!$B:$B,"")=0,"",_xlfn.XLOOKUP(AT4, AutoFill_classes!$A:$A, AutoFill_classes!$B:$B,"")) -> Christn Lead in a Chnging Wrld | AX4: SYNC | AY4: MDIV | AZ4: Main Campus - MC | BA4: load | BB4: yes | BC4: 0 | BE4: =IF(BC4*BD4=0,"",BC4*BD4) | BJ4: =IF(ROUNDUP((BI4-BH4)/7,0)=0,"",ROUNDUP((BI4-BH4)/7,0)) | BL4: =IFERROR(IF(BJ4*BK4=0,"",BJ4*BK4), "") | BO4: =IF(ROUNDUP((BN4-BM4)/7,0)=0,"",ROUNDUP((BN4-BM4)/7,0)) | BQ4: =IFERROR(IF(BO4*BP4=0,"",BO4*BP4), "") | BT4: =IF(ROUNDUP((BS4-BR4)/7,0)=0,"",ROUNDUP((BS4-BR4)/7,0)) | BU4: =IFERROR(IF((BX4-(BK4+BP4))/BT4=0,"",ROUNDUP((BX4-(BK4+BP4))/BT4,0)), "") | BV4: =IFERROR(IF((BX4-(BL4+BQ4))=0, "", (BX4-(BL4+BQ4))), "") | BW4: =IFERROR(IF((BJ4+BO4+BT4)=0, "", (BJ4+BO4+BT4)), "") | CA4: =IF(_xlfn.XLOOKUP(BY4, AutoFill_classes!$A:$A, AutoFill_classes!$B:$B,"")=0,"",_xlfn.XLOOKUP(BY4, AutoFill_classes!$A:$A, AutoFill_classes!$B:$B,"")) | CJ4: =IF(CH4*CI4=0,"",CH4*CI4) | CO4: =IF(ROUNDUP((CN4-CM4)/7,0)=0,"",ROUNDUP((CN4-CM4)/7,0)) | CQ4: =IFERROR(IF(CO4*CP4=0,"",CO4*CP4), "") | CT4: =IF(ROUNDUP((CS4-CR4)/7,0)=0,"",ROUNDUP((CS4-CR4)/7,0)) | CV4: =IFERROR(IF(CT4*CU4=0,"",CT4*CU4), "") | CY4: =IF(ROUNDUP((CX4-CW4)/7,0)=0,"",ROUNDUP((CX4-CW4)/7,0)) | CZ4: =IFERROR(IF((DC4-(CP4+CU4))/CY4=0,"",ROUNDUP((DC4-(CP4+CU4))/CY4,0)), "") | DA4: =IFERROR(IF((DC4-(CQ4+CV4))=0, "", (DC4-(CQ4+CV4))), "") | DB4: =IFERROR(IF((CO4+CT4+CY4)=0, "", (CO4+CT4+CY4)), "") | DE4: 2
A5: Coralie, Alain | B5: =IF(_xlfn.XLOOKUP(A5, AutoFill_names!B:B, AutoFill_names!C:C,"")=0,"",_xlfn.XLOOKUP(A5, AutoFill_names!B:B, AutoFill_names!C:C,"")) | C5: =IF(_xlfn.XLOOKUP(A5, AutoFill_names!B:B, AutoFill_names!D:D,"")=0,"",_xlfn.XLOOKUP(A5, AutoFill_names!B:B, AutoFill_names!D:D,"")) | D5: =IF(_xlfn.XLOOKUP(A5, AutoFill_names!B:B, AutoFill_names!E:E,"")=0,"",_xlfn.XLOOKUP(A5, AutoFill_names!B:B, AutoFill_names!E:E,"")) | E5: =IF(_xlfn.XLOOKUP(A5, AutoFill_names!B:B, AutoFill_names!F:F,"")=0,"",_xlfn.XLOOKUP(A5, AutoFill_names!B:B, AutoFill_names!F:F,"")) | J5: =IF(_xlfn.XLOOKUP(A5, AutoFill_names!B:B, AutoFill_names!K:K,"")=0,"",_xlfn.XLOOKUP(A5, AutoFill_names!B:B, AutoFill_names!K:K,"")) | K5: =IF(_xlfn.XLOOKUP(A5, AutoFill_names!B:B, AutoFill_names!L:L,"")=0,"",_xlfn.XLOOKUP(A5, AutoFill_names!B:B, AutoFill_names!L:L,"")) | L5: PATH543 | N5: =IF(_xlfn.XLOOKUP(L5, AutoFill_classes!A:A, AutoFill_classes!B:B,"")=0,"",_xlfn.XLOOKUP(L5, AutoFill_classes!A:A, AutoFill_classes!B:B,"")) -> Christn Lead in a Chnging Wrld | S5: In-Person | T5: MAPM-ENGL | U5: Lake Union- LU | V5: load | W5: yes | X5: 3 | Z5: =IF(X5*Y5=0,"",X5*Y5) | AE5: =IF(ROUNDUP((AD5-AC5)/7,0)=0,"",ROUNDUP((AD5-AC5)/7,0)) | AG5: =IFERROR(IF(AE5*AF5=0,"",AE5*AF5), "") | AJ5: =IF(ROUNDUP((AI5-AH5)/7,0)=0,"",ROUNDUP((AI5-AH5)/7,0)) | AL5: =IFERROR(IF(AJ5*AK5=0,"",AJ5*AK5), "") | AO5: =IF(ROUNDUP((AN5-AM5)/7,0)=0,"",ROUNDUP((AN5-AM5)/7,0)) | AP5: =IFERROR(IF((AS5-(AF5+AK5))/AO5=0,"",ROUNDUP((AS5-(AF5+AK5))/AO5,0)), "") | AQ5: =IFERROR(IF((AS5-(AG5+AL5))=0, "", (AS5-(AG5+AL5))), "") | AR5: =IFERROR(IF((AE5+AJ5+AO5)=0, "", (AE5+AJ5+AO5)), "") | AT5: PATH543 | AV5: =IF(_xlfn.XLOOKUP(AT5, AutoFill_classes!$A:$A, AutoFill_classes!$B:$B,"")=0,"",_xlfn.XLOOKUP(AT5, AutoFill_classes!$A:$A, AutoFill_classes!$B:$B,"")) -> Christn Lead in a Chnging Wrld | AX5: In-Person | AY5: MAPM-ENGL | AZ5: Columbia Union - CU | BA5: load | BB5: yes | BC5: 3 | BE5: =IF(BC5*BD5=0,"",BC5*BD5) | BJ5: =IF(ROUNDUP((BI5-BH5)/7,0)=0,"",ROUNDUP((BI5-BH5)/7,0)) | BL5: =IFERROR(IF(BJ5*BK5=0,"",BJ5*BK5), "") | BO5: =IF(ROUNDUP((BN5-BM5)/7,0)=0,"",ROUNDUP((BN5-BM5)/7,0)) | BQ5: =IFERROR(IF(BO5*BP5=0,"",BO5*BP5), "") | BT5: =IF(ROUNDUP((BS5-BR5)/7,0)=0,"",ROUNDUP((BS5-BR5)/7,0)) | BU5: =IFERROR(IF((BX5-(BK5+BP5))/BT5=0,"",ROUNDUP((BX5-(BK5+BP5))/BT5,0)), "") | BV5: =IFERROR(IF((BX5-(BL5+BQ5))=0, "", (BX5-(BL5+BQ5))), "") | BW5: =IFERROR(IF((BJ5+BO5+BT5)=0, "", (BJ5+BO5+BT5)), "") | CA5: =IF(_xlfn.XLOOKUP(BY5, AutoFill_classes!$A:$A, AutoFill_classes!$B:$B,"")=0,"",_xlfn.XLOOKUP(BY5, AutoFill_classes!$A:$A, AutoFill_classes!$B:$B,"")) | CJ5: =IF(CH5*CI5=0,"",CH5*CI5) | CO5: =IF(ROUNDUP((CN5-CM5)/7,0)=0,"",ROUNDUP((CN5-CM5)/7,0)) | CQ5: =IFERROR(IF(CO5*CP5=0,"",CO5*CP5), "") | CT5: =IF(ROUNDUP((CS5-CR5)/7,0)=0,"",ROUNDUP((CS5-CR5)/7,0)) | CV5: =IFERROR(IF(CT5*CU5=0,"",CT5*CU5), "") | CY5: =IF(ROUNDUP((CX5-CW5)/7,0)=0,"",ROUNDUP((CX5-CW5)/7,0)) | CZ5: =IFERROR(IF((DC5-(CP5+CU5))/CY5=0,"",ROUNDUP((DC5-(CP5+CU5))/CY5,0)), "") | DA5: =IFERROR(IF((DC5-(CQ5+CV5))=0, "", (DC5-(CQ5+CV5))), "") | DB5: =IFERROR(IF((CO5+CT5+CY5)=0, "", (CO5+CT5+CY5)), "") | DE5: 3
A6: Coralie, Alain | B6: =IF(_xlfn.XLOOKUP(A6, AutoFill_names!B:B, AutoFill_names!C:C,"")=0,"",_xlfn.XLOOKUP(A6, AutoFill_names!B:B, AutoFill_names!C:C,"")) | C6: =IF(_xlfn.XLOOKUP(A6, AutoFill_names!B:B, AutoFill_names!D:D,"")=0,"",_xlfn.XLOOKUP(A6, AutoFill_names!B:B, AutoFill_names!D:D,"")) | D6: =IF(_xlfn.XLOOKUP(A6, AutoFill_names!B:B, AutoFill_names!E:E,"")=0,"",_xlfn.XLOOKUP(A6, AutoFill_names!B:B, AutoFill_names!E:E,"")) | E6: =IF(_xlfn.XLOOKUP(A6, AutoFill_names!B:B, AutoFill_names!F:F,"")=0,"",_xlfn.XLOOKUP(A6, AutoFill_names!B:B, AutoFill_names!F:F,"")) | J6: =IF(_xlfn.XLOOKUP(A6, AutoFill_names!B:B, AutoFill_names!K:K,"")=0,"",_xlfn.XLOOKUP(A6, AutoFill_names!B:B, AutoFill_names!K:K,"")) | K6: =IF(_xlfn.XLOOKUP(A6, AutoFill_names!B:B, AutoFill_names!L:L,"")=0,"",_xlfn.XLOOKUP(A6, AutoFill_names!B:B, AutoFill_names!L:L,"")) | N6: =IF(_xlfn.XLOOKUP(L6, AutoFill_classes!A:A, AutoFill_classes!B:B,"")=0,"",_xlfn.XLOOKUP(L6, AutoFill_classes!A:A, AutoFill_classes!B:B,"")) | Z6: =IF(X6*Y6=0,"",X6*Y6) | AE6: =IF(ROUNDUP((AD6-AC6)/7,0)=0,"",ROUNDUP((AD6-AC6)/7,0)) | AG6: =IFERROR(IF(AE6*AF6=0,"",AE6*AF6), "") | AJ6: =IF(ROUNDUP((AI6-AH6)/7,0)=0,"",ROUNDUP((AI6-AH6)/7,0)) | AL6: =IFERROR(IF(AJ6*AK6=0,"",AJ6*AK6), "") | AO6: =IF(ROUNDUP((AN6-AM6)/7,0)=0,"",ROUNDUP((AN6-AM6)/7,0)) | AP6: =IFERROR(IF((AS6-(AF6+AK6))/AO6=0,"",ROUNDUP((AS6-(AF6+AK6))/AO6,0)), "") | AQ6: =IFERROR(IF((AS6-(AG6+AL6))=0, "", (AS6-(AG6+AL6))), "") | AR6: =IFERROR(IF((AE6+AJ6+AO6)=0, "", (AE6+AJ6+AO6)), "") | AT6: PATH526 | AV6: =IF(_xlfn.XLOOKUP(AT6, AutoFill_classes!$A:$A, AutoFill_classes!$B:$B,"")=0,"",_xlfn.XLOOKUP(AT6, AutoFill_classes!$A:$A, AutoFill_classes!$B:$B,"")) -> Conflict Management | AX6: ASYNC | AY6: MDIV | AZ6: Main Campus - MC | BA6: load | BB6: yes | BC6: 2 | BE6: =IF(BC6*BD6=0,"",BC6*BD6) | BJ6: =IF(ROUNDUP((BI6-BH6)/7,0)=0,"",ROUNDUP((BI6-BH6)/7,0)) | BL6: =IFERROR(IF(BJ6*BK6=0,"",BJ6*BK6), "") | BO6: =IF(ROUNDUP((BN6-BM6)/7,0)=0,"",ROUNDUP((BN6-BM6)/7,0)) | BQ6: =IFERROR(IF(BO6*BP6=0,"",BO6*BP6), "") | BT6: =IF(ROUNDUP((BS6-BR6)/7,0)=0,"",ROUNDUP((BS6-BR6)/7,0)) | BU6: =IFERROR(IF((BX6-(BK6+BP6))/BT6=0,"",ROUNDUP((BX6-(BK6+BP6))/BT6,0)), "") | BV6: =IFERROR(IF((BX6-(BL6+BQ6))=0, "", (BX6-(BL6+BQ6))), "") | BW6: =IFERROR(IF((BJ6+BO6+BT6)=0, "", (BJ6+BO6+BT6)), "") | CA6: =IF(_xlfn.XLOOKUP(BY6, AutoFill_classes!$A:$A, AutoFill_classes!$B:$B,"")=0,"",_xlfn.XLOOKUP(BY6, AutoFill_classes!$A:$A, AutoFill_classes!$B:$B,"")) | CJ6: =IF(CH6*CI6=0,"",CH6*CI6) | CO6: =IF(ROUNDUP((CN6-CM6)/7,0)=0,"",ROUNDUP((CN6-CM6)/7,0)) | CQ6: =IFERROR(IF(CO6*CP6=0,"",CO6*CP6), "") | CT6: =IF(ROUNDUP((CS6-CR6)/7,0)=0,"",ROUNDUP((CS6-CR6)/7,0)) | CV6: =IFERROR(IF(CT6*CU6=0,"",CT6*CU6), "") | CY6: =IF(ROUNDUP((CX6-CW6)/7,0)=0,"",ROUNDUP((CX6-CW6)/7,0)) | CZ6: =IFERROR(IF((DC6-(CP6+CU6))/CY6=0,"",ROUNDUP((DC6-(CP6+CU6))/CY6,0)), "") | DA6: =IFERROR(IF((DC6-(CQ6+CV6))=0, "", (DC6-(CQ6+CV6))), "") | DB6: =IFERROR(IF((CO6+CT6+CY6)=0, "", (CO6+CT6+CY6)), "") | DE6: 4
B7: =IF(_xlfn.XLOOKUP(A7, AutoFill_names!B:B, AutoFill_names!C:C,"")=0,"",_xlfn.XLOOKUP(A7, AutoFill_names!B:B, AutoFill_names!C:C,"")) | C7: =IF(_xlfn.XLOOKUP(A7, AutoFill_names!B:B, AutoFill_names!D:D,"")=0,"",_xlfn.XLOOKUP(A7, AutoFill_names!B:B, AutoFill_names!D:D,"")) | D7: =IF(_xlfn.XLOOKUP(A7, AutoFill_names!B:B, AutoFill_names!E:E,"")=0,"",_xlfn.XLOOKUP(A7, AutoFill_names!B:B, AutoFill_names!E:E,"")) | E7: =IF(_xlfn.XLOOKUP(A7, AutoFill_names!B:B, AutoFill_names!F:F,"")=0,"",_xlfn.XLOOKUP(A7, AutoFill_names!B:B, AutoFill_names!F:F,"")) | J7: =IF(_xlfn.XLOOKUP(A7, AutoFill_names!B:B, AutoFill_names!K:K,"")=0,"",_xlfn.XLOOKUP(A7, AutoFill_names!B:B, AutoFill_names!K:K,"")) | K7: =IF(_xlfn.XLOOKUP(A7, AutoFill_names!B:B, AutoFill_names!L:L,"")=0,"",_xlfn.XLOOKUP(A7, AutoFill_names!B:B, AutoFill_names!L:L,"")) | N7: =IF(_xlfn.XLOOKUP(L7, AutoFill_classes!A:A, AutoFill_classes!B:B,"")=0,"",_xlfn.XLOOKUP(L7, AutoFill_classes!A:A, AutoFill_classes!B:B,"")) | Z7: =IF(X7*Y7=0,"",X7*Y7) | AE7: =IF(ROUNDUP((AD7-AC7)/7,0)=0,"",ROUNDUP((AD7-AC7)/7,0)) | AG7: =IFERROR(IF(AE7*AF7=0,"",AE7*AF7), "") | AJ7: =IF(ROUNDUP((AI7-AH7)/7,0)=0,"",ROUNDUP((AI7-AH7)/7,0)) | AL7: =IFERROR(IF(AJ7*AK7=0,"",AJ7*AK7), "") | AO7: =IF(ROUNDUP((AN7-AM7)/7,0)=0,"",ROUNDUP((AN7-AM7)/7,0)) | AP7: =IFERROR(IF((AS7-(AF7+AK7))/AO7=0,"",ROUNDUP((AS7-(AF7+AK7))/AO7,0)), "") | AQ7: =IFERROR(IF((AS7-(AG7+AL7))=0, "", (AS7-(AG7+AL7))), "") | AR7: =IFERROR(IF((AE7+AJ7+AO7)=0, "", (AE7+AJ7+AO7)), "") | AV7: =IF(_xlfn.XLOOKUP(AT7, AutoFill_classes!$A:$A, AutoFill_classes!$B:$B,"")=0,"",_xlfn.XLOOKUP(AT7, AutoFill_classes!$A:$A, AutoFill_classes!$B:$B,"")) | BE7: =IF(BC7*BD7=0,"",BC7*BD7) | BJ7: =IF(ROUNDUP((BI7-BH7)/7,0)=0,"",ROUNDUP((BI7-BH7)/7,0)) | BL7: =IFERROR(IF(BJ7*BK7=0,"",BJ7*BK7), "") | BO7: =IF(ROUNDUP((BN7-BM7)/7,0)=0,"",ROUNDUP((BN7-BM7)/7,0)) | BQ7: =IFERROR(IF(BO7*BP7=0,"",BO7*BP7), "") | BT7: =IF(ROUNDUP((BS7-BR7)/7,0)=0,"",ROUNDUP((BS7-BR7)/7,0)) | BU7: =IFERROR(IF((BX7-(BK7+BP7))/BT7=0,"",ROUNDUP((BX7-(BK7+BP7))/BT7,0)), "") | BV7: =IFERROR(IF((BX7-(BL7+BQ7))=0, "", (BX7-(BL7+BQ7))), "") | BW7: =IFERROR(IF((BJ7+BO7+BT7)=0, "", (BJ7+BO7+BT7)), "") | CA7: =IF(_xlfn.XLOOKUP(BY7, AutoFill_classes!$A:$A, AutoFill_classes!$B:$B,"")=0,"",_xlfn.XLOOKUP(BY7, AutoFill_classes!$A:$A, AutoFill_classes!$B:$B,"")) | CJ7: =IF(CH7*CI7=0,"",CH7*CI7) | CO7: =IF(ROUNDUP((CN7-CM7)/7,0)=0,"",ROUNDUP((CN7-CM7)/7,0)) | CQ7: =IFERROR(IF(CO7*CP7=0,"",CO7*CP7), "") | CT7: =IF(ROUNDUP((CS7-CR7)/7,0)=0,"",ROUNDUP((CS7-CR7)/7,0)) | CV7: =IFERROR(IF(CT7*CU7=0,"",CT7*CU7), "") | CY7: =IF(ROUNDUP((CX7-CW7)/7,0)=0,"",ROUNDUP((CX7-CW7)/7,0)) | CZ7: =IFERROR(IF((DC7-(CP7+CU7))/CY7=0,"",ROUNDUP((DC7-(CP7+CU7))/CY7,0)), "") | DA7: =IFERROR(IF((DC7-(CQ7+CV7))=0, "", (DC7-(CQ7+CV7))), "") | DB7: =IFERROR(IF((CO7+CT7+CY7)=0, "", (CO7+CT7+CY7)), "") | DE7: 5
B8: =IF(_xlfn.XLOOKUP(A8, AutoFill_names!B:B, AutoFill_names!C:C,"")=0,"",_xlfn.XLOOKUP(A8, AutoFill_names!B:B, AutoFill_names!C:C,"")) | C8: =IF(_xlfn.XLOOKUP(A8, AutoFill_names!B:B, AutoFill_names!D:D,"")=0,"",_xlfn.XLOOKUP(A8, AutoFill_names!B:B, AutoFill_names!D:D,"")) | D8: =IF(_xlfn.XLOOKUP(A8, AutoFill_names!B:B, AutoFill_names!E:E,"")=0,"",_xlfn.XLOOKUP(A8, AutoFill_names!B:B, AutoFill_names!E:E,"")) | E8: =IF(_xlfn.XLOOKUP(A8, AutoFill_names!B:B, AutoFill_names!F:F,"")=0,"",_xlfn.XLOOKUP(A8, AutoFill_names!B:B, AutoFill_names!F:F,"")) | J8: =IF(_xlfn.XLOOKUP(A8, AutoFill_names!B:B, AutoFill_names!K:K,"")=0,"",_xlfn.XLOOKUP(A8, AutoFill_names!B:B, AutoFill_names!K:K,"")) | K8: =IF(_xlfn.XLOOKUP(A8, AutoFill_names!B:B, AutoFill_names!L:L,"")=0,"",_xlfn.XLOOKUP(A8, AutoFill_names!B:B, AutoFill_names!L:L,"")) | N8: =IF(_xlfn.XLOOKUP(L8, AutoFill_classes!A:A, AutoFill_classes!B:B,"")=0,"",_xlfn.XLOOKUP(L8, AutoFill_classes!A:A, AutoFill_classes!B:B,"")) | Z8: =IF(X8*Y8=0,"",X8*Y8) | AE8: =IF(ROUNDUP((AD8-AC8)/7,0)=0,"",ROUNDUP((AD8-AC8)/7,0)) | AG8: =IFERROR(IF(AE8*AF8=0,"",AE8*AF8), "") | AJ8: =IF(ROUNDUP((AI8-AH8)/7,0)=0,"",ROUNDUP((AI8-AH8)/7,0)) | AL8: =IFERROR(IF(AJ8*AK8=0,"",AJ8*AK8), "") | AO8: =IF(ROUNDUP((AN8-AM8)/7,0)=0,"",ROUNDUP((AN8-AM8)/7,0)) | AP8: =IFERROR(IF((AS8-(AF8+AK8))/AO8=0,"",ROUNDUP((AS8-(AF8+AK8))/AO8,0)), "") | AQ8: =IFERROR(IF((AS8-(AG8+AL8))=0, "", (AS8-(AG8+AL8))), "") | AR8: =IFERROR(IF((AE8+AJ8+AO8)=0, "", (AE8+AJ8+AO8)), "") | AV8: =IF(_xlfn.XLOOKUP(AT8, AutoFill_classes!$A:$A, AutoFill_classes!$B:$B,"")=0,"",_xlfn.XLOOKUP(AT8, AutoFill_classes!$A:$A, AutoFill_classes!$B:$B,"")) | BE8: =IF(BC8*BD8=0,"",BC8*BD8) | BJ8: =IF(ROUNDUP((BI8-BH8)/7,0)=0,"",ROUNDUP((BI8-BH8)/7,0)) | BL8: =IFERROR(IF(BJ8*BK8=0,"",BJ8*BK8), "") | BO8: =IF(ROUNDUP((BN8-BM8)/7,0)=0,"",ROUNDUP((BN8-BM8)/7,0)) | BQ8: =IFERROR(IF(BO8*BP8=0,"",BO8*BP8), "") | BT8: =IF(ROUNDUP((BS8-BR8)/7,0)=0,"",ROUNDUP((BS8-BR8)/7,0)) | BU8: =IFERROR(IF((BX8-(BK8+BP8))/BT8=0,"",ROUNDUP((BX8-(BK8+BP8))/BT8,0)), "") | BV8: =IFERROR(IF((BX8-(BL8+BQ8))=0, "", (BX8-(BL8+BQ8))), "") | BW8: =IFERROR(IF((BJ8+BO8+BT8)=0, "", (BJ8+BO8+BT8)), "") | CA8: =IF(_xlfn.XLOOKUP(BY8, AutoFill_classes!$A:$A, AutoFill_classes!$B:$B,"")=0,"",_xlfn.XLOOKUP(BY8, AutoFill_classes!$A:$A, AutoFill_classes!$B:$B,"")) | CJ8: =IF(CH8*CI8=0,"",CH8*CI8) | CO8: =IF(ROUNDUP((CN8-CM8)/7,0)=0,"",ROUNDUP((CN8-CM8)/7,0)) | CQ8: =IFERROR(IF(CO8*CP8=0,"",CO8*CP8), "") | CT8: =IF(ROUNDUP((CS8-CR8)/7,0)=0,"",ROUNDUP((CS8-CR8)/7,0)) | CV8: =IFERROR(IF(CT8*CU8=0,"",CT8*CU8), "") | CY8: =IF(ROUNDUP((CX8-CW8)/7,0)=0,"",ROUNDUP((CX8-CW8)/7,0)) | CZ8: =IFERROR(IF((DC8-(CP8+CU8))/CY8=0,"",ROUNDUP((DC8-(CP8+CU8))/CY8,0)), "") | DA8: =IFERROR(IF((DC8-(CQ8+CV8))=0, "", (DC8-(CQ8+CV8))), "") | DB8: =IFERROR(IF((CO8+CT8+CY8)=0, "", (CO8+CT8+CY8)), "") | DE8: 6
B9: =IF(_xlfn.XLOOKUP(A9, AutoFill_names!B:B, AutoFill_names!C:C,"")=0,"",_xlfn.XLOOKUP(A9, AutoFill_names!B:B, AutoFill_names!C:C,"")) | C9: =IF(_xlfn.XLOOKUP(A9, AutoFill_names!B:B, AutoFill_names!D:D,"")=0,"",_xlfn.XLOOKUP(A9, AutoFill_names!B:B, AutoFill_names!D:D,"")) | D9: =IF(_xlfn.XLOOKUP(A9, AutoFill_names!B:B, AutoFill_names!E:E,"")=0,"",_xlfn.XLOOKUP(A9, AutoFill_names!B:B, AutoFill_names!E:E,"")) | E9: =IF(_xlfn.XLOOKUP(A9, AutoFill_names!B:B, AutoFill_names!F:F,"")=0,"",_xlfn.XLOOKUP(A9, AutoFill_names!B:B, AutoFill_names!F:F,"")) | J9: =IF(_xlfn.XLOOKUP(A9, AutoFill_names!B:B, AutoFill_names!K:K,"")=0,"",_xlfn.XLOOKUP(A9, AutoFill_names!B:B, AutoFill_names!K:K,"")) | K9: =IF(_xlfn.XLOOKUP(A9, AutoFill_names!B:B, AutoFill_names!L:L,"")=0,"",_xlfn.XLOOKUP(A9, AutoFill_names!B:B, AutoFill_names!L:L,"")) | N9: =IF(_xlfn.XLOOKUP(L9, AutoFill_classes!A:A, AutoFill_classes!B:B,"")=0,"",_xlfn.XLOOKUP(L9, AutoFill_classes!A:A, AutoFill_classes!B:B,"")) | Z9: =IF(X9*Y9=0,"",X9*Y9) | AE9: =IF(ROUNDUP((AD9-AC9)/7,0)=0,"",ROUNDUP((AD9-AC9)/7,0)) | AG9: =IFERROR(IF(AE9*AF9=0,"",AE9*AF9), "") | AJ9: =IF(ROUNDUP((AI9-AH9)/7,0)=0,"",ROUNDUP((AI9-AH9)/7,0)) | AL9: =IFERROR(IF(AJ9*AK9=0,"",AJ9*AK9), "") | AO9: =IF(ROUNDUP((AN9-AM9)/7,0)=0,"",ROUNDUP((AN9-AM9)/7,0)) | AP9: =IFERROR(IF((AS9-(AF9+AK9))/AO9=0,"",ROUNDUP((AS9-(AF9+AK9))/AO9,0)), "") | AQ9: =IFERROR(IF((AS9-(AG9+AL9))=0, "", (AS9-(AG9+AL9))), "") | AR9: =IFERROR(IF((AE9+AJ9+AO9)=0, "", (AE9+AJ9+AO9)), "") | AV9: =IF(_xlfn.XLOOKUP(AT9, AutoFill_classes!$A:$A, AutoFill_classes!$B:$B,"")=0,"",_xlfn.XLOOKUP(AT9, AutoFill_classes!$A:$A, AutoFill_classes!$B:$B,"")) | BE9: =IF(BC9*BD9=0,"",BC9*BD9) | BJ9: =IF(ROUNDUP((BI9-BH9)/7,0)=0,"",ROUNDUP((BI9-BH9)/7,0)) | BL9: =IFERROR(IF(BJ9*BK9=0,"",BJ9*BK9), "") | BO9: =IF(ROUNDUP((BN9-BM9)/7,0)=0,"",ROUNDUP((BN9-BM9)/7,0)) | BQ9: =IFERROR(IF(BO9*BP9=0,"",BO9*BP9), "") | BT9: =IF(ROUNDUP((BS9-BR9)/7,0)=0,"",ROUNDUP((BS9-BR9)/7,0)) | BU9: =IFERROR(IF((BX9-(BK9+BP9))/BT9=0,"",ROUNDUP((BX9-(BK9+BP9))/BT9,0)), "") | BV9: =IFERROR(IF((BX9-(BL9+BQ9))=0, "", (BX9-(BL9+BQ9))), "") | BW9: =IFERROR(IF((BJ9+BO9+BT9)=0, "", (BJ9+BO9+BT9)), "") | CA9: =IF(_xlfn.XLOOKUP(BY9, AutoFill_classes!$A:$A, AutoFill_classes!$B:$B,"")=0,"",_xlfn.XLOOKUP(BY9, AutoFill_classes!$A:$A, AutoFill_classes!$B:$B,"")) | CJ9: =IF(CH9*CI9=0,"",CH9*CI9) | CO9: =IF(ROUNDUP((CN9-CM9)/7,0)=0,"",ROUNDUP((CN9-CM9)/7,0)) | CQ9: =IFERROR(IF(CO9*CP9=0,"",CO9*CP9), "") | CT9: =IF(ROUNDUP((CS9-CR9)/7,0)=0,"",ROUNDUP((CS9-CR9)/7,0)) | CV9: =IFERROR(IF(CT9*CU9=0,"",CT9*CU9), "") | CY9: =IF(ROUNDUP((CX9-CW9)/7,0)=0,"",ROUNDUP((CX9-CW9)/7,0)) | CZ9: =IFERROR(IF((DC9-(CP9+CU9))/CY9=0,"",ROUNDUP((DC9-(CP9+CU9))/CY9,0)), "") | DA9: =IFERROR(IF((DC9-(CQ9+CV9))=0, "", (DC9-(CQ9+CV9))), "") | DB9: =IFERROR(IF((CO9+CT9+CY9)=0, "", (CO9+CT9+CY9)), "") | DE9: 7
B10: =IF(_xlfn.XLOOKUP(A10, AutoFill_names!B:B, AutoFill_names!C:C,"")=0,"",_xlfn.XLOOKUP(A10, AutoFill_names!B:B, AutoFill_names!C:C,"")) | C10: =IF(_xlfn.XLOOKUP(A10, AutoFill_names!B:B, AutoFill_names!D:D,"")=0,"",_xlfn.XLOOKUP(A10, AutoFill_names!B:B, AutoFill_names!D:D,"")) | D10: =IF(_xlfn.XLOOKUP(A10, AutoFill_names!B:B, AutoFill_names!E:E,"")=0,"",_xlfn.XLOOKUP(A10, AutoFill_names!B:B, AutoFill_names!E:E,"")) | E10: =IF(_xlfn.XLOOKUP(A10, AutoFill_names!B:B, AutoFill_names!F:F,"")=0,"",_xlfn.XLOOKUP(A10, AutoFill_names!B:B, AutoFill_names!F:F,"")) | J10: =IF(_xlfn.XLOOKUP(A10, AutoFill_names!B:B, AutoFill_names!K:K,"")=0,"",_xlfn.XLOOKUP(A10, AutoFill_names!B:B, AutoFill_names!K:K,"")) | K10: =IF(_xlfn.XLOOKUP(A10, AutoFill_names!B:B, AutoFill_names!L:L,"")=0,"",_xlfn.XLOOKUP(A10, AutoFill_names!B:B, AutoFill_names!L:L,"")) | N10: =IF(_xlfn.XLOOKUP(L10, AutoFill_classes!A:A, AutoFill_classes!B:B,"")=0,"",_xlfn.XLOOKUP(L10, AutoFill_classes!A:A, AutoFill_classes!B:B,"")) | Z10: =IF(X10*Y10=0,"",X10*Y10) | AE10: =IF(ROUNDUP((AD10-AC10)/7,0)=0,"",ROUNDUP((AD10-AC10)/7,0)) | AG10: =IFERROR(IF(AE10*AF10=0,"",AE10*AF10), "") | AJ10: =IF(ROUNDUP((AI10-AH10)/7,0)=0,"",ROUNDUP((AI10-AH10)/7,0)) | AL10: =IFERROR(IF(AJ10*AK10=0,"",AJ10*AK10), "") | AO10: =IF(ROUNDUP((AN10-AM10)/7,0)=0,"",ROUNDUP((AN10-AM10)/7,0)) | AP10: =IFERROR(IF((AS10-(AF10+AK10))/AO10=0,"",ROUNDUP((AS10-(AF10+AK10))/AO10,0)), "") | AQ10: =IFERROR(IF((AS10-(AG10+AL10))=0, "", (AS10-(AG10+AL10))), "") | AR10: =IFERROR(IF((AE10+AJ10+AO10)=0, "", (AE10+AJ10+AO10)), "") | AV10: =IF(_xlfn.XLOOKUP(AT10, AutoFill_classes!$A:$A, AutoFill_classes!$B:$B,"")=0,"",_xlfn.XLOOKUP(AT10, AutoFill_classes!$A:$A, AutoFill_classes!$B:$B,"")) | BE10: =IF(BC10*BD10=0,"",BC10*BD10) | BJ10: =IF(ROUNDUP((BI10-BH10)/7,0)=0,"",ROUNDUP((BI10-BH10)/7,0)) | BL10: =IFERROR(IF(BJ10*BK10=0,"",BJ10*BK10), "") | BO10: =IF(ROUNDUP((BN10-BM10)/7,0)=0,"",ROUNDUP((BN10-BM10)/7,0)) | BQ10: =IFERROR(IF(BO10*BP10=0,"",BO10*BP10), "") | BT10: =IF(ROUNDUP((BS10-BR10)/7,0)=0,"",ROUNDUP((BS10-BR10)/7,0)) | BU10: =IFERROR(IF((BX10-(BK10+BP10))/BT10=0,"",ROUNDUP((BX10-(BK10+BP10))/BT10,0)), "") | BV10: =IFERROR(IF((BX10-(BL10+BQ10))=0, "", (BX10-(BL10+BQ10))), "") | BW10: =IFERROR(IF((BJ10+BO10+BT10)=0, "", (BJ10+BO10+BT10)), "") | CA10: =IF(_xlfn.XLOOKUP(BY10, AutoFill_classes!$A:$A, AutoFill_classes!$B:$B,"")=0,"",_xlfn.XLOOKUP(BY10, AutoFill_classes!$A:$A, AutoFill_classes!$B:$B,"")) | CJ10: =IF(CH10*CI10=0,"",CH10*CI10) | CO10: =IF(ROUNDUP((CN10-CM10)/7,0)=0,"",ROUNDUP((CN10-CM10)/7,0)) | CQ10: =IFERROR(IF(CO10*CP10=0,"",CO10*CP10), "") | CT10: =IF(ROUNDUP((CS10-CR10)/7,0)=0,"",ROUNDUP((CS10-CR10)/7,0)) | CV10: =IFERROR(IF(CT10*CU10=0,"",CT10*CU10), "") | CY10: =IF(ROUNDUP((CX10-CW10)/7,0)=0,"",ROUNDUP((CX10-CW10)/7,0)) | CZ10: =IFERROR(IF((DC10-(CP10+CU10))/CY10=0,"",ROUNDUP((DC10-(CP10+CU10))/CY10,0)), "") | DA10: =IFERROR(IF((DC10-(CQ10+CV10))=0, "", (DC10-(CQ10+CV10))), "") | DB10: =IFERROR(IF((CO10+CT10+CY10)=0, "", (CO10+CT10+CY10)), "") | DE10: 8
B11: =IF(_xlfn.XLOOKUP(A11, AutoFill_names!B:B, AutoFill_names!C:C,"")=0,"",_xlfn.XLOOKUP(A11, AutoFill_names!B:B, AutoFill_names!C:C,"")) | C11: =IF(_xlfn.XLOOKUP(A11, AutoFill_names!B:B, AutoFill_names!D:D,"")=0,"",_xlfn.XLOOKUP(A11, AutoFill_names!B:B, AutoFill_names!D:D,"")) | D11: =IF(_xlfn.XLOOKUP(A11, AutoFill_names!B:B, AutoFill_names!E:E,"")=0,"",_xlfn.XLOOKUP(A11, AutoFill_names!B:B, AutoFill_names!E:E,"")) | E11: =IF(_xlfn.XLOOKUP(A11, AutoFill_names!B:B, AutoFill_names!F:F,"")=0,"",_xlfn.XLOOKUP(A11, AutoFill_names!B:B, AutoFill_names!F:F,"")) | J11: =IF(_xlfn.XLOOKUP(A11, AutoFill_names!B:B, AutoFill_names!K:K,"")=0,"",_xlfn.XLOOKUP(A11, AutoFill_names!B:B, AutoFill_names!K:K,"")) | K11: =IF(_xlfn.XLOOKUP(A11, AutoFill_names!B:B, AutoFill_names!L:L,"")=0,"",_xlfn.XLOOKUP(A11, AutoFill_names!B:B, AutoFill_names!L:L,"")) | N11: =IF(_xlfn.XLOOKUP(L11, AutoFill_classes!A:A, AutoFill_classes!B:B,"")=0,"",_xlfn.XLOOKUP(L11, AutoFill_classes!A:A, AutoFill_classes!B:B,"")) | Z11: =IF(X11*Y11=0,"",X11*Y11) | AE11: =IF(ROUNDUP((AD11-AC11)/7,0)=0,"",ROUNDUP((AD11-AC11)/7,0)) | AG11: =IFERROR(IF(AE11*AF11=0,"",AE11*AF11), "") | AJ11: =IF(ROUNDUP((AI11-AH11)/7,0)=0,"",ROUNDUP((AI11-AH11)/7,0)) | AL11: =IFERROR(IF(AJ11*AK11=0,"",AJ11*AK11), "") | AO11: =IF(ROUNDUP((AN11-AM11)/7,0)=0,"",ROUNDUP((AN11-AM11)/7,0)) | AP11: =IFERROR(IF((AS11-(AF11+AK11))/AO11=0,"",ROUNDUP((AS11-(AF11+AK11))/AO11,0)), "") | AQ11: =IFERROR(IF((AS11-(AG11+AL11))=0, "", (AS11-(AG11+AL11))), "") | AR11: =IFERROR(IF((AE11+AJ11+AO11)=0, "", (AE11+AJ11+AO11)), "") | AV11: =IF(_xlfn.XLOOKUP(AT11, AutoFill_classes!$A:$A, AutoFill_classes!$B:$B,"")=0,"",_xlfn.XLOOKUP(AT11, AutoFill_classes!$A:$A, AutoFill_classes!$B:$B,"")) | BE11: =IF(BC11*BD11=0,"",BC11*BD11) | BJ11: =IF(ROUNDUP((BI11-BH11)/7,0)=0,"",ROUNDUP((BI11-BH11)/7,0)) | BL11: =IFERROR(IF(BJ11*BK11=0,"",BJ11*BK11), "") | BO11: =IF(ROUNDUP((BN11-BM11)/7,0)=0,"",ROUNDUP((BN11-BM11)/7,0)) | BQ11: =IFERROR(IF(BO11*BP11=0,"",BO11*BP11), "") | BT11: =IF(ROUNDUP((BS11-BR11)/7,0)=0,"",ROUNDUP((BS11-BR11)/7,0)) | BU11: =IFERROR(IF((BX11-(BK11+BP11))/BT11=0,"",ROUNDUP((BX11-(BK11+BP11))/BT11,0)), "") | BV11: =IFERROR(IF((BX11-(BL11+BQ11))=0, "", (BX11-(BL11+BQ11))), "") | BW11: =IFERROR(IF((BJ11+BO11+BT11)=0, "", (BJ11+BO11+BT11)), "") | CA11: =IF(_xlfn.XLOOKUP(BY11, AutoFill_classes!$A:$A, AutoFill_classes!$B:$B,"")=0,"",_xlfn.XLOOKUP(BY11, AutoFill_classes!$A:$A, AutoFill_classes!$B:$B,"")) | CJ11: =IF(CH11*CI11=0,"",CH11*CI11) | CO11: =IF(ROUNDUP((CN11-CM11)/7,0)=0,"",ROUNDUP((CN11-CM11)/7,0)) | CQ11: =IFERROR(IF(CO11*CP11=0,"",CO11*CP11), "") | CT11: =IF(ROUNDUP((CS11-CR11)/7,0)=0,"",ROUNDUP((CS11-CR11)/7,0)) | CV11: =IFERROR(IF(CT11*CU11=0,"",CT11*CU11), "") | CY11: =IF(ROUNDUP((CX11-CW11)/7,0)=0,"",ROUNDUP((CX11-CW11)/7,0)) | CZ11: =IFERROR(IF((DC11-(CP11+CU11))/CY11=0,"",ROUNDUP((DC11-(CP11+CU11))/CY11,0)), "") | DA11: =IFERROR(IF((DC11-(CQ11+CV11))=0, "", (DC11-(CQ11+CV11))), "") | DB11: =IFERROR(IF((CO11+CT11+CY11)=0, "", (CO11+CT11+CY11)), "") | DE11: 9
A12: Totals: Natasha Richards notes: team teaching for CPE; Caplaincy center; 25% load reduction | B12: ="Total Credits: " & IFERROR(IF(DD12=0,"",DD12),"") -> Total Credits: 18 | X12: =IF(SUM(X13:X21)=0,"", SUM(X13:X21)) -> 6 | BC12: =IF(SUM(BC13:BC21)=0, "", SUM(BC13:BC21)) -> 6 | CH12: =IF(SUM(CH13:CH21)=0, "", SUM(CH13:CH21)) -> 6 | DD12: =IF(SUM(L12:DC12)=0, "", SUM(L12:DC12)) -> 18 | DE12: 10
A13: Richards, Natasha | B13: =IF(_xlfn.XLOOKUP(A13, AutoFill_names!B:B, AutoFill_names!C:C,"")=0,"",_xlfn.XLOOKUP(A13, AutoFill_names!B:B, AutoFill_names!C:C,"")) | C13: =IF(_xlfn.XLOOKUP(A13, AutoFill_names!B:B, AutoFill_names!D:D,"")=0,"",_xlfn.XLOOKUP(A13, AutoFill_names!B:B, AutoFill_names!D:D,"")) | D13: =IF(_xlfn.XLOOKUP(A13, AutoFill_names!B:B, AutoFill_names!E:E,"")=0,"",_xlfn.XLOOKUP(A13, AutoFill_names!B:B, AutoFill_names!E:E,"")) | E13: =IF(_xlfn.XLOOKUP(A13, AutoFill_names!B:B, AutoFill_names!F:F,"")=0,"",_xlfn.XLOOKUP(A13, AutoFill_names!B:B, AutoFill_names!F:F,"")) | J13: =IF(_xlfn.XLOOKUP(A13, AutoFill_names!B:B, AutoFill_names!K:K,"")=0,"",_xlfn.XLOOKUP(A13, AutoFill_names!B:B, AutoFill_names!K:K,"")) | K13: =IF(_xlfn.XLOOKUP(A13, AutoFill_names!B:B, AutoFill_names!L:L,"")=0,"",_xlfn.XLOOKUP(A13, AutoFill_names!B:B, AutoFill_names!L:L,"")) | L13: PATH554 | N13: =IF(_xlfn.XLOOKUP(L13, AutoFill_classes!A:A, AutoFill_classes!B:B,"")=0,"",_xlfn.XLOOKUP(L13, AutoFill_classes!A:A, AutoFill_classes!B:B,"")) | P13: x | S13: In-Person | T13: MDIV | U13: Main Campus - MC | V13: load | W13: yes | X13: 3 | Z13: =IF(X13*Y13=0,"",X13*Y13) | AE13: =IF(ROUNDUP((AD13-AC13)/7,0)=0,"",ROUNDUP((AD13-AC13)/7,0)) | AG13: =IFERROR(IF(AE13*AF13=0,"",AE13*AF13), "") | AJ13: =IF(ROUNDUP((AI13-AH13)/7,0)=0,"",ROUNDUP((AI13-AH13)/7,0)) | AL13: =IFERROR(IF(AJ13*AK13=0,"",AJ13*AK13), "") | AO13: =IF(ROUNDUP((AN13-AM13)/7,0)=0,"",ROUNDUP((AN13-AM13)/7,0)) | AP13: =IFERROR(IF((AS13-(AF13+AK13))/AO13=0,"",ROUNDUP((AS13-(AF13+AK13))/AO13,0)), "") | AQ13: =IFERROR(IF((AS13-(AG13+AL13))=0, "", (AS13-(AG13+AL13))), "") | AR13: =IFERROR(IF((AE13+AJ13+AO13)=0, "", (AE13+AJ13+AO13)), "") | AT13: PATH554 | AU13: CPE | AV13: =IF(_xlfn.XLOOKUP(AT13, AutoFill_classes!$A:$A, AutoFill_classes!$B:$B,"")=0,"",_xlfn.XLOOKUP(AT13, AutoFill_classes!$A:$A, AutoFill_classes!$B:$B,"")) | AX13: In-Person | AY13: MDIV | AZ13: Main Campus - MC | BA13: load | BB13: yes | BC13: 6 | BE13: =IF(BC13*BD13=0,"",BC13*BD13) | BJ13: =IF(ROUNDUP((BI13-BH13)/7,0)=0,"",ROUNDUP((BI13-BH13)/7,0)) | BL13: =IFERROR(IF(BJ13*BK13=0,"",BJ13*BK13), "") | BO13: =IF(ROUNDUP((BN13-BM13)/7,0)=0,"",ROUNDUP((BN13-BM13)/7,0)) | BQ13: =IFERROR(IF(BO13*BP13=0,"",BO13*BP13), "") | BT13: =IF(ROUNDUP((BS13-BR13)/7,0)=0,"",ROUNDUP((BS13-BR13)/7,0)) | BU13: =IFERROR(IF((BX13-(BK13+BP13))/BT13=0,"",ROUNDUP((BX13-(BK13+BP13))/BT13,0)), "") | BV13: =IFERROR(IF((BX13-(BL13+BQ13))=0, "", (BX13-(BL13+BQ13))), "") | BW13: =IFERROR(IF((BJ13+BO13+BT13)=0, "", (BJ13+BO13+BT13)), "") | BY13: PATH554 | BZ13: CPE | CA13: =IF(_xlfn.XLOOKUP(BY13, AutoFill_classes!$A:$A, AutoFill_classes!$B:$B,"")=0,"",_xlfn.XLOOKUP(BY13, AutoFill_classes!$A:$A, AutoFill_classes!$B:$B,"")) | CC13: In-Person | CD13: MDIV | CE13: Main Campus - MC | CF13: load | CG13: yes | CH13: 6 | CJ13: =IF(CH13*CI13=0,"",CH13*CI13) | CO13: =IF(ROUNDUP((CN13-CM13)/7,0)=0,"",ROUNDUP((CN13-CM13)/7,0)) | CQ13: =IFERROR(IF(CO13*CP13=0,"",CO13*CP13), "") | CT13: =IF(ROUNDUP((CS13-CR13)/7,0)=0,"",ROUNDUP((CS13-CR13)/7,0)) | CV13: =IFERROR(IF(CT13*CU13=0,"",CT13*CU13), "") | CY13: =IF(ROUNDUP((CX13-CW13)/7,0)=0,"",ROUNDUP((CX13-CW13)/7,0)) | CZ13: =IFERROR(IF((DC13-(CP13+CU13))/CY13=0,"",ROUNDUP((DC13-(CP13+CU13))/CY13,0)), "") | DA13: =IFERROR(IF((DC13-(CQ13+CV13))=0, "", (DC13-(CQ13+CV13))), "") | DB13: =IFERROR(IF((CO13+CT13+CY13)=0, "", (CO13+CT13+CY13)), "") | DE13: 11
A14: Richards, Natasha | B14: =IF(_xlfn.XLOOKUP(A14, AutoFill_names!B:B, AutoFill_names!C:C,"")=0,"",_xlfn.XLOOKUP(A14, AutoFill_names!B:B, AutoFill_names!C:C,"")) | C14: =IF(_xlfn.XLOOKUP(A14, AutoFill_names!B:B, AutoFill_names!D:D,"")=0,"",_xlfn.XLOOKUP(A14, AutoFill_names!B:B, AutoFill_names!D:D,"")) | D14: =IF(_xlfn.XLOOKUP(A14, AutoFill_names!B:B, AutoFill_names!E:E,"")=0,"",_xlfn.XLOOKUP(A14, AutoFill_names!B:B, AutoFill_names!E:E,"")) | E14: =IF(_xlfn.XLOOKUP(A14, AutoFill_names!B:B, AutoFill_names!F:F,"")=0,"",_xlfn.XLOOKUP(A14, AutoFill_names!B:B, AutoFill_names!F:F,"")) | J14: =IF(_xlfn.XLOOKUP(A14, AutoFill_names!B:B, AutoFill_names!K:K,"")=0,"",_xlfn.XLOOKUP(A14, AutoFill_names!B:B, AutoFill_names!K:K,"")) | K14: =IF(_xlfn.XLOOKUP(A14, AutoFill_names!B:B, AutoFill_names!L:L,"")=0,"",_xlfn.XLOOKUP(A14, AutoFill_names!B:B, AutoFill_names!L:L,"")) | L14: PATH554 | M14: faculty | N14: =IF(_xlfn.XLOOKUP(L14, AutoFill_classes!A:A, AutoFill_classes!B:B,"")=0,"",_xlfn.XLOOKUP(L14, AutoFill_classes!A:A, AutoFill_classes!B:B,"")) | Q14: x | S14: In-Person | T14: MAR-INT | U14: Main Campus - MC | V14: load | W14: yes | X14: 3 | Z14: =IF(X14*Y14=0,"",X14*Y14) | AE14: =IF(ROUNDUP((AD14-AC14)/7,0)=0,"",ROUNDUP((AD14-AC14)/7,0)) | AG14: =IFERROR(IF(AE14*AF14=0,"",AE14*AF14), "") | AJ14: =IF(ROUNDUP((AI14-AH14)/7,0)=0,"",ROUNDUP((AI14-AH14)/7,0)) | AL14: =IFERROR(IF(AJ14*AK14=0,"",AJ14*AK14), "") | AO14: =IF(ROUNDUP((AN14-AM14)/7,0)=0,"",ROUNDUP((AN14-AM14)/7,0)) | AP14: =IFERROR(IF((AS14-(AF14+AK14))/AO14=0,"",ROUNDUP((AS14-(AF14+AK14))/AO14,0)), "") | AQ14: =IFERROR(IF((AS14-(AG14+AL14))=0, "", (AS14-(AG14+AL14))), "") | AR14: =IFERROR(IF((AE14+AJ14+AO14)=0, "", (AE14+AJ14+AO14)), "") | AV14: =IF(_xlfn.XLOOKUP(AT14, AutoFill_classes!$A:$A, AutoFill_classes!$B:$B,"")=0,"",_xlfn.XLOOKUP(AT14, AutoFill_classes!$A:$A, AutoFill_classes!$B:$B,"")) | BE14: =IF(BC14*BD14=0,"",BC14*BD14) | BJ14: =IF(ROUNDUP((BI14-BH14)/7,0)=0,"",ROUNDUP((BI14-BH14)/7,0)) | BL14: =IFERROR(IF(BJ14*BK14=0,"",BJ14*BK14), "") | BO14: =IF(ROUNDUP((BN14-BM14)/7,0)=0,"",ROUNDUP((BN14-BM14)/7,0)) | BQ14: =IFERROR(IF(BO14*BP14=0,"",BO14*BP14), "") | BT14: =IF(ROUNDUP((BS14-BR14)/7,0)=0,"",ROUNDUP((BS14-BR14)/7,0)) | BU14: =IFERROR(IF((BX14-(BK14+BP14))/BT14=0,"",ROUNDUP((BX14-(BK14+BP14))/BT14,0)), "") | BV14: =IFERROR(IF((BX14-(BL14+BQ14))=0, "", (BX14-(BL14+BQ14))), "") | BW14: =IFERROR(IF((BJ14+BO14+BT14)=0, "", (BJ14+BO14+BT14)), "") | CA14: =IF(_xlfn.XLOOKUP(BY14, AutoFill_classes!$A:$A, AutoFill_classes!$B:$B,"")=0,"",_xlfn.XLOOKUP(BY14, AutoFill_classes!$A:$A, AutoFill_classes!$B:$B,"")) | CJ14: =IF(CH14*CI14=0,"",CH14*CI14) | CO14: =IF(ROUNDUP((CN14-CM14)/7,0)=0,"",ROUNDUP((CN14-CM14)/7,0)) | CQ14: =IFERROR(IF(CO14*CP14=0,"",CO14*CP14), "") | CT14: =IF(ROUNDUP((CS14-CR14)/7,0)=0,"",ROUNDUP((CS14-CR14)/7,0)) | CV14: =IFERROR(IF(CT14*CU14=0,"",CT14*CU14), "") | CY14: =IF(ROUNDUP((CX14-CW14)/7,0)=0,"",ROUNDUP((CX14-CW14)/7,0)) | CZ14: =IFERROR(IF((DC14-(CP14+CU14))/CY14=0,"",ROUNDUP((DC14-(CP14+CU14))/CY14,0)), "") | DA14: =IFERROR(IF((DC14-(CQ14+CV14))=0, "", (DC14-(CQ14+CV14))), "") | DB14: =IFERROR(IF((CO14+CT14+CY14)=0, "", (CO14+CT14+CY14)), "") | DE14: 12
B15: =IF(_xlfn.XLOOKUP(A15, AutoFill_names!B:B, AutoFill_names!C:C,"")=0,"",_xlfn.XLOOKUP(A15, AutoFill_names!B:B, AutoFill_names!C:C,"")) | C15: =IF(_xlfn.XLOOKUP(A15, AutoFill_names!B:B, AutoFill_names!D:D,"")=0,"",_xlfn.XLOOKUP(A15, AutoFill_names!B:B, AutoFill_names!D:D,"")) | D15: =IF(_xlfn.XLOOKUP(A15, AutoFill_names!B:B, AutoFill_names!E:E,"")=0,"",_xlfn.XLOOKUP(A15, AutoFill_names!B:B, AutoFill_names!E:E,"")) | E15: =IF(_xlfn.XLOOKUP(A15, AutoFill_names!B:B, AutoFill_names!F:F,"")=0,"",_xlfn.XLOOKUP(A15, AutoFill_names!B:B, AutoFill_names!F:F,"")) | J15: =IF(_xlfn.XLOOKUP(A15, AutoFill_names!B:B, AutoFill_names!K:K,"")=0,"",_xlfn.XLOOKUP(A15, AutoFill_names!B:B, AutoFill_names!K:K,"")) | K15: =IF(_xlfn.XLOOKUP(A15, AutoFill_names!B:B, AutoFill_names!L:L,"")=0,"",_xlfn.XLOOKUP(A15, AutoFill_names!B:B, AutoFill_names!L:L,"")) | N15: =IF(_xlfn.XLOOKUP(L15, AutoFill_classes!A:A, AutoFill_classes!B:B,"")=0,"",_xlfn.XLOOKUP(L15, AutoFill_classes!A:A, AutoFill_classes!B:B,"")) | Z15: =IF(X15*Y15=0,"",X15*Y15) | AE15: =IF(ROUNDUP((AD15-AC15)/7,0)=0,"",ROUNDUP((AD15-AC15)/7,0)) | AG15: =IFERROR(IF(AE15*AF15=0,"",AE15*AF15), "") | AJ15: =IF(ROUNDUP((AI15-AH15)/7,0)=0,"",ROUNDUP((AI15-AH15)/7,0)) | AL15: =IFERROR(IF(AJ15*AK15=0,"",AJ15*AK15), "") | AO15: =IF(ROUNDUP((AN15-AM15)/7,0)=0,"",ROUNDUP((AN15-AM15)/7,0)) | AP15: =IFERROR(IF((AS15-(AF15+AK15))/AO15=0,"",ROUNDUP((AS15-(AF15+AK15))/AO15,0)), "") | AQ15: =IFERROR(IF((AS15-(AG15+AL15))=0, "", (AS15-(AG15+AL15))), "") | AR15: =IFERROR(IF((AE15+AJ15+AO15)=0, "", (AE15+AJ15+AO15)), "") | AV15: =IF(_xlfn.XLOOKUP(AT15, AutoFill_classes!$A:$A, AutoFill_classes!$B:$B,"")=0,"",_xlfn.XLOOKUP(AT15, AutoFill_classes!$A:$A, AutoFill_classes!$B:$B,"")) | BE15: =IF(BC15*BD15=0,"",BC15*BD15) | BJ15: =IF(ROUNDUP((BI15-BH15)/7,0)=0,"",ROUNDUP((BI15-BH15)/7,0)) | BL15: =IFERROR(IF(BJ15*BK15=0,"",BJ15*BK15), "") | BO15: =IF(ROUNDUP((BN15-BM15)/7,0)=0,"",ROUNDUP((BN15-BM15)/7,0)) | BQ15: =IFERROR(IF(BO15*BP15=0,"",BO15*BP15), "") | BT15: =IF(ROUNDUP((BS15-BR15)/7,0)=0,"",ROUNDUP((BS15-BR15)/7,0)) | BU15: =IFERROR(IF((BX15-(BK15+BP15))/BT15=0,"",ROUNDUP((BX15-(BK15+BP15))/BT15,0)), "") | BV15: =IFERROR(IF((BX15-(BL15+BQ15))=0, "", (BX15-(BL15+BQ15))), "") | BW15: =IFERROR(IF((BJ15+BO15+BT15)=0, "", (BJ15+BO15+BT15)), "") | CA15: =IF(_xlfn.XLOOKUP(BY15, AutoFill_classes!$A:$A, AutoFill_classes!$B:$B,"")=0,"",_xlfn.XLOOKUP(BY15, AutoFill_classes!$A:$A, AutoFill_classes!$B:$B,"")) | CJ15: =IF(CH15*CI15=0,"",CH15*CI15) | CO15: =IF(ROUNDUP((CN15-CM15)/7,0)=0,"",ROUNDUP((CN15-CM15)/7,0)) | CQ15: =IFERROR(IF(CO15*CP15=0,"",CO15*CP15), "") | CT15: =IF(ROUNDUP((CS15-CR15)/7,0)=0,"",ROUNDUP((CS15-CR15)/7,0)) | CV15: =IFERROR(IF(CT15*CU15=0,"",CT15*CU15), "") | CY15: =IF(ROUNDUP((CX15-CW15)/7,0)=0,"",ROUNDUP((CX15-CW15)/7,0)) | CZ15: =IFERROR(IF((DC15-(CP15+CU15))/CY15=0,"",ROUNDUP((DC15-(CP15+CU15))/CY15,0)), "") | DA15: =IFERROR(IF((DC15-(CQ15+CV15))=0, "", (DC15-(CQ15+CV15))), "") | DB15: =IFERROR(IF((CO15+CT15+CY15)=0, "", (CO15+CT15+CY15)), "") | DE15: 13
B16: =IF(_xlfn.XLOOKUP(A16, AutoFill_names!B:B, AutoFill_names!C:C,"")=0,"",_xlfn.XLOOKUP(A16, AutoFill_names!B:B, AutoFill_names!C:C,"")) | C16: =IF(_xlfn.XLOOKUP(A16, AutoFill_names!B:B, AutoFill_names!D:D,"")=0,"",_xlfn.XLOOKUP(A16, AutoFill_names!B:B, AutoFill_names!D:D,"")) | D16: =IF(_xlfn.XLOOKUP(A16, AutoFill_names!B:B, AutoFill_names!E:E,"")=0,"",_xlfn.XLOOKUP(A16, AutoFill_names!B:B, AutoFill_names!E:E,"")) | E16: =IF(_xlfn.XLOOKUP(A16, AutoFill_names!B:B, AutoFill_names!F:F,"")=0,"",_xlfn.XLOOKUP(A16, AutoFill_names!B:B, AutoFill_names!F:F,"")) | J16: =IF(_xlfn.XLOOKUP(A16, AutoFill_names!B:B, AutoFill_names!K:K,"")=0,"",_xlfn.XLOOKUP(A16, AutoFill_names!B:B, AutoFill_names!K:K,"")) | K16: =IF(_xlfn.XLOOKUP(A16, AutoFill_names!B:B, AutoFill_names!L:L,"")=0,"",_xlfn.XLOOKUP(A16, AutoFill_names!B:B, AutoFill_names!L:L,"")) | N16: =IF(_xlfn.XLOOKUP(L16, AutoFill_classes!A:A, AutoFill_classes!B:B,"")=0,"",_xlfn.XLOOKUP(L16, AutoFill_classes!A:A, AutoFill_classes!B:B,"")) | Z16: =IF(X16*Y16=0,"",X16*Y16) | AE16: =IF(ROUNDUP((AD16-AC16)/7,0)=0,"",ROUNDUP((AD16-AC16)/7,0)) | AG16: =IFERROR(IF(AE16*AF16=0,"",AE16*AF16), "") | AJ16: =IF(ROUNDUP((AI16-AH16)/7,0)=0,"",ROUNDUP((AI16-AH16)/7,0)) | AL16: =IFERROR(IF(AJ16*AK16=0,"",AJ16*AK16), "") | AO16: =IF(ROUNDUP((AN16-AM16)/7,0)=0,"",ROUNDUP((AN16-AM16)/7,0)) | AP16: =IFERROR(IF((AS16-(AF16+AK16))/AO16=0,"",ROUNDUP((AS16-(AF16+AK16))/AO16,0)), "") | AQ16: =IFERROR(IF((AS16-(AG16+AL16))=0, "", (AS16-(AG16+AL16))), "") | AR16: =IFERROR(IF((AE16+AJ16+AO16)=0, "", (AE16+AJ16+AO16)), "") | AV16: =IF(_xlfn.XLOOKUP(AT16, AutoFill_classes!$A:$A, AutoFill_classes!$B:$B,"")=0,"",_xlfn.XLOOKUP(AT16, AutoFill_classes!$A:$A, AutoFill_classes!$B:$B,"")) | BE16: =IF(BC16*BD16=0,"",BC16*BD16) | BJ16: =IF(ROUNDUP((BI16-BH16)/7,0)=0,"",ROUNDUP((BI16-BH16)/7,0)) | BL16: =IFERROR(IF(BJ16*BK16=0,"",BJ16*BK16), "") | BO16: =IF(ROUNDUP((BN16-BM16)/7,0)=0,"",ROUNDUP((BN16-BM16)/7,0)) | BQ16: =IFERROR(IF(BO16*BP16=0,"",BO16*BP16), "") | BT16: =IF(ROUNDUP((BS16-BR16)/7,0)=0,"",ROUNDUP((BS16-BR16)/7,0)) | BU16: =IFERROR(IF((BX16-(BK16+BP16))/BT16=0,"",ROUNDUP((BX16-(BK16+BP16))/BT16,0)), "") | BV16: =IFERROR(IF((BX16-(BL16+BQ16))=0, "", (BX16-(BL16+BQ16))), "") | BW16: =IFERROR(IF((BJ16+BO16+BT16)=0, "", (BJ16+BO16+BT16)), "") | CA16: =IF(_xlfn.XLOOKUP(BY16, AutoFill_classes!$A:$A, AutoFill_classes!$B:$B,"")=0,"",_xlfn.XLOOKUP(BY16, AutoFill_classes!$A:$A, AutoFill_classes!$B:$B,"")) | CJ16: =IF(CH16*CI16=0,"",CH16*CI16) | CO16: =IF(ROUNDUP((CN16-CM16)/7,0)=0,"",ROUNDUP((CN16-CM16)/7,0)) | CQ16: =IFERROR(IF(CO16*CP16=0,"",CO16*CP16), "") | CT16: =IF(ROUNDUP((CS16-CR16)/7,0)=0,"",ROUNDUP((CS16-CR16)/7,0)) | CV16: =IFERROR(IF(CT16*CU16=0,"",CT16*CU16), "") | CY16: =IF(ROUNDUP((CX16-CW16)/7,0)=0,"",ROUNDUP((CX16-CW16)/7,0)) | CZ16: =IFERROR(IF((DC16-(CP16+CU16))/CY16=0,"",ROUNDUP((DC16-(CP16+CU16))/CY16,0)), "") | DA16: =IFERROR(IF((DC16-(CQ16+CV16))=0, "", (DC16-(CQ16+CV16))), "") | DB16: =IFERROR(IF((CO16+CT16+CY16)=0, "", (CO16+CT16+CY16)), "") | DE16: 14
B17: =IF(_xlfn.XLOOKUP(A17, AutoFill_names!B:B, AutoFill_names!C:C,"")=0,"",_xlfn.XLOOKUP(A17, AutoFill_names!B:B, AutoFill_names!C:C,"")) | C17: =IF(_xlfn.XLOOKUP(A17, AutoFill_names!B:B, AutoFill_names!D:D,"")=0,"",_xlfn.XLOOKUP(A17, AutoFill_names!B:B, AutoFill_names!D:D,"")) | D17: =IF(_xlfn.XLOOKUP(A17, AutoFill_names!B:B, AutoFill_names!E:E,"")=0,"",_xlfn.XLOOKUP(A17, AutoFill_names!B:B, AutoFill_names!E:E,"")) | E17: =IF(_xlfn.XLOOKUP(A17, AutoFill_names!B:B, AutoFill_names!F:F,"")=0,"",_xlfn.XLOOKUP(A17, AutoFill_names!B:B, AutoFill_names!F:F,"")) | J17: =IF(_xlfn.XLOOKUP(A17, AutoFill_names!B:B, AutoFill_names!K:K,"")=0,"",_xlfn.XLOOKUP(A17, AutoFill_names!B:B, AutoFill_names!K:K,"")) | K17: =IF(_xlfn.XLOOKUP(A17, AutoFill_names!B:B, AutoFill_names!L:L,"")=0,"",_xlfn.XLOOKUP(A17, AutoFill_names!B:B, AutoFill_names!L:L,"")) | N17: =IF(_xlfn.XLOOKUP(L17, AutoFill_classes!A:A, AutoFill_classes!B:B,"")=0,"",_xlfn.XLOOKUP(L17, AutoFill_classes!A:A, AutoFill_classes!B:B,"")) | Z17: =IF(X17*Y17=0,"",X17*Y17) | AE17: =IF(ROUNDUP((AD17-AC17)/7,0)=0,"",ROUNDUP((AD17-AC17)/7,0)) | AG17: =IFERROR(IF(AE17*AF17=0,"",AE17*AF17), "") | AJ17: =IF(ROUNDUP((AI17-AH17)/7,0)=0,"",ROUNDUP((AI17-AH17)/7,0)) | AL17: =IFERROR(IF(AJ17*AK17=0,"",AJ17*AK17), "") | AO17: =IF(ROUNDUP((AN17-AM17)/7,0)=0,"",ROUNDUP((AN17-AM17)/7,0)) | AP17: =IFERROR(IF((AS17-(AF17+AK17))/AO17=0,"",ROUNDUP((AS17-(AF17+AK17))/AO17,0)), "") | AQ17: =IFERROR(IF((AS17-(AG17+AL17))=0, "", (AS17-(AG17+AL17))), "") | AR17: =IFERROR(IF((AE17+AJ17+AO17)=0, "", (AE17+AJ17+AO17)), "") | AV17: =IF(_xlfn.XLOOKUP(AT17, AutoFill_classes!$A:$A, AutoFill_classes!$B:$B,"")=0,"",_xlfn.XLOOKUP(AT17, AutoFill_classes!$A:$A, AutoFill_classes!$B:$B,"")) | BE17: =IF(BC17*BD17=0,"",BC17*BD17) | BJ17: =IF(ROUNDUP((BI17-BH17)/7,0)=0,"",ROUNDUP((BI17-BH17)/7,0)) | BL17: =IFERROR(IF(BJ17*BK17=0,"",BJ17*BK17), "") | BO17: =IF(ROUNDUP((BN17-BM17)/7,0)=0,"",ROUNDUP((BN17-BM17)/7,0)) | BQ17: =IFERROR(IF(BO17*BP17=0,"",BO17*BP17), "") | BT17: =IF(ROUNDUP((BS17-BR17)/7,0)=0,"",ROUNDUP((BS17-BR17)/7,0)) | BU17: =IFERROR(IF((BX17-(BK17+BP17))/BT17=0,"",ROUNDUP((BX17-(BK17+BP17))/BT17,0)), "") | BV17: =IFERROR(IF((BX17-(BL17+BQ17))=0, "", (BX17-(BL17+BQ17))), "") | BW17: =IFERROR(IF((BJ17+BO17+BT17)=0, "", (BJ17+BO17+BT17)), "") | CA17: =IF(_xlfn.XLOOKUP(BY17, AutoFill_classes!$A:$A, AutoFill_classes!$B:$B,"")=0,"",_xlfn.XLOOKUP(BY17, AutoFill_classes!$A:$A, AutoFill_classes!$B:$B,"")) | CJ17: =IF(CH17*CI17=0,"",CH17*CI17) | CO17: =IF(ROUNDUP((CN17-CM17)/7,0)=0,"",ROUNDUP((CN17-CM17)/7,0)) | CQ17: =IFERROR(IF(CO17*CP17=0,"",CO17*CP17), "") | CT17: =IF(ROUNDUP((CS17-CR17)/7,0)=0,"",ROUNDUP((CS17-CR17)/7,0)) | CV17: =IFERROR(IF(CT17*CU17=0,"",CT17*CU17), "") | CY17: =IF(ROUNDUP((CX17-CW17)/7,0)=0,"",ROUNDUP((CX17-CW17)/7,0)) | CZ17: =IFERROR(IF((DC17-(CP17+CU17))/CY17=0,"",ROUNDUP((DC17-(CP17+CU17))/CY17,0)), "") | DA17: =IFERROR(IF((DC17-(CQ17+CV17))=0, "", (DC17-(CQ17+CV17))), "") | DB17: =IFERROR(IF((CO17+CT17+CY17)=0, "", (CO17+CT17+CY17)), "") | DE17: 15
B18: =IF(_xlfn.XLOOKUP(A18, AutoFill_names!B:B, AutoFill_names!C:C,"")=0,"",_xlfn.XLOOKUP(A18, AutoFill_names!B:B, AutoFill_names!C:C,"")) | C18: =IF(_xlfn.XLOOKUP(A18, AutoFill_names!B:B, AutoFill_names!D:D,"")=0,"",_xlfn.XLOOKUP(A18, AutoFill_names!B:B, AutoFill_names!D:D,"")) | D18: =IF(_xlfn.XLOOKUP(A18, AutoFill_names!B:B, AutoFill_names!E:E,"")=0,"",_xlfn.XLOOKUP(A18, AutoFill_names!B:B, AutoFill_names!E:E,"")) | E18: =IF(_xlfn.XLOOKUP(A18, AutoFill_names!B:B, AutoFill_names!F:F,"")=0,"",_xlfn.XLOOKUP(A18, AutoFill_names!B:B, AutoFill_names!F:F,"")) | J18: =IF(_xlfn.XLOOKUP(A18, AutoFill_names!B:B, AutoFill_names!K:K,"")=0,"",_xlfn.XLOOKUP(A18, AutoFill_names!B:B, AutoFill_names!K:K,"")) | K18: =IF(_xlfn.XLOOKUP(A18, AutoFill_names!B:B, AutoFill_names!L:L,"")=0,"",_xlfn.XLOOKUP(A18, AutoFill_names!B:B, AutoFill_names!L:L,"")) | N18: =IF(_xlfn.XLOOKUP(L18, AutoFill_classes!A:A, AutoFill_classes!B:B,"")=0,"",_xlfn.XLOOKUP(L18, AutoFill_classes!A:A, AutoFill_classes!B:B,"")) | Z18: =IF(X18*Y18=0,"",X18*Y18) | AE18: =IF(ROUNDUP((AD18-AC18)/7,0)=0,"",ROUNDUP((AD18-AC18)/7,0)) | AG18: =IFERROR(IF(AE18*AF18=0,"",AE18*AF18), "") | AJ18: =IF(ROUNDUP((AI18-AH18)/7,0)=0,"",ROUNDUP((AI18-AH18)/7,0)) | AL18: =IFERROR(IF(AJ18*AK18=0,"",AJ18*AK18), "") | AO18: =IF(ROUNDUP((AN18-AM18)/7,0)=0,"",ROUNDUP((AN18-AM18)/7,0)) | AP18: =IFERROR(IF((AS18-(AF18+AK18))/AO18=0,"",ROUNDUP((AS18-(AF18+AK18))/AO18,0)), "") | AQ18: =IFERROR(IF((AS18-(AG18+AL18))=0, "", (AS18-(AG18+AL18))), "") | AR18: =IFERROR(IF((AE18+AJ18+AO18)=0, "", (AE18+AJ18+AO18)), "") | AV18: =IF(_xlfn.XLOOKUP(AT18, AutoFill_classes!$A:$A, AutoFill_classes!$B:$B,"")=0,"",_xlfn.XLOOKUP(AT18, AutoFill_classes!$A:$A, AutoFill_classes!$B:$B,"")) | BE18: =IF(BC18*BD18=0,"",BC18*BD18) | BJ18: =IF(ROUNDUP((BI18-BH18)/7,0)=0,"",ROUNDUP((BI18-BH18)/7,0)) | BL18: =IFERROR(IF(BJ18*BK18=0,"",BJ18*BK18), "") | BO18: =IF(ROUNDUP((BN18-BM18)/7,0)=0,"",ROUNDUP((BN18-BM18)/7,0)) | BQ18: =IFERROR(IF(BO18*BP18=0,"",BO18*BP18), "") | BT18: =IF(ROUNDUP((BS18-BR18)/7,0)=0,"",ROUNDUP((BS18-BR18)/7,0)) | BU18: =IFERROR(IF((BX18-(BK18+BP18))/BT18=0,"",ROUNDUP((BX18-(BK18+BP18))/BT18,0)), "") | BV18: =IFERROR(IF((BX18-(BL18+BQ18))=0, "", (BX18-(BL18+BQ18))), "") | BW18: =IFERROR(IF((BJ18+BO18+BT18)=0, "", (BJ18+BO18+BT18)), "") | CA18: =IF(_xlfn.XLOOKUP(BY18, AutoFill_classes!$A:$A, AutoFill_classes!$B:$B,"")=0,"",_xlfn.XLOOKUP(BY18, AutoFill_classes!$A:$A, AutoFill_classes!$B:$B,"")) | CJ18: =IF(CH18*CI18=0,"",CH18*CI18) | CO18: =IF(ROUNDUP((CN18-CM18)/7,0)=0,"",ROUNDUP((CN18-CM18)/7,0)) | CQ18: =IFERROR(IF(CO18*CP18=0,"",CO18*CP18), "") | CT18: =IF(ROUNDUP((CS18-CR18)/7,0)=0,"",ROUNDUP((CS18-CR18)/7,0)) | CV18: =IFERROR(IF(CT18*CU18=0,"",CT18*CU18), "") | CY18: =IF(ROUNDUP((CX18-CW18)/7,0)=0,"",ROUNDUP((CX18-CW18)/7,0)) | CZ18: =IFERROR(IF((DC18-(CP18+CU18))/CY18=0,"",ROUNDUP((DC18-(CP18+CU18))/CY18,0)), "") | DA18: =IFERROR(IF((DC18-(CQ18+CV18))=0, "", (DC18-(CQ18+CV18))), "") | DB18: =IFERROR(IF((CO18+CT18+CY18)=0, "", (CO18+CT18+CY18)), "") | DE18: 16
B19: =IF(_xlfn.XLOOKUP(A19, AutoFill_names!B:B, AutoFill_names!C:C,"")=0,"",_xlfn.XLOOKUP(A19, AutoFill_names!B:B, AutoFill_names!C:C,"")) | C19: =IF(_xlfn.XLOOKUP(A19, AutoFill_names!B:B, AutoFill_names!D:D,"")=0,"",_xlfn.XLOOKUP(A19, AutoFill_names!B:B, AutoFill_names!D:D,"")) | D19: =IF(_xlfn.XLOOKUP(A19, AutoFill_names!B:B, AutoFill_names!E:E,"")=0,"",_xlfn.XLOOKUP(A19, AutoFill_names!B:B, AutoFill_names!E:E,"")) | E19: =IF(_xlfn.XLOOKUP(A19, AutoFill_names!B:B, AutoFill_names!F:F,"")=0,"",_xlfn.XLOOKUP(A19, AutoFill_names!B:B, AutoFill_names!F:F,"")) | J19: =IF(_xlfn.XLOOKUP(A19, AutoFill_names!B:B, AutoFill_names!K:K,"")=0,"",_xlfn.XLOOKUP(A19, AutoFill_names!B:B, AutoFill_names!K:K,"")) | K19: =IF(_xlfn.XLOOKUP(A19, AutoFill_names!B:B, AutoFill_names!L:L,"")=0,"",_xlfn.XLOOKUP(A19, AutoFill_names!B:B, AutoFill_names!L:L,"")) | N19: =IF(_xlfn.XLOOKUP(L19, AutoFill_classes!A:A, AutoFill_classes!B:B,"")=0,"",_xlfn.XLOOKUP(L19, AutoFill_classes!A:A, AutoFill_classes!B:B,"")) | Z19: =IF(X19*Y19=0,"",X19*Y19) | AE19: =IF(ROUNDUP((AD19-AC19)/7,0)=0,"",ROUNDUP((AD19-AC19)/7,0)) | AG19: =IFERROR(IF(AE19*AF19=0,"",AE19*AF19), "") | AJ19: =IF(ROUNDUP((AI19-AH19)/7,0)=0,"",ROUNDUP((AI19-AH19)/7,0)) | AL19: =IFERROR(IF(AJ19*AK19=0,"",AJ19*AK19), "") | AO19: =IF(ROUNDUP((AN19-AM19)/7,0)=0,"",ROUNDUP((AN19-AM19)/7,0)) | AP19: =IFERROR(IF((AS19-(AF19+AK19))/AO19=0,"",ROUNDUP((AS19-(AF19+AK19))/AO19,0)), "") | AQ19: =IFERROR(IF((AS19-(AG19+AL19))=0, "", (AS19-(AG19+AL19))), "") | AR19: =IFERROR(IF((AE19+AJ19+AO19)=0, "", (AE19+AJ19+AO19)), "") | AV19: =IF(_xlfn.XLOOKUP(AT19, AutoFill_classes!$A:$A, AutoFill_classes!$B:$B,"")=0,"",_xlfn.XLOOKUP(AT19, AutoFill_classes!$A:$A, AutoFill_classes!$B:$B,"")) | BE19: =IF(BC19*BD19=0,"",BC19*BD19) | BJ19: =IF(ROUNDUP((BI19-BH19)/7,0)=0,"",ROUNDUP((BI19-BH19)/7,0)) | BL19: =IFERROR(IF(BJ19*BK19=0,"",BJ19*BK19), "") | BO19: =IF(ROUNDUP((BN19-BM19)/7,0)=0,"",ROUNDUP((BN19-BM19)/7,0)) | BQ19: =IFERROR(IF(BO19*BP19=0,"",BO19*BP19), "") | BT19: =IF(ROUNDUP((BS19-BR19)/7,0)=0,"",ROUNDUP((BS19-BR19)/7,0)) | BU19: =IFERROR(IF((BX19-(BK19+BP19))/BT19=0,"",ROUNDUP((BX19-(BK19+BP19))/BT19,0)), "") | BV19: =IFERROR(IF((BX19-(BL19+BQ19))=0, "", (BX19-(BL19+BQ19))), "") | BW19: =IFERROR(IF((BJ19+BO19+BT19)=0, "", (BJ19+BO19+BT19)), "") | CA19: =IF(_xlfn.XLOOKUP(BY19, AutoFill_classes!$A:$A, AutoFill_classes!$B:$B,"")=0,"",_xlfn.XLOOKUP(BY19, AutoFill_classes!$A:$A, AutoFill_classes!$B:$B,"")) | CJ19: =IF(CH19*CI19=0,"",CH19*CI19) | CO19: =IF(ROUNDUP((CN19-CM19)/7,0)=0,"",ROUNDUP((CN19-CM19)/7,0)) | CQ19: =IFERROR(IF(CO19*CP19=0,"",CO19*CP19), "") | CT19: =IF(ROUNDUP((CS19-CR19)/7,0)=0,"",ROUNDUP((CS19-CR19)/7,0)) | CV19: =IFERROR(IF(CT19*CU19=0,"",CT19*CU19), "") | CY19: =IF(ROUNDUP((CX19-CW19)/7,0)=0,"",ROUNDUP((CX19-CW19)/7,0)) | CZ19: =IFERROR(IF((DC19-(CP19+CU19))/CY19=0,"",ROUNDUP((DC19-(CP19+CU19))/CY19,0)), "") | DA19: =IFERROR(IF((DC19-(CQ19+CV19))=0, "", (DC19-(CQ19+CV19))), "") | DB19: =IFERROR(IF((CO19+CT19+CY19)=0, "", (CO19+CT19+CY19)), "") | DE19: 17
B20: =IF(_xlfn.XLOOKUP(A20, AutoFill_names!B:B, AutoFill_names!C:C,"")=0,"",_xlfn.XLOOKUP(A20, AutoFill_names!B:B, AutoFill_names!C:C,"")) | C20: =IF(_xlfn.XLOOKUP(A20, AutoFill_names!B:B, AutoFill_names!D:D,"")=0,"",_xlfn.XLOOKUP(A20, AutoFill_names!B:B, AutoFill_names!D:D,"")) | D20: =IF(_xlfn.XLOOKUP(A20, AutoFill_names!B:B, AutoFill_names!E:E,"")=0,"",_xlfn.XLOOKUP(A20, AutoFill_names!B:B, AutoFill_names!E:E,"")) | E20: =IF(_xlfn.XLOOKUP(A20, AutoFill_names!B:B, AutoFill_names!F:F,"")=0,"",_xlfn.XLOOKUP(A20, AutoFill_names!B:B, AutoFill_names!F:F,"")) | J20: =IF(_xlfn.XLOOKUP(A20, AutoFill_names!B:B, AutoFill_names!K:K,"")=0,"",_xlfn.XLOOKUP(A20, AutoFill_names!B:B, AutoFill_names!K:K,"")) | K20: =IF(_xlfn.XLOOKUP(A20, AutoFill_names!B:B, AutoFill_names!L:L,"")=0,"",_xlfn.XLOOKUP(A20, AutoFill_names!B:B, AutoFill_names!L:L,"")) | N20: =IF(_xlfn.XLOOKUP(L20, AutoFill_classes!A:A, AutoFill_classes!B:B,"")=0,"",_xlfn.XLOOKUP(L20, AutoFill_classes!A:A, AutoFill_classes!B:B,"")) | Z20: =IF(X20*Y20=0,"",X20*Y20) | AE20: =IF(ROUNDUP((AD20-AC20)/7,0)=0,"",ROUNDUP((AD20-AC20)/7,0)) | AG20: =IFERROR(IF(AE20*AF20=0,"",AE20*AF20), "") | AJ20: =IF(ROUNDUP((AI20-AH20)/7,0)=0,"",ROUNDUP((AI20-AH20)/7,0)) | AL20: =IFERROR(IF(AJ20*AK20=0,"",AJ20*AK20), "") | AO20: =IF(ROUNDUP((AN20-AM20)/7,0)=0,"",ROUNDUP((AN20-AM20)/7,0)) | AP20: =IFERROR(IF((AS20-(AF20+AK20))/AO20=0,"",ROUNDUP((AS20-(AF20+AK20))/AO20,0)), "") | AQ20: =IFERROR(IF((AS20-(AG20+AL20))=0, "", (AS20-(AG20+AL20))), "") | AR20: =IFERROR(IF((AE20+AJ20+AO20)=0, "", (AE20+AJ20+AO20)), "") | AV20: =IF(_xlfn.XLOOKUP(AT20, AutoFill_classes!$A:$A, AutoFill_classes!$B:$B,"")=0,"",_xlfn.XLOOKUP(AT20, AutoFill_classes!$A:$A, AutoFill_classes!$B:$B,"")) | BE20: =IF(BC20*BD20=0,"",BC20*BD20) | BJ20: =IF(ROUNDUP((BI20-BH20)/7,0)=0,"",ROUNDUP((BI20-BH20)/7,0)) | BL20: =IFERROR(IF(BJ20*BK20=0,"",BJ20*BK20), "") | BO20: =IF(ROUNDUP((BN20-BM20)/7,0)=0,"",ROUNDUP((BN20-BM20)/7,0)) | BQ20: =IFERROR(IF(BO20*BP20=0,"",BO20*BP20), "") | BT20: =IF(ROUNDUP((BS20-BR20)/7,0)=0,"",ROUNDUP((BS20-BR20)/7,0)) | BU20: =IFERROR(IF((BX20-(BK20+BP20))/BT20=0,"",ROUNDUP((BX20-(BK20+BP20))/BT20,0)), "") | BV20: =IFERROR(IF((BX20-(BL20+BQ20))=0, "", (BX20-(BL20+BQ20))), "") | BW20: =IFERROR(IF((BJ20+BO20+BT20)=0, "", (BJ20+BO20+BT20)), "") | CA20: =IF(_xlfn.XLOOKUP(BY20, AutoFill_classes!$A:$A, AutoFill_classes!$B:$B,"")=0,"",_xlfn.XLOOKUP(BY20, AutoFill_classes!$A:$A, AutoFill_classes!$B:$B,"")) | CJ20: =IF(CH20*CI20=0,"",CH20*CI20) | CO20: =IF(ROUNDUP((CN20-CM20)/7,0)=0,"",ROUNDUP((CN20-CM20)/7,0)) | CQ20: =IFERROR(IF(CO20*CP20=0,"",CO20*CP20), "") | CT20: =IF(ROUNDUP((CS20-CR20)/7,0)=0,"",ROUNDUP((CS20-CR20)/7,0)) | CV20: =IFERROR(IF(CT20*CU20=0,"",CT20*CU20), "") | CY20: =IF(ROUNDUP((CX20-CW20)/7,0)=0,"",ROUNDUP((CX20-CW20)/7,0)) | CZ20: =IFERROR(IF((DC20-(CP20+CU20))/CY20=0,"",ROUNDUP((DC20-(CP20+CU20))/CY20,0)), "") | DA20: =IFERROR(IF((DC20-(CQ20+CV20))=0, "", (DC20-(CQ20+CV20))), "") | DB20: =IFERROR(IF((CO20+CT20+CY20)=0, "", (CO20+CT20+CY20)), "") | DE20: 18
B21: =IF(_xlfn.XLOOKUP(A21, AutoFill_names!B:B, AutoFill_names!C:C,"")=0,"",_xlfn.XLOOKUP(A21, AutoFill_names!B:B, AutoFill_names!C:C,"")) | C21: =IF(_xlfn.XLOOKUP(A21, AutoFill_names!B:B, AutoFill_names!D:D,"")=0,"",_xlfn.XLOOKUP(A21, AutoFill_names!B:B, AutoFill_names!D:D,"")) | D21: =IF(_xlfn.XLOOKUP(A21, AutoFill_names!B:B, AutoFill_names!E:E,"")=0,"",_xlfn.XLOOKUP(A21, AutoFill_names!B:B, AutoFill_names!E:E,"")) | E21: =IF(_xlfn.XLOOKUP(A21, AutoFill_names!B:B, AutoFill_names!F:F,"")=0,"",_xlfn.XLOOKUP(A21, AutoFill_names!B:B, AutoFill_names!F:F,"")) | J21: =IF(_xlfn.XLOOKUP(A21, AutoFill_names!B:B, AutoFill_names!K:K,"")=0,"",_xlfn.XLOOKUP(A21, AutoFill_names!B:B, AutoFill_names!K:K,"")) | K21: =IF(_xlfn.XLOOKUP(A21, AutoFill_names!B:B, AutoFill_names!L:L,"")=0,"",_xlfn.XLOOKUP(A21, AutoFill_names!B:B, AutoFill_names!L:L,"")) | N21: =IF(_xlfn.XLOOKUP(L21, AutoFill_classes!A:A, AutoFill_classes!B:B,"")=0,"",_xlfn.XLOOKUP(L21, AutoFill_classes!A:A, AutoFill_classes!B:B,"")) | Z21: =IF(X21*Y21=0,"",X21*Y21) | AE21: =IF(ROUNDUP((AD21-AC21)/7,0)=0,"",ROUNDUP((AD21-AC21)/7,0)) | AG21: =IFERROR(IF(AE21*AF21=0,"",AE21*AF21), "") | AJ21: =IF(ROUNDUP((AI21-AH21)/7,0)=0,"",ROUNDUP((AI21-AH21)/7,0)) | AL21: =IFERROR(IF(AJ21*AK21=0,"",AJ21*AK21), "") | AO21: =IF(ROUNDUP((AN21-AM21)/7,0)=0,"",ROUNDUP((AN21-AM21)/7,0)) | AP21: =IFERROR(IF((AS21-(AF21+AK21))/AO21=0,"",ROUNDUP((AS21-(AF21+AK21))/AO21,0)), "") | AQ21: =IFERROR(IF((AS21-(AG21+AL21))=0, "", (AS21-(AG21+AL21))), "") | AR21: =IFERROR(IF((AE21+AJ21+AO21)=0, "", (AE21+AJ21+AO21)), "") | AV21: =IF(_xlfn.XLOOKUP(AT21, AutoFill_classes!$A:$A, AutoFill_classes!$B:$B,"")=0,"",_xlfn.XLOOKUP(AT21, AutoFill_classes!$A:$A, AutoFill_classes!$B:$B,"")) | BE21: =IF(BC21*BD21=0,"",BC21*BD21) | BJ21: =IF(ROUNDUP((BI21-BH21)/7,0)=0,"",ROUNDUP((BI21-BH21)/7,0)) | BL21: =IFERROR(IF(BJ21*BK21=0,"",BJ21*BK21), "") | BO21: =IF(ROUNDUP((BN21-BM21)/7,0)=0,"",ROUNDUP((BN21-BM21)/7,0)) | BQ21: =IFERROR(IF(BO21*BP21=0,"",BO21*BP21), "") | BT21: =IF(ROUNDUP((BS21-BR21)/7,0)=0,"",ROUNDUP((BS21-BR21)/7,0)) | BU21: =IFERROR(IF((BX21-(BK21+BP21))/BT21=0,"",ROUNDUP((BX21-(BK21+BP21))/BT21,0)), "") | BV21: =IFERROR(IF((BX21-(BL21+BQ21))=0, "", (BX21-(BL21+BQ21))), "") | BW21: =IFERROR(IF((BJ21+BO21+BT21)=0, "", (BJ21+BO21+BT21)), "") | CA21: =IF(_xlfn.XLOOKUP(BY21, AutoFill_classes!$A:$A, AutoFill_classes!$B:$B,"")=0,"",_xlfn.XLOOKUP(BY21, AutoFill_classes!$A:$A, AutoFill_classes!$B:$B,"")) | CJ21: =IF(CH21*CI21=0,"",CH21*CI21) | CO21: =IF(ROUNDUP((CN21-CM21)/7,0)=0,"",ROUNDUP((CN21-CM21)/7,0)) | CQ21: =IFERROR(IF(CO21*CP21=0,"",CO21*CP21), "") | CT21: =IF(ROUNDUP((CS21-CR21)/7,0)=0,"",ROUNDUP((CS21-CR21)/7,0)) | CV21: =IFERROR(IF(CT21*CU21=0,"",CT21*CU21), "") | CY21: =IF(ROUNDUP((CX21-CW21)/7,0)=0,"",ROUNDUP((CX21-CW21)/7,0)) | CZ21: =IFERROR(IF((DC21-(CP21+CU21))/CY21=0,"",ROUNDUP((DC21-(CP21+CU21))/CY21,0)), "") | DA21: =IFERROR(IF((DC21-(CQ21+CV21))=0, "", (DC21-(CQ21+CV21))), "") | DB21: =IFERROR(IF((CO21+CT21+CY21)=0, "", (CO21+CT21+CY21)), "") | DE21: 19
A22: Totals: Roy Gaton notes: Pastoral Care; 25% load reduction | B22: ="Total Credits: " & IFERROR(IF(DD22=0,"",DD22),"") -> Total Credits: 13 | X22: =IF(SUM(X23:X31)=0, "", SUM(X23:X31)) -> 3 | BC22: =IF(SUM(BC23:BC31)=0, "", SUM(BC23:BC31)) -> 4 | CH22: =IF(SUM(CH23:CH31)=0, "", SUM(CH23:CH31)) -> 6 | DD22: =IF(SUM(L22:DC22)=0, "", SUM(L22:DC22)) -> 13 | DE22: 20
A23: Gaton, Roy G. | B23: =IF(_xlfn.XLOOKUP(A23, AutoFill_names!B:B, AutoFill_names!C:C,"")=0,"",_xlfn.XLOOKUP(A23, AutoFill_names!B:B, AutoFill_names!C:C,"")) -> 000048477 | C23: =IF(_xlfn.XLOOKUP(A23, AutoFill_names!B:B, AutoFill_names!D:D,"")=0,"",_xlfn.XLOOKUP(A23, AutoFill_names!B:B, AutoFill_names!D:D,"")) -> royg@andrews.edu | D23: =IF(_xlfn.XLOOKUP(A23, AutoFill_names!B:B, AutoFill_names!E:E,"")=0,"",_xlfn.XLOOKUP(A23, AutoFill_names!B:B, AutoFill_names!E:E,"")) | E23: =IF(_xlfn.XLOOKUP(A23, AutoFill_names!B:B, AutoFill_names!F:F,"")=0,"",_xlfn.XLOOKUP(A23, AutoFill_names!B:B, AutoFill_names!F:F,"")) -> faculty | J23: =IF(_xlfn.XLOOKUP(A23, AutoFill_names!B:B, AutoFill_names!K:K,"")=0,"",_xlfn.XLOOKUP(A23, AutoFill_names!B:B, AutoFill_names!K:K,"")) | K23: =IF(_xlfn.XLOOKUP(A23, AutoFill_names!B:B, AutoFill_names!L:L,"")=0,"",_xlfn.XLOOKUP(A23, AutoFill_names!B:B, AutoFill_names!L:L,"")) | L23: PATH549 | N23: =IF(_xlfn.XLOOKUP(L23, AutoFill_classes!A:A, AutoFill_classes!B:B,"")=0,"",_xlfn.XLOOKUP(L23, AutoFill_classes!A:A, AutoFill_classes!B:B,"")) -> Phil & Ethics in Chaplaincy | R23: x | S23: In-Person | T23: MDIV | U23: Main Campus - MC | V23: load | W23: yes | X23: 3 | Z23: =IF(X23*Y23=0,"",X23*Y23) | AE23: =IF(ROUNDUP((AD23-AC23)/7,0)=0,"",ROUNDUP((AD23-AC23)/7,0)) | AG23: =IFERROR(IF(AE23*AF23=0,"",AE23*AF23), "") | AJ23: =IF(ROUNDUP((AI23-AH23)/7,0)=0,"",ROUNDUP((AI23-AH23)/7,0)) | AL23: =IFERROR(IF(AJ23*AK23=0,"",AJ23*AK23), "") | AO23: =IF(ROUNDUP((AN23-AM23)/7,0)=0,"",ROUNDUP((AN23-AM23)/7,0)) | AP23: =IFERROR(IF((AS23-(AF23+AK23))/AO23=0,"",ROUNDUP((AS23-(AF23+AK23))/AO23,0)), "") | AQ23: =IFERROR(IF((AS23-(AG23+AL23))=0, "", (AS23-(AG23+AL23))), "") | AR23: =IFERROR(IF((AE23+AJ23+AO23)=0, "", (AE23+AJ23+AO23)), "") | AT23: PATH555 | AV23: =IF(_xlfn.XLOOKUP(AT23, AutoFill_classes!$A:$A, AutoFill_classes!$B:$B,"")=0,"",_xlfn.XLOOKUP(AT23, AutoFill_classes!$A:$A, AutoFill_classes!$B:$B,"")) -> Pastoral Counseling | AX23: In-Person | AY23: MDIV | AZ23: Main Campus - MC | BA23: load | BB23: yes | BC23: 2 | BE23: =IF(BC23*BD23=0,"",BC23*BD23) | BJ23: =IF(ROUNDUP((BI23-BH23)/7,0)=0,"",ROUNDUP((BI23-BH23)/7,0)) | BL23: =IFERROR(IF(BJ23*BK23=0,"",BJ23*BK23), "") | BO23: =IF(ROUNDUP((BN23-BM23)/7,0)=0,"",ROUNDUP((BN23-BM23)/7,0)) | BQ23: =IFERROR(IF(BO23*BP23=0,"",BO23*BP23), "") | BT23: =IF(ROUNDUP((BS23-BR23)/7,0)=0,"",ROUNDUP((BS23-BR23)/7,0)) | BU23: =IFERROR(IF((BX23-(BK23+BP23))/BT23=0,"",ROUNDUP((BX23-(BK23+BP23))/BT23,0)), "") | BV23: =IFERROR(IF((BX23-(BL23+BQ23))=0, "", (BX23-(BL23+BQ23))), "") | BW23: =IFERROR(IF((BJ23+BO23+BT23)=0, "", (BJ23+BO23+BT23)), "") | BY23: PATH555 | BZ23: 001 | CA23: =IF(_xlfn.XLOOKUP(BY23, AutoFill_classes!$A:$A, AutoFill_classes!$B:$B,"")=0,"",_xlfn.XLOOKUP(BY23, AutoFill_classes!$A:$A, AutoFill_classes!$B:$B,"")) -> Pastoral Counseling | CC23: In-Person | CD23: MDIV | CE23: Main Campus - MC | CF23: load | CG23: yes | CH23: 2 | CJ23: =IF(CH23*CI23=0,"",CH23*CI23) | CO23: =IF(ROUNDUP((CN23-CM23)/7,0)=0,"",ROUNDUP((CN23-CM23)/7,0)) | CQ23: =IFERROR(IF(CO23*CP23=0,"",CO23*CP23), "") | CT23: =IF(ROUNDUP((CS23-CR23)/7,0)=0,"",ROUNDUP((CS23-CR23)/7,0)) | CV23: =IFERROR(IF(CT23*CU23=0,"",CT23*CU23), "") | CY23: =IF(ROUNDUP((CX23-CW23)/7,0)=0,"",ROUNDUP((CX23-CW23)/7,0)) | CZ23: =IFERROR(IF((DC23-(CP23+CU23))/CY23=0,"",ROUNDUP((DC23-(CP23+CU23))/CY23,0)), "") | DA23: =IFERROR(IF((DC23-(CQ23+CV23))=0, "", (DC23-(CQ23+CV23))), "") | DB23: =IFERROR(IF((CO23+CT23+CY23)=0, "", (CO23+CT23+CY23)), "") | DE23: 21
A24: Gaton, Roy G. | B24: =IF(_xlfn.XLOOKUP(A24, AutoFill_names!B:B, AutoFill_names!C:C,"")=0,"",_xlfn.XLOOKUP(A24, AutoFill_names!B:B, AutoFill_names!C:C,"")) -> 000048477 | C24: =IF(_xlfn.XLOOKUP(A24, AutoFill_names!B:B, AutoFill_names!D:D,"")=0,"",_xlfn.XLOOKUP(A24, AutoFill_names!B:B, AutoFill_names!D:D,"")) -> royg@andrews.edu | D24: =IF(_xlfn.XLOOKUP(A24, AutoFill_names!B:B, AutoFill_names!E:E,"")=0,"",_xlfn.XLOOKUP(A24, AutoFill_names!B:B, AutoFill_names!E:E,"")) | E24: =IF(_xlfn.XLOOKUP(A24, AutoFill_names!B:B, AutoFill_names!F:F,"")=0,"",_xlfn.XLOOKUP(A24, AutoFill_names!B:B, AutoFill_names!F:F,"")) -> faculty | J24: =IF(_xlfn.XLOOKUP(A24, AutoFill_names!B:B, AutoFill_names!K:K,"")=0,"",_xlfn.XLOOKUP(A24, AutoFill_names!B:B, AutoFill_names!K:K,"")) | K24: =IF(_xlfn.XLOOKUP(A24, AutoFill_names!B:B, AutoFill_names!L:L,"")=0,"",_xlfn.XLOOKUP(A24, AutoFill_names!B:B, AutoFill_names!L:L,"")) | L24: PATH549 | M24: 998 | N24: =IF(_xlfn.XLOOKUP(L24, AutoFill_classes!A:A, AutoFill_classes!B:B,"")=0,"",_xlfn.XLOOKUP(L24, AutoFill_classes!A:A, AutoFill_classes!B:B,"")) -> Phil & Ethics in Chaplaincy | R24: x | S24: SYNC | T24: MDIV | U24: Main Campus - MC | V24: load | W24: yes | X24: 0 | Z24: =IF(X24*Y24=0,"",X24*Y24) | AE24: =IF(ROUNDUP((AD24-AC24)/7,0)=0,"",ROUNDUP((AD24-AC24)/7,0)) | AG24: =IFERROR(IF(AE24*AF24=0,"",AE24*AF24), "") | AJ24: =IF(ROUNDUP((AI24-AH24)/7,0)=0,"",ROUNDUP((AI24-AH24)/7,0)) | AL24: =IFERROR(IF(AJ24*AK24=0,"",AJ24*AK24), "") | AO24: =IF(ROUNDUP((AN24-AM24)/7,0)=0,"",ROUNDUP((AN24-AM24)/7,0)) | AP24: =IFERROR(IF((AS24-(AF24+AK24))/AO24=0,"",ROUNDUP((AS24-(AF24+AK24))/AO24,0)), "") | AQ24: =IFERROR(IF((AS24-(AG24+AL24))=0, "", (AS24-(AG24+AL24))), "") | AR24: =IFERROR(IF((AE24+AJ24+AO24)=0, "", (AE24+AJ24+AO24)), "") | AT24: PATH555 | AU24: 998 | AV24: =IF(_xlfn.XLOOKUP(AT24, AutoFill_classes!$A:$A, AutoFill_classes!$B:$B,"")=0,"",_xlfn.XLOOKUP(AT24, AutoFill_classes!$A:$A, AutoFill_classes!$B:$B,"")) -> Pastoral Counseling | AX24: SYNC | AY24: MDIV | AZ24: Main Campus - MC | BA24: load | BB24: yes | BC24: 2 | BE24: =IF(BC24*BD24=0,"",BC24*BD24) | BJ24: =IF(ROUNDUP((BI24-BH24)/7,0)=0,"",ROUNDUP((BI24-BH24)/7,0)) | BL24: =IFERROR(IF(BJ24*BK24=0,"",BJ24*BK24), "") | BO24: =IF(ROUNDUP((BN24-BM24)/7,0)=0,"",ROUNDUP((BN24-BM24)/7,0)) | BQ24: =IFERROR(IF(BO24*BP24=0,"",BO24*BP24), "") | BT24: =IF(ROUNDUP((BS24-BR24)/7,0)=0,"",ROUNDUP((BS24-BR24)/7,0)) | BU24: =IFERROR(IF((BX24-(BK24+BP24))/BT24=0,"",ROUNDUP((BX24-(BK24+BP24))/BT24,0)), "") | BV24: =IFERROR(IF((BX24-(BL24+BQ24))=0, "", (BX24-(BL24+BQ24))), "") | BW24: =IFERROR(IF((BJ24+BO24+BT24)=0, "", (BJ24+BO24+BT24)), "") | BY24: PATH555 | BZ24: 998 | CA24: =IF(_xlfn.XLOOKUP(BY24, AutoFill_classes!$A:$A, AutoFill_classes!$B:$B,"")=0,"",_xlfn.XLOOKUP(BY24, AutoFill_classes!$A:$A, AutoFill_classes!$B:$B,"")) -> Pastoral Counseling | CC24: SYNC | CD24: MDIV | CE24: Main Campus - MC | CF24: load | CG24: yes | CH24: 0 | CJ24: =IF(CH24*CI24=0,"",CH24*CI24) | CO24: =IF(ROUNDUP((CN24-CM24)/7,0)=0,"",ROUNDUP((CN24-CM24)/7,0)) | CQ24: =IFERROR(IF(CO24*CP24=0,"",CO24*CP24), "") | CT24: =IF(ROUNDUP((CS24-CR24)/7,0)=0,"",ROUNDUP((CS24-CR24)/7,0)) | CV24: =IFERROR(IF(CT24*CU24=0,"",CT24*CU24), "") | CY24: =IF(ROUNDUP((CX24-CW24)/7,0)=0,"",ROUNDUP((CX24-CW24)/7,0)) | CZ24: =IFERROR(IF((DC24-(CP24+CU24))/CY24=0,"",ROUNDUP((DC24-(CP24+CU24))/CY24,0)), "") | DA24: =IFERROR(IF((DC24-(CQ24+CV24))=0, "", (DC24-(CQ24+CV24))), "") | DB24: =IFERROR(IF((CO24+CT24+CY24)=0, "", (CO24+CT24+CY24)), "") | DE24: 22
A25: Gaton, Roy G. | B25: =IF(_xlfn.XLOOKUP(A25, AutoFill_names!B:B, AutoFill_names!C:C,"")=0,"",_xlfn.XLOOKUP(A25, AutoFill_names!B:B, AutoFill_names!C:C,"")) -> 000048477 | C25: =IF(_xlfn.XLOOKUP(A25, AutoFill_names!B:B, AutoFill_names!D:D,"")=0,"",_xlfn.XLOOKUP(A25, AutoFill_names!B:B, AutoFill_names!D:D,"")) -> royg@andrews.edu | D25: =IF(_xlfn.XLOOKUP(A25, AutoFill_names!B:B, AutoFill_names!E:E,"")=0,"",_xlfn.XLOOKUP(A25, AutoFill_names!B:B, AutoFill_names!E:E,"")) | E25: =IF(_xlfn.XLOOKUP(A25, AutoFill_names!B:B, AutoFill_names!F:F,"")=0,"",_xlfn.XLOOKUP(A25, AutoFill_names!B:B, AutoFill_names!F:F,"")) -> faculty | J25: =IF(_xlfn.XLOOKUP(A25, AutoFill_names!B:B, AutoFill_names!K:K,"")=0,"",_xlfn.XLOOKUP(A25, AutoFill_names!B:B, AutoFill_names!K:K,"")) | K25: =IF(_xlfn.XLOOKUP(A25, AutoFill_names!B:B, AutoFill_names!L:L,"")=0,"",_xlfn.XLOOKUP(A25, AutoFill_names!B:B, AutoFill_names!L:L,"")) | N25: =IF(_xlfn.XLOOKUP(L25, AutoFill_classes!A:A, AutoFill_classes!B:B,"")=0,"",_xlfn.XLOOKUP(L25, AutoFill_classes!A:A, AutoFill_classes!B:B,"")) | Z25: =IF(X25*Y25=0,"",X25*Y25) | AE25: =IF(ROUNDUP((AD25-AC25)/7,0)=0,"",ROUNDUP((AD25-AC25)/7,0)) | AG25: =IFERROR(IF(AE25*AF25=0,"",AE25*AF25), "") | AJ25: =IF(ROUNDUP((AI25-AH25)/7,0)=0,"",ROUNDUP((AI25-AH25)/7,0)) | AL25: =IFERROR(IF(AJ25*AK25=0,"",AJ25*AK25), "") | AO25: =IF(ROUNDUP((AN25-AM25)/7,0)=0,"",ROUNDUP((AN25-AM25)/7,0)) | AP25: =IFERROR(IF((AS25-(AF25+AK25))/AO25=0,"",ROUNDUP((AS25-(AF25+AK25))/AO25,0)), "") | AQ25: =IFERROR(IF((AS25-(AG25+AL25))=0, "", (AS25-(AG25+AL25))), "") | AR25: =IFERROR(IF((AE25+AJ25+AO25)=0, "", (AE25+AJ25+AO25)), "") | AT25: PATH555 | AU25: 999 | AV25: =IF(_xlfn.XLOOKUP(AT25, AutoFill_classes!$A:$A, AutoFill_classes!$B:$B,"")=0,"",_xlfn.XLOOKUP(AT25, AutoFill_classes!$A:$A, AutoFill_classes!$B:$B,"")) -> Pastoral Counseling | AX25: ASYNC | AY25: MDIV | AZ25: Main Campus - MC | BA25: load | BB25: yes | BC25: 0 | BE25: =IF(BC25*BD25=0,"",BC25*BD25) | BJ25: =IF(ROUNDUP((BI25-BH25)/7,0)=0,"",ROUNDUP((BI25-BH25)/7,0)) | BL25: =IFERROR(IF(BJ25*BK25=0,"",BJ25*BK25), "") | BO25: =IF(ROUNDUP((BN25-BM25)/7,0)=0,"",ROUNDUP((BN25-BM25)/7,0)) | BQ25: =IFERROR(IF(BO25*BP25=0,"",BO25*BP25), "") | BT25: =IF(ROUNDUP((BS25-BR25)/7,0)=0,"",ROUNDUP((BS25-BR25)/7,0)) | BU25: =IFERROR(IF((BX25-(BK25+BP25))/BT25=0,"",ROUNDUP((BX25-(BK25+BP25))/BT25,0)), "") | BV25: =IFERROR(IF((BX25-(BL25+BQ25))=0, "", (BX25-(BL25+BQ25))), "") | BW25: =IFERROR(IF((BJ25+BO25+BT25)=0, "", (BJ25+BO25+BT25)), "") | BY25: PATH507 | CA25: =IF(_xlfn.XLOOKUP(BY25, AutoFill_classes!$A:$A, AutoFill_classes!$B:$B,"")=0,"",_xlfn.XLOOKUP(BY25, AutoFill_classes!$A:$A, AutoFill_classes!$B:$B,"")) -> Intro to Chaplaincy Min | CC25: In-Person | CD25: MDIV | CE25: Main Campus - MC | CF25: load | CG25: yes | CH25: 2 | CJ25: =IF(CH25*CI25=0,"",CH25*CI25) | CO25: =IF(ROUNDUP((CN25-CM25)/7,0)=0,"",ROUNDUP((CN25-CM25)/7,0)) | CQ25: =IFERROR(IF(CO25*CP25=0,"",CO25*CP25), "") | CT25: =IF(ROUNDUP((CS25-CR25)/7,0)=0,"",ROUNDUP((CS25-CR25)/7,0)) | CV25: =IFERROR(IF(CT25*CU25=0,"",CT25*CU25), "") | CY25: =IF(ROUNDUP((CX25-CW25)/7,0)=0,"",ROUNDUP((CX25-CW25)/7,0)) | CZ25: =IFERROR(IF((DC25-(CP25+CU25))/CY25=0,"",ROUNDUP((DC25-(CP25+CU25))/CY25,0)), "") | DA25: =IFERROR(IF((DC25-(CQ25+CV25))=0, "", (DC25-(CQ25+CV25))), "") | DB25: =IFERROR(IF((CO25+CT25+CY25)=0, "", (CO25+CT25+CY25)), "") | DE25: 23
A26: Gaton, Roy G. | B26: =IF(_xlfn.XLOOKUP(A26, AutoFill_names!B:B, AutoFill_names!C:C,"")=0,"",_xlfn.XLOOKUP(A26, AutoFill_names!B:B, AutoFill_names!C:C,"")) -> 000048477 | C26: =IF(_xlfn.XLOOKUP(A26, AutoFill_names!B:B, AutoFill_names!D:D,"")=0,"",_xlfn.XLOOKUP(A26, AutoFill_names!B:B, AutoFill_names!D:D,"")) -> royg@andrews.edu | D26: =IF(_xlfn.XLOOKUP(A26, AutoFill_names!B:B, AutoFill_names!E:E,"")=0,"",_xlfn.XLOOKUP(A26, AutoFill_names!B:B, AutoFill_names!E:E,"")) | E26: =IF(_xlfn.XLOOKUP(A26, AutoFill_names!B:B, AutoFill_names!F:F,"")=0,"",_xlfn.XLOOKUP(A26, AutoFill_names!B:B, AutoFill_names!F:F,"")) -> faculty | J26: =IF(_xlfn.XLOOKUP(A26, AutoFill_names!B:B, AutoFill_names!K:K,"")=0,"",_xlfn.XLOOKUP(A26, AutoFill_names!B:B, AutoFill_names!K:K,"")) | K26: =IF(_xlfn.XLOOKUP(A26, AutoFill_names!B:B, AutoFill_names!L:L,"")=0,"",_xlfn.XLOOKUP(A26, AutoFill_names!B:B, AutoFill_names!L:L,"")) | N26: =IF(_xlfn.XLOOKUP(L26, AutoFill_classes!A:A, AutoFill_classes!B:B,"")=0,"",_xlfn.XLOOKUP(L26, AutoFill_classes!A:A, AutoFill_classes!B:B,"")) | Z26: =IF(X26*Y26=0,"",X26*Y26) | AE26: =IF(ROUNDUP((AD26-AC26)/7,0)=0,"",ROUNDUP((AD26-AC26)/7,0)) | AG26: =IFERROR(IF(AE26*AF26=0,"",AE26*AF26), "") | AJ26: =IF(ROUNDUP((AI26-AH26)/7,0)=0,"",ROUNDUP((AI26-AH26)/7,0)) | AL26: =IFERROR(IF(AJ26*AK26=0,"",AJ26*AK26), "") | AO26: =IF(ROUNDUP((AN26-AM26)/7,0)=0,"",ROUNDUP((AN26-AM26)/7,0)) | AP26: =IFERROR(IF((AS26-(AF26+AK26))/AO26=0,"",ROUNDUP((AS26-(AF26+AK26))/AO26,0)), "") | AQ26: =IFERROR(IF((AS26-(AG26+AL26))=0, "", (AS26-(AG26+AL26))), "") | AR26: =IFERROR(IF((AE26+AJ26+AO26)=0, "", (AE26+AJ26+AO26)), "") | AV26: =IF(_xlfn.XLOOKUP(AT26, AutoFill_classes!$A:$A, AutoFill_classes!$B:$B,"")=0,"",_xlfn.XLOOKUP(AT26, AutoFill_classes!$A:$A, AutoFill_classes!$B:$B,"")) | BE26: =IF(BC26*BD26=0,"",BC26*BD26) | BJ26: =IF(ROUNDUP((BI26-BH26)/7,0)=0,"",ROUNDUP((BI26-BH26)/7,0)) | BL26: =IFERROR(IF(BJ26*BK26=0,"",BJ26*BK26), "") | BO26: =IF(ROUNDUP((BN26-BM26)/7,0)=0,"",ROUNDUP((BN26-BM26)/7,0)) | BQ26: =IFERROR(IF(BO26*BP26=0,"",BO26*BP26), "") | BT26: =IF(ROUNDUP((BS26-BR26)/7,0)=0,"",ROUNDUP((BS26-BR26)/7,0)) | BU26: =IFERROR(IF((BX26-(BK26+BP26))/BT26=0,"",ROUNDUP((BX26-(BK26+BP26))/BT26,0)), "") | BV26: =IFERROR(IF((BX26-(BL26+BQ26))=0, "", (BX26-(BL26+BQ26))), "") | BW26: =IFERROR(IF((BJ26+BO26+BT26)=0, "", (BJ26+BO26+BT26)), "") | BY26: PATH507 | BZ26: 998 | CA26: =IF(_xlfn.XLOOKUP(BY26, AutoFill_classes!$A:$A, AutoFill_classes!$B:$B,"")=0,"",_xlfn.XLOOKUP(BY26, AutoFill_classes!$A:$A, AutoFill_classes!$B:$B,"")) -> Intro to Chaplaincy Min | CC26: SYNC | CD26: MDIV | CE26: Main Campus - MC | CF26: load | CG26: yes | CH26: 0 | CJ26: =IF(CH26*CI26=0,"",CH26*CI26) | CO26: =IF(ROUNDUP((CN26-CM26)/7,0)=0,"",ROUNDUP((CN26-CM26)/7,0)) | CQ26: =IFERROR(IF(CO26*CP26=0,"",CO26*CP26), "") | CT26: =IF(ROUNDUP((CS26-CR26)/7,0)=0,"",ROUNDUP((CS26-CR26)/7,0)) | CV26: =IFERROR(IF(CT26*CU26=0,"",CT26*CU26), "") | CY26: =IF(ROUNDUP((CX26-CW26)/7,0)=0,"",ROUNDUP((CX26-CW26)/7,0)) | CZ26: =IFERROR(IF((DC26-(CP26+CU26))/CY26=0,"",ROUNDUP((DC26-(CP26+CU26))/CY26,0)), "") | DA26: =IFERROR(IF((DC26-(CQ26+CV26))=0, "", (DC26-(CQ26+CV26))), "") | DB26: =IFERROR(IF((CO26+CT26+CY26)=0, "", (CO26+CT26+CY26)), "") | DE26: 24
A27: Gaton, Roy G. | B27: =IF(_xlfn.XLOOKUP(A27, AutoFill_names!B:B, AutoFill_names!C:C,"")=0,"",_xlfn.XLOOKUP(A27, AutoFill_names!B:B, AutoFill_names!C:C,"")) -> 000048477 | C27: =IF(_xlfn.XLOOKUP(A27, AutoFill_names!B:B, AutoFill_names!D:D,"")=0,"",_xlfn.XLOOKUP(A27, AutoFill_names!B:B, AutoFill_names!D:D,"")) -> royg@andrews.edu | D27: =IF(_xlfn.XLOOKUP(A27, AutoFill_names!B:B, AutoFill_names!E:E,"")=0,"",_xlfn.XLOOKUP(A27, AutoFill_names!B:B, AutoFill_names!E:E,"")) | E27: =IF(_xlfn.XLOOKUP(A27, AutoFill_names!B:B, AutoFill_names!F:F,"")=0,"",_xlfn.XLOOKUP(A27, AutoFill_names!B:B, AutoFill_names!F:F,"")) -> faculty | J27: =IF(_xlfn.XLOOKUP(A27, AutoFill_names!B:B, AutoFill_names!K:K,"")=0,"",_xlfn.XLOOKUP(A27, AutoFill_names!B:B, AutoFill_names!K:K,"")) | K27: =IF(_xlfn.XLOOKUP(A27, AutoFill_names!B:B, AutoFill_names!L:L,"")=0,"",_xlfn.XLOOKUP(A27, AutoFill_names!B:B, AutoFill_names!L:L,"")) | N27: =IF(_xlfn.XLOOKUP(L27, AutoFill_classes!A:A, AutoFill_classes!B:B,"")=0,"",_xlfn.XLOOKUP(L27, AutoFill_classes!A:A, AutoFill_classes!B:B,"")) | Z27: =IF(X27*Y27=0,"",X27*Y27) | AE27: =IF(ROUNDUP((AD27-AC27)/7,0)=0,"",ROUNDUP((AD27-AC27)/7,0)) | AG27: =IFERROR(IF(AE27*AF27=0,"",AE27*AF27), "") | AJ27: =IF(ROUNDUP((AI27-AH27)/7,0)=0,"",ROUNDUP((AI27-AH27)/7,0)) | AL27: =IFERROR(IF(AJ27*AK27=0,"",AJ27*AK27), "") | AO27: =IF(ROUNDUP((AN27-AM27)/7,0)=0,"",ROUNDUP((AN27-AM27)/7,0)) | AP27: =IFERROR(IF((AS27-(AF27+AK27))/AO27=0,"",ROUNDUP((AS27-(AF27+AK27))/AO27,0)), "") | AQ27: =IFERROR(IF((AS27-(AG27+AL27))=0, "", (AS27-(AG27+AL27))), "") | AR27: =IFERROR(IF((AE27+AJ27+AO27)=0, "", (AE27+AJ27+AO27)), "") | AV27: =IF(_xlfn.XLOOKUP(AT27, AutoFill_classes!$A:$A, AutoFill_classes!$B:$B,"")=0,"",_xlfn.XLOOKUP(AT27, AutoFill_classes!$A:$A, AutoFill_classes!$B:$B,"")) | BE27: =IF(BC27*BD27=0,"",BC27*BD27) | BJ27: =IF(ROUNDUP((BI27-BH27)/7,0)=0,"",ROUNDUP((BI27-BH27)/7,0)) | BL27: =IFERROR(IF(BJ27*BK27=0,"",BJ27*BK27), "") | BO27: =IF(ROUNDUP((BN27-BM27)/7,0)=0,"",ROUNDUP((BN27-BM27)/7,0)) | BQ27: =IFERROR(IF(BO27*BP27=0,"",BO27*BP27), "") | BT27: =IF(ROUNDUP((BS27-BR27)/7,0)=0,"",ROUNDUP((BS27-BR27)/7,0)) | BU27: =IFERROR(IF((BX27-(BK27+BP27))/BT27=0,"",ROUNDUP((BX27-(BK27+BP27))/BT27,0)), "") | BV27: =IFERROR(IF((BX27-(BL27+BQ27))=0, "", (BX27-(BL27+BQ27))), "") | BW27: =IFERROR(IF((BJ27+BO27+BT27)=0, "", (BJ27+BO27+BT27)), "") | BY27: PATH516 | CA27: =IF(_xlfn.XLOOKUP(BY27, AutoFill_classes!$A:$A, AutoFill_classes!$B:$B,"")=0,"",_xlfn.XLOOKUP(BY27, AutoFill_classes!$A:$A, AutoFill_classes!$B:$B,"")) -> Death & Grief Contemp Society | CC27: In-Person | CD27: MDIV | CE27: Main Campus - MC | CF27: load | CG27: yes | CH27: 2 | CJ27: =IF(CH27*CI27=0,"",CH27*CI27) | CO27: =IF(ROUNDUP((CN27-CM27)/7,0)=0,"",ROUNDUP((CN27-CM27)/7,0)) | CQ27: =IFERROR(IF(CO27*CP27=0,"",CO27*CP27), "") | CT27: =IF(ROUNDUP((CS27-CR27)/7,0)=0,"",ROUNDUP((CS27-CR27)/7,0)) | CV27: =IFERROR(IF(CT27*CU27=0,"",CT27*CU27), "") | CY27: =IF(ROUNDUP((CX27-CW27)/7,0)=0,"",ROUNDUP((CX27-CW27)/7,0)) | CZ27: =IFERROR(IF((DC27-(CP27+CU27))/CY27=0,"",ROUNDUP((DC27-(CP27+CU27))/CY27,0)), "") | DA27: =IFERROR(IF((DC27-(CQ27+CV27))=0, "", (DC27-(CQ27+CV27))), "") | DB27: =IFERROR(IF((CO27+CT27+CY27)=0, "", (CO27+CT27+CY27)), "") | DE27: 25
A28: Gaton, Roy G. | B28: =IF(_xlfn.XLOOKUP(A28, AutoFill_names!B:B, AutoFill_names!C:C,"")=0,"",_xlfn.XLOOKUP(A28, AutoFill_names!B:B, AutoFill_names!C:C,"")) -> 000048477 | C28: =IF(_xlfn.XLOOKUP(A28, AutoFill_names!B:B, AutoFill_names!D:D,"")=0,"",_xlfn.XLOOKUP(A28, AutoFill_names!B:B, AutoFill_names!D:D,"")) -> royg@andrews.edu | D28: =IF(_xlfn.XLOOKUP(A28, AutoFill_names!B:B, AutoFill_names!E:E,"")=0,"",_xlfn.XLOOKUP(A28, AutoFill_names!B:B, AutoFill_names!E:E,"")) | E28: =IF(_xlfn.XLOOKUP(A28, AutoFill_names!B:B, AutoFill_names!F:F,"")=0,"",_xlfn.XLOOKUP(A28, AutoFill_names!B:B, AutoFill_names!F:F,"")) -> faculty | J28: =IF(_xlfn.XLOOKUP(A28, AutoFill_names!B:B, AutoFill_names!K:K,"")=0,"",_xlfn.XLOOKUP(A28, AutoFill_names!B:B, AutoFill_names!K:K,"")) | K28: =IF(_xlfn.XLOOKUP(A28, AutoFill_names!B:B, AutoFill_names!L:L,"")=0,"",_xlfn.XLOOKUP(A28, AutoFill_names!B:B, AutoFill_names!L:L,"")) | N28: =IF(_xlfn.XLOOKUP(L28, AutoFill_classes!A:A, AutoFill_classes!B:B,"")=0,"",_xlfn.XLOOKUP(L28, AutoFill_classes!A:A, AutoFill_classes!B:B,"")) | Z28: =IF(X28*Y28=0,"",X28*Y28) | AE28: =IF(ROUNDUP((AD28-AC28)/7,0)=0,"",ROUNDUP((AD28-AC28)/7,0)) | AG28: =IFERROR(IF(AE28*AF28=0,"",AE28*AF28), "") | AJ28: =IF(ROUNDUP((AI28-AH28)/7,0)=0,"",ROUNDUP((AI28-AH28)/7,0)) | AL28: =IFERROR(IF(AJ28*AK28=0,"",AJ28*AK28), "") | AO28: =IF(ROUNDUP((AN28-AM28)/7,0)=0,"",ROUNDUP((AN28-AM28)/7,0)) | AP28: =IFERROR(IF((AS28-(AF28+AK28))/AO28=0,"",ROUNDUP((AS28-(AF28+AK28))/AO28,0)), "") | AQ28: =IFERROR(IF((AS28-(AG28+AL28))=0, "", (AS28-(AG28+AL28))), "") | AR28: =IFERROR(IF((AE28+AJ28+AO28)=0, "", (AE28+AJ28+AO28)), "") | AV28: =IF(_xlfn.XLOOKUP(AT28, AutoFill_classes!$A:$A, AutoFill_classes!$B:$B,"")=0,"",_xlfn.XLOOKUP(AT28, AutoFill_classes!$A:$A, AutoFill_classes!$B:$B,"")) | BE28: =IF(BC28*BD28=0,"",BC28*BD28) | BJ28: =IF(ROUNDUP((BI28-BH28)/7,0)=0,"",ROUNDUP((BI28-BH28)/7,0)) | BL28: =IFERROR(IF(BJ28*BK28=0,"",BJ28*BK28), "") | BO28: =IF(ROUNDUP((BN28-BM28)/7,0)=0,"",ROUNDUP((BN28-BM28)/7,0)) | BQ28: =IFERROR(IF(BO28*BP28=0,"",BO28*BP28), "") | BT28: =IF(ROUNDUP((BS28-BR28)/7,0)=0,"",ROUNDUP((BS28-BR28)/7,0)) | BU28: =IFERROR(IF((BX28-(BK28+BP28))/BT28=0,"",ROUNDUP((BX28-(BK28+BP28))/BT28,0)), "") | BV28: =IFERROR(IF((BX28-(BL28+BQ28))=0, "", (BX28-(BL28+BQ28))), "") | BW28: =IFERROR(IF((BJ28+BO28+BT28)=0, "", (BJ28+BO28+BT28)), "") | BY28: PATH516 | BZ28: 998 | CA28: =IF(_xlfn.XLOOKUP(BY28, AutoFill_classes!$A:$A, AutoFill_classes!$B:$B,"")=0,"",_xlfn.XLOOKUP(BY28, AutoFill_classes!$A:$A, AutoFill_classes!$B:$B,"")) -> Death & Grief Contemp Society | CC28: SYNC | CD28: MDIV | CE28: Main Campus - MC | CF28: load | CG28: yes | CH28: 0 | CJ28: =IF(CH28*CI28=0,"",CH28*CI28) | CO28: =IF(ROUNDUP((CN28-CM28)/7,0)=0,"",ROUNDUP((CN28-CM28)/7,0)) | CQ28: =IFERROR(IF(CO28*CP28=0,"",CO28*CP28), "") | CT28: =IF(ROUNDUP((CS28-CR28)/7,0)=0,"",ROUNDUP((CS28-CR28)/7,0)) | CV28: =IFERROR(IF(CT28*CU28=0,"",CT28*CU28), "") | CY28: =IF(ROUNDUP((CX28-CW28)/7,0)=0,"",ROUNDUP((CX28-CW28)/7,0)) | CZ28: =IFERROR(IF((DC28-(CP28+CU28))/CY28=0,"",ROUNDUP((DC28-(CP28+CU28))/CY28,0)), "") | DA28: =IFERROR(IF((DC28-(CQ28+CV28))=0, "", (DC28-(CQ28+CV28))), "") | DB28: =IFERROR(IF((CO28+CT28+CY28)=0, "", (CO28+CT28+CY28)), "") | DE28: 26
B29: =IF(_xlfn.XLOOKUP(A29, AutoFill_names!B:B, AutoFill_names!C:C,"")=0,"",_xlfn.XLOOKUP(A29, AutoFill_names!B:B, AutoFill_names!C:C,"")) | C29: =IF(_xlfn.XLOOKUP(A29, AutoFill_names!B:B, AutoFill_names!D:D,"")=0,"",_xlfn.XLOOKUP(A29, AutoFill_names!B:B, AutoFill_names!D:D,"")) | D29: =IF(_xlfn.XLOOKUP(A29, AutoFill_names!B:B, AutoFill_names!E:E,"")=0,"",_xlfn.XLOOKUP(A29, AutoFill_names!B:B, AutoFill_names!E:E,"")) | E29: =IF(_xlfn.XLOOKUP(A29, AutoFill_names!B:B, AutoFill_names!F:F,"")=0,"",_xlfn.XLOOKUP(A29, AutoFill_names!B:B, AutoFill_names!F:F,"")) | J29: =IF(_xlfn.XLOOKUP(A29, AutoFill_names!B:B, AutoFill_names!K:K,"")=0,"",_xlfn.XLOOKUP(A29, AutoFill_names!B:B, AutoFill_names!K:K,"")) | K29: =IF(_xlfn.XLOOKUP(A29, AutoFill_names!B:B, AutoFill_names!L:L,"")=0,"",_xlfn.XLOOKUP(A29, AutoFill_names!B:B, AutoFill_names!L:L,"")) | N29: =IF(_xlfn.XLOOKUP(L29, AutoFill_classes!A:A, AutoFill_classes!B:B,"")=0,"",_xlfn.XLOOKUP(L29, AutoFill_classes!A:A, AutoFill_classes!B:B,"")) | Z29: =IF(X29*Y29=0,"",X29*Y29) | AE29: =IF(ROUNDUP((AD29-AC29)/7,0)=0,"",ROUNDUP((AD29-AC29)/7,0)) | AG29: =IFERROR(IF(AE29*AF29=0,"",AE29*AF29), "") | AJ29: =IF(ROUNDUP((AI29-AH29)/7,0)=0,"",ROUNDUP((AI29-AH29)/7,0)) | AL29: =IFERROR(IF(AJ29*AK29=0,"",AJ29*AK29), "") | AO29: =IF(ROUNDUP((AN29-AM29)/7,0)=0,"",ROUNDUP((AN29-AM29)/7,0)) | AP29: =IFERROR(IF((AS29-(AF29+AK29))/AO29=0,"",ROUNDUP((AS29-(AF29+AK29))/AO29,0)), "") | AQ29: =IFERROR(IF((AS29-(AG29+AL29))=0, "", (AS29-(AG29+AL29))), "") | AR29: =IFERROR(IF((AE29+AJ29+AO29)=0, "", (AE29+AJ29+AO29)), "") | AV29: =IF(_xlfn.XLOOKUP(AT29, AutoFill_classes!$A:$A, AutoFill_classes!$B:$B,"")=0,"",_xlfn.XLOOKUP(AT29, AutoFill_classes!$A:$A, AutoFill_classes!$B:$B,"")) | BE29: =IF(BC29*BD29=0,"",BC29*BD29) | BJ29: =IF(ROUNDUP((BI29-BH29)/7,0)=0,"",ROUNDUP((BI29-BH29)/7,0)) | BL29: =IFERROR(IF(BJ29*BK29=0,"",BJ29*BK29), "") | BO29: =IF(ROUNDUP((BN29-BM29)/7,0)=0,"",ROUNDUP((BN29-BM29)/7,0)) | BQ29: =IFERROR(IF(BO29*BP29=0,"",BO29*BP29), "") | BT29: =IF(ROUNDUP((BS29-BR29)/7,0)=0,"",ROUNDUP((BS29-BR29)/7,0)) | BU29: =IFERROR(IF((BX29-(BK29+BP29))/BT29=0,"",ROUNDUP((BX29-(BK29+BP29))/BT29,0)), "") | BV29: =IFERROR(IF((BX29-(BL29+BQ29))=0, "", (BX29-(BL29+BQ29))), "") | BW29: =IFERROR(IF((BJ29+BO29+BT29)=0, "", (BJ29+BO29+BT29)), "") | CA29: =IF(_xlfn.XLOOKUP(BY29, AutoFill_classes!$A:$A, AutoFill_classes!$B:$B,"")=0,"",_xlfn.XLOOKUP(BY29, AutoFill_classes!$A:$A, AutoFill_classes!$B:$B,"")) | CJ29: =IF(CH29*CI29=0,"",CH29*CI29) | CO29: =IF(ROUNDUP((CN29-CM29)/7,0)=0,"",ROUNDUP((CN29-CM29)/7,0)) | CQ29: =IFERROR(IF(CO29*CP29=0,"",CO29*CP29), "") | CT29: =IF(ROUNDUP((CS29-CR29)/7,0)=0,"",ROUNDUP((CS29-CR29)/7,0)) | CV29: =IFERROR(IF(CT29*CU29=0,"",CT29*CU29), "") | CY29: =IF(ROUNDUP((CX29-CW29)/7,0)=0,"",ROUNDUP((CX29-CW29)/7,0)) | CZ29: =IFERROR(IF((DC29-(CP29+CU29))/CY29=0,"",ROUNDUP((DC29-(CP29+CU29))/CY29,0)), "") | DA29: =IFERROR(IF((DC29-(CQ29+CV29))=0, "", (DC29-(CQ29+CV29))), "") | DB29: =IFERROR(IF((CO29+CT29+CY29)=0, "", (CO29+CT29+CY29)), "") | DE29: 27
B30: =IF(_xlfn.XLOOKUP(A30, AutoFill_names!B:B, AutoFill_names!C:C,"")=0,"",_xlfn.XLOOKUP(A30, AutoFill_names!B:B, AutoFill_names!C:C,"")) | C30: =IF(_xlfn.XLOOKUP(A30, AutoFill_names!B:B, AutoFill_names!D:D,"")=0,"",_xlfn.XLOOKUP(A30, AutoFill_names!B:B, AutoFill_names!D:D,"")) | D30: =IF(_xlfn.XLOOKUP(A30, AutoFill_names!B:B, AutoFill_names!E:E,"")=0,"",_xlfn.XLOOKUP(A30, AutoFill_names!B:B, AutoFill_names!E:E,"")) | E30: =IF(_xlfn.XLOOKUP(A30, AutoFill_names!B:B, AutoFill_names!F:F,"")=0,"",_xlfn.XLOOKUP(A30, AutoFill_names!B:B, AutoFill_names!F:F,"")) | J30: =IF(_xlfn.XLOOKUP(A30, AutoFill_names!B:B, AutoFill_names!K:K,"")=0,"",_xlfn.XLOOKUP(A30, AutoFill_names!B:B, AutoFill_names!K:K,"")) | K30: =IF(_xlfn.XLOOKUP(A30, AutoFill_names!B:B, AutoFill_names!L:L,"")=0,"",_xlfn.XLOOKUP(A30, AutoFill_names!B:B, AutoFill_names!L:L,"")) | N30: =IF(_xlfn.XLOOKUP(L30, AutoFill_classes!A:A, AutoFill_classes!B:B,"")=0,"",_xlfn.XLOOKUP(L30, AutoFill_classes!A:A, AutoFill_classes!B:B,"")) | Z30: =IF(X30*Y30=0,"",X30*Y30) | AE30: =IF(ROUNDUP((AD30-AC30)/7,0)=0,"",ROUNDUP((AD30-AC30)/7,0)) | AG30: =IFERROR(IF(AE30*AF30=0,"",AE30*AF30), "") | AJ30: =IF(ROUNDUP((AI30-AH30)/7,0)=0,"",ROUNDUP((AI30-AH30)/7,0)) | AL30: =IFERROR(IF(AJ30*AK30=0,"",AJ30*AK30), "") | AO30: =IF(ROUNDUP((AN30-AM30)/7,0)=0,"",ROUNDUP((AN30-AM30)/7,0)) | AP30: =IFERROR(IF((AS30-(AF30+AK30))/AO30=0,"",ROUNDUP((AS30-(AF30+AK30))/AO30,0)), "") | AQ30: =IFERROR(IF((AS30-(AG30+AL30))=0, "", (AS30-(AG30+AL30))), "") | AR30: =IFERROR(IF((AE30+AJ30+AO30)=0, "", (AE30+AJ30+AO30)), "") | AV30: =IF(_xlfn.XLOOKUP(AT30, AutoFill_classes!$A:$A, AutoFill_classes!$B:$B,"")=0,"",_xlfn.XLOOKUP(AT30, AutoFill_classes!$A:$A, AutoFill_classes!$B:$B,"")) | BE30: =IF(BC30*BD30=0,"",BC30*BD30) | BJ30: =IF(ROUNDUP((BI30-BH30)/7,0)=0,"",ROUNDUP((BI30-BH30)/7,0)) | BL30: =IFERROR(IF(BJ30*BK30=0,"",BJ30*BK30), "") | BO30: =IF(ROUNDUP((BN30-BM30)/7,0)=0,"",ROUNDUP((BN30-BM30)/7,0)) | BQ30: =IFERROR(IF(BO30*BP30=0,"",BO30*BP30), "") | BT30: =IF(ROUNDUP((BS30-BR30)/7,0)=0,"",ROUNDUP((BS30-BR30)/7,0)) | BU30: =IFERROR(IF((BX30-(BK30+BP30))/BT30=0,"",ROUNDUP((BX30-(BK30+BP30))/BT30,0)), "") | BV30: =IFERROR(IF((BX30-(BL30+BQ30))=0, "", (BX30-(BL30+BQ30))), "") | BW30: =IFERROR(IF((BJ30+BO30+BT30)=0, "", (BJ30+BO30+BT30)), "") | CA30: =IF(_xlfn.XLOOKUP(BY30, AutoFill_classes!$A:$A, AutoFill_classes!$B:$B,"")=0,"",_xlfn.XLOOKUP(BY30, AutoFill_classes!$A:$A, AutoFill_classes!$B:$B,"")) | CJ30: =IF(CH30*CI30=0,"",CH30*CI30) | CO30: =IF(ROUNDUP((CN30-CM30)/7,0)=0,"",ROUNDUP((CN30-CM30)/7,0)) | CQ30: =IFERROR(IF(CO30*CP30=0,"",CO30*CP30), "") | CT30: =IF(ROUNDUP((CS30-CR30)/7,0)=0,"",ROUNDUP((CS30-CR30)/7,0)) | CV30: =IFERROR(IF(CT30*CU30=0,"",CT30*CU30), "") | CY30: =IF(ROUNDUP((CX30-CW30)/7,0)=0,"",ROUNDUP((CX30-CW30)/7,0)) | CZ30: =IFERROR(IF((DC30-(CP30+CU30))/CY30=0,"",ROUNDUP((DC30-(CP30+CU30))/CY30,0)), "") | DA30: =IFERROR(IF((DC30-(CQ30+CV30))=0, "", (DC30-(CQ30+CV30))), "") | DB30: =IFERROR(IF((CO30+CT30+CY30)=0, "", (CO30+CT30+CY30)), "") | DE30: 28
B31: =IF(_xlfn.XLOOKUP(A31, AutoFill_names!B:B, AutoFill_names!C:C,"")=0,"",_xlfn.XLOOKUP(A31, AutoFill_names!B:B, AutoFill_names!C:C,"")) | C31: =IF(_xlfn.XLOOKUP(A31, AutoFill_names!B:B, AutoFill_names!D:D,"")=0,"",_xlfn.XLOOKUP(A31, AutoFill_names!B:B, AutoFill_names!D:D,"")) | D31: =IF(_xlfn.XLOOKUP(A31, AutoFill_names!B:B, AutoFill_names!E:E,"")=0,"",_xlfn.XLOOKUP(A31, AutoFill_names!B:B, AutoFill_names!E:E,"")) | E31: =IF(_xlfn.XLOOKUP(A31, AutoFill_names!B:B, AutoFill_names!F:F,"")=0,"",_xlfn.XLOOKUP(A31, AutoFill_names!B:B, AutoFill_names!F:F,"")) | J31: =IF(_xlfn.XLOOKUP(A31, AutoFill_names!B:B, AutoFill_names!K:K,"")=0,"",_xlfn.XLOOKUP(A31, AutoFill_names!B:B, AutoFill_names!K:K,"")) | K31: =IF(_xlfn.XLOOKUP(A31, AutoFill_names!B:B, AutoFill_names!L:L,"")=0,"",_xlfn.XLOOKUP(A31, AutoFill_names!B:B, AutoFill_names!L:L,"")) | N31: =IF(_xlfn.XLOOKUP(L31, AutoFill_classes!A:A, AutoFill_classes!B:B,"")=0,"",_xlfn.XLOOKUP(L31, AutoFill_classes!A:A, AutoFill_classes!B:B,"")) | Z31: =IF(X31*Y31=0,"",X31*Y31) | AE31: =IF(ROUNDUP((AD31-AC31)/7,0)=0,"",ROUNDUP((AD31-AC31)/7,0)) | AG31: =IFERROR(IF(AE31*AF31=0,"",AE31*AF31), "") | AJ31: =IF(ROUNDUP((AI31-AH31)/7,0)=0,"",ROUNDUP((AI31-AH31)/7,0)) | AL31: =IFERROR(IF(AJ31*AK31=0,"",AJ31*AK31), "") | AO31: =IF(ROUNDUP((AN31-AM31)/7,0)=0,"",ROUNDUP((AN31-AM31)/7,0)) | AP31: =IFERROR(IF((AS31-(AF31+AK31))/AO31=0,"",ROUNDUP((AS31-(AF31+AK31))/AO31,0)), "") | AQ31: =IFERROR(IF((AS31-(AG31+AL31))=0, "", (AS31-(AG31+AL31))), "") | AR31: =IFERROR(IF((AE31+AJ31+AO31)=0, "", (AE31+AJ31+AO31)), "") | AV31: =IF(_xlfn.XLOOKUP(AT31, AutoFill_classes!$A:$A, AutoFill_classes!$B:$B,"")=0,"",_xlfn.XLOOKUP(AT31, AutoFill_classes!$A:$A, AutoFill_classes!$B:$B,"")) | BE31: =IF(BC31*BD31=0,"",BC31*BD31) | BJ31: =IF(ROUNDUP((BI31-BH31)/7,0)=0,"",ROUNDUP((BI31-BH31)/7,0)) | BL31: =IFERROR(IF(BJ31*BK31=0,"",BJ31*BK31), "") | BO31: =IF(ROUNDUP((BN31-BM31)/7,0)=0,"",ROUNDUP((BN31-BM31)/7,0)) | BQ31: =IFERROR(IF(BO31*BP31=0,"",BO31*BP31), "") | BT31: =IF(ROUNDUP((BS31-BR31)/7,0)=0,"",ROUNDUP((BS31-BR31)/7,0)) | BU31: =IFERROR(IF((BX31-(BK31+BP31))/BT31=0,"",ROUNDUP((BX31-(BK31+BP31))/BT31,0)), "") | BV31: =IFERROR(IF((BX31-(BL31+BQ31))=0, "", (BX31-(BL31+BQ31))), "") | BW31: =IFERROR(IF((BJ31+BO31+BT31)=0, "", (BJ31+BO31+BT31)), "") | CA31: =IF(_xlfn.XLOOKUP(BY31, AutoFill_classes!$A:$A, AutoFill_classes!$B:$B,"")=0,"",_xlfn.XLOOKUP(BY31, AutoFill_classes!$A:$A, AutoFill_classes!$B:$B,"")) | CJ31: =IF(CH31*CI31=0,"",CH31*CI31) | CO31: =IF(ROUNDUP((CN31-CM31)/7,0)=0,"",ROUNDUP((CN31-CM31)/7,0)) | CQ31: =IFERROR(IF(CO31*CP31=0,"",CO31*CP31), "") | CT31: =IF(ROUNDUP((CS31-CR31)/7,0)=0,"",ROUNDUP((CS31-CR31)/7,0)) | CV31: =IFERROR(IF(CT31*CU31=0,"",CT31*CU31), "") | CY31: =IF(ROUNDUP((CX31-CW31)/7,0)=0,"",ROUNDUP((CX31-CW31)/7,0)) | CZ31: =IFERROR(IF((DC31-(CP31+CU31))/CY31=0,"",ROUNDUP((DC31-(CP31+CU31))/CY31,0)), "") | DA31: =IFERROR(IF((DC31-(CQ31+CV31))=0, "", (DC31-(CQ31+CV31))), "") | DB31: =IFERROR(IF((CO31+CT31+CY31)=0, "", (CO31+CT31+CY31)), "") | DE31: 29
A32: Totals: Kenley Hall notes: preach. Coor.; director homiletics | B32: ="Total Credits: " & IFERROR(IF(DD32=0,"",DD32),"") -> Total Credits: 13 | X32: =IF(SUM(X33:X40)=0, "", SUM(X33:X40)) | BC32: =IF(SUM(BC33:BC40)=0, "", SUM(BC33:BC40)) -> 6 | CH32: =IF(SUM(CH33:CH40)=0, "", SUM(CH33:CH40)) -> 7 | DD32: =IF(SUM(L32:DC32)=0, "", SUM(L32:DC32)) -> 13 | DE32: 30
A33: Hall, Kenley D. | B33: =IF(_xlfn.XLOOKUP(A33, AutoFill_names!B:B, AutoFill_names!C:C,"")=0,"",_xlfn.XLOOKUP(A33, AutoFill_names!B:B, AutoFill_names!C:C,"")) -> 000069431 | C33: =IF(_xlfn.XLOOKUP(A33, AutoFill_names!B:B, AutoFill_names!D:D,"")=0,"",_xlfn.XLOOKUP(A33, AutoFill_names!B:B, AutoFill_names!D:D,"")) -> kenley@andrews.edu | D33: =IF(_xlfn.XLOOKUP(A33, AutoFill_names!B:B, AutoFill_names!E:E,"")=0,"",_xlfn.XLOOKUP(A33, AutoFill_names!B:B, AutoFill_names!E:E,"")) | E33: =IF(_xlfn.XLOOKUP(A33, AutoFill_names!B:B, AutoFill_names!F:F,"")=0,"",_xlfn.XLOOKUP(A33, AutoFill_names!B:B, AutoFill_names!F:F,"")) | J33: =IF(_xlfn.XLOOKUP(A33, AutoFill_names!B:B, AutoFill_names!K:K,"")=0,"",_xlfn.XLOOKUP(A33, AutoFill_names!B:B, AutoFill_names!K:K,"")) | K33: =IF(_xlfn.XLOOKUP(A33, AutoFill_names!B:B, AutoFill_names!L:L,"")=0,"",_xlfn.XLOOKUP(A33, AutoFill_names!B:B, AutoFill_names!L:L,"")) | N33: =IF(_xlfn.XLOOKUP(L33, AutoFill_classes!A:A, AutoFill_classes!B:B,"")=0,"",_xlfn.XLOOKUP(L33, AutoFill_classes!A:A, AutoFill_classes!B:B,"")) | Z33: =IF(X33*Y33=0,"",X33*Y33) | AE33: =IF(ROUNDUP((AD33-AC33)/7,0)=0,"",ROUNDUP((AD33-AC33)/7,0)) | AG33: =IFERROR(IF(AE33*AF33=0,"",AE33*AF33), "") | AJ33: =IF(ROUNDUP((AI33-AH33)/7,0)=0,"",ROUNDUP((AI33-AH33)/7,0)) | AL33: =IFERROR(IF(AJ33*AK33=0,"",AJ33*AK33), "") | AO33: =IF(ROUNDUP((AN33-AM33)/7,0)=0,"",ROUNDUP((AN33-AM33)/7,0)) | AP33: =IFERROR(IF((AS33-(AF33+AK33))/AO33=0,"",ROUNDUP((AS33-(AF33+AK33))/AO33,0)), "") | AQ33: =IFERROR(IF((AS33-(AG33+AL33))=0, "", (AS33-(AG33+AL33))), "") | AR33: =IFERROR(IF((AE33+AJ33+AO33)=0, "", (AE33+AJ33+AO33)), "") | AT33: PATH632 | AV33: =IF(_xlfn.XLOOKUP(AT33, AutoFill_classes!$A:$A, AutoFill_classes!$B:$B,"")=0,"",_xlfn.XLOOKUP(AT33, AutoFill_classes!$A:$A, AutoFill_classes!$B:$B,"")) -> Contextualized Preaching: | AX33: In-Person | AY33: MDIV | AZ33: Main Campus - MC | BA33: load | BB33: yes | BC33: 2 | BE33: =IF(BC33*BD33=0,"",BC33*BD33) | BJ33: =IF(ROUNDUP((BI33-BH33)/7,0)=0,"",ROUNDUP((BI33-BH33)/7,0)) | BL33: =IFERROR(IF(BJ33*BK33=0,"",BJ33*BK33), "") | BO33: =IF(ROUNDUP((BN33-BM33)/7,0)=0,"",ROUNDUP((BN33-BM33)/7,0)) | BQ33: =IFERROR(IF(BO33*BP33=0,"",BO33*BP33), "") | BT33: =IF(ROUNDUP((BS33-BR33)/7,0)=0,"",ROUNDUP((BS33-BR33)/7,0)) | BU33: =IFERROR(IF((BX33-(BK33+BP33))/BT33=0,"",ROUNDUP((BX33-(BK33+BP33))/BT33,0)), "") | BV33: =IFERROR(IF((BX33-(BL33+BQ33))=0, "", (BX33-(BL33+BQ33))), "") | BW33: =IFERROR(IF((BJ33+BO33+BT33)=0, "", (BJ33+BO33+BT33)), "") | BY33: PATH609 | CA33: =IF(_xlfn.XLOOKUP(BY33, AutoFill_classes!$A:$A, AutoFill_classes!$B:$B,"")=0,"",_xlfn.XLOOKUP(BY33, AutoFill_classes!$A:$A, AutoFill_classes!$B:$B,"")) -> Media Ministry | CC33: In-Person | CD33: MDIV | CE33: Main Campus - MC | CF33: load | CG33: yes | CH33: 1 | CJ33: =IF(CH33*CI33=0,"",CH33*CI33) | CO33: =IF(ROUNDUP((CN33-CM33)/7,0)=0,"",ROUNDUP((CN33-CM33)/7,0)) | CQ33: =IFERROR(IF(CO33*CP33=0,"",CO33*CP33), "") | CT33: =IF(ROUNDUP((CS33-CR33)/7,0)=0,"",ROUNDUP((CS33-CR33)/7,0)) | CV33: =IFERROR(IF(CT33*CU33=0,"",CT33*CU33), "") | CY33: =IF(ROUNDUP((CX33-CW33)/7,0)=0,"",ROUNDUP((CX33-CW33)/7,0)) | CZ33: =IFERROR(IF((DC33-(CP33+CU33))/CY33=0,"",ROUNDUP((DC33-(CP33+CU33))/CY33,0)), "") | DA33: =IFERROR(IF((DC33-(CQ33+CV33))=0, "", (DC33-(CQ33+CV33))), "") | DB33: =IFERROR(IF((CO33+CT33+CY33)=0, "", (CO33+CT33+CY33)), "") | DE33: 32
A34: Hall, Kenley D. | B34: =IF(_xlfn.XLOOKUP(A34, AutoFill_names!B:B, AutoFill_names!C:C,"")=0,"",_xlfn.XLOOKUP(A34, AutoFill_names!B:B, AutoFill_names!C:C,"")) -> 000069431 | C34: =IF(_xlfn.XLOOKUP(A34, AutoFill_names!B:B, AutoFill_names!D:D,"")=0,"",_xlfn.XLOOKUP(A34, AutoFill_names!B:B, AutoFill_names!D:D,"")) -> kenley@andrews.edu | D34: =IF(_xlfn.XLOOKUP(A34, AutoFill_names!B:B, AutoFill_names!E:E,"")=0,"",_xlfn.XLOOKUP(A34, AutoFill_names!B:B, AutoFill_names!E:E,"")) | E34: =IF(_xlfn.XLOOKUP(A34, AutoFill_names!B:B, AutoFill_names!F:F,"")=0,"",_xlfn.XLOOKUP(A34, AutoFill_names!B:B, AutoFill_names!F:F,"")) | J34: =IF(_xlfn.XLOOKUP(A34, AutoFill_names!B:B, AutoFill_names!K:K,"")=0,"",_xlfn.XLOOKUP(A34, AutoFill_names!B:B, AutoFill_names!K:K,"")) | K34: =IF(_xlfn.XLOOKUP(A34, AutoFill_names!B:B, AutoFill_names!L:L,"")=0,"",_xlfn.XLOOKUP(A34, AutoFill_names!B:B, AutoFill_names!L:L,"")) | N34: =IF(_xlfn.XLOOKUP(L34, AutoFill_classes!A:A, AutoFill_classes!B:B,"")=0,"",_xlfn.XLOOKUP(L34, AutoFill_classes!A:A, AutoFill_classes!B:B,"")) | Z34: =IF(X34*Y34=0,"",X34*Y34) | AE34: =IF(ROUNDUP((AD34-AC34)/7,0)=0,"",ROUNDUP((AD34-AC34)/7,0)) | AG34: =IFERROR(IF(AE34*AF34=0,"",AE34*AF34), "") | AJ34: =IF(ROUNDUP((AI34-AH34)/7,0)=0,"",ROUNDUP((AI34-AH34)/7,0)) | AL34: =IFERROR(IF(AJ34*AK34=0,"",AJ34*AK34), "") | AO34: =IF(ROUNDUP((AN34-AM34)/7,0)=0,"",ROUNDUP((AN34-AM34)/7,0)) | AP34: =IFERROR(IF((AS34-(AF34+AK34))/AO34=0,"",ROUNDUP((AS34-(AF34+AK34))/AO34,0)), "") | AQ34: =IFERROR(IF((AS34-(AG34+AL34))=0, "", (AS34-(AG34+AL34))), "") | AR34: =IFERROR(IF((AE34+AJ34+AO34)=0, "", (AE34+AJ34+AO34)), "") | AT34: PATH632 | AU34: 998 | AV34: =IF(_xlfn.XLOOKUP(AT34, AutoFill_classes!$A:$A, AutoFill_classes!$B:$B,"")=0,"",_xlfn.XLOOKUP(AT34, AutoFill_classes!$A:$A, AutoFill_classes!$B:$B,"")) -> Contextualized Preaching: | AX34: SYNC | AY34: MDIV | AZ34: Main Campus - MC | BA34: load | BB34: yes | BC34: 0 | BE34: =IF(BC34*BD34=0,"",BC34*BD34) | BJ34: =IF(ROUNDUP((BI34-BH34)/7,0)=0,"",ROUNDUP((BI34-BH34)/7,0)) | BL34: =IFERROR(IF(BJ34*BK34=0,"",BJ34*BK34), "") | BO34: =IF(ROUNDUP((BN34-BM34)/7,0)=0,"",ROUNDUP((BN34-BM34)/7,0)) | BQ34: =IFERROR(IF(BO34*BP34=0,"",BO34*BP34), "") | BT34: =IF(ROUNDUP((BS34-BR34)/7,0)=0,"",ROUNDUP((BS34-BR34)/7,0)) | BU34: =IFERROR(IF((BX34-(BK34+BP34))/BT34=0,"",ROUNDUP((BX34-(BK34+BP34))/BT34,0)), "") | BV34: =IFERROR(IF((BX34-(BL34+BQ34))=0, "", (BX34-(BL34+BQ34))), "") | BW34: =IFERROR(IF((BJ34+BO34+BT34)=0, "", (BJ34+BO34+BT34)), "") | BY34: PATH609 | BZ34: 998 | CA34: =IF(_xlfn.XLOOKUP(BY34, AutoFill_classes!$A:$A, AutoFill_classes!$B:$B,"")=0,"",_xlfn.XLOOKUP(BY34, AutoFill_classes!$A:$A, AutoFill_classes!$B:$B,"")) -> Media Ministry | CC34: SYNC | CD34: MDIV | CE34: Main Campus - MC | CF34: load | CG34: yes | CH34: 0 | CJ34: =IF(CH34*CI34=0,"",CH34*CI34) | CO34: =IF(ROUNDUP((CN34-CM34)/7,0)=0,"",ROUNDUP((CN34-CM34)/7,0)) | CQ34: =IFERROR(IF(CO34*CP34=0,"",CO34*CP34), "") | CT34: =IF(ROUNDUP((CS34-CR34)/7,0)=0,"",ROUNDUP((CS34-CR34)/7,0)) | CV34: =IFERROR(IF(CT34*CU34=0,"",CT34*CU34), "") | CY34: =IF(ROUNDUP((CX34-CW34)/7,0)=0,"",ROUNDUP((CX34-CW34)/7,0)) | CZ34: =IFERROR(IF((DC34-(CP34+CU34))/CY34=0,"",ROUNDUP((DC34-(CP34+CU34))/CY34,0)), "") | DA34: =IFERROR(IF((DC34-(CQ34+CV34))=0, "", (DC34-(CQ34+CV34))), "") | DB34: =IFERROR(IF((CO34+CT34+CY34)=0, "", (CO34+CT34+CY34)), "") | DE34: 33
A35: Hall, Kenley D. | B35: =IF(_xlfn.XLOOKUP(A35, AutoFill_names!B:B, AutoFill_names!C:C,"")=0,"",_xlfn.XLOOKUP(A35, AutoFill_names!B:B, AutoFill_names!C:C,"")) -> 000069431 | C35: =IF(_xlfn.XLOOKUP(A35, AutoFill_names!B:B, AutoFill_names!D:D,"")=0,"",_xlfn.XLOOKUP(A35, AutoFill_names!B:B, AutoFill_names!D:D,"")) -> kenley@andrews.edu | D35: =IF(_xlfn.XLOOKUP(A35, AutoFill_names!B:B, AutoFill_names!E:E,"")=0,"",_xlfn.XLOOKUP(A35, AutoFill_names!B:B, AutoFill_names!E:E,"")) | E35: =IF(_xlfn.XLOOKUP(A35, AutoFill_names!B:B, AutoFill_names!F:F,"")=0,"",_xlfn.XLOOKUP(A35, AutoFill_names!B:B, AutoFill_names!F:F,"")) | J35: =IF(_xlfn.XLOOKUP(A35, AutoFill_names!B:B, AutoFill_names!K:K,"")=0,"",_xlfn.XLOOKUP(A35, AutoFill_names!B:B, AutoFill_names!K:K,"")) | K35: =IF(_xlfn.XLOOKUP(A35, AutoFill_names!B:B, AutoFill_names!L:L,"")=0,"",_xlfn.XLOOKUP(A35, AutoFill_names!B:B, AutoFill_names!L:L,"")) | N35: =IF(_xlfn.XLOOKUP(L35, AutoFill_classes!A:A, AutoFill_classes!B:B,"")=0,"",_xlfn.XLOOKUP(L35, AutoFill_classes!A:A, AutoFill_classes!B:B,"")) | Z35: =IF(X35*Y35=0,"",X35*Y35) | AE35: =IF(ROUNDUP((AD35-AC35)/7,0)=0,"",ROUNDUP((AD35-AC35)/7,0)) | AG35: =IFERROR(IF(AE35*AF35=0,"",AE35*AF35), "") | AJ35: =IF(ROUNDUP((AI35-AH35)/7,0)=0,"",ROUNDUP((AI35-AH35)/7,0)) | AL35: =IFERROR(IF(AJ35*AK35=0,"",AJ35*AK35), "") | AO35: =IF(ROUNDUP((AN35-AM35)/7,0)=0,"",ROUNDUP((AN35-AM35)/7,0)) | AP35: =IFERROR(IF((AS35-(AF35+AK35))/AO35=0,"",ROUNDUP((AS35-(AF35+AK35))/AO35,0)), "") | AQ35: =IFERROR(IF((AS35-(AG35+AL35))=0, "", (AS35-(AG35+AL35))), "") | AR35: =IFERROR(IF((AE35+AJ35+AO35)=0, "", (AE35+AJ35+AO35)), "") | AT35: PATH632 | AV35: =IF(_xlfn.XLOOKUP(AT35, AutoFill_classes!$A:$A, AutoFill_classes!$B:$B,"")=0,"",_xlfn.XLOOKUP(AT35, AutoFill_classes!$A:$A, AutoFill_classes!$B:$B,"")) -> Contextualized Preaching: | AX35: In-Person | AY35: MDIV | AZ35: Main Campus - MC | BA35: load | BB35: yes | BC35: 2 | BE35: =IF(BC35*BD35=0,"",BC35*BD35) | BJ35: =IF(ROUNDUP((BI35-BH35)/7,0)=0,"",ROUNDUP((BI35-BH35)/7,0)) | BL35: =IFERROR(IF(BJ35*BK35=0,"",BJ35*BK35), "") | BO35: =IF(ROUNDUP((BN35-BM35)/7,0)=0,"",ROUNDUP((BN35-BM35)/7,0)) | BQ35: =IFERROR(IF(BO35*BP35=0,"",BO35*BP35), "") | BT35: =IF(ROUNDUP((BS35-BR35)/7,0)=0,"",ROUNDUP((BS35-BR35)/7,0)) | BU35: =IFERROR(IF((BX35-(BK35+BP35))/BT35=0,"",ROUNDUP((BX35-(BK35+BP35))/BT35,0)), "") | BV35: =IFERROR(IF((BX35-(BL35+BQ35))=0, "", (BX35-(BL35+BQ35))), "") | BW35: =IFERROR(IF((BJ35+BO35+BT35)=0, "", (BJ35+BO35+BT35)), "") | BY35: PATH632 | CA35: =IF(_xlfn.XLOOKUP(BY35, AutoFill_classes!$A:$A, AutoFill_classes!$B:$B,"")=0,"",_xlfn.XLOOKUP(BY35, AutoFill_classes!$A:$A, AutoFill_classes!$B:$B,"")) -> Contextualized Preaching: | CC35: In-Person | CD35: MDIV | CE35: Main Campus - MC | CF35: load | CG35: yes | CH35: 2 | CJ35: =IF(CH35*CI35=0,"",CH35*CI35) | CO35: =IF(ROUNDUP((CN35-CM35)/7,0)=0,"",ROUNDUP((CN35-CM35)/7,0)) | CQ35: =IFERROR(IF(CO35*CP35=0,"",CO35*CP35), "") | CT35: =IF(ROUNDUP((CS35-CR35)/7,0)=0,"",ROUNDUP((CS35-CR35)/7,0)) | CV35: =IFERROR(IF(CT35*CU35=0,"",CT35*CU35), "") | CY35: =IF(ROUNDUP((CX35-CW35)/7,0)=0,"",ROUNDUP((CX35-CW35)/7,0)) | CZ35: =IFERROR(IF((DC35-(CP35+CU35))/CY35=0,"",ROUNDUP((DC35-(CP35+CU35))/CY35,0)), "") | DA35: =IFERROR(IF((DC35-(CQ35+CV35))=0, "", (DC35-(CQ35+CV35))), "") | DB35: =IFERROR(IF((CO35+CT35+CY35)=0, "", (CO35+CT35+CY35)), "") | DE35: 34
A36: Hall, Kenley D. | B36: =IF(_xlfn.XLOOKUP(A36, AutoFill_names!B:B, AutoFill_names!C:C,"")=0,"",_xlfn.XLOOKUP(A36, AutoFill_names!B:B, AutoFill_names!C:C,"")) -> 000069431 | C36: =IF(_xlfn.XLOOKUP(A36, AutoFill_names!B:B, AutoFill_names!D:D,"")=0,"",_xlfn.XLOOKUP(A36, AutoFill_names!B:B, AutoFill_names!D:D,"")) -> kenley@andrews.edu | D36: =IF(_xlfn.XLOOKUP(A36, AutoFill_names!B:B, AutoFill_names!E:E,"")=0,"",_xlfn.XLOOKUP(A36, AutoFill_names!B:B, AutoFill_names!E:E,"")) | E36: =IF(_xlfn.XLOOKUP(A36, AutoFill_names!B:B, AutoFill_names!F:F,"")=0,"",_xlfn.XLOOKUP(A36, AutoFill_names!B:B, AutoFill_names!F:F,"")) | J36: =IF(_xlfn.XLOOKUP(A36, AutoFill_names!B:B, AutoFill_names!K:K,"")=0,"",_xlfn.XLOOKUP(A36, AutoFill_names!B:B, AutoFill_names!K:K,"")) | K36: =IF(_xlfn.XLOOKUP(A36, AutoFill_names!B:B, AutoFill_names!L:L,"")=0,"",_xlfn.XLOOKUP(A36, AutoFill_names!B:B, AutoFill_names!L:L,"")) | N36: =IF(_xlfn.XLOOKUP(L36, AutoFill_classes!A:A, AutoFill_classes!B:B,"")=0,"",_xlfn.XLOOKUP(L36, AutoFill_classes!A:A, AutoFill_classes!B:B,"")) | Z36: =IF(X36*Y36=0,"",X36*Y36) | AE36: =IF(ROUNDUP((AD36-AC36)/7,0)=0,"",ROUNDUP((AD36-AC36)/7,0)) | AG36: =IFERROR(IF(AE36*AF36=0,"",AE36*AF36), "") | AJ36: =IF(ROUNDUP((AI36-AH36)/7,0)=0,"",ROUNDUP((AI36-AH36)/7,0)) | AL36: =IFERROR(IF(AJ36*AK36=0,"",AJ36*AK36), "") | AO36: =IF(ROUNDUP((AN36-AM36)/7,0)=0,"",ROUNDUP((AN36-AM36)/7,0)) | AP36: =IFERROR(IF((AS36-(AF36+AK36))/AO36=0,"",ROUNDUP((AS36-(AF36+AK36))/AO36,0)), "") | AQ36: =IFERROR(IF((AS36-(AG36+AL36))=0, "", (AS36-(AG36+AL36))), "") | AR36: =IFERROR(IF((AE36+AJ36+AO36)=0, "", (AE36+AJ36+AO36)), "") | AT36: PATH632 | AU36: 998 | AV36: =IF(_xlfn.XLOOKUP(AT36, AutoFill_classes!$A:$A, AutoFill_classes!$B:$B,"")=0,"",_xlfn.XLOOKUP(AT36, AutoFill_classes!$A:$A, AutoFill_classes!$B:$B,"")) -> Contextualized Preaching: | AX36: SYNC | AY36: MDIV | AZ36: Main Campus - MC | BA36: load | BB36: yes | BC36: 0 | BE36: =IF(BC36*BD36=0,"",BC36*BD36) | BJ36: =IF(ROUNDUP((BI36-BH36)/7,0)=0,"",ROUNDUP((BI36-BH36)/7,0)) | BL36: =IFERROR(IF(BJ36*BK36=0,"",BJ36*BK36), "") | BO36: =IF(ROUNDUP((BN36-BM36)/7,0)=0,"",ROUNDUP((BN36-BM36)/7,0)) | BQ36: =IFERROR(IF(BO36*BP36=0,"",BO36*BP36), "") | BT36: =IF(ROUNDUP((BS36-BR36)/7,0)=0,"",ROUNDUP((BS36-BR36)/7,0)) | BU36: =IFERROR(IF((BX36-(BK36+BP36))/BT36=0,"",ROUNDUP((BX36-(BK36+BP36))/BT36,0)), "") | BV36: =IFERROR(IF((BX36-(BL36+BQ36))=0, "", (BX36-(BL36+BQ36))), "") | BW36: =IFERROR(IF((BJ36+BO36+BT36)=0, "", (BJ36+BO36+BT36)), "") | BY36: PATH632 | CA36: =IF(_xlfn.XLOOKUP(BY36, AutoFill_classes!$A:$A, AutoFill_classes!$B:$B,"")=0,"",_xlfn.XLOOKUP(BY36, AutoFill_classes!$A:$A, AutoFill_classes!$B:$B,"")) -> Contextualized Preaching: | CC36: In-Person | CD36: MDIV | CE36: Main Campus - MC | CF36: load | CG36: yes | CH36: 2 | CJ36: =IF(CH36*CI36=0,"",CH36*CI36) | CO36: =IF(ROUNDUP((CN36-CM36)/7,0)=0,"",ROUNDUP((CN36-CM36)/7,0)) | CQ36: =IFERROR(IF(CO36*CP36=0,"",CO36*CP36), "") | CT36: =IF(ROUNDUP((CS36-CR36)/7,0)=0,"",ROUNDUP((CS36-CR36)/7,0)) | CV36: =IFERROR(IF(CT36*CU36=0,"",CT36*CU36), "") | CY36: =IF(ROUNDUP((CX36-CW36)/7,0)=0,"",ROUNDUP((CX36-CW36)/7,0)) | CZ36: =IFERROR(IF((DC36-(CP36+CU36))/CY36=0,"",ROUNDUP((DC36-(CP36+CU36))/CY36,0)), "") | DA36: =IFERROR(IF((DC36-(CQ36+CV36))=0, "", (DC36-(CQ36+CV36))), "") | DB36: =IFERROR(IF((CO36+CT36+CY36)=0, "", (CO36+CT36+CY36)), "") | DE36: 35
A37: Hall, Kenley D. | B37: =IF(_xlfn.XLOOKUP(A37, AutoFill_names!B:B, AutoFill_names!C:C,"")=0,"",_xlfn.XLOOKUP(A37, AutoFill_names!B:B, AutoFill_names!C:C,"")) -> 000069431 | C37: =IF(_xlfn.XLOOKUP(A37, AutoFill_names!B:B, AutoFill_names!D:D,"")=0,"",_xlfn.XLOOKUP(A37, AutoFill_names!B:B, AutoFill_names!D:D,"")) -> kenley@andrews.edu | D37: =IF(_xlfn.XLOOKUP(A37, AutoFill_names!B:B, AutoFill_names!E:E,"")=0,"",_xlfn.XLOOKUP(A37, AutoFill_names!B:B, AutoFill_names!E:E,"")) | E37: =IF(_xlfn.XLOOKUP(A37, AutoFill_names!B:B, AutoFill_names!F:F,"")=0,"",_xlfn.XLOOKUP(A37, AutoFill_names!B:B, AutoFill_names!F:F,"")) | J37: =IF(_xlfn.XLOOKUP(A37, AutoFill_names!B:B, AutoFill_names!K:K,"")=0,"",_xlfn.XLOOKUP(A37, AutoFill_names!B:B, AutoFill_names!K:K,"")) | K37: =IF(_xlfn.XLOOKUP(A37, AutoFill_names!B:B, AutoFill_names!L:L,"")=0,"",_xlfn.XLOOKUP(A37, AutoFill_names!B:B, AutoFill_names!L:L,"")) | N37: =IF(_xlfn.XLOOKUP(L37, AutoFill_classes!A:A, AutoFill_classes!B:B,"")=0,"",_xlfn.XLOOKUP(L37, AutoFill_classes!A:A, AutoFill_classes!B:B,"")) | Z37: =IF(X37*Y37=0,"",X37*Y37) | AE37: =IF(ROUNDUP((AD37-AC37)/7,0)=0,"",ROUNDUP((AD37-AC37)/7,0)) | AG37: =IFERROR(IF(AE37*AF37=0,"",AE37*AF37), "") | AJ37: =IF(ROUNDUP((AI37-AH37)/7,0)=0,"",ROUNDUP((AI37-AH37)/7,0)) | AL37: =IFERROR(IF(AJ37*AK37=0,"",AJ37*AK37), "") | AO37: =IF(ROUNDUP((AN37-AM37)/7,0)=0,"",ROUNDUP((AN37-AM37)/7,0)) | AP37: =IFERROR(IF((AS37-(AF37+AK37))/AO37=0,"",ROUNDUP((AS37-(AF37+AK37))/AO37,0)), "") | AQ37: =IFERROR(IF((AS37-(AG37+AL37))=0, "", (AS37-(AG37+AL37))), "") | AR37: =IFERROR(IF((AE37+AJ37+AO37)=0, "", (AE37+AJ37+AO37)), "") | AT37: PATH632 | AU37: 999 | AV37: =IF(_xlfn.XLOOKUP(AT37, AutoFill_classes!$A:$A, AutoFill_classes!$B:$B,"")=0,"",_xlfn.XLOOKUP(AT37, AutoFill_classes!$A:$A, AutoFill_classes!$B:$B,"")) -> Contextualized Preaching: | AX37: ASYNC | AY37: MDIV | AZ37: Main Campus - MC | BA37: load | BB37: yes | BC37: 0 | BE37: =IF(BC37*BD37=0,"",BC37*BD37) | BJ37: =IF(ROUNDUP((BI37-BH37)/7,0)=0,"",ROUNDUP((BI37-BH37)/7,0)) | BL37: =IFERROR(IF(BJ37*BK37=0,"",BJ37*BK37), "") | BO37: =IF(ROUNDUP((BN37-BM37)/7,0)=0,"",ROUNDUP((BN37-BM37)/7,0)) | BQ37: =IFERROR(IF(BO37*BP37=0,"",BO37*BP37), "") | BT37: =IF(ROUNDUP((BS37-BR37)/7,0)=0,"",ROUNDUP((BS37-BR37)/7,0)) | BU37: =IFERROR(IF((BX37-(BK37+BP37))/BT37=0,"",ROUNDUP((BX37-(BK37+BP37))/BT37,0)), "") | BV37: =IFERROR(IF((BX37-(BL37+BQ37))=0, "", (BX37-(BL37+BQ37))), "") | BW37: =IFERROR(IF((BJ37+BO37+BT37)=0, "", (BJ37+BO37+BT37)), "") | BY37: PATH632 | BZ37: 998 | CA37: =IF(_xlfn.XLOOKUP(BY37, AutoFill_classes!$A:$A, AutoFill_classes!$B:$B,"")=0,"",_xlfn.XLOOKUP(BY37, AutoFill_classes!$A:$A, AutoFill_classes!$B:$B,"")) -> Contextualized Preaching: | CC37: SYNC | CD37: MDIV | CE37: Main Campus - MC | CF37: load | CG37: yes | CH37: 0 | CJ37: =IF(CH37*CI37=0,"",CH37*CI37) | CO37: =IF(ROUNDUP((CN37-CM37)/7,0)=0,"",ROUNDUP((CN37-CM37)/7,0)) | CQ37: =IFERROR(IF(CO37*CP37=0,"",CO37*CP37), "") | CT37: =IF(ROUNDUP((CS37-CR37)/7,0)=0,"",ROUNDUP((CS37-CR37)/7,0)) | CV37: =IFERROR(IF(CT37*CU37=0,"",CT37*CU37), "") | CY37: =IF(ROUNDUP((CX37-CW37)/7,0)=0,"",ROUNDUP((CX37-CW37)/7,0)) | CZ37: =IFERROR(IF((DC37-(CP37+CU37))/CY37=0,"",ROUNDUP((DC37-(CP37+CU37))/CY37,0)), "") | DA37: =IFERROR(IF((DC37-(CQ37+CV37))=0, "", (DC37-(CQ37+CV37))), "") | DB37: =IFERROR(IF((CO37+CT37+CY37)=0, "", (CO37+CT37+CY37)), "") | DE37: 36
A38: Hall, Kenley D. | B38: =IF(_xlfn.XLOOKUP(A38, AutoFill_names!B:B, AutoFill_names!C:C,"")=0,"",_xlfn.XLOOKUP(A38, AutoFill_names!B:B, AutoFill_names!C:C,"")) -> 000069431 | C38: =IF(_xlfn.XLOOKUP(A38, AutoFill_names!B:B, AutoFill_names!D:D,"")=0,"",_xlfn.XLOOKUP(A38, AutoFill_names!B:B, AutoFill_names!D:D,"")) -> kenley@andrews.edu | D38: =IF(_xlfn.XLOOKUP(A38, AutoFill_names!B:B, AutoFill_names!E:E,"")=0,"",_xlfn.XLOOKUP(A38, AutoFill_names!B:B, AutoFill_names!E:E,"")) | E38: =IF(_xlfn.XLOOKUP(A38, AutoFill_names!B:B, AutoFill_names!F:F,"")=0,"",_xlfn.XLOOKUP(A38, AutoFill_names!B:B, AutoFill_names!F:F,"")) | J38: =IF(_xlfn.XLOOKUP(A38, AutoFill_names!B:B, AutoFill_names!K:K,"")=0,"",_xlfn.XLOOKUP(A38, AutoFill_names!B:B, AutoFill_names!K:K,"")) | K38: =IF(_xlfn.XLOOKUP(A38, AutoFill_names!B:B, AutoFill_names!L:L,"")=0,"",_xlfn.XLOOKUP(A38, AutoFill_names!B:B, AutoFill_names!L:L,"")) | N38: =IF(_xlfn.XLOOKUP(L38, AutoFill_classes!A:A, AutoFill_classes!B:B,"")=0,"",_xlfn.XLOOKUP(L38, AutoFill_classes!A:A, AutoFill_classes!B:B,"")) | Z38: =IF(X38*Y38=0,"",X38*Y38) | AE38: =IF(ROUNDUP((AD38-AC38)/7,0)=0,"",ROUNDUP((AD38-AC38)/7,0)) | AG38: =IFERROR(IF(AE38*AF38=0,"",AE38*AF38), "") | AJ38: =IF(ROUNDUP((AI38-AH38)/7,0)=0,"",ROUNDUP((AI38-AH38)/7,0)) | AL38: =IFERROR(IF(AJ38*AK38=0,"",AJ38*AK38), "") | AO38: =IF(ROUNDUP((AN38-AM38)/7,0)=0,"",ROUNDUP((AN38-AM38)/7,0)) | AP38: =IFERROR(IF((AS38-(AF38+AK38))/AO38=0,"",ROUNDUP((AS38-(AF38+AK38))/AO38,0)), "") | AQ38: =IFERROR(IF((AS38-(AG38+AL38))=0, "", (AS38-(AG38+AL38))), "") | AR38: =IFERROR(IF((AE38+AJ38+AO38)=0, "", (AE38+AJ38+AO38)), "") | AT38: PATH633 | AV38: =IF(_xlfn.XLOOKUP(AT38, AutoFill_classes!$A:$A, AutoFill_classes!$B:$B,"")=0,"",_xlfn.XLOOKUP(AT38, AutoFill_classes!$A:$A, AutoFill_classes!$B:$B,"")) | AX38: In-Person | AY38: MDIV | AZ38: Main Campus - MC | BA38: load | BB38: yes | BC38: 2 | BE38: =IF(BC38*BD38=0,"",BC38*BD38) | BJ38: =IF(ROUNDUP((BI38-BH38)/7,0)=0,"",ROUNDUP((BI38-BH38)/7,0)) | BL38: =IFERROR(IF(BJ38*BK38=0,"",BJ38*BK38), "") | BO38: =IF(ROUNDUP((BN38-BM38)/7,0)=0,"",ROUNDUP((BN38-BM38)/7,0)) | BQ38: =IFERROR(IF(BO38*BP38=0,"",BO38*BP38), "") | BT38: =IF(ROUNDUP((BS38-BR38)/7,0)=0,"",ROUNDUP((BS38-BR38)/7,0)) | BU38: =IFERROR(IF((BX38-(BK38+BP38))/BT38=0,"",ROUNDUP((BX38-(BK38+BP38))/BT38,0)), "") | BV38: =IFERROR(IF((BX38-(BL38+BQ38))=0, "", (BX38-(BL38+BQ38))), "") | BW38: =IFERROR(IF((BJ38+BO38+BT38)=0, "", (BJ38+BO38+BT38)), "") | BY38: PATH632 | BZ38: 999 | CA38: =IF(_xlfn.XLOOKUP(BY38, AutoFill_classes!$A:$A, AutoFill_classes!$B:$B,"")=0,"",_xlfn.XLOOKUP(BY38, AutoFill_classes!$A:$A, AutoFill_classes!$B:$B,"")) -> Contextualized Preaching: | CC38: ASYNC | CD38: MDIV | CE38: Main Campus - MC | CF38: load | CG38: yes | CH38: 0 | CJ38: =IF(CH38*CI38=0,"",CH38*CI38) | CO38: =IF(ROUNDUP((CN38-CM38)/7,0)=0,"",ROUNDUP((CN38-CM38)/7,0)) | CQ38: =IFERROR(IF(CO38*CP38=0,"",CO38*CP38), "") | CT38: =IF(ROUNDUP((CS38-CR38)/7,0)=0,"",ROUNDUP((CS38-CR38)/7,0)) | CV38: =IFERROR(IF(CT38*CU38=0,"",CT38*CU38), "") | CY38: =IF(ROUNDUP((CX38-CW38)/7,0)=0,"",ROUNDUP((CX38-CW38)/7,0)) | CZ38: =IFERROR(IF((DC38-(CP38+CU38))/CY38=0,"",ROUNDUP((DC38-(CP38+CU38))/CY38,0)), "") | DA38: =IFERROR(IF((DC38-(CQ38+CV38))=0, "", (DC38-(CQ38+CV38))), "") | DB38: =IFERROR(IF((CO38+CT38+CY38)=0, "", (CO38+CT38+CY38)), "") | DE38: 37
A39: Hall, Kenley D. | B39: =IF(_xlfn.XLOOKUP(A39, AutoFill_names!B:B, AutoFill_names!C:C,"")=0,"",_xlfn.XLOOKUP(A39, AutoFill_names!B:B, AutoFill_names!C:C,"")) -> 000069431 | C39: =IF(_xlfn.XLOOKUP(A39, AutoFill_names!B:B, AutoFill_names!D:D,"")=0,"",_xlfn.XLOOKUP(A39, AutoFill_names!B:B, AutoFill_names!D:D,"")) -> kenley@andrews.edu | D39: =IF(_xlfn.XLOOKUP(A39, AutoFill_names!B:B, AutoFill_names!E:E,"")=0,"",_xlfn.XLOOKUP(A39, AutoFill_names!B:B, AutoFill_names!E:E,"")) | E39: =IF(_xlfn.XLOOKUP(A39, AutoFill_names!B:B, AutoFill_names!F:F,"")=0,"",_xlfn.XLOOKUP(A39, AutoFill_names!B:B, AutoFill_names!F:F,"")) | J39: =IF(_xlfn.XLOOKUP(A39, AutoFill_names!B:B, AutoFill_names!K:K,"")=0,"",_xlfn.XLOOKUP(A39, AutoFill_names!B:B, AutoFill_names!K:K,"")) | K39: =IF(_xlfn.XLOOKUP(A39, AutoFill_names!B:B, AutoFill_names!L:L,"")=0,"",_xlfn.XLOOKUP(A39, AutoFill_names!B:B, AutoFill_names!L:L,"")) | N39: =IF(_xlfn.XLOOKUP(L39, AutoFill_classes!A:A, AutoFill_classes!B:B,"")=0,"",_xlfn.XLOOKUP(L39, AutoFill_classes!A:A, AutoFill_classes!B:B,"")) | Z39: =IF(X39*Y39=0,"",X39*Y39) | AE39: =IF(ROUNDUP((AD39-AC39)/7,0)=0,"",ROUNDUP((AD39-AC39)/7,0)) | AG39: =IFERROR(IF(AE39*AF39=0,"",AE39*AF39), "") | AJ39: =IF(ROUNDUP((AI39-AH39)/7,0)=0,"",ROUNDUP((AI39-AH39)/7,0)) | AL39: =IFERROR(IF(AJ39*AK39=0,"",AJ39*AK39), "") | AO39: =IF(ROUNDUP((AN39-AM39)/7,0)=0,"",ROUNDUP((AN39-AM39)/7,0)) | AP39: =IFERROR(IF((AS39-(AF39+AK39))/AO39=0,"",ROUNDUP((AS39-(AF39+AK39))/AO39,0)), "") | AQ39: =IFERROR(IF((AS39-(AG39+AL39))=0, "", (AS39-(AG39+AL39))), "") | AR39: =IFERROR(IF((AE39+AJ39+AO39)=0, "", (AE39+AJ39+AO39)), "") | AV39: =IF(_xlfn.XLOOKUP(AT39, AutoFill_classes!$A:$A, AutoFill_classes!$B:$B,"")=0,"",_xlfn.XLOOKUP(AT39, AutoFill_classes!$A:$A, AutoFill_classes!$B:$B,"")) | BE39: =IF(BC39*BD39=0,"",BC39*BD39) | BJ39: =IF(ROUNDUP((BI39-BH39)/7,0)=0,"",ROUNDUP((BI39-BH39)/7,0)) | BL39: =IFERROR(IF(BJ39*BK39=0,"",BJ39*BK39), "") | BO39: =IF(ROUNDUP((BN39-BM39)/7,0)=0,"",ROUNDUP((BN39-BM39)/7,0)) | BQ39: =IFERROR(IF(BO39*BP39=0,"",BO39*BP39), "") | BT39: =IF(ROUNDUP((BS39-BR39)/7,0)=0,"",ROUNDUP((BS39-BR39)/7,0)) | BU39: =IFERROR(IF((BX39-(BK39+BP39))/BT39=0,"",ROUNDUP((BX39-(BK39+BP39))/BT39,0)), "") | BV39: =IFERROR(IF((BX39-(BL39+BQ39))=0, "", (BX39-(BL39+BQ39))), "") | BW39: =IFERROR(IF((BJ39+BO39+BT39)=0, "", (BJ39+BO39+BT39)), "") | BY39: PATH505 | CA39: =IF(_xlfn.XLOOKUP(BY39, AutoFill_classes!$A:$A, AutoFill_classes!$B:$B,"")=0,"",_xlfn.XLOOKUP(BY39, AutoFill_classes!$A:$A, AutoFill_classes!$B:$B,"")) -> Biblical Preaching | CC39: In-Person | CD39: MDIV | CE39: Main Campus - MC | CF39: load | CG39: yes | CH39: 2 | CJ39: =IF(CH39*CI39=0,"",CH39*CI39) | CO39: =IF(ROUNDUP((CN39-CM39)/7,0)=0,"",ROUNDUP((CN39-CM39)/7,0)) | CQ39: =IFERROR(IF(CO39*CP39=0,"",CO39*CP39), "") | CT39: =IF(ROUNDUP((CS39-CR39)/7,0)=0,"",ROUNDUP((CS39-CR39)/7,0)) | CV39: =IFERROR(IF(CT39*CU39=0,"",CT39*CU39), "") | CY39: =IF(ROUNDUP((CX39-CW39)/7,0)=0,"",ROUNDUP((CX39-CW39)/7,0)) | CZ39: =IFERROR(IF((DC39-(CP39+CU39))/CY39=0,"",ROUNDUP((DC39-(CP39+CU39))/CY39,0)), "") | DA39: =IFERROR(IF((DC39-(CQ39+CV39))=0, "", (DC39-(CQ39+CV39))), "") | DB39: =IFERROR(IF((CO39+CT39+CY39)=0, "", (CO39+CT39+CY39)), "") | DE39: 38
A40: Hall, Kenley D. | B40: =IF(_xlfn.XLOOKUP(A40, AutoFill_names!B:B, AutoFill_names!C:C,"")=0,"",_xlfn.XLOOKUP(A40, AutoFill_names!B:B, AutoFill_names!C:C,"")) -> 000069431 | C40: =IF(_xlfn.XLOOKUP(A40, AutoFill_names!B:B, AutoFill_names!D:D,"")=0,"",_xlfn.XLOOKUP(A40, AutoFill_names!B:B, AutoFill_names!D:D,"")) -> kenley@andrews.edu | D40: =IF(_xlfn.XLOOKUP(A40, AutoFill_names!B:B, AutoFill_names!E:E,"")=0,"",_xlfn.XLOOKUP(A40, AutoFill_names!B:B, AutoFill_names!E:E,"")) | E40: =IF(_xlfn.XLOOKUP(A40, AutoFill_names!B:B, AutoFill_names!F:F,"")=0,"",_xlfn.XLOOKUP(A40, AutoFill_names!B:B, AutoFill_names!F:F,"")) | J40: =IF(_xlfn.XLOOKUP(A40, AutoFill_names!B:B, AutoFill_names!K:K,"")=0,"",_xlfn.XLOOKUP(A40, AutoFill_names!B:B, AutoFill_names!K:K,"")) | K40: =IF(_xlfn.XLOOKUP(A40, AutoFill_names!B:B, AutoFill_names!L:L,"")=0,"",_xlfn.XLOOKUP(A40, AutoFill_names!B:B, AutoFill_names!L:L,"")) | N40: =IF(_xlfn.XLOOKUP(L40, AutoFill_classes!A:A, AutoFill_classes!B:B,"")=0,"",_xlfn.XLOOKUP(L40, AutoFill_classes!A:A, AutoFill_classes!B:B,"")) | Z40: =IF(X40*Y40=0,"",X40*Y40) | AE40: =IF(ROUNDUP((AD40-AC40)/7,0)=0,"",ROUNDUP((AD40-AC40)/7,0)) | AG40: =IFERROR(IF(AE40*AF40=0,"",AE40*AF40), "") | AJ40: =IF(ROUNDUP((AI40-AH40)/7,0)=0,"",ROUNDUP((AI40-AH40)/7,0)) | AL40: =IFERROR(IF(AJ40*AK40=0,"",AJ40*AK40), "") | AO40: =IF(ROUNDUP((AN40-AM40)/7,0)=0,"",ROUNDUP((AN40-AM40)/7,0)) | AP40: =IFERROR(IF((AS40-(AF40+AK40))/AO40=0,"",ROUNDUP((AS40-(AF40+AK40))/AO40,0)), "") | AQ40: =IFERROR(IF((AS40-(AG40+AL40))=0, "", (AS40-(AG40+AL40))), "") | AR40: =IFERROR(IF((AE40+AJ40+AO40)=0, "", (AE40+AJ40+AO40)), "") | AV40: =IF(_xlfn.XLOOKUP(AT40, AutoFill_classes!$A:$A, AutoFill_classes!$B:$B,"")=0,"",_xlfn.XLOOKUP(AT40, AutoFill_classes!$A:$A, AutoFill_classes!$B:$B,"")) | BE40: =IF(BC40*BD40=0,"",BC40*BD40) | BJ40: =IF(ROUNDUP((BI40-BH40)/7,0)=0,"",ROUNDUP((BI40-BH40)/7,0)) | BL40: =IFERROR(IF(BJ40*BK40=0,"",BJ40*BK40), "") | BO40: =IF(ROUNDUP((BN40-BM40)/7,0)=0,"",ROUNDUP((BN40-BM40)/7,0)) | BQ40: =IFERROR(IF(BO40*BP40=0,"",BO40*BP40), "") | BT40: =IF(ROUNDUP((BS40-BR40)/7,0)=0,"",ROUNDUP((BS40-BR40)/7,0)) | BU40: =IFERROR(IF((BX40-(BK40+BP40))/BT40=0,"",ROUNDUP((BX40-(BK40+BP40))/BT40,0)), "") | BV40: =IFERROR(IF((BX40-(BL40+BQ40))=0, "", (BX40-(BL40+BQ40))), "") | BW40: =IFERROR(IF((BJ40+BO40+BT40)=0, "", (BJ40+BO40+BT40)), "") | BY40: PATH505 | BZ40: 998 | CA40: =IF(_xlfn.XLOOKUP(BY40, AutoFill_classes!$A:$A, AutoFill_classes!$B:$B,"")=0,"",_xlfn.XLOOKUP(BY40, AutoFill_classes!$A:$A, AutoFill_classes!$B:$B,"")) -> Biblical Preaching | CC40: SYNC | CD40: MDIV | CE40: Main Campus - MC | CF40: load | CG40: yes | CH40: 0 | CJ40: =IF(CH40*CI40=0,"",CH40*CI40) | CO40: =IF(ROUNDUP((CN40-CM40)/7,0)=0,"",ROUNDUP((CN40-CM40)/7,0)) | CQ40: =IFERROR(IF(CO40*CP40=0,"",CO40*CP40), "") | CT40: =IF(ROUNDUP((CS40-CR40)/7,0)=0,"",ROUNDUP((CS40-CR40)/7,0)) | CV40: =IFERROR(IF(CT40*CU40=0,"",CT40*CU40), "") | CY40: =IF(ROUNDUP((CX40-CW40)/7,0)=0,"",ROUNDUP((CX40-CW40)/7,0)) | CZ40: =IFERROR(IF((DC40-(CP40+CU40))/CY40=0,"",ROUNDUP((DC40-(CP40+CU40))/CY40,0)), "") | DA40: =IFERROR(IF((DC40-(CQ40+CV40))=0, "", (DC40-(CQ40+CV40))), "") | DB40: =IFERROR(IF((CO40+CT40+CY40)=0, "", (CO40+CT40+CY40)), "") | DE40: 39
A41: Totals: Joseph Kidder notes: | B41: ="Total Credits: " & IFERROR(IF(DD41=0,"",DD41),"") -> Total Credits: 4 | X41: =IF(SUM(X42:X50)=0, "", SUM(X42:X50)) | BC41: =IF(SUM(BC42:BC50)=0, "", SUM(BC42:BC50)) -> 2 | CH41: =IF(SUM(CH42:CH50)=0, "", SUM(CH42:CH50)) -> 2 | DD41: =IF(SUM(L41:DC41)=0, "", SUM(L41:DC41)) -> 4 | DE41: 40
A42: Kidder, S Joseph | B42: =IF(_xlfn.XLOOKUP(A42, AutoFill_names!B:B, AutoFill_names!C:C,"")=0,"",_xlfn.XLOOKUP(A42, AutoFill_names!B:B, AutoFill_names!C:C,"")) -> 000039170 | C42: =IF(_xlfn.XLOOKUP(A42, AutoFill_names!B:B, AutoFill_names!D:D,"")=0,"",_xlfn.XLOOKUP(A42, AutoFill_names!B:B, AutoFill_names!D:D,"")) -> kiddersj@andrews.edu | D42: =IF(_xlfn.XLOOKUP(A42, AutoFill_names!B:B, AutoFill_names!E:E,"")=0,"",_xlfn.XLOOKUP(A42, AutoFill_names!B:B, AutoFill_names!E:E,"")) | E42: =IF(_xlfn.XLOOKUP(A42, AutoFill_names!B:B, AutoFill_names!F:F,"")=0,"",_xlfn.XLOOKUP(A42, AutoFill_names!B:B, AutoFill_names!F:F,"")) | J42: =IF(_xlfn.XLOOKUP(A42, AutoFill_names!B:B, AutoFill_names!K:K,"")=0,"",_xlfn.XLOOKUP(A42, AutoFill_names!B:B, AutoFill_names!K:K,"")) | K42: =IF(_xlfn.XLOOKUP(A42, AutoFill_names!B:B, AutoFill_names!L:L,"")=0,"",_xlfn.XLOOKUP(A42, AutoFill_names!B:B, AutoFill_names!L:L,"")) | L42: DSLE541 | N42: =IF(_xlfn.XLOOKUP(L42, AutoFill_classes!A:A, AutoFill_classes!B:B,"")=0,"",_xlfn.XLOOKUP(L42, AutoFill_classes!A:A, AutoFill_classes!B:B,"")) -> Fndtns of Biblicl Spirituality | S42: In-Person | T42: MAPM-ENGL | U42: Lake Union- LU | V42: load | W42: yes | Z42: =IF(X42*Y42=0,"",X42*Y42) | AE42: =IF(ROUNDUP((AD42-AC42)/7,0)=0,"",ROUNDUP((AD42-AC42)/7,0)) | AG42: =IFERROR(IF(AE42*AF42=0,"",AE42*AF42), "") | AJ42: =IF(ROUNDUP((AI42-AH42)/7,0)=0,"",ROUNDUP((AI42-AH42)/7,0)) | AL42: =IFERROR(IF(AJ42*AK42=0,"",AJ42*AK42), "") | AO42: =IF(ROUNDUP((AN42-AM42)/7,0)=0,"",ROUNDUP((AN42-AM42)/7,0)) | AP42: =IFERROR(IF((AS42-(AF42+AK42))/AO42=0,"",ROUNDUP((AS42-(AF42+AK42))/AO42,0)), "") | AQ42: =IFERROR(IF((AS42-(AG42+AL42))=0, "", (AS42-(AG42+AL42))), "") | AR42: =IFERROR(IF((AE42+AJ42+AO42)=0, "", (AE42+AJ42+AO42)), "") | AT42: PATH552 | AV42: =IF(_xlfn.XLOOKUP(AT42, AutoFill_classes!$A:$A, AutoFill_classes!$B:$B,"")=0,"",_xlfn.XLOOKUP(AT42, AutoFill_classes!$A:$A, AutoFill_classes!$B:$B,"")) -> Foundatns of Pastoral Ministry | AX42: In-Person | AY42: MDIV | AZ42: Main Campus - MC | BA42: load | BB42: yes | BC42: 2 | BE42: =IF(BC42*BD42=0,"",BC42*BD42) | BJ42: =IF(ROUNDUP((BI42-BH42)/7,0)=0,"",ROUNDUP((BI42-BH42)/7,0)) | BL42: =IFERROR(IF(BJ42*BK42=0,"",BJ42*BK42), "") | BO42: =IF(ROUNDUP((BN42-BM42)/7,0)=0,"",ROUNDUP((BN42-BM42)/7,0)) | BQ42: =IFERROR(IF(BO42*BP42=0,"",BO42*BP42), "") | BT42: =IF(ROUNDUP((BS42-BR42)/7,0)=0,"",ROUNDUP((BS42-BR42)/7,0)) | BU42: =IFERROR(IF((BX42-(BK42+BP42))/BT42=0,"",ROUNDUP((BX42-(BK42+BP42))/BT42,0)), "") | BV42: =IFERROR(IF((BX42-(BL42+BQ42))=0, "", (BX42-(BL42+BQ42))), "") | BW42: =IFERROR(IF((BJ42+BO42+BT42)=0, "", (BJ42+BO42+BT42)), "") | BY42: PATH552 | CA42: =IF(_xlfn.XLOOKUP(BY42, AutoFill_classes!$A:$A, AutoFill_classes!$B:$B,"")=0,"",_xlfn.XLOOKUP(BY42, AutoFill_classes!$A:$A, AutoFill_classes!$B:$B,"")) -> Foundatns of Pastoral Ministry | CC42: In-Person | CD42: MDIV | CE42: Main Campus - MC | CF42: load | CG42: yes | CH42: 2 | CJ42: =IF(CH42*CI42=0,"",CH42*CI42) | CO42: =IF(ROUNDUP((CN42-CM42)/7,0)=0,"",ROUNDUP((CN42-CM42)/7,0)) | CQ42: =IFERROR(IF(CO42*CP42=0,"",CO42*CP42), "") | CT42: =IF(ROUNDUP((CS42-CR42)/7,0)=0,"",ROUNDUP((CS42-CR42)/7,0)) | CV42: =IFERROR(IF(CT42*CU42=0,"",CT42*CU42), "") | CY42: =IF(ROUNDUP((CX42-CW42)/7,0)=0,"",ROUNDUP((CX42-CW42)/7,0)) | CZ42: =IFERROR(IF((DC42-(CP42+CU42))/CY42=0,"",ROUNDUP((DC42-(CP42+CU42))/CY42,0)), "") | DA42: =IFERROR(IF((DC42-(CQ42+CV42))=0, "", (DC42-(CQ42+CV42))), "") | DB42: =IFERROR(IF((CO42+CT42+CY42)=0, "", (CO42+CT42+CY42)), "") | DE42: 41
A43: Kidder, S Joseph | B43: =IF(_xlfn.XLOOKUP(A43, AutoFill_names!B:B, AutoFill_names!C:C,"")=0,"",_xlfn.XLOOKUP(A43, AutoFill_names!B:B, AutoFill_names!C:C,"")) -> 000039170 | C43: =IF(_xlfn.XLOOKUP(A43, AutoFill_names!B:B, AutoFill_names!D:D,"")=0,"",_xlfn.XLOOKUP(A43, AutoFill_names!B:B, AutoFill_names!D:D,"")) -> kiddersj@andrews.edu | D43: =IF(_xlfn.XLOOKUP(A43, AutoFill_names!B:B, AutoFill_names!E:E,"")=0,"",_xlfn.XLOOKUP(A43, AutoFill_names!B:B, AutoFill_names!E:E,"")) | E43: =IF(_xlfn.XLOOKUP(A43, AutoFill_names!B:B, AutoFill_names!F:F,"")=0,"",_xlfn.XLOOKUP(A43, AutoFill_names!B:B, AutoFill_names!F:F,"")) | J43: =IF(_xlfn.XLOOKUP(A43, AutoFill_names!B:B, AutoFill_names!K:K,"")=0,"",_xlfn.XLOOKUP(A43, AutoFill_names!B:B, AutoFill_names!K:K,"")) | K43: =IF(_xlfn.XLOOKUP(A43, AutoFill_names!B:B, AutoFill_names!L:L,"")=0,"",_xlfn.XLOOKUP(A43, AutoFill_names!B:B, AutoFill_names!L:L,"")) | N43: =IF(_xlfn.XLOOKUP(L43, AutoFill_classes!A:A, AutoFill_classes!B:B,"")=0,"",_xlfn.XLOOKUP(L43, AutoFill_classes!A:A, AutoFill_classes!B:B,"")) | Z43: =IF(X43*Y43=0,"",X43*Y43) | AE43: =IF(ROUNDUP((AD43-AC43)/7,0)=0,"",ROUNDUP((AD43-AC43)/7,0)) | AG43: =IFERROR(IF(AE43*AF43=0,"",AE43*AF43), "") | AJ43: =IF(ROUNDUP((AI43-AH43)/7,0)=0,"",ROUNDUP((AI43-AH43)/7,0)) | AL43: =IFERROR(IF(AJ43*AK43=0,"",AJ43*AK43), "") | AO43: =IF(ROUNDUP((AN43-AM43)/7,0)=0,"",ROUNDUP((AN43-AM43)/7,0)) | AP43: =IFERROR(IF((AS43-(AF43+AK43))/AO43=0,"",ROUNDUP((AS43-(AF43+AK43))/AO43,0)), "") | AQ43: =IFERROR(IF((AS43-(AG43+AL43))=0, "", (AS43-(AG43+AL43))), "") | AR43: =IFERROR(IF((AE43+AJ43+AO43)=0, "", (AE43+AJ43+AO43)), "") | AT43: PATH552 | AU43: 998 | AV43: =IF(_xlfn.XLOOKUP(AT43, AutoFill_classes!$A:$A, AutoFill_classes!$B:$B,"")=0,"",_xlfn.XLOOKUP(AT43, AutoFill_classes!$A:$A, AutoFill_classes!$B:$B,"")) -> Foundatns of Pastoral Ministry | AX43: SYNC | AY43: MDIV | AZ43: Main Campus - MC | BA43: load | BB43: yes | BC43: 0 | BE43: =IF(BC43*BD43=0,"",BC43*BD43) | BJ43: =IF(ROUNDUP((BI43-BH43)/7,0)=0,"",ROUNDUP((BI43-BH43)/7,0)) | BL43: =IFERROR(IF(BJ43*BK43=0,"",BJ43*BK43), "") | BO43: =IF(ROUNDUP((BN43-BM43)/7,0)=0,"",ROUNDUP((BN43-BM43)/7,0)) | BQ43: =IFERROR(IF(BO43*BP43=0,"",BO43*BP43), "") | BT43: =IF(ROUNDUP((BS43-BR43)/7,0)=0,"",ROUNDUP((BS43-BR43)/7,0)) | BU43: =IFERROR(IF((BX43-(BK43+BP43))/BT43=0,"",ROUNDUP((BX43-(BK43+BP43))/BT43,0)), "") | BV43: =IFERROR(IF((BX43-(BL43+BQ43))=0, "", (BX43-(BL43+BQ43))), "") | BW43: =IFERROR(IF((BJ43+BO43+BT43)=0, "", (BJ43+BO43+BT43)), "") | BY43: PATH552 | BZ43: 998 | CA43: =IF(_xlfn.XLOOKUP(BY43, AutoFill_classes!$A:$A, AutoFill_classes!$B:$B,"")=0,"",_xlfn.XLOOKUP(BY43, AutoFill_classes!$A:$A, AutoFill_classes!$B:$B,"")) -> Foundatns of Pastoral Ministry | CC43: SYNC | CD43: MDIV | CE43: Main Campus - MC | CF43: load | CG43: yes | CH43: 0 | CJ43: =IF(CH43*CI43=0,"",CH43*CI43) | CO43: =IF(ROUNDUP((CN43-CM43)/7,0)=0,"",ROUNDUP((CN43-CM43)/7,0)) | CQ43: =IFERROR(IF(CO43*CP43=0,"",CO43*CP43), "") | CT43: =IF(ROUNDUP((CS43-CR43)/7,0)=0,"",ROUNDUP((CS43-CR43)/7,0)) | CV43: =IFERROR(IF(CT43*CU43=0,"",CT43*CU43), "") | CY43: =IF(ROUNDUP((CX43-CW43)/7,0)=0,"",ROUNDUP((CX43-CW43)/7,0)) | CZ43: =IFERROR(IF((DC43-(CP43+CU43))/CY43=0,"",ROUNDUP((DC43-(CP43+CU43))/CY43,0)), "") | DA43: =IFERROR(IF((DC43-(CQ43+CV43))=0, "", (DC43-(CQ43+CV43))), "") | DB43: =IFERROR(IF((CO43+CT43+CY43)=0, "", (CO43+CT43+CY43)), "") | DE43: 42
A44: Kidder, S Joseph | B44: =IF(_xlfn.XLOOKUP(A44, AutoFill_names!B:B, AutoFill_names!C:C,"")=0,"",_xlfn.XLOOKUP(A44, AutoFill_names!B:B, AutoFill_names!C:C,"")) -> 000039170 | C44: =IF(_xlfn.XLOOKUP(A44, AutoFill_names!B:B, AutoFill_names!D:D,"")=0,"",_xlfn.XLOOKUP(A44, AutoFill_names!B:B, AutoFill_names!D:D,"")) -> kiddersj@andrews.edu | D44: =IF(_xlfn.XLOOKUP(A44, AutoFill_names!B:B, AutoFill_names!E:E,"")=0,"",_xlfn.XLOOKUP(A44, AutoFill_names!B:B, AutoFill_names!E:E,"")) | E44: =IF(_xlfn.XLOOKUP(A44, AutoFill_names!B:B, AutoFill_names!F:F,"")=0,"",_xlfn.XLOOKUP(A44, AutoFill_names!B:B, AutoFill_names!F:F,"")) | J44: =IF(_xlfn.XLOOKUP(A44, AutoFill_names!B:B, AutoFill_names!K:K,"")=0,"",_xlfn.XLOOKUP(A44, AutoFill_names!B:B, AutoFill_names!K:K,"")) | K44: =IF(_xlfn.XLOOKUP(A44, AutoFill_names!B:B, AutoFill_names!L:L,"")=0,"",_xlfn.XLOOKUP(A44, AutoFill_names!B:B, AutoFill_names!L:L,"")) | N44: =IF(_xlfn.XLOOKUP(L44, AutoFill_classes!A:A, AutoFill_classes!B:B,"")=0,"",_xlfn.XLOOKUP(L44, AutoFill_classes!A:A, AutoFill_classes!B:B,"")) | Z44: =IF(X44*Y44=0,"",X44*Y44) | AE44: =IF(ROUNDUP((AD44-AC44)/7,0)=0,"",ROUNDUP((AD44-AC44)/7,0)) | AG44: =IFERROR(IF(AE44*AF44=0,"",AE44*AF44), "") | AJ44: =IF(ROUNDUP((AI44-AH44)/7,0)=0,"",ROUNDUP((AI44-AH44)/7,0)) | AL44: =IFERROR(IF(AJ44*AK44=0,"",AJ44*AK44), "") | AO44: =IF(ROUNDUP((AN44-AM44)/7,0)=0,"",ROUNDUP((AN44-AM44)/7,0)) | AP44: =IFERROR(IF((AS44-(AF44+AK44))/AO44=0,"",ROUNDUP((AS44-(AF44+AK44))/AO44,0)), "") | AQ44: =IFERROR(IF((AS44-(AG44+AL44))=0, "", (AS44-(AG44+AL44))), "") | AR44: =IFERROR(IF((AE44+AJ44+AO44)=0, "", (AE44+AJ44+AO44)), "") | AT44: PATH552 | AU44: 999 | AV44: =IF(_xlfn.XLOOKUP(AT44, AutoFill_classes!$A:$A, AutoFill_classes!$B:$B,"")=0,"",_xlfn.XLOOKUP(AT44, AutoFill_classes!$A:$A, AutoFill_classes!$B:$B,"")) -> Foundatns of Pastoral Ministry | AX44: ASYNC | AY44: MDIV | AZ44: Main Campus - MC | BA44: load | BB44: yes | BC44: 0 | BE44: =IF(BC44*BD44=0,"",BC44*BD44) | BJ44: =IF(ROUNDUP((BI44-BH44)/7,0)=0,"",ROUNDUP((BI44-BH44)/7,0)) | BL44: =IFERROR(IF(BJ44*BK44=0,"",BJ44*BK44), "") | BO44: =IF(ROUNDUP((BN44-BM44)/7,0)=0,"",ROUNDUP((BN44-BM44)/7,0)) | BQ44: =IFERROR(IF(BO44*BP44=0,"",BO44*BP44), "") | BT44: =IF(ROUNDUP((BS44-BR44)/7,0)=0,"",ROUNDUP((BS44-BR44)/7,0)) | BU44: =IFERROR(IF((BX44-(BK44+BP44))/BT44=0,"",ROUNDUP((BX44-(BK44+BP44))/BT44,0)), "") | BV44: =IFERROR(IF((BX44-(BL44+BQ44))=0, "", (BX44-(BL44+BQ44))), "") | BW44: =IFERROR(IF((BJ44+BO44+BT44)=0, "", (BJ44+BO44+BT44)), "") | BY44: PATH552 | BZ44: 999 | CA44: =IF(_xlfn.XLOOKUP(BY44, AutoFill_classes!$A:$A, AutoFill_classes!$B:$B,"")=0,"",_xlfn.XLOOKUP(BY44, AutoFill_classes!$A:$A, AutoFill_classes!$B:$B,"")) -> Foundatns of Pastoral Ministry | CC44: ASYNC | CD44: MDIV | CE44: Main Campus - MC | CF44: load | CG44: yes | CH44: 0 | CJ44: =IF(CH44*CI44=0,"",CH44*CI44) | CO44: =IF(ROUNDUP((CN44-CM44)/7,0)=0,"",ROUNDUP((CN44-CM44)/7,0)) | CQ44: =IFERROR(IF(CO44*CP44=0,"",CO44*CP44), "") | CT44: =IF(ROUNDUP((CS44-CR44)/7,0)=0,"",ROUNDUP((CS44-CR44)/7,0)) | CV44: =IFERROR(IF(CT44*CU44=0,"",CT44*CU44), "") | CY44: =IF(ROUNDUP((CX44-CW44)/7,0)=0,"",ROUNDUP((CX44-CW44)/7,0)) | CZ44: =IFERROR(IF((DC44-(CP44+CU44))/CY44=0,"",ROUNDUP((DC44-(CP44+CU44))/CY44,0)), "") | DA44: =IFERROR(IF((DC44-(CQ44+CV44))=0, "", (DC44-(CQ44+CV44))), "") | DB44: =IFERROR(IF((CO44+CT44+CY44)=0, "", (CO44+CT44+CY44)), "") | DE44: 43
B45: =IF(_xlfn.XLOOKUP(A45, AutoFill_names!B:B, AutoFill_names!C:C,"")=0,"",_xlfn.XLOOKUP(A45, AutoFill_names!B:B, AutoFill_names!C:C,"")) | C45: =IF(_xlfn.XLOOKUP(A45, AutoFill_names!B:B, AutoFill_names!D:D,"")=0,"",_xlfn.XLOOKUP(A45, AutoFill_names!B:B, AutoFill_names!D:D,"")) | D45: =IF(_xlfn.XLOOKUP(A45, AutoFill_names!B:B, AutoFill_names!E:E,"")=0,"",_xlfn.XLOOKUP(A45, AutoFill_names!B:B, AutoFill_names!E:E,"")) | E45: =IF(_xlfn.XLOOKUP(A45, AutoFill_names!B:B, AutoFill_names!F:F,"")=0,"",_xlfn.XLOOKUP(A45, AutoFill_names!B:B, AutoFill_names!F:F,"")) | J45: =IF(_xlfn.XLOOKUP(A45, AutoFill_names!B:B, AutoFill_names!K:K,"")=0,"",_xlfn.XLOOKUP(A45, AutoFill_names!B:B, AutoFill_names!K:K,"")) | K45: =IF(_xlfn.XLOOKUP(A45, AutoFill_names!B:B, AutoFill_names!L:L,"")=0,"",_xlfn.XLOOKUP(A45, AutoFill_names!B:B, AutoFill_names!L:L,"")) | N45: =IF(_xlfn.XLOOKUP(L45, AutoFill_classes!A:A, AutoFill_classes!B:B,"")=0,"",_xlfn.XLOOKUP(L45, AutoFill_classes!A:A, AutoFill_classes!B:B,"")) | Z45: =IF(X45*Y45=0,"",X45*Y45) | AE45: =IF(ROUNDUP((AD45-AC45)/7,0)=0,"",ROUNDUP((AD45-AC45)/7,0)) | AG45: =IFERROR(IF(AE45*AF45=0,"",AE45*AF45), "") | AJ45: =IF(ROUNDUP((AI45-AH45)/7,0)=0,"",ROUNDUP((AI45-AH45)/7,0)) | AL45: =IFERROR(IF(AJ45*AK45=0,"",AJ45*AK45), "") | AO45: =IF(ROUNDUP((AN45-AM45)/7,0)=0,"",ROUNDUP((AN45-AM45)/7,0)) | AP45: =IFERROR(IF((AS45-(AF45+AK45))/AO45=0,"",ROUNDUP((AS45-(AF45+AK45))/AO45,0)), "") | AQ45: =IFERROR(IF((AS45-(AG45+AL45))=0, "", (AS45-(AG45+AL45))), "") | AR45: =IFERROR(IF((AE45+AJ45+AO45)=0, "", (AE45+AJ45+AO45)), "") | AV45: =IF(_xlfn.XLOOKUP(AT45, AutoFill_classes!$A:$A, AutoFill_classes!$B:$B,"")=0,"",_xlfn.XLOOKUP(AT45, AutoFill_classes!$A:$A, AutoFill_classes!$B:$B,"")) | BE45: =IF(BC45*BD45=0,"",BC45*BD45) | BJ45: =IF(ROUNDUP((BI45-BH45)/7,0)=0,"",ROUNDUP((BI45-BH45)/7,0)) | BL45: =IFERROR(IF(BJ45*BK45=0,"",BJ45*BK45), "") | BO45: =IF(ROUNDUP((BN45-BM45)/7,0)=0,"",ROUNDUP((BN45-BM45)/7,0)) | BQ45: =IFERROR(IF(BO45*BP45=0,"",BO45*BP45), "") | BT45: =IF(ROUNDUP((BS45-BR45)/7,0)=0,"",ROUNDUP((BS45-BR45)/7,0)) | BU45: =IFERROR(IF((BX45-(BK45+BP45))/BT45=0,"",ROUNDUP((BX45-(BK45+BP45))/BT45,0)), "") | BV45: =IFERROR(IF((BX45-(BL45+BQ45))=0, "", (BX45-(BL45+BQ45))), "") | BW45: =IFERROR(IF((BJ45+BO45+BT45)=0, "", (BJ45+BO45+BT45)), "") | CA45: =IF(_xlfn.XLOOKUP(BY45, AutoFill_classes!$A:$A, AutoFill_classes!$B:$B,"")=0,"",_xlfn.XLOOKUP(BY45, AutoFill_classes!$A:$A, AutoFill_classes!$B:$B,"")) | CJ45: =IF(CH45*CI45=0,"",CH45*CI45) | CO45: =IF(ROUNDUP((CN45-CM45)/7,0)=0,"",ROUNDUP((CN45-CM45)/7,0)) | CQ45: =IFERROR(IF(CO45*CP45=0,"",CO45*CP45), "") | CT45: =IF(ROUNDUP((CS45-CR45)/7,0)=0,"",ROUNDUP((CS45-CR45)/7,0)) | CV45: =IFERROR(IF(CT45*CU45=0,"",CT45*CU45), "") | CY45: =IF(ROUNDUP((CX45-CW45)/7,0)=0,"",ROUNDUP((CX45-CW45)/7,0)) | CZ45: =IFERROR(IF((DC45-(CP45+CU45))/CY45=0,"",ROUNDUP((DC45-(CP45+CU45))/CY45,0)), "") | DA45: =IFERROR(IF((DC45-(CQ45+CV45))=0, "", (DC45-(CQ45+CV45))), "") | DB45: =IFERROR(IF((CO45+CT45+CY45)=0, "", (CO45+CT45+CY45)), "") | DE45: 44
B46: =IF(_xlfn.XLOOKUP(A46, AutoFill_names!B:B, AutoFill_names!C:C,"")=0,"",_xlfn.XLOOKUP(A46, AutoFill_names!B:B, AutoFill_names!C:C,"")) | C46: =IF(_xlfn.XLOOKUP(A46, AutoFill_names!B:B, AutoFill_names!D:D,"")=0,"",_xlfn.XLOOKUP(A46, AutoFill_names!B:B, AutoFill_names!D:D,"")) | D46: =IF(_xlfn.XLOOKUP(A46, AutoFill_names!B:B, AutoFill_names!E:E,"")=0,"",_xlfn.XLOOKUP(A46, AutoFill_names!B:B, AutoFill_names!E:E,"")) | E46: =IF(_xlfn.XLOOKUP(A46, AutoFill_names!B:B, AutoFill_names!F:F,"")=0,"",_xlfn.XLOOKUP(A46, AutoFill_names!B:B, AutoFill_names!F:F,"")) | J46: =IF(_xlfn.XLOOKUP(A46, AutoFill_names!B:B, AutoFill_names!K:K,"")=0,"",_xlfn.XLOOKUP(A46, AutoFill_names!B:B, AutoFill_names!K:K,"")) | K46: =IF(_xlfn.XLOOKUP(A46, AutoFill_names!B:B, AutoFill_names!L:L,"")=0,"",_xlfn.XLOOKUP(A46, AutoFill_names!B:B, AutoFill_names!L:L,"")) | N46: =IF(_xlfn.XLOOKUP(L46, AutoFill_classes!A:A, AutoFill_classes!B:B,"")=0,"",_xlfn.XLOOKUP(L46, AutoFill_classes!A:A, AutoFill_classes!B:B,"")) | Z46: =IF(X46*Y46=0,"",X46*Y46) | AE46: =IF(ROUNDUP((AD46-AC46)/7,0)=0,"",ROUNDUP((AD46-AC46)/7,0)) | AG46: =IFERROR(IF(AE46*AF46=0,"",AE46*AF46), "") | AJ46: =IF(ROUNDUP((AI46-AH46)/7,0)=0,"",ROUNDUP((AI46-AH46)/7,0)) | AL46: =IFERROR(IF(AJ46*AK46=0,"",AJ46*AK46), "") | AO46: =IF(ROUNDUP((AN46-AM46)/7,0)=0,"",ROUNDUP((AN46-AM46)/7,0)) | AP46: =IFERROR(IF((AS46-(AF46+AK46))/AO46=0,"",ROUNDUP((AS46-(AF46+AK46))/AO46,0)), "") | AQ46: =IFERROR(IF((AS46-(AG46+AL46))=0, "", (AS46-(AG46+AL46))), "") | AR46: =IFERROR(IF((AE46+AJ46+AO46)=0, "", (AE46+AJ46+AO46)), "") | AV46: =IF(_xlfn.XLOOKUP(AT46, AutoFill_classes!$A:$A, AutoFill_classes!$B:$B,"")=0,"",_xlfn.XLOOKUP(AT46, AutoFill_classes!$A:$A, AutoFill_classes!$B:$B,"")) | BE46: =IF(BC46*BD46=0,"",BC46*BD46) | BJ46: =IF(ROUNDUP((BI46-BH46)/7,0)=0,"",ROUNDUP((BI46-BH46)/7,0)) | BL46: =IFERROR(IF(BJ46*BK46=0,"",BJ46*BK46), "") | BO46: =IF(ROUNDUP((BN46-BM46)/7,0)=0,"",ROUNDUP((BN46-BM46)/7,0)) | BQ46: =IFERROR(IF(BO46*BP46=0,"",BO46*BP46), "") | BT46: =IF(ROUNDUP((BS46-BR46)/7,0)=0,"",ROUNDUP((BS46-BR46)/7,0)) | BU46: =IFERROR(IF((BX46-(BK46+BP46))/BT46=0,"",ROUNDUP((BX46-(BK46+BP46))/BT46,0)), "") | BV46: =IFERROR(IF((BX46-(BL46+BQ46))=0, "", (BX46-(BL46+BQ46))), "") | BW46: =IFERROR(IF((BJ46+BO46+BT46)=0, "", (BJ46+BO46+BT46)), "") | CA46: =IF(_xlfn.XLOOKUP(BY46, AutoFill_classes!$A:$A, AutoFill_classes!$B:$B,"")=0,"",_xlfn.XLOOKUP(BY46, AutoFill_classes!$A:$A, AutoFill_classes!$B:$B,"")) | CJ46: =IF(CH46*CI46=0,"",CH46*CI46) | CO46: =IF(ROUNDUP((CN46-CM46)/7,0)=0,"",ROUNDUP((CN46-CM46)/7,0)) | CQ46: =IFERROR(IF(CO46*CP46=0,"",CO46*CP46), "") | CT46: =IF(ROUNDUP((CS46-CR46)/7,0)=0,"",ROUNDUP((CS46-CR46)/7,0)) | CV46: =IFERROR(IF(CT46*CU46=0,"",CT46*CU46), "") | CY46: =IF(ROUNDUP((CX46-CW46)/7,0)=0,"",ROUNDUP((CX46-CW46)/7,0)) | CZ46: =IFERROR(IF((DC46-(CP46+CU46))/CY46=0,"",ROUNDUP((DC46-(CP46+CU46))/CY46,0)), "") | DA46: =IFERROR(IF((DC46-(CQ46+CV46))=0, "", (DC46-(CQ46+CV46))), "") | DB46: =IFERROR(IF((CO46+CT46+CY46)=0, "", (CO46+CT46+CY46)), "") | DE46: 45
B47: =IF(_xlfn.XLOOKUP(A47, AutoFill_names!B:B, AutoFill_names!C:C,"")=0,"",_xlfn.XLOOKUP(A47, AutoFill_names!B:B, AutoFill_names!C:C,"")) | C47: =IF(_xlfn.XLOOKUP(A47, AutoFill_names!B:B, AutoFill_names!D:D,"")=0,"",_xlfn.XLOOKUP(A47, AutoFill_names!B:B, AutoFill_names!D:D,"")) | D47: =IF(_xlfn.XLOOKUP(A47, AutoFill_names!B:B, AutoFill_names!E:E,"")=0,"",_xlfn.XLOOKUP(A47, AutoFill_names!B:B, AutoFill_names!E:E,"")) | E47: =IF(_xlfn.XLOOKUP(A47, AutoFill_names!B:B, AutoFill_names!F:F,"")=0,"",_xlfn.XLOOKUP(A47, AutoFill_names!B:B, AutoFill_names!F:F,"")) | J47: =IF(_xlfn.XLOOKUP(A47, AutoFill_names!B:B, AutoFill_names!K:K,"")=0,"",_xlfn.XLOOKUP(A47, AutoFill_names!B:B, AutoFill_names!K:K,"")) | K47: =IF(_xlfn.XLOOKUP(A47, AutoFill_names!B:B, AutoFill_names!L:L,"")=0,"",_xlfn.XLOOKUP(A47, AutoFill_names!B:B, AutoFill_names!L:L,"")) | N47: =IF(_xlfn.XLOOKUP(L47, AutoFill_classes!A:A, AutoFill_classes!B:B,"")=0,"",_xlfn.XLOOKUP(L47, AutoFill_classes!A:A, AutoFill_classes!B:B,"")) | Z47: =IF(X47*Y47=0,"",X47*Y47) | AE47: =IF(ROUNDUP((AD47-AC47)/7,0)=0,"",ROUNDUP((AD47-AC47)/7,0)) | AG47: =IFERROR(IF(AE47*AF47=0,"",AE47*AF47), "") | AJ47: =IF(ROUNDUP((AI47-AH47)/7,0)=0,"",ROUNDUP((AI47-AH47)/7,0)) | AL47: =IFERROR(IF(AJ47*AK47=0,"",AJ47*AK47), "") | AO47: =IF(ROUNDUP((AN47-AM47)/7,0)=0,"",ROUNDUP((AN47-AM47)/7,0)) | AP47: =IFERROR(IF((AS47-(AF47+AK47))/AO47=0,"",ROUNDUP((AS47-(AF47+AK47))/AO47,0)), "") | AQ47: =IFERROR(IF((AS47-(AG47+AL47))=0, "", (AS47-(AG47+AL47))), "") | AR47: =IFERROR(IF((AE47+AJ47+AO47)=0, "", (AE47+AJ47+AO47)), "") | AV47: =IF(_xlfn.XLOOKUP(AT47, AutoFill_classes!$A:$A, AutoFill_classes!$B:$B,"")=0,"",_xlfn.XLOOKUP(AT47, AutoFill_classes!$A:$A, AutoFill_classes!$B:$B,"")) | BE47: =IF(BC47*BD47=0,"",BC47*BD47) | BJ47: =IF(ROUNDUP((BI47-BH47)/7,0)=0,"",ROUNDUP((BI47-BH47)/7,0)) | BL47: =IFERROR(IF(BJ47*BK47=0,"",BJ47*BK47), "") | BO47: =IF(ROUNDUP((BN47-BM47)/7,0)=0,"",ROUNDUP((BN47-BM47)/7,0)) | BQ47: =IFERROR(IF(BO47*BP47=0,"",BO47*BP47), "") | BT47: =IF(ROUNDUP((BS47-BR47)/7,0)=0,"",ROUNDUP((BS47-BR47)/7,0)) | BU47: =IFERROR(IF((BX47-(BK47+BP47))/BT47=0,"",ROUNDUP((BX47-(BK47+BP47))/BT47,0)), "") | BV47: =IFERROR(IF((BX47-(BL47+BQ47))=0, "", (BX47-(BL47+BQ47))), "") | BW47: =IFERROR(IF((BJ47+BO47+BT47)=0, "", (BJ47+BO47+BT47)), "") | CA47: =IF(_xlfn.XLOOKUP(BY47, AutoFill_classes!$A:$A, AutoFill_classes!$B:$B,"")=0,"",_xlfn.XLOOKUP(BY47, AutoFill_classes!$A:$A, AutoFill_classes!$B:$B,"")) | CJ47: =IF(CH47*CI47=0,"",CH47*CI47) | CO47: =IF(ROUNDUP((CN47-CM47)/7,0)=0,"",ROUNDUP((CN47-CM47)/7,0)) | CQ47: =IFERROR(IF(CO47*CP47=0,"",CO47*CP47), "") | CT47: =IF(ROUNDUP((CS47-CR47)/7,0)=0,"",ROUNDUP((CS47-CR47)/7,0)) | CV47: =IFERROR(IF(CT47*CU47=0,"",CT47*CU47), "") | CY47: =IF(ROUNDUP((CX47-CW47)/7,0)=0,"",ROUNDUP((CX47-CW47)/7,0)) | CZ47: =IFERROR(IF((DC47-(CP47+CU47))/CY47=0,"",ROUNDUP((DC47-(CP47+CU47))/CY47,0)), "") | DA47: =IFERROR(IF((DC47-(CQ47+CV47))=0, "", (DC47-(CQ47+CV47))), "") | DB47: =IFERROR(IF((CO47+CT47+CY47)=0, "", (CO47+CT47+CY47)), "") | DE47: 46
B48: =IF(_xlfn.XLOOKUP(A48, AutoFill_names!B:B, AutoFill_names!C:C,"")=0,"",_xlfn.XLOOKUP(A48, AutoFill_names!B:B, AutoFill_names!C:C,"")) | C48: =IF(_xlfn.XLOOKUP(A48, AutoFill_names!B:B, AutoFill_names!D:D,"")=0,"",_xlfn.XLOOKUP(A48, AutoFill_names!B:B, AutoFill_names!D:D,"")) | D48: =IF(_xlfn.XLOOKUP(A48, AutoFill_names!B:B, AutoFill_names!E:E,"")=0,"",_xlfn.XLOOKUP(A48, AutoFill_names!B:B, AutoFill_names!E:E,"")) | E48: =IF(_xlfn.XLOOKUP(A48, AutoFill_names!B:B, AutoFill_names!F:F,"")=0,"",_xlfn.XLOOKUP(A48, AutoFill_names!B:B, AutoFill_names!F:F,"")) | J48: =IF(_xlfn.XLOOKUP(A48, AutoFill_names!B:B, AutoFill_names!K:K,"")=0,"",_xlfn.XLOOKUP(A48, AutoFill_names!B:B, AutoFill_names!K:K,"")) | K48: =IF(_xlfn.XLOOKUP(A48, AutoFill_names!B:B, AutoFill_names!L:L,"")=0,"",_xlfn.XLOOKUP(A48, AutoFill_names!B:B, AutoFill_names!L:L,"")) | N48: =IF(_xlfn.XLOOKUP(L48, AutoFill_classes!A:A, AutoFill_classes!B:B,"")=0,"",_xlfn.XLOOKUP(L48, AutoFill_classes!A:A, AutoFill_classes!B:B,"")) | Z48: =IF(X48*Y48=0,"",X48*Y48) | AE48: =IF(ROUNDUP((AD48-AC48)/7,0)=0,"",ROUNDUP((AD48-AC48)/7,0)) | AG48: =IFERROR(IF(AE48*AF48=0,"",AE48*AF48), "") | AJ48: =IF(ROUNDUP((AI48-AH48)/7,0)=0,"",ROUNDUP((AI48-AH48)/7,0)) | AL48: =IFERROR(IF(AJ48*AK48=0,"",AJ48*AK48), "") | AO48: =IF(ROUNDUP((AN48-AM48)/7,0)=0,"",ROUNDUP((AN48-AM48)/7,0)) | AP48: =IFERROR(IF((AS48-(AF48+AK48))/AO48=0,"",ROUNDUP((AS48-(AF48+AK48))/AO48,0)), "") | AQ48: =IFERROR(IF((AS48-(AG48+AL48))=0, "", (AS48-(AG48+AL48))), "") | AR48: =IFERROR(IF((AE48+AJ48+AO48)=0, "", (AE48+AJ48+AO48)), "") | AV48: =IF(_xlfn.XLOOKUP(AT48, AutoFill_classes!$A:$A, AutoFill_classes!$B:$B,"")=0,"",_xlfn.XLOOKUP(AT48, AutoFill_classes!$A:$A, AutoFill_classes!$B:$B,"")) | BE48: =IF(BC48*BD48=0,"",BC48*BD48) | BJ48: =IF(ROUNDUP((BI48-BH48)/7,0)=0,"",ROUNDUP((BI48-BH48)/7,0)) | BL48: =IFERROR(IF(BJ48*BK48=0,"",BJ48*BK48), "") | BO48: =IF(ROUNDUP((BN48-BM48)/7,0)=0,"",ROUNDUP((BN48-BM48)/7,0)) | BQ48: =IFERROR(IF(BO48*BP48=0,"",BO48*BP48), "") | BT48: =IF(ROUNDUP((BS48-BR48)/7,0)=0,"",ROUNDUP((BS48-BR48)/7,0)) | BU48: =IFERROR(IF((BX48-(BK48+BP48))/BT48=0,"",ROUNDUP((BX48-(BK48+BP48))/BT48,0)), "") | BV48: =IFERROR(IF((BX48-(BL48+BQ48))=0, "", (BX48-(BL48+BQ48))), "") | BW48: =IFERROR(IF((BJ48+BO48+BT48)=0, "", (BJ48+BO48+BT48)), "") | CA48: =IF(_xlfn.XLOOKUP(BY48, AutoFill_classes!$A:$A, AutoFill_classes!$B:$B,"")=0,"",_xlfn.XLOOKUP(BY48, AutoFill_classes!$A:$A, AutoFill_classes!$B:$B,"")) | CJ48: =IF(CH48*CI48=0,"",CH48*CI48) | CO48: =IF(ROUNDUP((CN48-CM48)/7,0)=0,"",ROUNDUP((CN48-CM48)/7,0)) | CQ48: =IFERROR(IF(CO48*CP48=0,"",CO48*CP48), "") | CT48: =IF(ROUNDUP((CS48-CR48)/7,0)=0,"",ROUNDUP((CS48-CR48)/7,0)) | CV48: =IFERROR(IF(CT48*CU48=0,"",CT48*CU48), "") | CY48: =IF(ROUNDUP((CX48-CW48)/7,0)=0,"",ROUNDUP((CX48-CW48)/7,0)) | CZ48: =IFERROR(IF((DC48-(CP48+CU48))/CY48=0,"",ROUNDUP((DC48-(CP48+CU48))/CY48,0)), "") | DA48: =IFERROR(IF((DC48-(CQ48+CV48))=0, "", (DC48-(CQ48+CV48))), "") | DB48: =IFERROR(IF((CO48+CT48+CY48)=0, "", (CO48+CT48+CY48)), "") | DE48: 47
B49: =IF(_xlfn.XLOOKUP(A49, AutoFill_names!B:B, AutoFill_names!C:C,"")=0,"",_xlfn.XLOOKUP(A49, AutoFill_names!B:B, AutoFill_names!C:C,"")) | C49: =IF(_xlfn.XLOOKUP(A49, AutoFill_names!B:B, AutoFill_names!D:D,"")=0,"",_xlfn.XLOOKUP(A49, AutoFill_names!B:B, AutoFill_names!D:D,"")) | D49: =IF(_xlfn.XLOOKUP(A49, AutoFill_names!B:B, AutoFill_names!E:E,"")=0,"",_xlfn.XLOOKUP(A49, AutoFill_names!B:B, AutoFill_names!E:E,"")) | E49: =IF(_xlfn.XLOOKUP(A49, AutoFill_names!B:B, AutoFill_names!F:F,"")=0,"",_xlfn.XLOOKUP(A49, AutoFill_names!B:B, AutoFill_names!F:F,"")) | J49: =IF(_xlfn.XLOOKUP(A49, AutoFill_names!B:B, AutoFill_names!K:K,"")=0,"",_xlfn.XLOOKUP(A49, AutoFill_names!B:B, AutoFill_names!K:K,"")) | K49: =IF(_xlfn.XLOOKUP(A49, AutoFill_names!B:B, AutoFill_names!L:L,"")=0,"",_xlfn.XLOOKUP(A49, AutoFill_names!B:B, AutoFill_names!L:L,"")) | N49: =IF(_xlfn.XLOOKUP(L49, AutoFill_classes!A:A, AutoFill_classes!B:B,"")=0,"",_xlfn.XLOOKUP(L49, AutoFill_classes!A:A, AutoFill_classes!B:B,"")) | Z49: =IF(X49*Y49=0,"",X49*Y49) | AE49: =IF(ROUNDUP((AD49-AC49)/7,0)=0,"",ROUNDUP((AD49-AC49)/7,0)) | AG49: =IFERROR(IF(AE49*AF49=0,"",AE49*AF49), "") | AJ49: =IF(ROUNDUP((AI49-AH49)/7,0)=0,"",ROUNDUP((AI49-AH49)/7,0)) | AL49: =IFERROR(IF(AJ49*AK49=0,"",AJ49*AK49), "") | AO49: =IF(ROUNDUP((AN49-AM49)/7,0)=0,"",ROUNDUP((AN49-AM49)/7,0)) | AP49: =IFERROR(IF((AS49-(AF49+AK49))/AO49=0,"",ROUNDUP((AS49-(AF49+AK49))/AO49,0)), "") | AQ49: =IFERROR(IF((AS49-(AG49+AL49))=0, "", (AS49-(AG49+AL49))), "") | AR49: =IFERROR(IF((AE49+AJ49+AO49)=0, "", (AE49+AJ49+AO49)), "") | AV49: =IF(_xlfn.XLOOKUP(AT49, AutoFill_classes!$A:$A, AutoFill_classes!$B:$B,"")=0,"",_xlfn.XLOOKUP(AT49, AutoFill_classes!$A:$A, AutoFill_classes!$B:$B,"")) | BE49: =IF(BC49*BD49=0,"",BC49*BD49) | BJ49: =IF(ROUNDUP((BI49-BH49)/7,0)=0,"",ROUNDUP((BI49-BH49)/7,0)) | BL49: =IFERROR(IF(BJ49*BK49=0,"",BJ49*BK49), "") | BO49: =IF(ROUNDUP((BN49-BM49)/7,0)=0,"",ROUNDUP((BN49-BM49)/7,0)) | BQ49: =IFERROR(IF(BO49*BP49=0,"",BO49*BP49), "") | BT49: =IF(ROUNDUP((BS49-BR49)/7,0)=0,"",ROUNDUP((BS49-BR49)/7,0)) | BU49: =IFERROR(IF((BX49-(BK49+BP49))/BT49=0,"",ROUNDUP((BX49-(BK49+BP49))/BT49,0)), "") | BV49: =IFERROR(IF((BX49-(BL49+BQ49))=0, "", (BX49-(BL49+BQ49))), "") | BW49: =IFERROR(IF((BJ49+BO49+BT49)=0, "", (BJ49+BO49+BT49)), "") | CA49: =IF(_xlfn.XLOOKUP(BY49, AutoFill_classes!$A:$A, AutoFill_classes!$B:$B,"")=0,"",_xlfn.XLOOKUP(BY49, AutoFill_classes!$A:$A, AutoFill_classes!$B:$B,"")) | CJ49: =IF(CH49*CI49=0,"",CH49*CI49) | CO49: =IF(ROUNDUP((CN49-CM49)/7,0)=0,"",ROUNDUP((CN49-CM49)/7,0)) | CQ49: =IFERROR(IF(CO49*CP49=0,"",CO49*CP49), "") | CT49: =IF(ROUNDUP((CS49-CR49)/7,0)=0,"",ROUNDUP((CS49-CR49)/7,0)) | CV49: =IFERROR(IF(CT49*CU49=0,"",CT49*CU49), "") | CY49: =IF(ROUNDUP((CX49-CW49)/7,0)=0,"",ROUNDUP((CX49-CW49)/7,0)) | CZ49: =IFERROR(IF((DC49-(CP49+CU49))/CY49=0,"",ROUNDUP((DC49-(CP49+CU49))/CY49,0)), "") | DA49: =IFERROR(IF((DC49-(CQ49+CV49))=0, "", (DC49-(CQ49+CV49))), "") | DB49: =IFERROR(IF((CO49+CT49+CY49)=0, "", (CO49+CT49+CY49)), "") | DE49: 48
B50: =IF(_xlfn.XLOOKUP(A50, AutoFill_names!B:B, AutoFill_names!C:C,"")=0,"",_xlfn.XLOOKUP(A50, AutoFill_names!B:B, AutoFill_names!C:C,"")) | C50: =IF(_xlfn.XLOOKUP(A50, AutoFill_names!B:B, AutoFill_names!D:D,"")=0,"",_xlfn.XLOOKUP(A50, AutoFill_names!B:B, AutoFill_names!D:D,"")) | D50: =IF(_xlfn.XLOOKUP(A50, AutoFill_names!B:B, AutoFill_names!E:E,"")=0,"",_xlfn.XLOOKUP(A50, AutoFill_names!B:B, AutoFill_names!E:E,"")) | E50: =IF(_xlfn.XLOOKUP(A50, AutoFill_names!B:B, AutoFill_names!F:F,"")=0,"",_xlfn.XLOOKUP(A50, AutoFill_names!B:B, AutoFill_names!F:F,"")) | J50: =IF(_xlfn.XLOOKUP(A50, AutoFill_names!B:B, AutoFill_names!K:K,"")=0,"",_xlfn.XLOOKUP(A50, AutoFill_names!B:B, AutoFill_names!K:K,"")) | K50: =IF(_xlfn.XLOOKUP(A50, AutoFill_names!B:B, AutoFill_names!L:L,"")=0,"",_xlfn.XLOOKUP(A50, AutoFill_names!B:B, AutoFill_names!L:L,"")) | N50: =IF(_xlfn.XLOOKUP(L50, AutoFill_classes!A:A, AutoFill_classes!B:B,"")=0,"",_xlfn.XLOOKUP(L50, AutoFill_classes!A:A, AutoFill_classes!B:B,"")) | Z50: =IF(X50*Y50=0,"",X50*Y50) | AE50: =IF(ROUNDUP((AD50-AC50)/7,0)=0,"",ROUNDUP((AD50-AC50)/7,0)) | AG50: =IFERROR(IF(AE50*AF50=0,"",AE50*AF50), "") | AJ50: =IF(ROUNDUP((AI50-AH50)/7,0)=0,"",ROUNDUP((AI50-AH50)/7,0)) | AL50: =IFERROR(IF(AJ50*AK50=0,"",AJ50*AK50), "") | AO50: =IF(ROUNDUP((AN50-AM50)/7,0)=0,"",ROUNDUP((AN50-AM50)/7,0)) | AP50: =IFERROR(IF((AS50-(AF50+AK50))/AO50=0,"",ROUNDUP((AS50-(AF50+AK50))/AO50,0)), "") | AQ50: =IFERROR(IF((AS50-(AG50+AL50))=0, "", (AS50-(AG50+AL50))), "") | AR50: =IFERROR(IF((AE50+AJ50+AO50)=0, "", (AE50+AJ50+AO50)), "") | AV50: =IF(_xlfn.XLOOKUP(AT50, AutoFill_classes!$A:$A, AutoFill_classes!$B:$B,"")=0,"",_xlfn.XLOOKUP(AT50, AutoFill_classes!$A:$A, AutoFill_classes!$B:$B,"")) | BE50: =IF(BC50*BD50=0,"",BC50*BD50) | BJ50: =IF(ROUNDUP((BI50-BH50)/7,0)=0,"",ROUNDUP((BI50-BH50)/7,0)) | BL50: =IFERROR(IF(BJ50*BK50=0,"",BJ50*BK50), "") | BO50: =IF(ROUNDUP((BN50-BM50)/7,0)=0,"",ROUNDUP((BN50-BM50)/7,0)) | BQ50: =IFERROR(IF(BO50*BP50=0,"",BO50*BP50), "") | BT50: =IF(ROUNDUP((BS50-BR50)/7,0)=0,"",ROUNDUP((BS50-BR50)/7,0)) | BU50: =IFERROR(IF((BX50-(BK50+BP50))/BT50=0,"",ROUNDUP((BX50-(BK50+BP50))/BT50,0)), "") | BV50: =IFERROR(IF((BX50-(BL50+BQ50))=0, "", (BX50-(BL50+BQ50))), "") | BW50: =IFERROR(IF((BJ50+BO50+BT50)=0, "", (BJ50+BO50+BT50)), "") | CA50: =IF(_xlfn.XLOOKUP(BY50, AutoFill_classes!$A:$A, AutoFill_classes!$B:$B,"")=0,"",_xlfn.XLOOKUP(BY50, AutoFill_classes!$A:$A, AutoFill_classes!$B:$B,"")) | CJ50: =IF(CH50*CI50=0,"",CH50*CI50) | CO50: =IF(ROUNDUP((CN50-CM50)/7,0)=0,"",ROUNDUP((CN50-CM50)/7,0)) | CQ50: =IFERROR(IF(CO50*CP50=0,"",CO50*CP50), "") | CT50: =IF(ROUNDUP((CS50-CR50)/7,0)=0,"",ROUNDUP((CS50-CR50)/7,0)) | CV50: =IFERROR(IF(CT50*CU50=0,"",CT50*CU50), "") | CY50: =IF(ROUNDUP((CX50-CW50)/7,0)=0,"",ROUNDUP((CX50-CW50)/7,0)) | CZ50: =IFERROR(IF((DC50-(CP50+CU50))/CY50=0,"",ROUNDUP((DC50-(CP50+CU50))/CY50,0)), "") | DA50: =IFERROR(IF((DC50-(CQ50+CV50))=0, "", (DC50-(CQ50+CV50))), "") | DB50: =IFERROR(IF((CO50+CT50+CY50)=0, "", (CO50+CT50+CY50)), "") | DE50: 49
A51: Totals: Ricardo Norton notes: director, hispanic institute; 25% load reduction | B51: ="Total Credits: " & IFERROR(IF(DD51=0,"",DD51),"") -> Total Credits: 12 | X51: =IF(SUM(X52:X60)=0, "", SUM(X52:X60)) -> 6 | BC51: =IF(SUM(BC52:BC60)=0, "", SUM(BC52:BC60)) -> 3 | CH51: =IF(SUM(CH52:CH60)=0, "", SUM(CH52:CH60)) -> 3 | DD51: =IF(SUM(L51:DC51)=0, "", SUM(L51:DC51)) -> 12 | DE51: 50
A52: Norton, Ricardo | B52: =IF(_xlfn.XLOOKUP(A52, AutoFill_names!B:B, AutoFill_names!C:C,"")=0,"",_xlfn.XLOOKUP(A52, AutoFill_names!B:B, AutoFill_names!C:C,"")) -> 000033967 | C52: =IF(_xlfn.XLOOKUP(A52, AutoFill_names!B:B, AutoFill_names!D:D,"")=0,"",_xlfn.XLOOKUP(A52, AutoFill_names!B:B, AutoFill_names!D:D,"")) -> ricardo@andrews.edu | D52: =IF(_xlfn.XLOOKUP(A52, AutoFill_names!B:B, AutoFill_names!E:E,"")=0,"",_xlfn.XLOOKUP(A52, AutoFill_names!B:B, AutoFill_names!E:E,"")) | E52: =IF(_xlfn.XLOOKUP(A52, AutoFill_names!B:B, AutoFill_names!F:F,"")=0,"",_xlfn.XLOOKUP(A52, AutoFill_names!B:B, AutoFill_names!F:F,"")) | J52: =IF(_xlfn.XLOOKUP(A52, AutoFill_names!B:B, AutoFill_names!K:K,"")=0,"",_xlfn.XLOOKUP(A52, AutoFill_names!B:B, AutoFill_names!K:K,"")) | K52: =IF(_xlfn.XLOOKUP(A52, AutoFill_names!B:B, AutoFill_names!L:L,"")=0,"",_xlfn.XLOOKUP(A52, AutoFill_names!B:B, AutoFill_names!L:L,"")) | L52: PATH637 | N52: =IF(_xlfn.XLOOKUP(L52, AutoFill_classes!A:A, AutoFill_classes!B:B,"")=0,"",_xlfn.XLOOKUP(L52, AutoFill_classes!A:A, AutoFill_classes!B:B,"")) -> Seminar in Preaching | S52: In-Person | T52: MAPM-HISP | U52: Columbia Union - CU | V52: load | W52: yes | X52: 3 | Z52: =IF(X52*Y52=0,"",X52*Y52) | AE52: =IF(ROUNDUP((AD52-AC52)/7,0)=0,"",ROUNDUP((AD52-AC52)/7,0)) | AG52: =IFERROR(IF(AE52*AF52=0,"",AE52*AF52), "") | AJ52: =IF(ROUNDUP((AI52-AH52)/7,0)=0,"",ROUNDUP((AI52-AH52)/7,0)) | AL52: =IFERROR(IF(AJ52*AK52=0,"",AJ52*AK52), "") | AO52: =IF(ROUNDUP((AN52-AM52)/7,0)=0,"",ROUNDUP((AN52-AM52)/7,0)) | AP52: =IFERROR(IF((AS52-(AF52+AK52))/AO52=0,"",ROUNDUP((AS52-(AF52+AK52))/AO52,0)), "") | AQ52: =IFERROR(IF((AS52-(AG52+AL52))=0, "", (AS52-(AG52+AL52))), "") | AR52: =IFERROR(IF((AE52+AJ52+AO52)=0, "", (AE52+AJ52+AO52)), "") | AT52: PATH525 | AV52: =IF(_xlfn.XLOOKUP(AT52, AutoFill_classes!$A:$A, AutoFill_classes!$B:$B,"")=0,"",_xlfn.XLOOKUP(AT52, AutoFill_classes!$A:$A, AutoFill_classes!$B:$B,"")) -> Hisp/Amer Culture & Challenges | AY52: MAPM-HISP | AZ52: Pacific Union - PU | BA52: load | BB52: yes | BC52: 3 | BE52: =IF(BC52*BD52=0,"",BC52*BD52) | BJ52: =IF(ROUNDUP((BI52-BH52)/7,0)=0,"",ROUNDUP((BI52-BH52)/7,0)) | BL52: =IFERROR(IF(BJ52*BK52=0,"",BJ52*BK52), "") | BO52: =IF(ROUNDUP((BN52-BM52)/7,0)=0,"",ROUNDUP((BN52-BM52)/7,0)) | BQ52: =IFERROR(IF(BO52*BP52=0,"",BO52*BP52), "") | BT52: =IF(ROUNDUP((BS52-BR52)/7,0)=0,"",ROUNDUP((BS52-BR52)/7,0)) | BU52: =IFERROR(IF((BX52-(BK52+BP52))/BT52=0,"",ROUNDUP((BX52-(BK52+BP52))/BT52,0)), "") | BV52: =IFERROR(IF((BX52-(BL52+BQ52))=0, "", (BX52-(BL52+BQ52))), "") | BW52: =IFERROR(IF((BJ52+BO52+BT52)=0, "", (BJ52+BO52+BT52)), "") | BY52: PATH543 | CA52: =IF(_xlfn.XLOOKUP(BY52, AutoFill_classes!$A:$A, AutoFill_classes!$B:$B,"")=0,"",_xlfn.XLOOKUP(BY52, AutoFill_classes!$A:$A, AutoFill_classes!$B:$B,"")) -> Christn Lead in a Chnging Wrld | CC52: In-Person | CD52: MAPM-HISP | CE52: Southern Union - SU | CF52: load | CG52: yes | CH52: 3 | CJ52: =IF(CH52*CI52=0,"",CH52*CI52) | CO52: =IF(ROUNDUP((CN52-CM52)/7,0)=0,"",ROUNDUP((CN52-CM52)/7,0)) | CQ52: =IFERROR(IF(CO52*CP52=0,"",CO52*CP52), "") | CT52: =IF(ROUNDUP((CS52-CR52)/7,0)=0,"",ROUNDUP((CS52-CR52)/7,0)) | CV52: =IFERROR(IF(CT52*CU52=0,"",CT52*CU52), "") | CY52: =IF(ROUNDUP((CX52-CW52)/7,0)=0,"",ROUNDUP((CX52-CW52)/7,0)) | CZ52: =IFERROR(IF((DC52-(CP52+CU52))/CY52=0,"",ROUNDUP((DC52-(CP52+CU52))/CY52,0)), "") | DA52: =IFERROR(IF((DC52-(CQ52+CV52))=0, "", (DC52-(CQ52+CV52))), "") | DB52: =IFERROR(IF((CO52+CT52+CY52)=0, "", (CO52+CT52+CY52)), "") | DE52: 51
A53: Norton, Ricardo | B53: =IF(_xlfn.XLOOKUP(A53, AutoFill_names!B:B, AutoFill_names!C:C,"")=0,"",_xlfn.XLOOKUP(A53, AutoFill_names!B:B, AutoFill_names!C:C,"")) -> 000033967 | C53: =IF(_xlfn.XLOOKUP(A53, AutoFill_names!B:B, AutoFill_names!D:D,"")=0,"",_xlfn.XLOOKUP(A53, AutoFill_names!B:B, AutoFill_names!D:D,"")) -> ricardo@andrews.edu | D53: =IF(_xlfn.XLOOKUP(A53, AutoFill_names!B:B, AutoFill_names!E:E,"")=0,"",_xlfn.XLOOKUP(A53, AutoFill_names!B:B, AutoFill_names!E:E,"")) | E53: =IF(_xlfn.XLOOKUP(A53, AutoFill_names!B:B, AutoFill_names!F:F,"")=0,"",_xlfn.XLOOKUP(A53, AutoFill_names!B:B, AutoFill_names!F:F,"")) | J53: =IF(_xlfn.XLOOKUP(A53, AutoFill_names!B:B, AutoFill_names!K:K,"")=0,"",_xlfn.XLOOKUP(A53, AutoFill_names!B:B, AutoFill_names!K:K,"")) | K53: =IF(_xlfn.XLOOKUP(A53, AutoFill_names!B:B, AutoFill_names!L:L,"")=0,"",_xlfn.XLOOKUP(A53, AutoFill_names!B:B, AutoFill_names!L:L,"")) | L53: PATH517 | N53: =IF(_xlfn.XLOOKUP(L53, AutoFill_classes!A:A, AutoFill_classes!B:B,"")=0,"",_xlfn.XLOOKUP(L53, AutoFill_classes!A:A, AutoFill_classes!B:B,"")) -> Topics in Ministry | S53: In-Person | T53: MAPM-HISP | U53: Southern Union - SU | V53: load | W53: yes | X53: 3 | Z53: =IF(X53*Y53=0,"",X53*Y53) | AE53: =IF(ROUNDUP((AD53-AC53)/7,0)=0,"",ROUNDUP((AD53-AC53)/7,0)) | AG53: =IFERROR(IF(AE53*AF53=0,"",AE53*AF53), "") | AJ53: =IF(ROUNDUP((AI53-AH53)/7,0)=0,"",ROUNDUP((AI53-AH53)/7,0)) | AL53: =IFERROR(IF(AJ53*AK53=0,"",AJ53*AK53), "") | AO53: =IF(ROUNDUP((AN53-AM53)/7,0)=0,"",ROUNDUP((AN53-AM53)/7,0)) | AP53: =IFERROR(IF((AS53-(AF53+AK53))/AO53=0,"",ROUNDUP((AS53-(AF53+AK53))/AO53,0)), "") | AQ53: =IFERROR(IF((AS53-(AG53+AL53))=0, "", (AS53-(AG53+AL53))), "") | AR53: =IFERROR(IF((AE53+AJ53+AO53)=0, "", (AE53+AJ53+AO53)), "") | AV53: =IF(_xlfn.XLOOKUP(AT53, AutoFill_classes!$A:$A, AutoFill_classes!$B:$B,"")=0,"",_xlfn.XLOOKUP(AT53, AutoFill_classes!$A:$A, AutoFill_classes!$B:$B,"")) | BE53: =IF(BC53*BD53=0,"",BC53*BD53) | BJ53: =IF(ROUNDUP((BI53-BH53)/7,0)=0,"",ROUNDUP((BI53-BH53)/7,0)) | BL53: =IFERROR(IF(BJ53*BK53=0,"",BJ53*BK53), "") | BO53: =IF(ROUNDUP((BN53-BM53)/7,0)=0,"",ROUNDUP((BN53-BM53)/7,0)) | BQ53: =IFERROR(IF(BO53*BP53=0,"",BO53*BP53), "") | BT53: =IF(ROUNDUP((BS53-BR53)/7,0)=0,"",ROUNDUP((BS53-BR53)/7,0)) | BU53: =IFERROR(IF((BX53-(BK53+BP53))/BT53=0,"",ROUNDUP((BX53-(BK53+BP53))/BT53,0)), "") | BV53: =IFERROR(IF((BX53-(BL53+BQ53))=0, "", (BX53-(BL53+BQ53))), "") | BW53: =IFERROR(IF((BJ53+BO53+BT53)=0, "", (BJ53+BO53+BT53)), "") | CA53: =IF(_xlfn.XLOOKUP(BY53, AutoFill_classes!$A:$A, AutoFill_classes!$B:$B,"")=0,"",_xlfn.XLOOKUP(BY53, AutoFill_classes!$A:$A, AutoFill_classes!$B:$B,"")) | CJ53: =IF(CH53*CI53=0,"",CH53*CI53) | CO53: =IF(ROUNDUP((CN53-CM53)/7,0)=0,"",ROUNDUP((CN53-CM53)/7,0)) | CQ53: =IFERROR(IF(CO53*CP53=0,"",CO53*CP53), "") | CT53: =IF(ROUNDUP((CS53-CR53)/7,0)=0,"",ROUNDUP((CS53-CR53)/7,0)) | CV53: =IFERROR(IF(CT53*CU53=0,"",CT53*CU53), "") | CY53: =IF(ROUNDUP((CX53-CW53)/7,0)=0,"",ROUNDUP((CX53-CW53)/7,0)) | CZ53: =IFERROR(IF((DC53-(CP53+CU53))/CY53=0,"",ROUNDUP((DC53-(CP53+CU53))/CY53,0)), "") | DA53: =IFERROR(IF((DC53-(CQ53+CV53))=0, "", (DC53-(CQ53+CV53))), "") | DB53: =IFERROR(IF((CO53+CT53+CY53)=0, "", (CO53+CT53+CY53)), "") | DE53: 52
B54: =IF(_xlfn.XLOOKUP(A54, AutoFill_names!B:B, AutoFill_names!C:C,"")=0,"",_xlfn.XLOOKUP(A54, AutoFill_names!B:B, AutoFill_names!C:C,"")) | C54: =IF(_xlfn.XLOOKUP(A54, AutoFill_names!B:B, AutoFill_names!D:D,"")=0,"",_xlfn.XLOOKUP(A54, AutoFill_names!B:B, AutoFill_names!D:D,"")) | D54: =IF(_xlfn.XLOOKUP(A54, AutoFill_names!B:B, AutoFill_names!E:E,"")=0,"",_xlfn.XLOOKUP(A54, AutoFill_names!B:B, AutoFill_names!E:E,"")) | E54: =IF(_xlfn.XLOOKUP(A54, AutoFill_names!B:B, AutoFill_names!F:F,"")=0,"",_xlfn.XLOOKUP(A54, AutoFill_names!B:B, AutoFill_names!F:F,"")) | J54: =IF(_xlfn.XLOOKUP(A54, AutoFill_names!B:B, AutoFill_names!K:K,"")=0,"",_xlfn.XLOOKUP(A54, AutoFill_names!B:B, AutoFill_names!K:K,"")) | K54: =IF(_xlfn.XLOOKUP(A54, AutoFill_names!B:B, AutoFill_names!L:L,"")=0,"",_xlfn.XLOOKUP(A54, AutoFill_names!B:B, AutoFill_names!L:L,"")) | N54: =IF(_xlfn.XLOOKUP(L54, AutoFill_classes!A:A, AutoFill_classes!B:B,"")=0,"",_xlfn.XLOOKUP(L54, AutoFill_classes!A:A, AutoFill_classes!B:B,"")) | Z54: =IF(X54*Y54=0,"",X54*Y54) | AE54: =IF(ROUNDUP((AD54-AC54)/7,0)=0,"",ROUNDUP((AD54-AC54)/7,0)) | AG54: =IFERROR(IF(AE54*AF54=0,"",AE54*AF54), "") | AJ54: =IF(ROUNDUP((AI54-AH54)/7,0)=0,"",ROUNDUP((AI54-AH54)/7,0)) | AL54: =IFERROR(IF(AJ54*AK54=0,"",AJ54*AK54), "") | AO54: =IF(ROUNDUP((AN54-AM54)/7,0)=0,"",ROUNDUP((AN54-AM54)/7,0)) | AP54: =IFERROR(IF((AS54-(AF54+AK54))/AO54=0,"",ROUNDUP((AS54-(AF54+AK54))/AO54,0)), "") | AQ54: =IFERROR(IF((AS54-(AG54+AL54))=0, "", (AS54-(AG54+AL54))), "") | AR54: =IFERROR(IF((AE54+AJ54+AO54)=0, "", (AE54+AJ54+AO54)), "") | AV54: =IF(_xlfn.XLOOKUP(AT54, AutoFill_classes!$A:$A, AutoFill_classes!$B:$B,"")=0,"",_xlfn.XLOOKUP(AT54, AutoFill_classes!$A:$A, AutoFill_classes!$B:$B,"")) | BE54: =IF(BC54*BD54=0,"",BC54*BD54) | BJ54: =IF(ROUNDUP((BI54-BH54)/7,0)=0,"",ROUNDUP((BI54-BH54)/7,0)) | BL54: =IFERROR(IF(BJ54*BK54=0,"",BJ54*BK54), "") | BO54: =IF(ROUNDUP((BN54-BM54)/7,0)=0,"",ROUNDUP((BN54-BM54)/7,0)) | BQ54: =IFERROR(IF(BO54*BP54=0,"",BO54*BP54), "") | BT54: =IF(ROUNDUP((BS54-BR54)/7,0)=0,"",ROUNDUP((BS54-BR54)/7,0)) | BU54: =IFERROR(IF((BX54-(BK54+BP54))/BT54=0,"",ROUNDUP((BX54-(BK54+BP54))/BT54,0)), "") | BV54: =IFERROR(IF((BX54-(BL54+BQ54))=0, "", (BX54-(BL54+BQ54))), "") | BW54: =IFERROR(IF((BJ54+BO54+BT54)=0, "", (BJ54+BO54+BT54)), "") | CA54: =IF(_xlfn.XLOOKUP(BY54, AutoFill_classes!$A:$A, AutoFill_classes!$B:$B,"")=0,"",_xlfn.XLOOKUP(BY54, AutoFill_classes!$A:$A, AutoFill_classes!$B:$B,"")) | CJ54: =IF(CH54*CI54=0,"",CH54*CI54) | CO54: =IF(ROUNDUP((CN54-CM54)/7,0)=0,"",ROUNDUP((CN54-CM54)/7,0)) | CQ54: =IFERROR(IF(CO54*CP54=0,"",CO54*CP54), "") | CT54: =IF(ROUNDUP((CS54-CR54)/7,0)=0,"",ROUNDUP((CS54-CR54)/7,0)) | CV54: =IFERROR(IF(CT54*CU54=0,"",CT54*CU54), "") | CY54: =IF(ROUNDUP((CX54-CW54)/7,0)=0,"",ROUNDUP((CX54-CW54)/7,0)) | CZ54: =IFERROR(IF((DC54-(CP54+CU54))/CY54=0,"",ROUNDUP((DC54-(CP54+CU54))/CY54,0)), "") | DA54: =IFERROR(IF((DC54-(CQ54+CV54))=0, "", (DC54-(CQ54+CV54))), "") | DB54: =IFERROR(IF((CO54+CT54+CY54)=0, "", (CO54+CT54+CY54)), "") | DE54: 53
B55: =IF(_xlfn.XLOOKUP(A55, AutoFill_names!B:B, AutoFill_names!C:C,"")=0,"",_xlfn.XLOOKUP(A55, AutoFill_names!B:B, AutoFill_names!C:C,"")) | C55: =IF(_xlfn.XLOOKUP(A55, AutoFill_names!B:B, AutoFill_names!D:D,"")=0,"",_xlfn.XLOOKUP(A55, AutoFill_names!B:B, AutoFill_names!D:D,"")) | D55: =IF(_xlfn.XLOOKUP(A55, AutoFill_names!B:B, AutoFill_names!E:E,"")=0,"",_xlfn.XLOOKUP(A55, AutoFill_names!B:B, AutoFill_names!E:E,"")) | E55: =IF(_xlfn.XLOOKUP(A55, AutoFill_names!B:B, AutoFill_names!F:F,"")=0,"",_xlfn.XLOOKUP(A55, AutoFill_names!B:B, AutoFill_names!F:F,"")) | J55: =IF(_xlfn.XLOOKUP(A55, AutoFill_names!B:B, AutoFill_names!K:K,"")=0,"",_xlfn.XLOOKUP(A55, AutoFill_names!B:B, AutoFill_names!K:K,"")) | K55: =IF(_xlfn.XLOOKUP(A55, AutoFill_names!B:B, AutoFill_names!L:L,"")=0,"",_xlfn.XLOOKUP(A55, AutoFill_names!B:B, AutoFill_names!L:L,"")) | N55: =IF(_xlfn.XLOOKUP(L55, AutoFill_classes!A:A, AutoFill_classes!B:B,"")=0,"",_xlfn.XLOOKUP(L55, AutoFill_classes!A:A, AutoFill_classes!B:B,"")) | Z55: =IF(X55*Y55=0,"",X55*Y55) | AE55: =IF(ROUNDUP((AD55-AC55)/7,0)=0,"",ROUNDUP((AD55-AC55)/7,0)) | AG55: =IFERROR(IF(AE55*AF55=0,"",AE55*AF55), "") | AJ55: =IF(ROUNDUP((AI55-AH55)/7,0)=0,"",ROUNDUP((AI55-AH55)/7,0)) | AL55: =IFERROR(IF(AJ55*AK55=0,"",AJ55*AK55), "") | AO55: =IF(ROUNDUP((AN55-AM55)/7,0)=0,"",ROUNDUP((AN55-AM55)/7,0)) | AP55: =IFERROR(IF((AS55-(AF55+AK55))/AO55=0,"",ROUNDUP((AS55-(AF55+AK55))/AO55,0)), "") | AQ55: =IFERROR(IF((AS55-(AG55+AL55))=0, "", (AS55-(AG55+AL55))), "") | AR55: =IFERROR(IF((AE55+AJ55+AO55)=0, "", (AE55+AJ55+AO55)), "") | AV55: =IF(_xlfn.XLOOKUP(AT55, AutoFill_classes!$A:$A, AutoFill_classes!$B:$B,"")=0,"",_xlfn.XLOOKUP(AT55, AutoFill_classes!$A:$A, AutoFill_classes!$B:$B,"")) | BE55: =IF(BC55*BD55=0,"",BC55*BD55) | BJ55: =IF(ROUNDUP((BI55-BH55)/7,0)=0,"",ROUNDUP((BI55-BH55)/7,0)) | BL55: =IFERROR(IF(BJ55*BK55=0,"",BJ55*BK55), "") | BO55: =IF(ROUNDUP((BN55-BM55)/7,0)=0,"",ROUNDUP((BN55-BM55)/7,0)) | BQ55: =IFERROR(IF(BO55*BP55=0,"",BO55*BP55), "") | BT55: =IF(ROUNDUP((BS55-BR55)/7,0)=0,"",ROUNDUP((BS55-BR55)/7,0)) | BU55: =IFERROR(IF((BX55-(BK55+BP55))/BT55=0,"",ROUNDUP((BX55-(BK55+BP55))/BT55,0)), "") | BV55: =IFERROR(IF((BX55-(BL55+BQ55))=0, "", (BX55-(BL55+BQ55))), "") | BW55: =IFERROR(IF((BJ55+BO55+BT55)=0, "", (BJ55+BO55+BT55)), "") | CA55: =IF(_xlfn.XLOOKUP(BY55, AutoFill_classes!$A:$A, AutoFill_classes!$B:$B,"")=0,"",_xlfn.XLOOKUP(BY55, AutoFill_classes!$A:$A, AutoFill_classes!$B:$B,"")) | CJ55: =IF(CH55*CI55=0,"",CH55*CI55) | CO55: =IF(ROUNDUP((CN55-CM55)/7,0)=0,"",ROUNDUP((CN55-CM55)/7,0)) | CQ55: =IFERROR(IF(CO55*CP55=0,"",CO55*CP55), "") | CT55: =IF(ROUNDUP((CS55-CR55)/7,0)=0,"",ROUNDUP((CS55-CR55)/7,0)) | CV55: =IFERROR(IF(CT55*CU55=0,"",CT55*CU55), "") | CY55: =IF(ROUNDUP((CX55-CW55)/7,0)=0,"",ROUNDUP((CX55-CW55)/7,0)) | CZ55: =IFERROR(IF((DC55-(CP55+CU55))/CY55=0,"",ROUNDUP((DC55-(CP55+CU55))/CY55,0)), "") | DA55: =IFERROR(IF((DC55-(CQ55+CV55))=0, "", (DC55-(CQ55+CV55))), "") | DB55: =IFERROR(IF((CO55+CT55+CY55)=0, "", (CO55+CT55+CY55)), "") | DE55: 54
B56: =IF(_xlfn.XLOOKUP(A56, AutoFill_names!B:B, AutoFill_names!C:C,"")=0,"",_xlfn.XLOOKUP(A56, AutoFill_names!B:B, AutoFill_names!C:C,"")) | C56: =IF(_xlfn.XLOOKUP(A56, AutoFill_names!B:B, AutoFill_names!D:D,"")=0,"",_xlfn.XLOOKUP(A56, AutoFill_names!B:B, AutoFill_names!D:D,"")) | D56: =IF(_xlfn.XLOOKUP(A56, AutoFill_names!B:B, AutoFill_names!E:E,"")=0,"",_xlfn.XLOOKUP(A56, AutoFill_names!B:B, AutoFill_names!E:E,"")) | E56: =IF(_xlfn.XLOOKUP(A56, AutoFill_names!B:B, AutoFill_names!F:F,"")=0,"",_xlfn.XLOOKUP(A56, AutoFill_names!B:B, AutoFill_names!F:F,"")) | J56: =IF(_xlfn.XLOOKUP(A56, AutoFill_names!B:B, AutoFill_names!K:K,"")=0,"",_xlfn.XLOOKUP(A56, AutoFill_names!B:B, AutoFill_names!K:K,"")) | K56: =IF(_xlfn.XLOOKUP(A56, AutoFill_names!B:B, AutoFill_names!L:L,"")=0,"",_xlfn.XLOOKUP(A56, AutoFill_names!B:B, AutoFill_names!L:L,"")) | N56: =IF(_xlfn.XLOOKUP(L56, AutoFill_classes!A:A, AutoFill_classes!B:B,"")=0,"",_xlfn.XLOOKUP(L56, AutoFill_classes!A:A, AutoFill_classes!B:B,"")) | Z56: =IF(X56*Y56=0,"",X56*Y56) | AE56: =IF(ROUNDUP((AD56-AC56)/7,0)=0,"",ROUNDUP((AD56-AC56)/7,0)) | AG56: =IFERROR(IF(AE56*AF56=0,"",AE56*AF56), "") | AJ56: =IF(ROUNDUP((AI56-AH56)/7,0)=0,"",ROUNDUP((AI56-AH56)/7,0)) | AL56: =IFERROR(IF(AJ56*AK56=0,"",AJ56*AK56), "") | AO56: =IF(ROUNDUP((AN56-AM56)/7,0)=0,"",ROUNDUP((AN56-AM56)/7,0)) | AP56: =IFERROR(IF((AS56-(AF56+AK56))/AO56=0,"",ROUNDUP((AS56-(AF56+AK56))/AO56,0)), "") | AQ56: =IFERROR(IF((AS56-(AG56+AL56))=0, "", (AS56-(AG56+AL56))), "") | AR56: =IFERROR(IF((AE56+AJ56+AO56)=0, "", (AE56+AJ56+AO56)), "") | AV56: =IF(_xlfn.XLOOKUP(AT56, AutoFill_classes!$A:$A, AutoFill_classes!$B:$B,"")=0,"",_xlfn.XLOOKUP(AT56, AutoFill_classes!$A:$A, AutoFill_classes!$B:$B,"")) | BE56: =IF(BC56*BD56=0,"",BC56*BD56) | BJ56: =IF(ROUNDUP((BI56-BH56)/7,0)=0,"",ROUNDUP((BI56-BH56)/7,0)) | BL56: =IFERROR(IF(BJ56*BK56=0,"",BJ56*BK56), "") | BO56: =IF(ROUNDUP((BN56-BM56)/7,0)=0,"",ROUNDUP((BN56-BM56)/7,0)) | BQ56: =IFERROR(IF(BO56*BP56=0,"",BO56*BP56), "") | BT56: =IF(ROUNDUP((BS56-BR56)/7,0)=0,"",ROUNDUP((BS56-BR56)/7,0)) | BU56: =IFERROR(IF((BX56-(BK56+BP56))/BT56=0,"",ROUNDUP((BX56-(BK56+BP56))/BT56,0)), "") | BV56: =IFERROR(IF((BX56-(BL56+BQ56))=0, "", (BX56-(BL56+BQ56))), "") | BW56: =IFERROR(IF((BJ56+BO56+BT56)=0, "", (BJ56+BO56+BT56)), "") | CA56: =IF(_xlfn.XLOOKUP(BY56, AutoFill_classes!$A:$A, AutoFill_classes!$B:$B,"")=0,"",_xlfn.XLOOKUP(BY56, AutoFill_classes!$A:$A, AutoFill_classes!$B:$B,"")) | CJ56: =IF(CH56*CI56=0,"",CH56*CI56) | CO56: =IF(ROUNDUP((CN56-CM56)/7,0)=0,"",ROUNDUP((CN56-CM56)/7,0)) | CQ56: =IFERROR(IF(CO56*CP56=0,"",CO56*CP56), "") | CT56: =IF(ROUNDUP((CS56-CR56)/7,0)=0,"",ROUNDUP((CS56-CR56)/7,0)) | CV56: =IFERROR(IF(CT56*CU56=0,"",CT56*CU56), "") | CY56: =IF(ROUNDUP((CX56-CW56)/7,0)=0,"",ROUNDUP((CX56-CW56)/7,0)) | CZ56: =IFERROR(IF((DC56-(CP56+CU56))/CY56=0,"",ROUNDUP((DC56-(CP56+CU56))/CY56,0)), "") | DA56: =IFERROR(IF((DC56-(CQ56+CV56))=0, "", (DC56-(CQ56+CV56))), "") | DB56: =IFERROR(IF((CO56+CT56+CY56)=0, "", (CO56+CT56+CY56)), "") | DE56: 55
B57: =IF(_xlfn.XLOOKUP(A57, AutoFill_names!B:B, AutoFill_names!C:C,"")=0,"",_xlfn.XLOOKUP(A57, AutoFill_names!B:B, AutoFill_names!C:C,"")) | C57: =IF(_xlfn.XLOOKUP(A57, AutoFill_names!B:B, AutoFill_names!D:D,"")=0,"",_xlfn.XLOOKUP(A57, AutoFill_names!B:B, AutoFill_names!D:D,"")) | D57: =IF(_xlfn.XLOOKUP(A57, AutoFill_names!B:B, AutoFill_names!E:E,"")=0,"",_xlfn.XLOOKUP(A57, AutoFill_names!B:B, AutoFill_names!E:E,"")) | E57: =IF(_xlfn.XLOOKUP(A57, AutoFill_names!B:B, AutoFill_names!F:F,"")=0,"",_xlfn.XLOOKUP(A57, AutoFill_names!B:B, AutoFill_names!F:F,"")) | J57: =IF(_xlfn.XLOOKUP(A57, AutoFill_names!B:B, AutoFill_names!K:K,"")=0,"",_xlfn.XLOOKUP(A57, AutoFill_names!B:B, AutoFill_names!K:K,"")) | K57: =IF(_xlfn.XLOOKUP(A57, AutoFill_names!B:B, AutoFill_names!L:L,"")=0,"",_xlfn.XLOOKUP(A57, AutoFill_names!B:B, AutoFill_names!L:L,"")) | N57: =IF(_xlfn.XLOOKUP(L57, AutoFill_classes!A:A, AutoFill_classes!B:B,"")=0,"",_xlfn.XLOOKUP(L57, AutoFill_classes!A:A, AutoFill_classes!B:B,"")) | Z57: =IF(X57*Y57=0,"",X57*Y57) | AE57: =IF(ROUNDUP((AD57-AC57)/7,0)=0,"",ROUNDUP((AD57-AC57)/7,0)) | AG57: =IFERROR(IF(AE57*AF57=0,"",AE57*AF57), "") | AJ57: =IF(ROUNDUP((AI57-AH57)/7,0)=0,"",ROUNDUP((AI57-AH57)/7,0)) | AL57: =IFERROR(IF(AJ57*AK57=0,"",AJ57*AK57), "") | AO57: =IF(ROUNDUP((AN57-AM57)/7,0)=0,"",ROUNDUP((AN57-AM57)/7,0)) | AP57: =IFERROR(IF((AS57-(AF57+AK57))/AO57=0,"",ROUNDUP((AS57-(AF57+AK57))/AO57,0)), "") | AQ57: =IFERROR(IF((AS57-(AG57+AL57))=0, "", (AS57-(AG57+AL57))), "") | AR57: =IFERROR(IF((AE57+AJ57+AO57)=0, "", (AE57+AJ57+AO57)), "") | AV57: =IF(_xlfn.XLOOKUP(AT57, AutoFill_classes!$A:$A, AutoFill_classes!$B:$B,"")=0,"",_xlfn.XLOOKUP(AT57, AutoFill_classes!$A:$A, AutoFill_classes!$B:$B,"")) | BE57: =IF(BC57*BD57=0,"",BC57*BD57) | BJ57: =IF(ROUNDUP((BI57-BH57)/7,0)=0,"",ROUNDUP((BI57-BH57)/7,0)) | BL57: =IFERROR(IF(BJ57*BK57=0,"",BJ57*BK57), "") | BO57: =IF(ROUNDUP((BN57-BM57)/7,0)=0,"",ROUNDUP((BN57-BM57)/7,0)) | BQ57: =IFERROR(IF(BO57*BP57=0,"",BO57*BP57), "") | BT57: =IF(ROUNDUP((BS57-BR57)/7,0)=0,"",ROUNDUP((BS57-BR57)/7,0)) | BU57: =IFERROR(IF((BX57-(BK57+BP57))/BT57=0,"",ROUNDUP((BX57-(BK57+BP57))/BT57,0)), "") | BV57: =IFERROR(IF((BX57-(BL57+BQ57))=0, "", (BX57-(BL57+BQ57))), "") | BW57: =IFERROR(IF((BJ57+BO57+BT57)=0, "", (BJ57+BO57+BT57)), "") | CA57: =IF(_xlfn.XLOOKUP(BY57, AutoFill_classes!$A:$A, AutoFill_classes!$B:$B,"")=0,"",_xlfn.XLOOKUP(BY57, AutoFill_classes!$A:$A, AutoFill_classes!$B:$B,"")) | CJ57: =IF(CH57*CI57=0,"",CH57*CI57) | CO57: =IF(ROUNDUP((CN57-CM57)/7,0)=0,"",ROUNDUP((CN57-CM57)/7,0)) | CQ57: =IFERROR(IF(CO57*CP57=0,"",CO57*CP57), "") | CT57: =IF(ROUNDUP((CS57-CR57)/7,0)=0,"",ROUNDUP((CS57-CR57)/7,0)) | CV57: =IFERROR(IF(CT57*CU57=0,"",CT57*CU57), "") | CY57: =IF(ROUNDUP((CX57-CW57)/7,0)=0,"",ROUNDUP((CX57-CW57)/7,0)) | CZ57: =IFERROR(IF((DC57-(CP57+CU57))/CY57=0,"",ROUNDUP((DC57-(CP57+CU57))/CY57,0)), "") | DA57: =IFERROR(IF((DC57-(CQ57+CV57))=0, "", (DC57-(CQ57+CV57))), "") | DB57: =IFERROR(IF((CO57+CT57+CY57)=0, "", (CO57+CT57+CY57)), "") | DE57: 56
B58: =IF(_xlfn.XLOOKUP(A58, AutoFill_names!B:B, AutoFill_names!C:C,"")=0,"",_xlfn.XLOOKUP(A58, AutoFill_names!B:B, AutoFill_names!C:C,"")) | C58: =IF(_xlfn.XLOOKUP(A58, AutoFill_names!B:B, AutoFill_names!D:D,"")=0,"",_xlfn.XLOOKUP(A58, AutoFill_names!B:B, AutoFill_names!D:D,"")) | D58: =IF(_xlfn.XLOOKUP(A58, AutoFill_names!B:B, AutoFill_names!E:E,"")=0,"",_xlfn.XLOOKUP(A58, AutoFill_names!B:B, AutoFill_names!E:E,"")) | E58: =IF(_xlfn.XLOOKUP(A58, AutoFill_names!B:B, AutoFill_names!F:F,"")=0,"",_xlfn.XLOOKUP(A58, AutoFill_names!B:B, AutoFill_names!F:F,"")) | J58: =IF(_xlfn.XLOOKUP(A58, AutoFill_names!B:B, AutoFill_names!K:K,"")=0,"",_xlfn.XLOOKUP(A58, AutoFill_names!B:B, AutoFill_names!K:K,"")) | K58: =IF(_xlfn.XLOOKUP(A58, AutoFill_names!B:B, AutoFill_names!L:L,"")=0,"",_xlfn.XLOOKUP(A58, AutoFill_names!B:B, AutoFill_names!L:L,"")) | N58: =IF(_xlfn.XLOOKUP(L58, AutoFill_classes!A:A, AutoFill_classes!B:B,"")=0,"",_xlfn.XLOOKUP(L58, AutoFill_classes!A:A, AutoFill_classes!B:B,"")) | Z58: =IF(X58*Y58=0,"",X58*Y58) | AE58: =IF(ROUNDUP((AD58-AC58)/7,0)=0,"",ROUNDUP((AD58-AC58)/7,0)) | AG58: =IFERROR(IF(AE58*AF58=0,"",AE58*AF58), "") | AJ58: =IF(ROUNDUP((AI58-AH58)/7,0)=0,"",ROUNDUP((AI58-AH58)/7,0)) | AL58: =IFERROR(IF(AJ58*AK58=0,"",AJ58*AK58), "") | AO58: =IF(ROUNDUP((AN58-AM58)/7,0)=0,"",ROUNDUP((AN58-AM58)/7,0)) | AP58: =IFERROR(IF((AS58-(AF58+AK58))/AO58=0,"",ROUNDUP((AS58-(AF58+AK58))/AO58,0)), "") | AQ58: =IFERROR(IF((AS58-(AG58+AL58))=0, "", (AS58-(AG58+AL58))), "") | AR58: =IFERROR(IF((AE58+AJ58+AO58)=0, "", (AE58+AJ58+AO58)), "") | AV58: =IF(_xlfn.XLOOKUP(AT58, AutoFill_classes!$A:$A, AutoFill_classes!$B:$B,"")=0,"",_xlfn.XLOOKUP(AT58, AutoFill_classes!$A:$A, AutoFill_classes!$B:$B,"")) | BE58: =IF(BC58*BD58=0,"",BC58*BD58) | BJ58: =IF(ROUNDUP((BI58-BH58)/7,0)=0,"",ROUNDUP((BI58-BH58)/7,0)) | BL58: =IFERROR(IF(BJ58*BK58=0,"",BJ58*BK58), "") | BO58: =IF(ROUNDUP((BN58-BM58)/7,0)=0,"",ROUNDUP((BN58-BM58)/7,0)) | BQ58: =IFERROR(IF(BO58*BP58=0,"",BO58*BP58), "") | BT58: =IF(ROUNDUP((BS58-BR58)/7,0)=0,"",ROUNDUP((BS58-BR58)/7,0)) | BU58: =IFERROR(IF((BX58-(BK58+BP58))/BT58=0,"",ROUNDUP((BX58-(BK58+BP58))/BT58,0)), "") | BV58: =IFERROR(IF((BX58-(BL58+BQ58))=0, "", (BX58-(BL58+BQ58))), "") | BW58: =IFERROR(IF((BJ58+BO58+BT58)=0, "", (BJ58+BO58+BT58)), "") | CA58: =IF(_xlfn.XLOOKUP(BY58, AutoFill_classes!$A:$A, AutoFill_classes!$B:$B,"")=0,"",_xlfn.XLOOKUP(BY58, AutoFill_classes!$A:$A, AutoFill_classes!$B:$B,"")) | CJ58: =IF(CH58*CI58=0,"",CH58*CI58) | CO58: =IF(ROUNDUP((CN58-CM58)/7,0)=0,"",ROUNDUP((CN58-CM58)/7,0)) | CQ58: =IFERROR(IF(CO58*CP58=0,"",CO58*CP58), "") | CT58: =IF(ROUNDUP((CS58-CR58)/7,0)=0,"",ROUNDUP((CS58-CR58)/7,0)) | CV58: =IFERROR(IF(CT58*CU58=0,"",CT58*CU58), "") | CY58: =IF(ROUNDUP((CX58-CW58)/7,0)=0,"",ROUNDUP((CX58-CW58)/7,0)) | CZ58: =IFERROR(IF((DC58-(CP58+CU58))/CY58=0,"",ROUNDUP((DC58-(CP58+CU58))/CY58,0)), "") | DA58: =IFERROR(IF((DC58-(CQ58+CV58))=0, "", (DC58-(CQ58+CV58))), "") | DB58: =IFERROR(IF((CO58+CT58+CY58)=0, "", (CO58+CT58+CY58)), "") | DE58: 57
B59: =IF(_xlfn.XLOOKUP(A59, AutoFill_names!B:B, AutoFill_names!C:C,"")=0,"",_xlfn.XLOOKUP(A59, AutoFill_names!B:B, AutoFill_names!C:C,"")) | C59: =IF(_xlfn.XLOOKUP(A59, AutoFill_names!B:B, AutoFill_names!D:D,"")=0,"",_xlfn.XLOOKUP(A59, AutoFill_names!B:B, AutoFill_names!D:D,"")) | D59: =IF(_xlfn.XLOOKUP(A59, AutoFill_names!B:B, AutoFill_names!E:E,"")=0,"",_xlfn.XLOOKUP(A59, AutoFill_names!B:B, AutoFill_names!E:E,"")) | E59: =IF(_xlfn.XLOOKUP(A59, AutoFill_names!B:B, AutoFill_names!F:F,"")=0,"",_xlfn.XLOOKUP(A59, AutoFill_names!B:B, AutoFill_names!F:F,"")) | J59: =IF(_xlfn.XLOOKUP(A59, AutoFill_names!B:B, AutoFill_names!K:K,"")=0,"",_xlfn.XLOOKUP(A59, AutoFill_names!B:B, AutoFill_names!K:K,"")) | K59: =IF(_xlfn.XLOOKUP(A59, AutoFill_names!B:B, AutoFill_names!L:L,"")=0,"",_xlfn.XLOOKUP(A59, AutoFill_names!B:B, AutoFill_names!L:L,"")) | N59: =IF(_xlfn.XLOOKUP(L59, AutoFill_classes!A:A, AutoFill_classes!B:B,"")=0,"",_xlfn.XLOOKUP(L59, AutoFill_classes!A:A, AutoFill_classes!B:B,"")) | Z59: =IF(X59*Y59=0,"",X59*Y59) | AE59: =IF(ROUNDUP((AD59-AC59)/7,0)=0,"",ROUNDUP((AD59-AC59)/7,0)) | AG59: =IFERROR(IF(AE59*AF59=0,"",AE59*AF59), "") | AJ59: =IF(ROUNDUP((AI59-AH59)/7,0)=0,"",ROUNDUP((AI59-AH59)/7,0)) | AL59: =IFERROR(IF(AJ59*AK59=0,"",AJ59*AK59), "") | AO59: =IF(ROUNDUP((AN59-AM59)/7,0)=0,"",ROUNDUP((AN59-AM59)/7,0)) | AP59: =IFERROR(IF((AS59-(AF59+AK59))/AO59=0,"",ROUNDUP((AS59-(AF59+AK59))/AO59,0)), "") | AQ59: =IFERROR(IF((AS59-(AG59+AL59))=0, "", (AS59-(AG59+AL59))), "") | AR59: =IFERROR(IF((AE59+AJ59+AO59)=0, "", (AE59+AJ59+AO59)), "") | AV59: =IF(_xlfn.XLOOKUP(AT59, AutoFill_classes!$A:$A, AutoFill_classes!$B:$B,"")=0,"",_xlfn.XLOOKUP(AT59, AutoFill_classes!$A:$A, AutoFill_classes!$B:$B,"")) | BE59: =IF(BC59*BD59=0,"",BC59*BD59) | BJ59: =IF(ROUNDUP((BI59-BH59)/7,0)=0,"",ROUNDUP((BI59-BH59)/7,0)) | BL59: =IFERROR(IF(BJ59*BK59=0,"",BJ59*BK59), "") | BO59: =IF(ROUNDUP((BN59-BM59)/7,0)=0,"",ROUNDUP((BN59-BM59)/7,0)) | BQ59: =IFERROR(IF(BO59*BP59=0,"",BO59*BP59), "") | BT59: =IF(ROUNDUP((BS59-BR59)/7,0)=0,"",ROUNDUP((BS59-BR59)/7,0)) | BU59: =IFERROR(IF((BX59-(BK59+BP59))/BT59=0,"",ROUNDUP((BX59-(BK59+BP59))/BT59,0)), "") | BV59: =IFERROR(IF((BX59-(BL59+BQ59))=0, "", (BX59-(BL59+BQ59))), "") | BW59: =IFERROR(IF((BJ59+BO59+BT59)=0, "", (BJ59+BO59+BT59)), "") | CA59: =IF(_xlfn.XLOOKUP(BY59, AutoFill_classes!$A:$A, AutoFill_classes!$B:$B,"")=0,"",_xlfn.XLOOKUP(BY59, AutoFill_classes!$A:$A, AutoFill_classes!$B:$B,"")) | CJ59: =IF(CH59*CI59=0,"",CH59*CI59) | CO59: =IF(ROUNDUP((CN59-CM59)/7,0)=0,"",ROUNDUP((CN59-CM59)/7,0)) | CQ59: =IFERROR(IF(CO59*CP59=0,"",CO59*CP59), "") | CT59: =IF(ROUNDUP((CS59-CR59)/7,0)=0,"",ROUNDUP((CS59-CR59)/7,0)) | CV59: =IFERROR(IF(CT59*CU59=0,"",CT59*CU59), "") | CY59: =IF(ROUNDUP((CX59-CW59)/7,0)=0,"",ROUNDUP((CX59-CW59)/7,0)) | CZ59: =IFERROR(IF((DC59-(CP59+CU59))/CY59=0,"",ROUNDUP((DC59-(CP59+CU59))/CY59,0)), "") | DA59: =IFERROR(IF((DC59-(CQ59+CV59))=0, "", (DC59-(CQ59+CV59))), "") | DB59: =IFERROR(IF((CO59+CT59+CY59)=0, "", (CO59+CT59+CY59)), "") | DE59: 58
B60: =IF(_xlfn.XLOOKUP(A60, AutoFill_names!B:B, AutoFill_names!C:C,"")=0,"",_xlfn.XLOOKUP(A60, AutoFill_names!B:B, AutoFill_names!C:C,"")) | C60: =IF(_xlfn.XLOOKUP(A60, AutoFill_names!B:B, AutoFill_names!D:D,"")=0,"",_xlfn.XLOOKUP(A60, AutoFill_names!B:B, AutoFill_names!D:D,"")) | D60: =IF(_xlfn.XLOOKUP(A60, AutoFill_names!B:B, AutoFill_names!E:E,"")=0,"",_xlfn.XLOOKUP(A60, AutoFill_names!B:B, AutoFill_names!E:E,"")) | E60: =IF(_xlfn.XLOOKUP(A60, AutoFill_names!B:B, AutoFill_names!F:F,"")=0,"",_xlfn.XLOOKUP(A60, AutoFill_names!B:B, AutoFill_names!F:F,"")) | J60: =IF(_xlfn.XLOOKUP(A60, AutoFill_names!B:B, AutoFill_names!K:K,"")=0,"",_xlfn.XLOOKUP(A60, AutoFill_names!B:B, AutoFill_names!K:K,"")) | K60: =IF(_xlfn.XLOOKUP(A60, AutoFill_names!B:B, AutoFill_names!L:L,"")=0,"",_xlfn.XLOOKUP(A60, AutoFill_names!B:B, AutoFill_names!L:L,"")) | N60: =IF(_xlfn.XLOOKUP(L60, AutoFill_classes!A:A, AutoFill_classes!B:B,"")=0,"",_xlfn.XLOOKUP(L60, AutoFill_classes!A:A, AutoFill_classes!B:B,"")) | Z60: =IF(X60*Y60=0,"",X60*Y60) | AE60: =IF(ROUNDUP((AD60-AC60)/7,0)=0,"",ROUNDUP((AD60-AC60)/7,0)) | AG60: =IFERROR(IF(AE60*AF60=0,"",AE60*AF60), "") | AJ60: =IF(ROUNDUP((AI60-AH60)/7,0)=0,"",ROUNDUP((AI60-AH60)/7,0)) | AL60: =IFERROR(IF(AJ60*AK60=0,"",AJ60*AK60), "") | AO60: =IF(ROUNDUP((AN60-AM60)/7,0)=0,"",ROUNDUP((AN60-AM60)/7,0)) | AP60: =IFERROR(IF((AS60-(AF60+AK60))/AO60=0,"",ROUNDUP((AS60-(AF60+AK60))/AO60,0)), "") | AQ60: =IFERROR(IF((AS60-(AG60+AL60))=0, "", (AS60-(AG60+AL60))), "") | AR60: =IFERROR(IF((AE60+AJ60+AO60)=0, "", (AE60+AJ60+AO60)), "") | AV60: =IF(_xlfn.XLOOKUP(AT60, AutoFill_classes!$A:$A, AutoFill_classes!$B:$B,"")=0,"",_xlfn.XLOOKUP(AT60, AutoFill_classes!$A:$A, AutoFill_classes!$B:$B,"")) | BE60: =IF(BC60*BD60=0,"",BC60*BD60) | BJ60: =IF(ROUNDUP((BI60-BH60)/7,0)=0,"",ROUNDUP((BI60-BH60)/7,0)) | BL60: =IFERROR(IF(BJ60*BK60=0,"",BJ60*BK60), "") | BO60: =IF(ROUNDUP((BN60-BM60)/7,0)=0,"",ROUNDUP((BN60-BM60)/7,0)) | BQ60: =IFERROR(IF(BO60*BP60=0,"",BO60*BP60), "") | BT60: =IF(ROUNDUP((BS60-BR60)/7,0)=0,"",ROUNDUP((BS60-BR60)/7,0)) | BU60: =IFERROR(IF((BX60-(BK60+BP60))/BT60=0,"",ROUNDUP((BX60-(BK60+BP60))/BT60,0)), "") | BV60: =IFERROR(IF((BX60-(BL60+BQ60))=0, "", (BX60-(BL60+BQ60))), "") | BW60: =IFERROR(IF((BJ60+BO60+BT60)=0, "", (BJ60+BO60+BT60)), "") | CA60: =IF(_xlfn.XLOOKUP(BY60, AutoFill_classes!$A:$A, AutoFill_classes!$B:$B,"")=0,"",_xlfn.XLOOKUP(BY60, AutoFill_classes!$A:$A, AutoFill_classes!$B:$B,"")) | CJ60: =IF(CH60*CI60=0,"",CH60*CI60) | CO60: =IF(ROUNDUP((CN60-CM60)/7,0)=0,"",ROUNDUP((CN60-CM60)/7,0)) | CQ60: =IFERROR(IF(CO60*CP60=0,"",CO60*CP60), "") | CT60: =IF(ROUNDUP((CS60-CR60)/7,0)=0,"",ROUNDUP((CS60-CR60)/7,0)) | CV60: =IFERROR(IF(CT60*CU60=0,"",CT60*CU60), "") | CY60: =IF(ROUNDUP((CX60-CW60)/7,0)=0,"",ROUNDUP((CX60-CW60)/7,0)) | CZ60: =IFERROR(IF((DC60-(CP60+CU60))/CY60=0,"",ROUNDUP((DC60-(CP60+CU60))/CY60,0)), "") | DA60: =IFERROR(IF((DC60-(CQ60+CV60))=0, "", (DC60-(CQ60+CV60))), "") | DB60: =IFERROR(IF((CO60+CT60+CY60)=0, "", (CO60+CT60+CY60)), "") | DE60: 59
A61: Totals: Saff (Hyveth's position) notes: director, Dmin, 25% load reduction | B61: ="Total Credits: " & IFERROR(IF(DD61=0,"",DD61),"") -> Total Credits: 10 | X61: =IF(SUM(X62:X70)=0, "", SUM(X62:X70)) | BC61: =IF(SUM(BC62:BC70)=0, "", SUM(BC62:BC70)) -> 7 | CH61: =IF(SUM(CH62:CH70)=0, "", SUM(CH62:CH70)) -> 3 | DD61: =IF(SUM(L61:DC61)=0, "", SUM(L61:DC61)) -> 10 | DE61: 60
A62: Staff PATH | B62: =IF(_xlfn.XLOOKUP(A62, AutoFill_names!B:B, AutoFill_names!C:C,"")=0,"",_xlfn.XLOOKUP(A62, AutoFill_names!B:B, AutoFill_names!C:C,"")) | C62: =IF(_xlfn.XLOOKUP(A62, AutoFill_names!B:B, AutoFill_names!D:D,"")=0,"",_xlfn.XLOOKUP(A62, AutoFill_names!B:B, AutoFill_names!D:D,"")) | D62: =IF(_xlfn.XLOOKUP(A62, AutoFill_names!B:B, AutoFill_names!E:E,"")=0,"",_xlfn.XLOOKUP(A62, AutoFill_names!B:B, AutoFill_names!E:E,"")) | E62: =IF(_xlfn.XLOOKUP(A62, AutoFill_names!B:B, AutoFill_names!F:F,"")=0,"",_xlfn.XLOOKUP(A62, AutoFill_names!B:B, AutoFill_names!F:F,"")) | J62: =IF(_xlfn.XLOOKUP(A62, AutoFill_names!B:B, AutoFill_names!K:K,"")=0,"",_xlfn.XLOOKUP(A62, AutoFill_names!B:B, AutoFill_names!K:K,"")) | K62: =IF(_xlfn.XLOOKUP(A62, AutoFill_names!B:B, AutoFill_names!L:L,"")=0,"",_xlfn.XLOOKUP(A62, AutoFill_names!B:B, AutoFill_names!L:L,"")) | N62: =IF(_xlfn.XLOOKUP(L62, AutoFill_classes!A:A, AutoFill_classes!B:B,"")=0,"",_xlfn.XLOOKUP(L62, AutoFill_classes!A:A, AutoFill_classes!B:B,"")) | Z62: =IF(X62*Y62=0,"",X62*Y62) | AE62: =IF(ROUNDUP((AD62-AC62)/7,0)=0,"",ROUNDUP((AD62-AC62)/7,0)) | AG62: =IFERROR(IF(AE62*AF62=0,"",AE62*AF62), "") | AJ62: =IF(ROUNDUP((AI62-AH62)/7,0)=0,"",ROUNDUP((AI62-AH62)/7,0)) | AL62: =IFERROR(IF(AJ62*AK62=0,"",AJ62*AK62), "") | AO62: =IF(ROUNDUP((AN62-AM62)/7,0)=0,"",ROUNDUP((AN62-AM62)/7,0)) | AP62: =IFERROR(IF((AS62-(AF62+AK62))/AO62=0,"",ROUNDUP((AS62-(AF62+AK62))/AO62,0)), "") | AQ62: =IFERROR(IF((AS62-(AG62+AL62))=0, "", (AS62-(AG62+AL62))), "") | AR62: =IFERROR(IF((AE62+AJ62+AO62)=0, "", (AE62+AJ62+AO62)), "") | AT62: PATH627 | AV62: =IF(_xlfn.XLOOKUP(AT62, AutoFill_classes!$A:$A, AutoFill_classes!$B:$B,"")=0,"",_xlfn.XLOOKUP(AT62, AutoFill_classes!$A:$A, AutoFill_classes!$B:$B,"")) -> Black Preaching | AX62: In-Person | AY62: MDIV | AZ62: Main Campus - MC | BA62: load | BB62: yes | BC62: 2 | BE62: =IF(BC62*BD62=0,"",BC62*BD62) | BJ62: =IF(ROUNDUP((BI62-BH62)/7,0)=0,"",ROUNDUP((BI62-BH62)/7,0)) | BL62: =IFERROR(IF(BJ62*BK62=0,"",BJ62*BK62), "") | BO62: =IF(ROUNDUP((BN62-BM62)/7,0)=0,"",ROUNDUP((BN62-BM62)/7,0)) | BQ62: =IFERROR(IF(BO62*BP62=0,"",BO62*BP62), "") | BT62: =IF(ROUNDUP((BS62-BR62)/7,0)=0,"",ROUNDUP((BS62-BR62)/7,0)) | BU62: =IFERROR(IF((BX62-(BK62+BP62))/BT62=0,"",ROUNDUP((BX62-(BK62+BP62))/BT62,0)), "") | BV62: =IFERROR(IF((BX62-(BL62+BQ62))=0, "", (BX62-(BL62+BQ62))), "") | BW62: =IFERROR(IF((BJ62+BO62+BT62)=0, "", (BJ62+BO62+BT62)), "") | BY62: PATH609 | CA62: =IF(_xlfn.XLOOKUP(BY62, AutoFill_classes!$A:$A, AutoFill_classes!$B:$B,"")=0,"",_xlfn.XLOOKUP(BY62, AutoFill_classes!$A:$A, AutoFill_classes!$B:$B,"")) -> Media Ministry | CC62: In-Person | CD62: MDIV | CE62: Main Campus - MC | CF62: load | CG62: yes | CH62: 1 | CJ62: =IF(CH62*CI62=0,"",CH62*CI62) | CO62: =IF(ROUNDUP((CN62-CM62)/7,0)=0,"",ROUNDUP((CN62-CM62)/7,0)) | CQ62: =IFERROR(IF(CO62*CP62=0,"",CO62*CP62), "") | CT62: =IF(ROUNDUP((CS62-CR62)/7,0)=0,"",ROUNDUP((CS62-CR62)/7,0)) | CV62: =IFERROR(IF(CT62*CU62=0,"",CT62*CU62), "") | CY62: =IF(ROUNDUP((CX62-CW62)/7,0)=0,"",ROUNDUP((CX62-CW62)/7,0)) | CZ62: =IFERROR(IF((DC62-(CP62+CU62))/CY62=0,"",ROUNDUP((DC62-(CP62+CU62))/CY62,0)), "") | DA62: =IFERROR(IF((DC62-(CQ62+CV62))=0, "", (DC62-(CQ62+CV62))), "") | DB62: =IFERROR(IF((CO62+CT62+CY62)=0, "", (CO62+CT62+CY62)), "") | DE62: 61
A63: Staff PATH | B63: =IF(_xlfn.XLOOKUP(A63, AutoFill_names!B:B, AutoFill_names!C:C,"")=0,"",_xlfn.XLOOKUP(A63, AutoFill_names!B:B, AutoFill_names!C:C,"")) | C63: =IF(_xlfn.XLOOKUP(A63, AutoFill_names!B:B, AutoFill_names!D:D,"")=0,"",_xlfn.XLOOKUP(A63, AutoFill_names!B:B, AutoFill_names!D:D,"")) | D63: =IF(_xlfn.XLOOKUP(A63, AutoFill_names!B:B, AutoFill_names!E:E,"")=0,"",_xlfn.XLOOKUP(A63, AutoFill_names!B:B, AutoFill_names!E:E,"")) | E63: =IF(_xlfn.XLOOKUP(A63, AutoFill_names!B:B, AutoFill_names!F:F,"")=0,"",_xlfn.XLOOKUP(A63, AutoFill_names!B:B, AutoFill_names!F:F,"")) | J63: =IF(_xlfn.XLOOKUP(A63, AutoFill_names!B:B, AutoFill_names!K:K,"")=0,"",_xlfn.XLOOKUP(A63, AutoFill_names!B:B, AutoFill_names!K:K,"")) | K63: =IF(_xlfn.XLOOKUP(A63, AutoFill_names!B:B, AutoFill_names!L:L,"")=0,"",_xlfn.XLOOKUP(A63, AutoFill_names!B:B, AutoFill_names!L:L,"")) | N63: =IF(_xlfn.XLOOKUP(L63, AutoFill_classes!A:A, AutoFill_classes!B:B,"")=0,"",_xlfn.XLOOKUP(L63, AutoFill_classes!A:A, AutoFill_classes!B:B,"")) | Z63: =IF(X63*Y63=0,"",X63*Y63) | AE63: =IF(ROUNDUP((AD63-AC63)/7,0)=0,"",ROUNDUP((AD63-AC63)/7,0)) | AG63: =IFERROR(IF(AE63*AF63=0,"",AE63*AF63), "") | AJ63: =IF(ROUNDUP((AI63-AH63)/7,0)=0,"",ROUNDUP((AI63-AH63)/7,0)) | AL63: =IFERROR(IF(AJ63*AK63=0,"",AJ63*AK63), "") | AO63: =IF(ROUNDUP((AN63-AM63)/7,0)=0,"",ROUNDUP((AN63-AM63)/7,0)) | AP63: =IFERROR(IF((AS63-(AF63+AK63))/AO63=0,"",ROUNDUP((AS63-(AF63+AK63))/AO63,0)), "") | AQ63: =IFERROR(IF((AS63-(AG63+AL63))=0, "", (AS63-(AG63+AL63))), "") | AR63: =IFERROR(IF((AE63+AJ63+AO63)=0, "", (AE63+AJ63+AO63)), "") | AT63: PATH601 | AV63: =IF(_xlfn.XLOOKUP(AT63, AutoFill_classes!$A:$A, AutoFill_classes!$B:$B,"")=0,"",_xlfn.XLOOKUP(AT63, AutoFill_classes!$A:$A, AutoFill_classes!$B:$B,"")) -> Preach. Biblical Prophecies | AX63: In-Person | AY63: MDIV | AZ63: Main Campus - MC | BA63: load | BB63: yes | BC63: 2 | BE63: =IF(BC63*BD63=0,"",BC63*BD63) | BJ63: =IF(ROUNDUP((BI63-BH63)/7,0)=0,"",ROUNDUP((BI63-BH63)/7,0)) | BL63: =IFERROR(IF(BJ63*BK63=0,"",BJ63*BK63), "") | BO63: =IF(ROUNDUP((BN63-BM63)/7,0)=0,"",ROUNDUP((BN63-BM63)/7,0)) | BQ63: =IFERROR(IF(BO63*BP63=0,"",BO63*BP63), "") | BT63: =IF(ROUNDUP((BS63-BR63)/7,0)=0,"",ROUNDUP((BS63-BR63)/7,0)) | BU63: =IFERROR(IF((BX63-(BK63+BP63))/BT63=0,"",ROUNDUP((BX63-(BK63+BP63))/BT63,0)), "") | BV63: =IFERROR(IF((BX63-(BL63+BQ63))=0, "", (BX63-(BL63+BQ63))), "") | BW63: =IFERROR(IF((BJ63+BO63+BT63)=0, "", (BJ63+BO63+BT63)), "") | BY63: PATH609 | BZ63: 998 | CA63: =IF(_xlfn.XLOOKUP(BY63, AutoFill_classes!$A:$A, AutoFill_classes!$B:$B,"")=0,"",_xlfn.XLOOKUP(BY63, AutoFill_classes!$A:$A, AutoFill_classes!$B:$B,"")) -> Media Ministry | CC63: SYNC | CD63: MDIV | CE63: Main Campus - MC | CF63: load | CG63: yes | CH63: 0 | CJ63: =IF(CH63*CI63=0,"",CH63*CI63) | CO63: =IF(ROUNDUP((CN63-CM63)/7,0)=0,"",ROUNDUP((CN63-CM63)/7,0)) | CQ63: =IFERROR(IF(CO63*CP63=0,"",CO63*CP63), "") | CT63: =IF(ROUNDUP((CS63-CR63)/7,0)=0,"",ROUNDUP((CS63-CR63)/7,0)) | CV63: =IFERROR(IF(CT63*CU63=0,"",CT63*CU63), "") | CY63: =IF(ROUNDUP((CX63-CW63)/7,0)=0,"",ROUNDUP((CX63-CW63)/7,0)) | CZ63: =IFERROR(IF((DC63-(CP63+CU63))/CY63=0,"",ROUNDUP((DC63-(CP63+CU63))/CY63,0)), "") | DA63: =IFERROR(IF((DC63-(CQ63+CV63))=0, "", (DC63-(CQ63+CV63))), "") | DB63: =IFERROR(IF((CO63+CT63+CY63)=0, "", (CO63+CT63+CY63)), "") | DE63: 62
A64: Staff PATH | B64: =IF(_xlfn.XLOOKUP(A64, AutoFill_names!B:B, AutoFill_names!C:C,"")=0,"",_xlfn.XLOOKUP(A64, AutoFill_names!B:B, AutoFill_names!C:C,"")) | C64: =IF(_xlfn.XLOOKUP(A64, AutoFill_names!B:B, AutoFill_names!D:D,"")=0,"",_xlfn.XLOOKUP(A64, AutoFill_names!B:B, AutoFill_names!D:D,"")) | D64: =IF(_xlfn.XLOOKUP(A64, AutoFill_names!B:B, AutoFill_names!E:E,"")=0,"",_xlfn.XLOOKUP(A64, AutoFill_names!B:B, AutoFill_names!E:E,"")) | E64: =IF(_xlfn.XLOOKUP(A64, AutoFill_names!B:B, AutoFill_names!F:F,"")=0,"",_xlfn.XLOOKUP(A64, AutoFill_names!B:B, AutoFill_names!F:F,"")) | J64: =IF(_xlfn.XLOOKUP(A64, AutoFill_names!B:B, AutoFill_names!K:K,"")=0,"",_xlfn.XLOOKUP(A64, AutoFill_names!B:B, AutoFill_names!K:K,"")) | K64: =IF(_xlfn.XLOOKUP(A64, AutoFill_names!B:B, AutoFill_names!L:L,"")=0,"",_xlfn.XLOOKUP(A64, AutoFill_names!B:B, AutoFill_names!L:L,"")) | N64: =IF(_xlfn.XLOOKUP(L64, AutoFill_classes!A:A, AutoFill_classes!B:B,"")=0,"",_xlfn.XLOOKUP(L64, AutoFill_classes!A:A, AutoFill_classes!B:B,"")) | Z64: =IF(X64*Y64=0,"",X64*Y64) | AE64: =IF(ROUNDUP((AD64-AC64)/7,0)=0,"",ROUNDUP((AD64-AC64)/7,0)) | AG64: =IFERROR(IF(AE64*AF64=0,"",AE64*AF64), "") | AJ64: =IF(ROUNDUP((AI64-AH64)/7,0)=0,"",ROUNDUP((AI64-AH64)/7,0)) | AL64: =IFERROR(IF(AJ64*AK64=0,"",AJ64*AK64), "") | AO64: =IF(ROUNDUP((AN64-AM64)/7,0)=0,"",ROUNDUP((AN64-AM64)/7,0)) | AP64: =IFERROR(IF((AS64-(AF64+AK64))/AO64=0,"",ROUNDUP((AS64-(AF64+AK64))/AO64,0)), "") | AQ64: =IFERROR(IF((AS64-(AG64+AL64))=0, "", (AS64-(AG64+AL64))), "") | AR64: =IFERROR(IF((AE64+AJ64+AO64)=0, "", (AE64+AJ64+AO64)), "") | AT64: PATH637 | AV64: =IF(_xlfn.XLOOKUP(AT64, AutoFill_classes!$A:$A, AutoFill_classes!$B:$B,"")=0,"",_xlfn.XLOOKUP(AT64, AutoFill_classes!$A:$A, AutoFill_classes!$B:$B,"")) -> Seminar in Preaching | AY64: MAPM-ENGL | AZ64: Canadian Union - CNU | BA64: load | BB64: yes | BC64: 3 | BE64: =IF(BC64*BD64=0,"",BC64*BD64) | BJ64: =IF(ROUNDUP((BI64-BH64)/7,0)=0,"",ROUNDUP((BI64-BH64)/7,0)) | BL64: =IFERROR(IF(BJ64*BK64=0,"",BJ64*BK64), "") | BO64: =IF(ROUNDUP((BN64-BM64)/7,0)=0,"",ROUNDUP((BN64-BM64)/7,0)) | BQ64: =IFERROR(IF(BO64*BP64=0,"",BO64*BP64), "") | BT64: =IF(ROUNDUP((BS64-BR64)/7,0)=0,"",ROUNDUP((BS64-BR64)/7,0)) | BU64: =IFERROR(IF((BX64-(BK64+BP64))/BT64=0,"",ROUNDUP((BX64-(BK64+BP64))/BT64,0)), "") | BV64: =IFERROR(IF((BX64-(BL64+BQ64))=0, "", (BX64-(BL64+BQ64))), "") | BW64: =IFERROR(IF((BJ64+BO64+BT64)=0, "", (BJ64+BO64+BT64)), "") | BY64: PATH603 | CA64: =IF(_xlfn.XLOOKUP(BY64, AutoFill_classes!$A:$A, AutoFill_classes!$B:$B,"")=0,"",_xlfn.XLOOKUP(BY64, AutoFill_classes!$A:$A, AutoFill_classes!$B:$B,"")) -> Evangelistic Preaching | CC64: In-Person | CD64: MDIV | CE64: Main Campus - MC | CF64: load | CG64: yes | CH64: 2 | CJ64: =IF(CH64*CI64=0,"",CH64*CI64) | CO64: =IF(ROUNDUP((CN64-CM64)/7,0)=0,"",ROUNDUP((CN64-CM64)/7,0)) | CQ64: =IFERROR(IF(CO64*CP64=0,"",CO64*CP64), "") | CT64: =IF(ROUNDUP((CS64-CR64)/7,0)=0,"",ROUNDUP((CS64-CR64)/7,0)) | CV64: =IFERROR(IF(CT64*CU64=0,"",CT64*CU64), "") | CY64: =IF(ROUNDUP((CX64-CW64)/7,0)=0,"",ROUNDUP((CX64-CW64)/7,0)) | CZ64: =IFERROR(IF((DC64-(CP64+CU64))/CY64=0,"",ROUNDUP((DC64-(CP64+CU64))/CY64,0)), "") | DA64: =IFERROR(IF((DC64-(CQ64+CV64))=0, "", (DC64-(CQ64+CV64))), "") | DB64: =IFERROR(IF((CO64+CT64+CY64)=0, "", (CO64+CT64+CY64)), "") | DE64: 63
B65: =IF(_xlfn.XLOOKUP(A65, AutoFill_names!B:B, AutoFill_names!C:C,"")=0,"",_xlfn.XLOOKUP(A65, AutoFill_names!B:B, AutoFill_names!C:C,"")) | C65: =IF(_xlfn.XLOOKUP(A65, AutoFill_names!B:B, AutoFill_names!D:D,"")=0,"",_xlfn.XLOOKUP(A65, AutoFill_names!B:B, AutoFill_names!D:D,"")) | D65: =IF(_xlfn.XLOOKUP(A65, AutoFill_names!B:B, AutoFill_names!E:E,"")=0,"",_xlfn.XLOOKUP(A65, AutoFill_names!B:B, AutoFill_names!E:E,"")) | E65: =IF(_xlfn.XLOOKUP(A65, AutoFill_names!B:B, AutoFill_names!F:F,"")=0,"",_xlfn.XLOOKUP(A65, AutoFill_names!B:B, AutoFill_names!F:F,"")) | J65: =IF(_xlfn.XLOOKUP(A65, AutoFill_names!B:B, AutoFill_names!K:K,"")=0,"",_xlfn.XLOOKUP(A65, AutoFill_names!B:B, AutoFill_names!K:K,"")) | K65: =IF(_xlfn.XLOOKUP(A65, AutoFill_names!B:B, AutoFill_names!L:L,"")=0,"",_xlfn.XLOOKUP(A65, AutoFill_names!B:B, AutoFill_names!L:L,"")) | N65: =IF(_xlfn.XLOOKUP(L65, AutoFill_classes!A:A, AutoFill_classes!B:B,"")=0,"",_xlfn.XLOOKUP(L65, AutoFill_classes!A:A, AutoFill_classes!B:B,"")) | Z65: =IF(X65*Y65=0,"",X65*Y65) | AE65: =IF(ROUNDUP((AD65-AC65)/7,0)=0,"",ROUNDUP((AD65-AC65)/7,0)) | AG65: =IFERROR(IF(AE65*AF65=0,"",AE65*AF65), "") | AJ65: =IF(ROUNDUP((AI65-AH65)/7,0)=0,"",ROUNDUP((AI65-AH65)/7,0)) | AL65: =IFERROR(IF(AJ65*AK65=0,"",AJ65*AK65), "") | AO65: =IF(ROUNDUP((AN65-AM65)/7,0)=0,"",ROUNDUP((AN65-AM65)/7,0)) | AP65: =IFERROR(IF((AS65-(AF65+AK65))/AO65=0,"",ROUNDUP((AS65-(AF65+AK65))/AO65,0)), "") | AQ65: =IFERROR(IF((AS65-(AG65+AL65))=0, "", (AS65-(AG65+AL65))), "") | AR65: =IFERROR(IF((AE65+AJ65+AO65)=0, "", (AE65+AJ65+AO65)), "") | AV65: =IF(_xlfn.XLOOKUP(AT65, AutoFill_classes!$A:$A, AutoFill_classes!$B:$B,"")=0,"",_xlfn.XLOOKUP(AT65, AutoFill_classes!$A:$A, AutoFill_classes!$B:$B,"")) | BE65: =IF(BC65*BD65=0,"",BC65*BD65) | BJ65: =IF(ROUNDUP((BI65-BH65)/7,0)=0,"",ROUNDUP((BI65-BH65)/7,0)) | BL65: =IFERROR(IF(BJ65*BK65=0,"",BJ65*BK65), "") | BO65: =IF(ROUNDUP((BN65-BM65)/7,0)=0,"",ROUNDUP((BN65-BM65)/7,0)) | BQ65: =IFERROR(IF(BO65*BP65=0,"",BO65*BP65), "") | BT65: =IF(ROUNDUP((BS65-BR65)/7,0)=0,"",ROUNDUP((BS65-BR65)/7,0)) | BU65: =IFERROR(IF((BX65-(BK65+BP65))/BT65=0,"",ROUNDUP((BX65-(BK65+BP65))/BT65,0)), "") | BV65: =IFERROR(IF((BX65-(BL65+BQ65))=0, "", (BX65-(BL65+BQ65))), "") | BW65: =IFERROR(IF((BJ65+BO65+BT65)=0, "", (BJ65+BO65+BT65)), "") | CA65: =IF(_xlfn.XLOOKUP(BY65, AutoFill_classes!$A:$A, AutoFill_classes!$B:$B,"")=0,"",_xlfn.XLOOKUP(BY65, AutoFill_classes!$A:$A, AutoFill_classes!$B:$B,"")) | CJ65: =IF(CH65*CI65=0,"",CH65*CI65) | CO65: =IF(ROUNDUP((CN65-CM65)/7,0)=0,"",ROUNDUP((CN65-CM65)/7,0)) | CQ65: =IFERROR(IF(CO65*CP65=0,"",CO65*CP65), "") | CT65: =IF(ROUNDUP((CS65-CR65)/7,0)=0,"",ROUNDUP((CS65-CR65)/7,0)) | CV65: =IFERROR(IF(CT65*CU65=0,"",CT65*CU65), "") | CY65: =IF(ROUNDUP((CX65-CW65)/7,0)=0,"",ROUNDUP((CX65-CW65)/7,0)) | CZ65: =IFERROR(IF((DC65-(CP65+CU65))/CY65=0,"",ROUNDUP((DC65-(CP65+CU65))/CY65,0)), "") | DA65: =IFERROR(IF((DC65-(CQ65+CV65))=0, "", (DC65-(CQ65+CV65))), "") | DB65: =IFERROR(IF((CO65+CT65+CY65)=0, "", (CO65+CT65+CY65)), "") | DE65: 64
B66: =IF(_xlfn.XLOOKUP(A66, AutoFill_names!B:B, AutoFill_names!C:C,"")=0,"",_xlfn.XLOOKUP(A66, AutoFill_names!B:B, AutoFill_names!C:C,"")) | C66: =IF(_xlfn.XLOOKUP(A66, AutoFill_names!B:B, AutoFill_names!D:D,"")=0,"",_xlfn.XLOOKUP(A66, AutoFill_names!B:B, AutoFill_names!D:D,"")) | D66: =IF(_xlfn.XLOOKUP(A66, AutoFill_names!B:B, AutoFill_names!E:E,"")=0,"",_xlfn.XLOOKUP(A66, AutoFill_names!B:B, AutoFill_names!E:E,"")) | E66: =IF(_xlfn.XLOOKUP(A66, AutoFill_names!B:B, AutoFill_names!F:F,"")=0,"",_xlfn.XLOOKUP(A66, AutoFill_names!B:B, AutoFill_names!F:F,"")) | J66: =IF(_xlfn.XLOOKUP(A66, AutoFill_names!B:B, AutoFill_names!K:K,"")=0,"",_xlfn.XLOOKUP(A66, AutoFill_names!B:B, AutoFill_names!K:K,"")) | K66: =IF(_xlfn.XLOOKUP(A66, AutoFill_names!B:B, AutoFill_names!L:L,"")=0,"",_xlfn.XLOOKUP(A66, AutoFill_names!B:B, AutoFill_names!L:L,"")) | N66: =IF(_xlfn.XLOOKUP(L66, AutoFill_classes!A:A, AutoFill_classes!B:B,"")=0,"",_xlfn.XLOOKUP(L66, AutoFill_classes!A:A, AutoFill_classes!B:B,"")) | Z66: =IF(X66*Y66=0,"",X66*Y66) | AE66: =IF(ROUNDUP((AD66-AC66)/7,0)=0,"",ROUNDUP((AD66-AC66)/7,0)) | AG66: =IFERROR(IF(AE66*AF66=0,"",AE66*AF66), "") | AJ66: =IF(ROUNDUP((AI66-AH66)/7,0)=0,"",ROUNDUP((AI66-AH66)/7,0)) | AL66: =IFERROR(IF(AJ66*AK66=0,"",AJ66*AK66), "") | AO66: =IF(ROUNDUP((AN66-AM66)/7,0)=0,"",ROUNDUP((AN66-AM66)/7,0)) | AP66: =IFERROR(IF((AS66-(AF66+AK66))/AO66=0,"",ROUNDUP((AS66-(AF66+AK66))/AO66,0)), "") | AQ66: =IFERROR(IF((AS66-(AG66+AL66))=0, "", (AS66-(AG66+AL66))), "") | AR66: =IFERROR(IF((AE66+AJ66+AO66)=0, "", (AE66+AJ66+AO66)), "") | AV66: =IF(_xlfn.XLOOKUP(AT66, AutoFill_classes!$A:$A, AutoFill_classes!$B:$B,"")=0,"",_xlfn.XLOOKUP(AT66, AutoFill_classes!$A:$A, AutoFill_classes!$B:$B,"")) | BE66: =IF(BC66*BD66=0,"",BC66*BD66) | BJ66: =IF(ROUNDUP((BI66-BH66)/7,0)=0,"",ROUNDUP((BI66-BH66)/7,0)) | BL66: =IFERROR(IF(BJ66*BK66=0,"",BJ66*BK66), "") | BO66: =IF(ROUNDUP((BN66-BM66)/7,0)=0,"",ROUNDUP((BN66-BM66)/7,0)) | BQ66: =IFERROR(IF(BO66*BP66=0,"",BO66*BP66), "") | BT66: =IF(ROUNDUP((BS66-BR66)/7,0)=0,"",ROUNDUP((BS66-BR66)/7,0)) | BU66: =IFERROR(IF((BX66-(BK66+BP66))/BT66=0,"",ROUNDUP((BX66-(BK66+BP66))/BT66,0)), "") | BV66: =IFERROR(IF((BX66-(BL66+BQ66))=0, "", (BX66-(BL66+BQ66))), "") | BW66: =IFERROR(IF((BJ66+BO66+BT66)=0, "", (BJ66+BO66+BT66)), "") | CA66: =IF(_xlfn.XLOOKUP(BY66, AutoFill_classes!$A:$A, AutoFill_classes!$B:$B,"")=0,"",_xlfn.XLOOKUP(BY66, AutoFill_classes!$A:$A, AutoFill_classes!$B:$B,"")) | CJ66: =IF(CH66*CI66=0,"",CH66*CI66) | CO66: =IF(ROUNDUP((CN66-CM66)/7,0)=0,"",ROUNDUP((CN66-CM66)/7,0)) | CQ66: =IFERROR(IF(CO66*CP66=0,"",CO66*CP66), "") | CT66: =IF(ROUNDUP((CS66-CR66)/7,0)=0,"",ROUNDUP((CS66-CR66)/7,0)) | CV66: =IFERROR(IF(CT66*CU66=0,"",CT66*CU66), "") | CY66: =IF(ROUNDUP((CX66-CW66)/7,0)=0,"",ROUNDUP((CX66-CW66)/7,0)) | CZ66: =IFERROR(IF((DC66-(CP66+CU66))/CY66=0,"",ROUNDUP((DC66-(CP66+CU66))/CY66,0)), "") | DA66: =IFERROR(IF((DC66-(CQ66+CV66))=0, "", (DC66-(CQ66+CV66))), "") | DB66: =IFERROR(IF((CO66+CT66+CY66)=0, "", (CO66+CT66+CY66)), "") | DE66: 65
B67: =IF(_xlfn.XLOOKUP(A67, AutoFill_names!B:B, AutoFill_names!C:C,"")=0,"",_xlfn.XLOOKUP(A67, AutoFill_names!B:B, AutoFill_names!C:C,"")) | C67: =IF(_xlfn.XLOOKUP(A67, AutoFill_names!B:B, AutoFill_names!D:D,"")=0,"",_xlfn.XLOOKUP(A67, AutoFill_names!B:B, AutoFill_names!D:D,"")) | D67: =IF(_xlfn.XLOOKUP(A67, AutoFill_names!B:B, AutoFill_names!E:E,"")=0,"",_xlfn.XLOOKUP(A67, AutoFill_names!B:B, AutoFill_names!E:E,"")) | E67: =IF(_xlfn.XLOOKUP(A67, AutoFill_names!B:B, AutoFill_names!F:F,"")=0,"",_xlfn.XLOOKUP(A67, AutoFill_names!B:B, AutoFill_names!F:F,"")) | J67: =IF(_xlfn.XLOOKUP(A67, AutoFill_names!B:B, AutoFill_names!K:K,"")=0,"",_xlfn.XLOOKUP(A67, AutoFill_names!B:B, AutoFill_names!K:K,"")) | K67: =IF(_xlfn.XLOOKUP(A67, AutoFill_names!B:B, AutoFill_names!L:L,"")=0,"",_xlfn.XLOOKUP(A67, AutoFill_names!B:B, AutoFill_names!L:L,"")) | N67: =IF(_xlfn.XLOOKUP(L67, AutoFill_classes!A:A, AutoFill_classes!B:B,"")=0,"",_xlfn.XLOOKUP(L67, AutoFill_classes!A:A, AutoFill_classes!B:B,"")) | Z67: =IF(X67*Y67=0,"",X67*Y67) | AE67: =IF(ROUNDUP((AD67-AC67)/7,0)=0,"",ROUNDUP((AD67-AC67)/7,0)) | AG67: =IFERROR(IF(AE67*AF67=0,"",AE67*AF67), "") | AJ67: =IF(ROUNDUP((AI67-AH67)/7,0)=0,"",ROUNDUP((AI67-AH67)/7,0)) | AL67: =IFERROR(IF(AJ67*AK67=0,"",AJ67*AK67), "") | AO67: =IF(ROUNDUP((AN67-AM67)/7,0)=0,"",ROUNDUP((AN67-AM67)/7,0)) | AP67: =IFERROR(IF((AS67-(AF67+AK67))/AO67=0,"",ROUNDUP((AS67-(AF67+AK67))/AO67,0)), "") | AQ67: =IFERROR(IF((AS67-(AG67+AL67))=0, "", (AS67-(AG67+AL67))), "") | AR67: =IFERROR(IF((AE67+AJ67+AO67)=0, "", (AE67+AJ67+AO67)), "") | AV67: =IF(_xlfn.XLOOKUP(AT67, AutoFill_classes!$A:$A, AutoFill_classes!$B:$B,"")=0,"",_xlfn.XLOOKUP(AT67, AutoFill_classes!$A:$A, AutoFill_classes!$B:$B,"")) | BE67: =IF(BC67*BD67=0,"",BC67*BD67) | BJ67: =IF(ROUNDUP((BI67-BH67)/7,0)=0,"",ROUNDUP((BI67-BH67)/7,0)) | BL67: =IFERROR(IF(BJ67*BK67=0,"",BJ67*BK67), "") | BO67: =IF(ROUNDUP((BN67-BM67)/7,0)=0,"",ROUNDUP((BN67-BM67)/7,0)) | BQ67: =IFERROR(IF(BO67*BP67=0,"",BO67*BP67), "") | BT67: =IF(ROUNDUP((BS67-BR67)/7,0)=0,"",ROUNDUP((BS67-BR67)/7,0)) | BU67: =IFERROR(IF((BX67-(BK67+BP67))/BT67=0,"",ROUNDUP((BX67-(BK67+BP67))/BT67,0)), "") | BV67: =IFERROR(IF((BX67-(BL67+BQ67))=0, "", (BX67-(BL67+BQ67))), "") | BW67: =IFERROR(IF((BJ67+BO67+BT67)=0, "", (BJ67+BO67+BT67)), "") | CA67: =IF(_xlfn.XLOOKUP(BY67, AutoFill_classes!$A:$A, AutoFill_classes!$B:$B,"")=0,"",_xlfn.XLOOKUP(BY67, AutoFill_classes!$A:$A, AutoFill_classes!$B:$B,"")) | CJ67: =IF(CH67*CI67=0,"",CH67*CI67) | CO67: =IF(ROUNDUP((CN67-CM67)/7,0)=0,"",ROUNDUP((CN67-CM67)/7,0)) | CQ67: =IFERROR(IF(CO67*CP67=0,"",CO67*CP67), "") | CT67: =IF(ROUNDUP((CS67-CR67)/7,0)=0,"",ROUNDUP((CS67-CR67)/7,0)) | CV67: =IFERROR(IF(CT67*CU67=0,"",CT67*CU67), "") | CY67: =IF(ROUNDUP((CX67-CW67)/7,0)=0,"",ROUNDUP((CX67-CW67)/7,0)) | CZ67: =IFERROR(IF((DC67-(CP67+CU67))/CY67=0,"",ROUNDUP((DC67-(CP67+CU67))/CY67,0)), "") | DA67: =IFERROR(IF((DC67-(CQ67+CV67))=0, "", (DC67-(CQ67+CV67))), "") | DB67: =IFERROR(IF((CO67+CT67+CY67)=0, "", (CO67+CT67+CY67)), "") | DE67: 66
B68: =IF(_xlfn.XLOOKUP(A68, AutoFill_names!B:B, AutoFill_names!C:C,"")=0,"",_xlfn.XLOOKUP(A68, AutoFill_names!B:B, AutoFill_names!C:C,"")) | C68: =IF(_xlfn.XLOOKUP(A68, AutoFill_names!B:B, AutoFill_names!D:D,"")=0,"",_xlfn.XLOOKUP(A68, AutoFill_names!B:B, AutoFill_names!D:D,"")) | D68: =IF(_xlfn.XLOOKUP(A68, AutoFill_names!B:B, AutoFill_names!E:E,"")=0,"",_xlfn.XLOOKUP(A68, AutoFill_names!B:B, AutoFill_names!E:E,"")) | E68: =IF(_xlfn.XLOOKUP(A68, AutoFill_names!B:B, AutoFill_names!F:F,"")=0,"",_xlfn.XLOOKUP(A68, AutoFill_names!B:B, AutoFill_names!F:F,"")) | J68: =IF(_xlfn.XLOOKUP(A68, AutoFill_names!B:B, AutoFill_names!K:K,"")=0,"",_xlfn.XLOOKUP(A68, AutoFill_names!B:B, AutoFill_names!K:K,"")) | K68: =IF(_xlfn.XLOOKUP(A68, AutoFill_names!B:B, AutoFill_names!L:L,"")=0,"",_xlfn.XLOOKUP(A68, AutoFill_names!B:B, AutoFill_names!L:L,"")) | N68: =IF(_xlfn.XLOOKUP(L68, AutoFill_classes!A:A, AutoFill_classes!B:B,"")=0,"",_xlfn.XLOOKUP(L68, AutoFill_classes!A:A, AutoFill_classes!B:B,"")) | Z68: =IF(X68*Y68=0,"",X68*Y68) | AE68: =IF(ROUNDUP((AD68-AC68)/7,0)=0,"",ROUNDUP((AD68-AC68)/7,0)) | AG68: =IFERROR(IF(AE68*AF68=0,"",AE68*AF68), "") | AJ68: =IF(ROUNDUP((AI68-AH68)/7,0)=0,"",ROUNDUP((AI68-AH68)/7,0)) | AL68: =IFERROR(IF(AJ68*AK68=0,"",AJ68*AK68), "") | AO68: =IF(ROUNDUP((AN68-AM68)/7,0)=0,"",ROUNDUP((AN68-AM68)/7,0)) | AP68: =IFERROR(IF((AS68-(AF68+AK68))/AO68=0,"",ROUNDUP((AS68-(AF68+AK68))/AO68,0)), "") | AQ68: =IFERROR(IF((AS68-(AG68+AL68))=0, "", (AS68-(AG68+AL68))), "") | AR68: =IFERROR(IF((AE68+AJ68+AO68)=0, "", (AE68+AJ68+AO68)), "") | AV68: =IF(_xlfn.XLOOKUP(AT68, AutoFill_classes!$A:$A, AutoFill_classes!$B:$B,"")=0,"",_xlfn.XLOOKUP(AT68, AutoFill_classes!$A:$A, AutoFill_classes!$B:$B,"")) | BE68: =IF(BC68*BD68=0,"",BC68*BD68) | BJ68: =IF(ROUNDUP((BI68-BH68)/7,0)=0,"",ROUNDUP((BI68-BH68)/7,0)) | BL68: =IFERROR(IF(BJ68*BK68=0,"",BJ68*BK68), "") | BO68: =IF(ROUNDUP((BN68-BM68)/7,0)=0,"",ROUNDUP((BN68-BM68)/7,0)) | BQ68: =IFERROR(IF(BO68*BP68=0,"",BO68*BP68), "") | BT68: =IF(ROUNDUP((BS68-BR68)/7,0)=0,"",ROUNDUP((BS68-BR68)/7,0)) | BU68: =IFERROR(IF((BX68-(BK68+BP68))/BT68=0,"",ROUNDUP((BX68-(BK68+BP68))/BT68,0)), "") | BV68: =IFERROR(IF((BX68-(BL68+BQ68))=0, "", (BX68-(BL68+BQ68))), "") | BW68: =IFERROR(IF((BJ68+BO68+BT68)=0, "", (BJ68+BO68+BT68)), "") | CA68: =IF(_xlfn.XLOOKUP(BY68, AutoFill_classes!$A:$A, AutoFill_classes!$B:$B,"")=0,"",_xlfn.XLOOKUP(BY68, AutoFill_classes!$A:$A, AutoFill_classes!$B:$B,"")) | CJ68: =IF(CH68*CI68=0,"",CH68*CI68) | CO68: =IF(ROUNDUP((CN68-CM68)/7,0)=0,"",ROUNDUP((CN68-CM68)/7,0)) | CQ68: =IFERROR(IF(CO68*CP68=0,"",CO68*CP68), "") | CT68: =IF(ROUNDUP((CS68-CR68)/7,0)=0,"",ROUNDUP((CS68-CR68)/7,0)) | CV68: =IFERROR(IF(CT68*CU68=0,"",CT68*CU68), "") | CY68: =IF(ROUNDUP((CX68-CW68)/7,0)=0,"",ROUNDUP((CX68-CW68)/7,0)) | CZ68: =IFERROR(IF((DC68-(CP68+CU68))/CY68=0,"",ROUNDUP((DC68-(CP68+CU68))/CY68,0)), "") | DA68: =IFERROR(IF((DC68-(CQ68+CV68))=0, "", (DC68-(CQ68+CV68))), "") | DB68: =IFERROR(IF((CO68+CT68+CY68)=0, "", (CO68+CT68+CY68)), "") | DE68: 67
B69: =IF(_xlfn.XLOOKUP(A69, AutoFill_names!B:B, AutoFill_names!C:C,"")=0,"",_xlfn.XLOOKUP(A69, AutoFill_names!B:B, AutoFill_names!C:C,"")) | C69: =IF(_xlfn.XLOOKUP(A69, AutoFill_names!B:B, AutoFill_names!D:D,"")=0,"",_xlfn.XLOOKUP(A69, AutoFill_names!B:B, AutoFill_names!D:D,"")) | D69: =IF(_xlfn.XLOOKUP(A69, AutoFill_names!B:B, AutoFill_names!E:E,"")=0,"",_xlfn.XLOOKUP(A69, AutoFill_names!B:B, AutoFill_names!E:E,"")) | E69: =IF(_xlfn.XLOOKUP(A69, AutoFill_names!B:B, AutoFill_names!F:F,"")=0,"",_xlfn.XLOOKUP(A69, AutoFill_names!B:B, AutoFill_names!F:F,"")) | J69: =IF(_xlfn.XLOOKUP(A69, AutoFill_names!B:B, AutoFill_names!K:K,"")=0,"",_xlfn.XLOOKUP(A69, AutoFill_names!B:B, AutoFill_names!K:K,"")) | K69: =IF(_xlfn.XLOOKUP(A69, AutoFill_names!B:B, AutoFill_names!L:L,"")=0,"",_xlfn.XLOOKUP(A69, AutoFill_names!B:B, AutoFill_names!L:L,"")) | N69: =IF(_xlfn.XLOOKUP(L69, AutoFill_classes!A:A, AutoFill_classes!B:B,"")=0,"",_xlfn.XLOOKUP(L69, AutoFill_classes!A:A, AutoFill_classes!B:B,"")) | Z69: =IF(X69*Y69=0,"",X69*Y69) | AE69: =IF(ROUNDUP((AD69-AC69)/7,0)=0,"",ROUNDUP((AD69-AC69)/7,0)) | AG69: =IFERROR(IF(AE69*AF69=0,"",AE69*AF69), "") | AJ69: =IF(ROUNDUP((AI69-AH69)/7,0)=0,"",ROUNDUP((AI69-AH69)/7,0)) | AL69: =IFERROR(IF(AJ69*AK69=0,"",AJ69*AK69), "") | AO69: =IF(ROUNDUP((AN69-AM69)/7,0)=0,"",ROUNDUP((AN69-AM69)/7,0)) | AP69: =IFERROR(IF((AS69-(AF69+AK69))/AO69=0,"",ROUNDUP((AS69-(AF69+AK69))/AO69,0)), "") | AQ69: =IFERROR(IF((AS69-(AG69+AL69))=0, "", (AS69-(AG69+AL69))), "") | AR69: =IFERROR(IF((AE69+AJ69+AO69)=0, "", (AE69+AJ69+AO69)), "") | AV69: =IF(_xlfn.XLOOKUP(AT69, AutoFill_classes!$A:$A, AutoFill_classes!$B:$B,"")=0,"",_xlfn.XLOOKUP(AT69, AutoFill_classes!$A:$A, AutoFill_classes!$B:$B,"")) | BE69: =IF(BC69*BD69=0,"",BC69*BD69) | BJ69: =IF(ROUNDUP((BI69-BH69)/7,0)=0,"",ROUNDUP((BI69-BH69)/7,0)) | BL69: =IFERROR(IF(BJ69*BK69=0,"",BJ69*BK69), "") | BO69: =IF(ROUNDUP((BN69-BM69)/7,0)=0,"",ROUNDUP((BN69-BM69)/7,0)) | BQ69: =IFERROR(IF(BO69*BP69=0,"",BO69*BP69), "") | BT69: =IF(ROUNDUP((BS69-BR69)/7,0)=0,"",ROUNDUP((BS69-BR69)/7,0)) | BU69: =IFERROR(IF((BX69-(BK69+BP69))/BT69=0,"",ROUNDUP((BX69-(BK69+BP69))/BT69,0)), "") | BV69: =IFERROR(IF((BX69-(BL69+BQ69))=0, "", (BX69-(BL69+BQ69))), "") | BW69: =IFERROR(IF((BJ69+BO69+BT69)=0, "", (BJ69+BO69+BT69)), "") | CA69: =IF(_xlfn.XLOOKUP(BY69, AutoFill_classes!$A:$A, AutoFill_classes!$B:$B,"")=0,"",_xlfn.XLOOKUP(BY69, AutoFill_classes!$A:$A, AutoFill_classes!$B:$B,"")) | CJ69: =IF(CH69*CI69=0,"",CH69*CI69) | CO69: =IF(ROUNDUP((CN69-CM69)/7,0)=0,"",ROUNDUP((CN69-CM69)/7,0)) | CQ69: =IFERROR(IF(CO69*CP69=0,"",CO69*CP69), "") | CT69: =IF(ROUNDUP((CS69-CR69)/7,0)=0,"",ROUNDUP((CS69-CR69)/7,0)) | CV69: =IFERROR(IF(CT69*CU69=0,"",CT69*CU69), "") | CY69: =IF(ROUNDUP((CX69-CW69)/7,0)=0,"",ROUNDUP((CX69-CW69)/7,0)) | CZ69: =IFERROR(IF((DC69-(CP69+CU69))/CY69=0,"",ROUNDUP((DC69-(CP69+CU69))/CY69,0)), "") | DA69: =IFERROR(IF((DC69-(CQ69+CV69))=0, "", (DC69-(CQ69+CV69))), "") | DB69: =IFERROR(IF((CO69+CT69+CY69)=0, "", (CO69+CT69+CY69)), "") | DE69: 68
