Workbook

Sheet CHIS
A1: Don {not in Banner} | B1: Mismatching {not in Banner} | C1: Dept/Prog Admin {not in Banner} | D1: Mona {not in Banner} | E1: Karen {not in Banner} | F1: DONE {not in Banner} | G1: Notes {not in Banner} | H1: CRN sorted {not in Banner} | I1: CRN | J1: Subject | K1: Course Number {Crse Num} | L1: Course Section {Seq Crse Num} | M1: Program {not in Banner} | N1: Catalog Title | O1: Section Title | P1: Crosslist Details {not in Banner} | Q1: X Lst | R1: Campus {Ssasect Campus} | S1: Campus Restriction {Camp Restr CC} | T1: Schedule Type {not in Banner} | U1: Instruction Method {Inst Method} | V1: Level {Level SC} | W1: Credit Catalog {Cat Crs} | X1: Credits {Sect Crs} | Y1: Enrollment Cap {Max Enrl} | Z1: Meeting Type | AA1: Semester Start Date {Soaterm Start Date} | AB1: Pre-work Start Date {not in Banner} | AC1: Pre-work End Date {not in Banner} | AD1: Course Start Date {Meet Start Date} | AE1: Course End Date {Meet End Date} | AF1: Post-work Start Date {not in Banner} | AG1: Post-work End Date {not in Banner} | AH1: Semester End Date {Soaterm End Date} | AI1: Course Beginning Time {Meet Beg Time} | AJ1: Course Ending Time {Meet End Time} | AK1: SUN | AL1: MON | AM1: TUE | AN1: WED | AO1: THU | AP1: FRI | AQ1: SAT | AR1: Room {Meet Room} | AS1: Building {Meet Bldg} | AT1: Instructor Name {Instr Name} | AU1: Instructor Email {Instr Email} | AV1: Instructor ID {Instr ID} | AW1: % Responsibility | AX1: load/contract {not in Banner} | AY1: costs per credit {not in Banner} | AZ1: total costs {not in Banner} | BA1: account to be charged {not in Banner} | BB1: Fee Amount {Fees Amt} | BC1: Fee Code {Detl Code} | BD1: Fee Type | BE1: Fee Level | BF1: Fee Ind | BG1: Fee Term | BH1: SEM Department {Scacrse Dept} | BI1: Activity Date | BJ1: Status | BK1: Bill Hrs | BL1: Sect Sch Type | BM1: Prerequisites {Preq Areas} | BN1: Link Ind | BO1: Integration Code | BP1: Link Conn | BQ1: Crs Attr | BR1: Comments | BS1: Major Restr | BT1: Scacrse College | BU1: Enrolled | BV1: Waitlist Capacity | BW1: Primary Ind | BX1: Override | BY1: 1st Date Reg Opens | BZ1: Last Date Reg Opens | CA1: OL Range From Date | CB1: OL Range To Date | CC1: OL Numb Units | CD1: OL Duration Code | CE1: Grade Mode | CF1: Gradable Ind | CG1: Tuit Waiver | CH1: Course Override {Meet Override} | CI1: Lvl Res Ind | CJ1: Cmp Res Ind | CK1: Rate Code | CL1: Cohort Code | CM1: St Attr Code | CN1: Coll SC | CO1: DegC SC | CP1: Prog SC | CQ1: FOS Type | CR1: Special Approval {Special Apvl} | CS1: Weeks | CT1: Term Code | CU1: Part-Of-Term | CV1: Camp SC
A2: FALSE | B2: FALSE | C2: TRUE | D2: FALSE | E2: FALSE | F2: FALSE | G2: add FP Online Fee | H2: 3980-02 | I2: 3980 | J2: CHIS | K2: 506 | L2: 998 | N2: Church History to 1500 | Q2: 242 | R2: 7 | S2: 7 | T2: Int, Online | U2: SYNC | V2: FP | W2: 2,3 | Y2: 25 | Z2: WEB | AA2: 24-AUG-26 | AD2: 24-AUG-26 | AE2: 10-DEC-26 | AH2: 10-DEC-26 | AI2: 1430 | AJ2: 1720 | AL2: M | AT2: Reeve, John W. | AU2: =IF($AT2="","",IFERROR(INDEX(InstructorMap!$B:$B, MATCH($AT2, InstructorMap!$A:$A, 0)),"")) -> jreeve@andrews.edu | AV2: =IF($AT2="","",IFERROR(INDEX(InstructorMap!$C:$C, MATCH($AT2, InstructorMap!$A:$A, 0)),"")) -> 000049018 | AW2: 100 | AX2: load | BA2: CHIS: 11-1100-9120-70 | BH2: CHIS | BI2: 16-MAR-26 | BJ2: A | BL2: N | BO2: MOODL | BT2: 70 | BU2: 0 | BV2: 0 | BW2: Y | BX2: O | CF2: Y | CS2: 15 | CT2: 202641 | CU2: 1
A3: FALSE | B3: FALSE | C3: TRUE | D3: FALSE | E3: FALSE | F3: FALSE | H3: 538-02 | I3: 538 | J3: CHIS | K3: 506 | L3: 001 | N3: Church Hist to 1500 | Q3: 242 | R3: 0 | T3: Lecture | U3: INPERSON | V3: FP | W3: 2,3 | X3: 2,3 | Y3: 40 | Z3: CLAS | AA3: 24-AUG-26 | AD3: 24-AUG-26 | AE3: 10-DEC-26 | AH3: 10-DEC-26 | AI3: 1430 | AJ3: 1720 | AL3: M | AR3: N110 | AS3: Seminary Building [SEM] | AT3: Reeve, John W. | AU3: =IF($AT3="","",IFERROR(INDEX(InstructorMap!$B:$B, MATCH($AT3, InstructorMap!$A:$A, 0)),"")) -> jreeve@andrews.edu | AV3: =IF($AT3="","",IFERROR(INDEX(InstructorMap!$C:$C, MATCH($AT3, InstructorMap!$A:$A, 0)),"")) -> 000049018 | AW3: 100 | AX3: load | BA3: CHIS: 11-1100-9120-70 | BH3: CHIS | BI3: 16-MAR-26 | BJ3: A | BL3: A | BO3: MOODL | BT3: 70 | BU3: 0 | BV3: 99 | BW3: Y | BX3: O | CF3: Y | CH3: O | CS3: 16 | CT3: 202641 | CU3: 1
A4: FALSE | B4: FALSE | C4: TRUE | D4: FALSE | E4: FALSE | F4: FALSE | G4: add FP Online Fee | I4: #### | J4: CHIS | K4: 506 | L4: 999 | N4: Church History to 1500 | R4: 7 | T4: Int, Online | U4: ASYNC | V4: FP | W4: 2,3 | X4: 2 | Y4: 30 | Z4: WEB | AA4: 24-AUG-26 | AD4: 24-AUG-26 | AE4: 10-DEC-26 | AH4: 10-DEC-26 | AI4: #### | AJ4: #### | AT4: Reeve, John W. | AU4: =IF($AT4="","",IFERROR(INDEX(InstructorMap!$B:$B, MATCH($AT4, InstructorMap!$A:$A, 0)),"")) -> jreeve@andrews.edu | AV4: =IF($AT4="","",IFERROR(INDEX(InstructorMap!$C:$C, MATCH($AT4, InstructorMap!$A:$A, 0)),"")) -> 000049018 | AW4: 100 | AX4: load | BA4: CHIS: 11-1100-9120-70 | BH4: CHIS | CS4: #### | CT4: 202641
A5: FALSE | B5: FALSE | C5: TRUE | D5: FALSE | E5: FALSE | F5: FALSE | G5: Instructor, add FP Online Fee | H5: 1361-02 | I5: 1361 | J5: CHIS | K5: 570 | L5: 999 | N5: Hist of the SDA Church | R5: 7 | T5: Int, Online | U5: ASYNC | V5: FP | W5: 1.5,2 | X5: 1.5 | Y5: 25 | Z5: WEB | AA5: 24-AUG-26 | AD5: 24-AUG-26 | AE5: 10-DEC-26 | AH5: 10-DEC-26 | AI5: #### | AJ5: #### | AT5: Garcia Zarate, Heber E. | AU5: =IF($AT5="","",IFERROR(INDEX(InstructorMap!$B:$B, MATCH($AT5, InstructorMap!$A:$A, 0)),"")) -> heber@andrews.edu | AV5: =IF($AT5="","",IFERROR(INDEX(InstructorMap!$C:$C, MATCH($AT5, InstructorMap!$A:$A, 0)),"")) -> 000147941 | AW5: 100 | AX5: contract | AY5: 1000 | BA5: CHIS: 11-1100-9120-70 | BH5: CHIS | BI5: 16-MAR-26 | BJ5: A | BL5: N | BO5: MOODL | BT5: 70 | BU5: 0 | BV5: 0 | BW5: Y | CF5: Y | CS5: #### | CT5: 202641 | CU5: 1
A6: FALSE | B6: FALSE | C6: TRUE | D6: FALSE | E6: FALSE | F6: FALSE | G6: Instructor, add FP Online Fee | H6: 1362-02 | I6: 1362 | J6: CHIS | K6: 571 | L6: 999 | N6: Life & Wr. of EGW | R6: 7 | T6: Int, Online | U6: ASYNC | V6: FP | W6: 1.5,2 | X6: 1.5 | Y6: 25 | Z6: WEB | AA6: 24-AUG-26 | AD6: 24-AUG-26 | AE6: 10-DEC-26 | AH6: 10-DEC-26 | AI6: #### | AJ6: #### | AT6: Steger, Walter E. | AU6: =IF($AT6="","",IFERROR(INDEX(InstructorMap!$B:$B, MATCH($AT6, InstructorMap!$A:$A, 0)),"")) -> steger@andrews.edu | AV6: =IF($AT6="","",IFERROR(INDEX(InstructorMap!$C:$C, MATCH($AT6, InstructorMap!$A:$A, 0)),"")) -> 000064286 | AX6: contract | AY6: 1000 | BA6: CHIS: 11-1100-9120-70 | BH6: CHIS | BI6: 16-MAR-26 | BJ6: A | BL6: N | BO6: MOODL | BQ6: ADVN | BT6: 70 | BU6: 0 | BV6: 0 | CF6: Y | CS6: #### | CT6: 202641 | CU6: 1
A7: FALSE | B7: FALSE | C7: TRUE | D7: FALSE | E7: FALSE | F7: FALSE | H7: 3987-02 | I7: 3987 | J7: CHIS | K7: 612 | L7: 001 | N7: Intro to Ecc Latin | Q7: 249 | R7: 0 | T7: Lecture | U7: INPERSON | V7: FP | W7: 3 | X7: 3 | Y7: 12 | Z7: CLAS | AA7: 24-AUG-26 | AD7: 24-AUG-26 | AE7: 10-DEC-26 | AH7: 10-DEC-26 | AI7: 0830 | AJ7: 1020 | AL7: M | AN7: W | AR7: N108 | AS7: Seminary Building [SEM] | AT7: Kaiser, Angelika | AU7: =IF($AT7="","",IFERROR(INDEX(InstructorMap!$B:$B, MATCH($AT7, InstructorMap!$A:$A, 0)),"")) -> angelika@andrews.edu | AV7: =IF($AT7="","",IFERROR(INDEX(InstructorMap!$C:$C, MATCH($AT7, InstructorMap!$A:$A, 0)),"")) -> 000143159 | AX7: contract | AY7: 1050 | BA7: CHIS: 11-1100-9120-70 | BH7: CHIS | BI7: 16-MAR-26 | BJ7: A | BL7: A | BO7: MOODL | BQ7: LLIT | BT7: 70 | BU7: 0 | BV7: 0 | CF7: Y | CH7: O | CS7: 16 | CT7: 202641 | CU7: 1
A8: FALSE | B8: FALSE | C8: TRUE | D8: FALSE | E8: FALSE | F8: FALSE | H8: 3987-04 | I8: 3987 | J8: CHIS | K8: 612 | L8: 001 | N8: Intro to Ecc Latin | Q8: 249 | R8: 0 | T8: Lecture | U8: INPERSON | V8: FP | W8: 3 | X8: 3 | Y8: 12 | Z8: CLAS | AA8: 24-AUG-26 | AD8: 24-AUG-26 | AE8: 10-DEC-26 | AH8: 10-DEC-26 | AI8: 0830 | AJ8: 1020 | AL8: M | AN8: W | AR8: N108 | AS8: Seminary Building [SEM] | AT8: Kaiser, Angelika | AU8: =IF($AT8="","",IFERROR(INDEX(InstructorMap!$B:$B, MATCH($AT8, InstructorMap!$A:$A, 0)),"")) -> angelika@andrews.edu | AV8: =IF($AT8="","",IFERROR(INDEX(InstructorMap!$C:$C, MATCH($AT8, InstructorMap!$A:$A, 0)),"")) -> 000143159 | BH8: CHIS | BI8: 16-MAR-26 | BJ8: A | BL8: A | BO8: MOODL | BQ8: LLIT | BT8: 70 | BU8: 0 | BV8: 0 | CF8: Y | CH8: O | CS8: 16 | CT8: 202641 | CU8: 1
A9: FALSE | B9: FALSE | C9: TRUE | D9: FALSE | E9: FALSE | F9: FALSE | G9: add FP Online Fee | H9: 3988-02 | I9: 3988 | J9: CHIS | K9: 612 | L9: 998 | N9: Intro to Ecc Latin | Q9: 249 | R9: 7 | T9: Int, Online | U9: SYNC | V9: FP | W9: 3 | X9: 3 | Y9: 12 | Z9: WEB | AA9: 24-AUG-26 | AD9: 24-AUG-26 | AE9: 10-DEC-26 | AH9: 10-DEC-26 | AI9: 0830 | AJ9: 1020 | AL9: M | AN9: W | AT9: Kaiser, Angelika | AU9: =IF($AT9="","",IFERROR(INDEX(InstructorMap!$B:$B, MATCH($AT9, InstructorMap!$A:$A, 0)),"")) -> angelika@andrews.edu | AV9: =IF($AT9="","",IFERROR(INDEX(InstructorMap!$C:$C, MATCH($AT9, InstructorMap!$A:$A, 0)),"")) -> 000143159 | BH9: CHIS | BI9: 16-MAR-26 | BJ9: A | BL9: N | BO9: MOODL | BQ9: LLIT | BT9: 70 | BU9: 0 | BV9: 0 | CF9: Y | CS9: 16 | CT9: 202641 | CU9: 1
A10: FALSE | B10: FALSE | C10: TRUE | D10: FALSE | E10: FALSE | F10: FALSE | G10: add FP Online Fee | H10: 3988-04 | I10: 3988 | J10: CHIS | K10: 612 | L10: 998 | N10: Intro to Ecc Latin | Q10: 249 | R10: 7 | S10: 7 | T10: Int, Online | U10: SYNC | V10: FP | W10: 3 | X10: 3 | Y10: 12 | Z10: WEB | AA10: 24-AUG-26 | AD10: 24-AUG-26 | AE10: 10-DEC-26 | AH10: 10-DEC-26 | AI10: 0830 | AJ10: 1020 | AL10: M | AN10: W | AT10: Kaiser, Angelika | AU10: =IF($AT10="","",IFERROR(INDEX(InstructorMap!$B:$B, MATCH($AT10, InstructorMap!$A:$A, 0)),"")) -> angelika@andrews.edu | AV10: =IF($AT10="","",IFERROR(INDEX(InstructorMap!$C:$C, MATCH($AT10, InstructorMap!$A:$A, 0)),"")) -> 000143159 | BH10: CHIS | BI10: 16-MAR-26 | BJ10: A | BL10: N | BO10: MOODL | BQ10: LLIT | BT10: 70 | BU10: 0 | BV10: 0 | CF10: Y | CS10: 16 | CT10: 202641 | CU10: 1
A11: FALSE | B11: FALSE | C11: TRUE | D11: FALSE | E11: FALSE | F11: FALSE | G11: Instructor | H11: 463-02 | I11: 463 | J11: CHIS | K11: 624 | L11: 001 | N11: Issues in Ellen White Studies | P11: CHIS624-001/CHIS885-001 | Q11: 077 | R11: 0 | T11: Lecture | U11: INPERSON | V11: FP | W11: 2,3 | X11: 2 | Y11: 45 | Z11: CLAS | AA11: 24-AUG-26 | AD11: 24-AUG-26 | AE11: 10-DEC-26 | AH11: 10-DEC-26 | AI11: 1430 | AJ11: 1620 | AN11: W | AR11: N150 | AS11: Seminary Building [SEM] | AT11: Staff | AU11: =IF($AT11="","",IFERROR(INDEX(InstructorMap!$B:$B, MATCH($AT11, InstructorMap!$A:$A, 0)),"")) | AV11: =IF($AT11="","",IFERROR(INDEX(InstructorMap!$C:$C, MATCH($AT11, InstructorMap!$A:$A, 0)),"")) | AX11: load | BA11: CHIS: 11-1100-9120-70 | BH11: CHIS | BI11: 16-MAR-26 | BJ11: A | BL11: A | BM11: P-CHIS624 | BO11: MOODL | BQ11: THEO | BT11: 70 | BU11: 0 | BV11: 99 | BW11: Y | BX11: O | CF11: Y | CH11: O | CS11: 16 | CT11: 202641 | CU11: 1
A12: FALSE | B12: FALSE | C12: TRUE | D12: FALSE | E12: FALSE | F12: FALSE | I12: ### | J12: CHIS | K12: 645 | L12: 001 | N12: Seminar in Adv Studies | P12: CHIS645-001/CHIS944-101 | R12: 0 | T12: Lecture | U12: INPERSON | V12: FP | W12: 3 | X12: 3 | Y12: 5 | Z12: CLAS | AA12: 24-AUG-26 | AD12: 24-AUG-26 | AE12: 10-DEC-26 | AH12: 10-DEC-26 | AI12: 1430 | AJ12: 1720 | AN12: W | AR12: N108 | AS12: Seminary Building [SEM] | AT12: Rodrigues, Gerson C. | AU12: =IF($AT12="","",IFERROR(INDEX(InstructorMap!$B:$B, MATCH($AT12, InstructorMap!$A:$A, 0)),"")) -> gersoncr@andrews.edu | AV12: =IF($AT12="","",IFERROR(INDEX(InstructorMap!$C:$C, MATCH($AT12, InstructorMap!$A:$A, 0)),"")) -> 000093682 | AW12: 100 | AX12: load | BA12: CHIS: 11-1100-9120-70 | BH12: CHIS | CS12: 16 | CT12: 202641
A13: FALSE | B13: FALSE | C13: TRUE | D13: FALSE | E13: FALSE | F13: FALSE | H13: 3177-02 | I13: 3177 | J13: CHIS | K13: 660 | L13: 001 | N13: Hist of Religion in America | P13: CHIS660-001/CHIS660-002/CHIS880-001 | Q13: 164 | R13: 0 | T13: Lecture | U13: INPERSON | V13: FP | W13: 2,3 | X13: 2 | Y13: 25 | Z13: CLAS | AA13: 24-AUG-26 | AD13: 24-AUG-26 | AE13: 10-DEC-26 | AH13: 10-DEC-26 | AI13: 1430 | AJ13: 1720 | AM13: T | AR13: N235 | AS13: Seminary Building [SEM] | AT13: O'Reggio, Trevor E. | AU13: =IF($AT13="","",IFERROR(INDEX(InstructorMap!$B:$B, MATCH($AT13, InstructorMap!$A:$A, 0)),"")) -> toreggio@andrews.edu | AV13: =IF($AT13="","",IFERROR(INDEX(InstructorMap!$C:$C, MATCH($AT13, InstructorMap!$A:$A, 0)),"")) -> 000035762 | AW13: 100 | AX13: load | BA13: CHIS: 11-1100-9120-70 | BH13: CHIS | BI13: 16-MAR-26 | BJ13: A | BL13: A | BO13: MOODL | BQ13: ADVN,CH2,US1,US2 | BT13: 70 | BU13: 0 | BV13: 0 | BW13: Y | BX13: O | CF13: Y | CH13: O | CS13: 16 | CT13: 202641 | CU13: 1
A14: FALSE | B14: FALSE | C14: TRUE | D14: FALSE | E14: FALSE | F14: FALSE | I14: 4661 | J14: CHIS | K14: 660 | L14: 002 | N14: Hist of Religion in America | P14: CHIS660-001/CHIS660-002/CHIS880-001 | R14: 0 | T14: Lecture | U14: INPERSON | V14: FP | W14: 2,3 | X14: 3 | Y14: 10 | Z14: CLAS | AA14: 24-AUG-26 | AD14: 24-AUG-26 | AE14: 10-DEC-26 | AH14: 10-DEC-26 | AI14: 1430 | AJ14: 1720 | AM14: T | AR14: N235 | AS14: Seminary Building [SEM] | AT14: O'Reggio, Trevor E. | AU14: =IF($AT14="","",IFERROR(INDEX(InstructorMap!$B:$B, MATCH($AT14, InstructorMap!$A:$A, 0)),"")) -> toreggio@andrews.edu | AV14: =IF($AT14="","",IFERROR(INDEX(InstructorMap!$C:$C, MATCH($AT14, InstructorMap!$A:$A, 0)),"")) -> 000035762 | AW14: 100 | AX14: load | BA14: CHIS: 11-1100-9120-70 | BH14: CHIS | CS14: 16 | CT14: 202641
A15: FALSE | B15: FALSE | C15: TRUE | D15: FALSE | E15: FALSE | F15: FALSE | I15: ### | J15: CHIS | K15: 674 | L15: 002 | N15: Dev of SDA Theology | P15: CHIS674-001/CHIS674-002/CHIS885-002 | R15: 0 | T15: Lecture | U15: INPERSON | V15: FP | W15: 2,3 | X15: 3 | Y15: 30 | Z15: CLAS | AA15: 24-AUG-26 | AD15: 24-AUG-26 | AE15: 10-DEC-26 | AH15: 10-DEC-26 | AI15: 1430 | AJ15: 1720 | AO15: R | AR15: N110 | AS15: Seminary Building [SEM] | AT15: Staff | AU15: =IF($AT15="","",IFERROR(INDEX(InstructorMap!$B:$B, MATCH($AT15, InstructorMap!$A:$A, 0)),"")) | AV15: =IF($AT15="","",IFERROR(INDEX(InstructorMap!$C:$C, MATCH($AT15, InstructorMap!$A:$A, 0)),"")) | AX15: load | BA15: CHIS: 11-1100-9120-70 | BH15: CHIS | CS15: 16 | CT15: 202641
A16: FALSE | B16: FALSE | C16: TRUE | D16: FALSE | E16: FALSE | F16: FALSE | G16: Instructor | H16: 487-02 | I16: 487 | J16: CHIS | K16: 674 | L16: 001 | N16: Dev of SDA Theology | P16: CHIS674-001/CHIS674-002/CHIS885-002 | Q16: 288 | R16: 0 | T16: Lecture | U16: INPERSON | V16: FP | W16: 2,3 | X16: 2 | Y16: 15 | Z16: CLAS | AA16: 24-AUG-26 | AD16: 24-AUG-26 | AE16: 10-DEC-26 | AH16: 10-DEC-26 | AI16: 1430 | AJ16: 1720 | AO16: R | AR16: N110 | AS16: Seminary Building [SEM] | AT16: Staff | AU16: =IF($AT16="","",IFERROR(INDEX(InstructorMap!$B:$B, MATCH($AT16, InstructorMap!$A:$A, 0)),"")) | AV16: =IF($AT16="","",IFERROR(INDEX(InstructorMap!$C:$C, MATCH($AT16, InstructorMap!$A:$A, 0)),"")) | AX16: load | BA16: CHIS: 11-1100-9120-70 | BH16: CHIS | BI16: 16-MAR-26 | BJ16: A | BL16: A | BM16: P-CHIS674 | BO16: MOODL | BQ16: ADVN,THEO | BT16: 70 | BU16: 0 | BV16: 99 | BW16: Y | BX16: O | CF16: Y | CH16: O | CS16: 16 | CT16: 202641 | CU16: 1
A17: FALSE | B17: FALSE | C17: TRUE | D17: FALSE | E17: FALSE | F17: FALSE | I17: ### | J17: CHIS | K17: 645 | L17: 001 | N17: Seminar in Adventist Studies | P17: CHIS685-001/CHIS944-001 | R17: 0 | T17: Lecture | U17: INPERSON | V17: FP | W17: 3 | X17: 3 | Y17: 5 | Z17: CLAS | AA17: 24-AUG-26 | AD17: 24-AUG-26 | AE17: 10-DEC-26 | AH17: 10-DEC-26 | AI17: 1430 | AJ17: 1720 | AN17: W | AR17: N108 | AS17: Seminary Building [SEM] | AT17: Rodrigues, Gerson C. | AU17: =IF($AT17="","",IFERROR(INDEX(InstructorMap!$B:$B, MATCH($AT17, InstructorMap!$A:$A, 0)),"")) -> gersoncr@andrews.edu | AV17: =IF($AT17="","",IFERROR(INDEX(InstructorMap!$C:$C, MATCH($AT17, InstructorMap!$A:$A, 0)),"")) -> 000093682 | AW17: 100 | AX17: load | BA17: CHIS: 11-1100-9120-70 | BH17: CHIS | CS17: 16 | CT17: 202641
A18: FALSE | B18: FALSE | C18: TRUE | D18: FALSE | E18: FALSE | F18: FALSE | I18: ### | J18: CHIS | K18: 685 | L18: 002 | N18: Hist & Theo of Adv Worship | P18: CHIS685-002/CHIS685-003/PATH654-001 | R18: 0 | T18: Lecture | U18: INPERSON | V18: FP | W18: 2,3 | X18: 2 | Y18: 25 | Z18: CLAS | AA18: 24-AUG-26 | AD18: 24-AUG-26 | AE18: 10-DEC-26 | AH18: 10-DEC-26 | AI18: 0830 | AJ18: 1020 | AN18: W | AR18: S120 | AS18: Seminary Building [SEM] | AT18: Williams, David A. | AU18: =IF($AT18="","",IFERROR(INDEX(InstructorMap!$B:$B, MATCH($AT18, InstructorMap!$A:$A, 0)),"")) -> wdavid@andrews.edu | AV18: =IF($AT18="","",IFERROR(INDEX(InstructorMap!$C:$C, MATCH($AT18, InstructorMap!$A:$A, 0)),"")) -> 000124996 | AW18: 100 | AX18: load | BA18: CHIS: 11-1100-9120-70 | BH18: CHIS | CS18: 16 | CT18: 202641
A19: FALSE | B19: FALSE | C19: TRUE | D19: FALSE | E19: FALSE | F19: FALSE | I19: ### | J19: CHIS | K19: 685 | L19: 003 | N19: Hist & Theo of Adv Worship | P19: CHIS685-002/CHIS685-003/PATH654-001 | R19: 0 | T19: Lecture | U19: INPERSON | V19: FP | W19: 2,3 | X19: 3 | Y19: 25 | Z19: CLAS | AA19: 24-AUG-26 | AD19: 24-AUG-26 | AE19: 10-DEC-26 | AH19: 10-DEC-26 | AI19: 0830 | AJ19: 1020 | AN19: W | AR19: S120 | AS19: Seminary Building [SEM] | AT19: Williams, David A. | AU19: =IF($AT19="","",IFERROR(INDEX(InstructorMap!$B:$B, MATCH($AT19, InstructorMap!$A:$A, 0)),"")) -> wdavid@andrews.edu | AV19: =IF($AT19="","",IFERROR(INDEX(InstructorMap!$C:$C, MATCH($AT19, InstructorMap!$A:$A, 0)),"")) -> 000124996 | AW19: 100 | AX19: load | BA19: CHIS: 11-1100-9120-70 | BH19: CHIS | CS19: 16 | CT19: 202641
A20: FALSE | B20: FALSE | C20: TRUE | D20: FALSE | E20: FALSE | F20: FALSE | G20: add FP Online Fee | I20: ### | J20: CHIS | K20: 685 | L20: 998 | N20: Seminar in Church History | P20: CHIS685-998/CHIS940-998 | R20: 7 | S20: 7 | T20: Int, Online | U20: SYNC | V20: FP | W20: 3 | X20: 3 | Y20: 5 | Z20: WEB | AA20: 24-AUG-26 | AH20: 10-DEC-26 | AI20: 0830 | AJ20: 1120 | AL20: M | AT20: Staff | BH20: CHIS
A21: FALSE | B21: FALSE | C21: TRUE | D21: FALSE | E21: FALSE | F21: FALSE | I21: ### | J21: CHIS | K21: 940 | L21: 998 | N21: Seminar in Church History | P21: CHIS685-998/CHIS940-998 | R21: 7 | S21: 7 | T21: Int, Online | U21: SYNC | V21: DO | W21: 3 | X21: 3 | Y21: 25 | Z21: WEB | AA21: 24-AUG-26 | AH21: 10-DEC-26 | AI21: 0830 | AJ21: 1120 | AL21: M | AT21: Staff | BH21: CHIS
A22: FALSE | B22: FALSE | C22: TRUE | D22: FALSE | E22: FALSE | F22: FALSE | G22: Remove Title | H22: 881-02 | I22: 881 | J22: CHIS | K22: 690 | L22: 104 | N22: Ind St: | R22: 0 | T22: Independent | V22: FP | W22: 1-3 | X22: 1-3 | Y22: 999 | Z22: CLAS | AA22: 24-AUG-26 | AD22: 24-AUG-26 | AE22: 10-DEC-26 | AH22: 10-DEC-26 | AT22: Hernandez, Abner F. | AU22: =IF($AT22="","",IFERROR(INDEX(InstructorMap!$B:$B, MATCH($AT22, InstructorMap!$A:$A, 0)),"")) -> abnerh@andrews.edu | AV22: =IF($AT22="","",IFERROR(INDEX(InstructorMap!$C:$C, MATCH($AT22, InstructorMap!$A:$A, 0)),"")) -> 000149024 | AW22: 100 | BA22: CHIS: 11-1100-9120-70 | BH22: CHIS | BI22: 16-MAR-26 | BJ22: A | BK22: 2 | BL22: I | BO22: MOODL | BT22: 70 | BU22: 0 | BV22: 0 | BW22: Y | CF22: Y | CR22: I | CS22: 15 | CT22: 202641 | CU22: 1
A23: FALSE | B23: FALSE | C23: TRUE | D23: FALSE | E23: FALSE | F23: FALSE | G23: Remove Title | H23: 1012-02 | I23: 1012 | J23: CHIS | K23: 690 | L23: 102 | N23: Ind St: | R23: 0 | T23: Independent | V23: FP | W23: 1-3 | X23: 1-3 | Y23: 999 | Z23: CLAS | AA23: 24-AUG-26 | AD23: 24-AUG-26 | AE23: 10-DEC-26 | AH23: 10-DEC-26 | AT23: O'Reggio, Trevor E. | AU23: =IF($AT23="","",IFERROR(INDEX(InstructorMap!$B:$B, MATCH($AT23, InstructorMap!$A:$A, 0)),"")) -> toreggio@andrews.edu | AV23: =IF($AT23="","",IFERROR(INDEX(InstructorMap!$C:$C, MATCH($AT23, InstructorMap!$A:$A, 0)),"")) -> 000035762 | AW23: 100 | BA23: CHIS: 11-1100-9120-70 | BH23: CHIS | BI23: 16-MAR-26 | BJ23: A | BL23: I | BO23: MOODL | BT23: 70 | BU23: 0 | BV23: 0 | BW23: Y | CF23: Y | CR23: I | CS23: 15 | CT23: 202641 | CU23: 1
A24: FALSE | B24: FALSE | C24: TRUE | D24: FALSE | E24: FALSE | F24: FALSE | G24: Remove Title | H24: 1041-02 | I24: 1041 | J24: CHIS | K24: 690 | L24: 101 | N24: Ind St: | R24: 0 | T24: Independent | V24: FP | W24: 1-3 | X24: 1-3 | Y24: 999 | Z24: CLAS | AA24: 24-AUG-26 | AD24: 24-AUG-26 | AE24: 10-DEC-26 | AH24: 10-DEC-26 | AT24: Reeve, John W. | AU24: =IF($AT24="","",IFERROR(INDEX(InstructorMap!$B:$B, MATCH($AT24, InstructorMap!$A:$A, 0)),"")) -> jreeve@andrews.edu | AV24: =IF($AT24="","",IFERROR(INDEX(InstructorMap!$C:$C, MATCH($AT24, InstructorMap!$A:$A, 0)),"")) -> 000049018 | AW24: 100 | BA24: CHIS: 11-1100-9120-70 | BH24: CHIS | BI24: 16-MAR-26 | BJ24: A | BL24: I | BO24: MOODL | BT24: 70 | BU24: 0 | BV24: 0 | BW24: Y | CF24: Y | CR24: I | CS24: 15 | CT24: 202641 | CU24: 1
A25: FALSE | B25: FALSE | C25: TRUE | D25: FALSE | E25: FALSE | F25: FALSE | G25: Remove Title | H25: 2068-02 | I25: 2068 | J25: CHIS | K25: 690 | L25: 105 | N25: Ind St: | R25: 0 | T25: Independent | V25: FP | W25: 1-3 | X25: 1-3 | Y25: 999 | Z25: CLAS | AA25: 24-AUG-26 | AD25: 24-AUG-26 | AE25: 10-DEC-26 | AH25: 10-DEC-26 | AT25: Kaiser, Denis | AU25: =IF($AT25="","",IFERROR(INDEX(InstructorMap!$B:$B, MATCH($AT25, InstructorMap!$A:$A, 0)),"")) -> denis@andrews.edu | AV25: =IF($AT25="","",IFERROR(INDEX(InstructorMap!$C:$C, MATCH($AT25, InstructorMap!$A:$A, 0)),"")) -> 000134382 | AW25: 100 | BA25: CHIS: 11-1100-9120-70 | BH25: CHIS | BI25: 16-MAR-26 | BJ25: A | BL25: I | BO25: MOODL | BT25: 70 | BU25: 0 | BV25: 0 | BW25: Y | CF25: Y | CR25: I | CS25: 15 | CT25: 202641 | CU25: 1
A26: FALSE | B26: FALSE | C26: TRUE | D26: FALSE | E26: FALSE | F26: FALSE | G26: Add Title | H26: 535-02 | I26: 535 | J26: CHIS | K26: 880 | L26: 001 | N26: Topics in Church History: | O26: Hist of Religion in America | P26: CHIS660-001/CHIS660-002/CHIS880-001 | Q26: 164 | R26: 0 | T26: Lecture | U26: INPERSON | V26: DO | W26: 1-3 | X26: 1-3 | Y26: 5 | Z26: CLAS | AA26: 24-AUG-26 | AD26: 24-AUG-26 | AE26: 10-DEC-26 | AH26: 10-DEC-26 | AI26: 1430 | AJ26: 1720 | AM26: T | AR26: N235 | AS26: Seminary Building [SEM] | AT26: O'Reggio, Trevor E. | AU26: =IF($AT26="","",IFERROR(INDEX(InstructorMap!$B:$B, MATCH($AT26, InstructorMap!$A:$A, 0)),"")) -> toreggio@andrews.edu | AV26: =IF($AT26="","",IFERROR(INDEX(InstructorMap!$C:$C, MATCH($AT26, InstructorMap!$A:$A, 0)),"")) -> 000035762 | AW26: 100 | AX26: load | BA26: CHIS: 11-1100-9120-70 | BH26: CHIS | BI26: 16-MAR-26 | BJ26: A | BL26: A | BO26: MOODL | BT26: 70 | BU26: 0 | BV26: 0 | BW26: Y | BX26: O | CF26: Y | CH26: O | CS26: 16 | CT26: 202641 | CU26: 1
A27: FALSE | B27: FALSE | C27: TRUE | D27: FALSE | E27: FALSE | F27: FALSE | G27: Add Title | H27: 2071-02 | I27: 2071 | J27: CHIS | K27: 885 | L27: 001 | N27: Issues in Ellen White Studies | O27: Issues in Ellen White Studies | P27: CHIS624-001/CHIS885-001 | Q27: 077 | R27: 0 | T27: Lecture | U27: INPERSON | V27: DO | W27: 1-3 | X27: 1-3 | Y27: 5 | Z27: CLAS | AA27: 24-AUG-26 | AD27: 24-AUG-26 | AE27: 10-DEC-26 | AH27: 10-DEC-26 | AI27: 1430 | AJ27: 1620 | AN27: W | AR27: N150 | AS27: Seminary Building [SEM] | AT27: Rodrigues, Gerson C. | AU27: =IF($AT27="","",IFERROR(INDEX(InstructorMap!$B:$B, MATCH($AT27, InstructorMap!$A:$A, 0)),"")) -> gersoncr@andrews.edu | AV27: =IF($AT27="","",IFERROR(INDEX(InstructorMap!$C:$C, MATCH($AT27, InstructorMap!$A:$A, 0)),"")) -> 000093682 | AW27: 100 | AX27: load | BA27: CHIS: 11-1100-9120-70 | BH27: CHIS | BI27: 16-MAR-26 | BJ27: A | BL27: A | BO27: MOODL | BT27: 70 | BU27: 0 | BV27: 0 | BW27: Y | BX27: O | CF27: Y | CH27: O | CS27: 16 | CT27: 202641 | CU27: 1
A28: FALSE | B28: FALSE | C28: TRUE | D28: FALSE | E28: FALSE | F28: FALSE | G28: Add Title | H28: 4303-02 | I28: 4303 | J28: CHIS | K28: 885 | L28: 002 | N28: Topics in Adv St | O28: Dev of SDA Theology | P28: CHIS674-001/CHIS674-002/CHIS885-002 | Q28: 288 | R28: 0 | T28: Lecture | U28: INPERSON | V28: DO | W28: 1-3 | X28: 1-3 | Y28: 5 | Z28: CLAS | AA28: 24-AUG-26 | AD28: 24-AUG-26 | AE28: 10-DEC-26 | AH28: 10-DEC-26 | AI28: 1430 | AJ28: 1720 | AO28: R | AR28: N110 | AS28: Seminary Building [SEM] | AT28: Rodrigues, Gerson C. | AU28: =IF($AT28="","",IFERROR(INDEX(InstructorMap!$B:$B, MATCH($AT28, InstructorMap!$A:$A, 0)),"")) -> gersoncr@andrews.edu | AV28: =IF($AT28="","",IFERROR(INDEX(InstructorMap!$C:$C, MATCH($AT28, InstructorMap!$A:$A, 0)),"")) -> 000093682 | AW28: 100 | AX28: load | BA28: CHIS: 11-1100-9120-70 | BH28: CHIS | BI28: 16-MAR-26 | BJ28: A | BL28: A | BO28: MOODL | BT28: 70 | BU28: 0 | BV28: 0 | BW28: Y | BX28: O | CF28: Y | CH28: O | CS28: 16 | CT28: 202641 | CU28: 1
A29: FALSE | B29: FALSE | C29: TRUE | D29: FALSE | E29: FALSE | F29: FALSE | G29: Deactivate | H29: 4343-02 | I29: 4343 | J29: CHIS | K29: 885 | L29: 003 | N29: Topics in | O29: Topics Grt Cont, Cov, Law, Sab | Q29: 274 | R29: 0 | W29: 1-3 | Y29: 5 | Z29: CLAS | AA29: 24-AUG-26 | AD29: 24-AUG-26 | AE29: 10-DEC-26 | AH29: 10-DEC-26 | AI29: 1330 | AJ29: 1520 | AO29: R | AS29: Seminary Building [SEM] | AT29: Davidson, Richard M. | AU29: =IF($AT29="","",IFERROR(INDEX(InstructorMap!$B:$B, MATCH($AT29, InstructorMap!$A:$A, 0)),"")) -> davidson@andrews.edu | AV29: =IF($AT29="","",IFERROR(INDEX(InstructorMap!$C:$C, MATCH($AT29, InstructorMap!$A:$A, 0)),"")) -> 000012107 | AW29: 100 | BH29: CHIS | BI29: 16-MAR-26 | BJ29: A | BL29: A | BO29: MOODL | BT29: 70 | BU29: 0 | BV29: 0 | BW29: Y | BX29: O | CF29: Y | CH29: O | CS29: 15 | CT29: 202641 | CU29: 1
A30: FALSE | B30: FALSE | C30: TRUE | D30: FALSE | E30: FALSE | F30: FALSE | G30: Deactivate | H30: 4305-02 | I30: 4305 | J30: CHIS | K30: 885 | L30: 997 | N30: Topics in | O30: Top: Theological Ethics | Q30: 272 | R30: 7 | U30: SYNC | W30: 1-3 | Y30: 5 | Z30: WEB | AA30: 24-AUG-26 | AD30: 24-AUG-26 | AE30: 10-DEC-26 | AH30: 10-DEC-26 | AI30: 1430 | AJ30: 1720 | AN30: W | AT30: NAME NOT FOUND FOR PIDM: | AU30: =IF($AT30="","",IFERROR(INDEX(InstructorMap!$B:$B, MATCH($AT30, InstructorMap!$A:$A, 0)),"")) | AV30: =IF($AT30="","",IFERROR(INDEX(InstructorMap!$C:$C, MATCH($AT30, InstructorMap!$A:$A, 0)),"")) | BH30: CHIS | BI30: 16-MAR-26 | BJ30: A | BL30: N | BO30: MOODL | BT30: 70 | BU30: 0 | BV30: 0 | CF30: Y | CS30: 15 | CT30: 202641 | CU30: 1
A31: FALSE | B31: FALSE | C31: TRUE | D31: FALSE | E31: FALSE | F31: FALSE | H31: 3981-02 | I31: 3981 | J31: CHIS | K31: 890 | L31: 101 | N31: Directed Rdg in Church History | R31: 0 | T31: Independent | V31: DO | W31: 1-6 | X31: 1-6 | Y31: 5 | Z31: CLAS | AA31: 24-AUG-26 | AD31: 24-AUG-26 | AE31: 10-DEC-26 | AH31: 10-DEC-26 | AT31: Hernandez, Abner F. | AU31: =IF($AT31="","",IFERROR(INDEX(InstructorMap!$B:$B, MATCH($AT31, InstructorMap!$A:$A, 0)),"")) -> abnerh@andrews.edu | AV31: =IF($AT31="","",IFERROR(INDEX(InstructorMap!$C:$C, MATCH($AT31, InstructorMap!$A:$A, 0)),"")) -> 000149024 | AW31: 100 | BA31: CHIS: 11-1100-9120-70 | BH31: CHIS | BI31: 16-MAR-26 | BJ31: A | BL31: I | BO31: MOODL | BT31: 70 | BU31: 0 | BV31: 0 | BW31: Y | CF31: Y | CR31: T | CS31: 15 | CT31: 202641 | CU31: 1
A32: FALSE | B32: FALSE | C32: TRUE | D32: FALSE | E32: FALSE | F32: FALSE | H32: 3982-02 | I32: 3982 | J32: CHIS | K32: 890 | L32: 102 | N32: Directed Rdg in Church History | R32: 0 | T32: Independent | V32: DO | W32: 1-6 | X32: 1-6 | Y32: 5 | Z32: CLAS | AA32: 24-AUG-26 | AD32: 24-AUG-26 | AE32: 10-DEC-26 | AH32: 10-DEC-26 | AT32: O'Reggio, Trevor E. | AU32: =IF($AT32="","",IFERROR(INDEX(InstructorMap!$B:$B, MATCH($AT32, InstructorMap!$A:$A, 0)),"")) -> toreggio@andrews.edu | AV32: =IF($AT32="","",IFERROR(INDEX(InstructorMap!$C:$C, MATCH($AT32, InstructorMap!$A:$A, 0)),"")) -> 000035762 | AW32: 100 | BA32: CHIS: 11-1100-9120-70 | BH32: CHIS | BI32: 16-MAR-26 | BJ32: A | BL32: I | BO32: MOODL | BT32: 70 | BU32: 0 | BV32: 0 | BW32: Y | CF32: Y | CR32: T | CS32: 15 | CT32: 202641 | CU32: 1
A33: FALSE | B33: FALSE | C33: TRUE | D33: FALSE | E33: FALSE | F33: FALSE | G33: Remove Title | H33: 4300-02 | I33: 4300 | J33: CHIS | K33: 890 | L33: 105 | N33: Directed Rdg in Church History | R33: 0 | T33: Independent | V33: DO | W33: 1-6 | X33: 1-6 | Y33: 5 | Z33: CLAS | AA33: 24-AUG-26 | AD33: 24-AUG-26 | AE33: 10-DEC-26 | AH33: 10-DEC-26 | AT33: Reeve, John W. | AU33: =IF($AT33="","",IFERROR(INDEX(InstructorMap!$B:$B, MATCH($AT33, InstructorMap!$A:$A, 0)),"")) -> jreeve@andrews.edu | AV33: =IF($AT33="","",IFERROR(INDEX(InstructorMap!$C:$C, MATCH($AT33, InstructorMap!$A:$A, 0)),"")) -> 000049018 | AW33: 100 | BA33: CHIS: 11-1100-9120-70 | BH33: CHIS | BI33: 16-MAR-26 | BJ33: A | BL33: I | BO33: MOODL | BT33: 70 | BU33: 0 | BV33: 0 | BW33: Y | CF33: Y | CR33: I | CS33: 15 | CT33: 202641 | CU33: 1
A34: FALSE | B34: FALSE | C34: TRUE | D34: FALSE | E34: FALSE | F34: FALSE | G34: Remove Title | H34: 4301-02 | I34: 4301 | J34: CHIS | K34: 890 | L34: 103 | N34: Directed Rdg in Church History | R34: 0 | T34: Independent | V34: DO | W34: 1-6 | X34: 1-6 | Y34: 5 | Z34: CLAS | AA34: 24-AUG-26 | AD34: 24-AUG-26 | AE34: 10-DEC-26 | AH34: 10-DEC-26 | AT34: Reeve, John W. | AU34: =IF($AT34="","",IFERROR(INDEX(InstructorMap!$B:$B, MATCH($AT34, InstructorMap!$A:$A, 0)),"")) -> jreeve@andrews.edu | AV34: =IF($AT34="","",IFERROR(INDEX(InstructorMap!$C:$C, MATCH($AT34, InstructorMap!$A:$A, 0)),"")) -> 000049018 | AW34: 100 | BA34: CHIS: 11-1100-9120-70 | BH34: CHIS | BI34: 16-MAR-26 | BJ34: A | BL34: I | BO34: MOODL | BT34: 70 | BU34: 0 | BV34: 0 | BW34: Y | CF34: Y | CR34: I | CS34: 15 | CT34: 202641 | CU34: 1
A35: FALSE | B35: FALSE | C35: TRUE | D35: FALSE | E35: FALSE | F35: FALSE | G35: Remove Title | H35: 4302-02 | I35: 4302 | J35: CHIS | K35: 890 | L35: 104 | N35: Directed Rdg in Church History | R35: 0 | T35: Independent | V35: DO | W35: 1-6 | X35: 1-6 | Y35: 5 | Z35: CLAS | AA35: 24-AUG-26 | AD35: 24-AUG-26 | AE35: 10-DEC-26 | AH35: 10-DEC-26 | AT35: Hernandez, Abner F. | AU35: =IF($AT35="","",IFERROR(INDEX(InstructorMap!$B:$B, MATCH($AT35, InstructorMap!$A:$A, 0)),"")) -> abnerh@andrews.edu | AV35: =IF($AT35="","",IFERROR(INDEX(InstructorMap!$C:$C, MATCH($AT35, InstructorMap!$A:$A, 0)),"")) -> 000149024 | AW35: 100 | BA35: CHIS: 11-1100-9120-70 | BH35: CHIS | BI35: 16-MAR-26 | BJ35: A | BL35: I | BO35: MOODL | BT35: 70 | BU35: 0 | BV35: 0 | BW35: Y | CF35: Y | CR35: I | CS35: 15 | CT35: 202641 | CU35: 1
A36: FALSE | B36: FALSE | C36: TRUE | D36: FALSE | E36: FALSE | F36: FALSE | G36: Remove Title | H36: 4319-02 | I36: 4319 | J36: CHIS | K36: 890 | L36: 106 | N36: Directed Rdg in Church History | R36: 0 | T36: Independent | V36: DO | W36: 1-6 | X36: 1-6 | Y36: 5 | Z36: CLAS | AA36: 24-AUG-26 | AD36: 24-AUG-26 | AE36: 10-DEC-26 | AH36: 10-DEC-26 | AT36: Hernandez, Abner F. | AU36: =IF($AT36="","",IFERROR(INDEX(InstructorMap!$B:$B, MATCH($AT36, InstructorMap!$A:$A, 0)),"")) -> abnerh@andrews.edu | AV36: =IF($AT36="","",IFERROR(INDEX(InstructorMap!$C:$C, MATCH($AT36, InstructorMap!$A:$A, 0)),"")) -> 000149024 | AW36: 100 | BA36: CHIS: 11-1100-9120-70 | BH36: CHIS | BI36: 16-MAR-26 | BJ36: A | BL36: I | BO36: MOODL | BT36: 70 | BU36: 0 | BV36: 0 | BW36: Y | CF36: Y | CS36: 15 | CT36: 202641 | CU36: 1
A37: FALSE | B37: FALSE | C37: TRUE | D37: FALSE | E37: FALSE | F37: FALSE | G37: Remove Title | H37: 3581-02 | I37: 3581 | J37: CHIS | K37: 891 | L37: 102 | N37: Ind St: | R37: 0 | T37: Independent | V37: DO | W37: 1-3 | X37: 1-3 | Y37: 5 | Z37: CLAS | AA37: 24-AUG-26 | AD37: 24-AUG-26 | AE37: 10-DEC-26 | AH37: 10-DEC-26 | AT37: Reeve, John W. | AU37: =IF($AT37="","",IFERROR(INDEX(InstructorMap!$B:$B, MATCH($AT37, InstructorMap!$A:$A, 0)),"")) -> jreeve@andrews.edu | AV37: =IF($AT37="","",IFERROR(INDEX(InstructorMap!$C:$C, MATCH($AT37, InstructorMap!$A:$A, 0)),"")) -> 000049018 | AW37: 100 | BA37: CHIS: 11-1100-9120-70 | BH37: CHIS | BI37: 16-MAR-26 | BJ37: A | BL37: I | BO37: MOODL | BT37: 70 | BU37: 0 | BV37: 0 | BW37: Y | CF37: Y | CS37: 15 | CT37: 202641 | CU37: 1
A38: FALSE | B38: FALSE | C38: TRUE | D38: FALSE | E38: FALSE | F38: FALSE | G38: Remove Title | H38: 3983-02 | I38: 3983 | J38: CHIS | K38: 891 | L38: 103 | N38: Ind St: | R38: 0 | T38: Independent | V38: DO | W38: 1-3 | X38: 1-3 | Y38: 5 | Z38: CLAS | AA38: 24-AUG-26 | AD38: 24-AUG-26 | AE38: 10-DEC-26 | AH38: 10-DEC-26 | AT38: O'Reggio, Trevor E. | AU38: =IF($AT38="","",IFERROR(INDEX(InstructorMap!$B:$B, MATCH($AT38, InstructorMap!$A:$A, 0)),"")) -> toreggio@andrews.edu | AV38: =IF($AT38="","",IFERROR(INDEX(InstructorMap!$C:$C, MATCH($AT38, InstructorMap!$A:$A, 0)),"")) -> 000035762 | AW38: 100 | BA38: CHIS: 11-1100-9120-70 | BH38: CHIS | BI38: 16-MAR-26 | BJ38: A | BL38: I | BO38: MOODL | BT38: 70 | BU38: 0 | BV38: 0 | BW38: Y | CF38: Y | CS38: 15 | CT38: 202641 | CU38: 1
A39: FALSE | B39: FALSE | C39: TRUE | D39: FALSE | E39: FALSE | F39: FALSE | G39: Remove Title | H39: 4304-02 | I39: 4304 | J39: CHIS | K39: 891 | L39: 104 | N39: Ind St: | R39: 0 | T39: Independent | V39: DO | W39: 1-3 | X39: 1-3 | Y39: 5 | Z39: CLAS | AA39: 24-AUG-26 | AD39: 24-AUG-26 | AE39: 10-DEC-26 | AH39: 10-DEC-26 | AT39: Hernandez, Abner F. | AU39: =IF($AT39="","",IFERROR(INDEX(InstructorMap!$B:$B, MATCH($AT39, InstructorMap!$A:$A, 0)),"")) -> abnerh@andrews.edu | AV39: =IF($AT39="","",IFERROR(INDEX(InstructorMap!$C:$C, MATCH($AT39, InstructorMap!$A:$A, 0)),"")) -> 000149024 | AW39: 100 | BA39: CHIS: 11-1100-9120-70 | BH39: CHIS | BI39: 16-MAR-26 | BJ39: A | BL39: I | BO39: MOODL | BT39: 70 | BU39: 0 | BV39: 0 | BW39: Y | CF39: Y | CR39: I | CS39: 15 | CT39: 202641 | CU39: 1
A40: FALSE | B40: FALSE | C40: TRUE | D40: FALSE | E40: FALSE | F40: FALSE | G40: Remove Title | H40: 4320-02 | I40: 4320 | J40: CHIS | K40: 891 | L40: 105 | N40: Ind St: | R40: 0 | T40: Independent | V40: DO | W40: 1-3 | X40: 1-3 | Y40: 5 | Z40: CLAS | AA40: 24-AUG-26 | AD40: 24-AUG-26 | AE40: 10-DEC-26 | AH40: 10-DEC-26 | AT40: Hernandez, Abner F. | AU40: =IF($AT40="","",IFERROR(INDEX(InstructorMap!$B:$B, MATCH($AT40, InstructorMap!$A:$A, 0)),"")) -> abnerh@andrews.edu | AV40: =IF($AT40="","",IFERROR(INDEX(InstructorMap!$C:$C, MATCH($AT40, InstructorMap!$A:$A, 0)),"")) -> 000149024 | AW40: 100 | BA40: CHIS: 11-1100-9120-70 | BH40: CHIS | BI40: 16-MAR-26 | BJ40: A | BL40: I | BO40: MOODL | BT40: 70 | BU40: 0 | BV40: 0 | BW40: Y | CF40: Y | CS40: 15 | CT40: 202641 | CU40: 1
A41: FALSE | B41: FALSE | C41: TRUE | D41: FALSE | E41: FALSE | F41: FALSE | G41: Remove Title | H41: 3574-02 | I41: 3574 | J41: CHIS | K41: 892 | L41: 001 | N41: Ind St: | R41: 0 | T41: Independent | V41: DO | W41: 1-3 | X41: 1-3 | Y41: 5 | Z41: CLAS | AA41: 24-AUG-26 | AD41: 24-AUG-26 | AE41: 10-DEC-26 | AH41: 10-DEC-26 | AT41: Kaiser, Denis | AU41: =IF($AT41="","",IFERROR(INDEX(InstructorMap!$B:$B, MATCH($AT41, InstructorMap!$A:$A, 0)),"")) -> denis@andrews.edu | AV41: =IF($AT41="","",IFERROR(INDEX(InstructorMap!$C:$C, MATCH($AT41, InstructorMap!$A:$A, 0)),"")) -> 000134382 | AW41: 100 | BA41: CHIS: 11-1100-9120-70 | BH41: CHIS | BI41: 16-MAR-26 | BJ41: A | BL41: I | BO41: MOODL | BT41: 70 | BU41: 0 | BV41: 0 | BW41: Y | CF41: Y | CR41: IT | CS41: 15 | CT41: 202641 | CU41: 1
A42: FALSE | B42: FALSE | C42: TRUE | D42: FALSE | E42: FALSE | F42: FALSE | H42: 3984-02 | I42: 3984 | J42: CHIS | K42: 892 | L42: 102 | N42: Ind St: | R42: 0 | T42: Independent | V42: DO | W42: 1-3 | X42: 1-3 | Y42: 5 | Z42: CLAS | AA42: 24-AUG-26 | AD42: 24-AUG-26 | AE42: 10-DEC-26 | AH42: 10-DEC-26 | AT42: Hernandez, Abner F. | AU42: =IF($AT42="","",IFERROR(INDEX(InstructorMap!$B:$B, MATCH($AT42, InstructorMap!$A:$A, 0)),"")) -> abnerh@andrews.edu | AV42: =IF($AT42="","",IFERROR(INDEX(InstructorMap!$C:$C, MATCH($AT42, InstructorMap!$A:$A, 0)),"")) -> 000149024 | AW42: 100 | BA42: CHIS: 11-1100-9120-70 | BH42: CHIS | BI42: 16-MAR-26 | BJ42: A | BL42: I | BO42: MOODL | BT42: 70 | BU42: 0 | BV42: 0 | BW42: Y | CF42: Y | CS42: 15 | CT42: 202641 | CU42: 1
A43: FALSE | B43: FALSE | C43: TRUE | D43: FALSE | E43: FALSE | F43: FALSE | G43: Remove Title | H43: 4321-02 | I43: 4321 | J43: CHIS | K43: 892 | L43: 103 | N43: Ind St: | R43: 0 | T43: Independent | V43: DO | W43: 1-3 | X43: 1-3 | Y43: 5 | Z43: CLAS | AA43: 24-AUG-26 | AD43: 24-AUG-26 | AE43: 10-DEC-26 | AH43: 10-DEC-26 | AT43: Fortin, Denis | AU43: =IF($AT43="","",IFERROR(INDEX(InstructorMap!$B:$B, MATCH($AT43, InstructorMap!$A:$A, 0)),"")) -> fortind@andrews.edu | AV43: =IF($AT43="","",IFERROR(INDEX(InstructorMap!$C:$C, MATCH($AT43, InstructorMap!$A:$A, 0)),"")) -> 000043638 | AW43: 100 | BA43: CHIS: 11-1100-9120-70 | BH43: CHIS | BI43: 16-MAR-26 | BJ43: A | BL43: I | BO43: MOODL | BT43: 70 | BU43: 0 | BV43: 0 | BW43: Y | CF43: Y | CR43: I | CS43: 15 | CT43: 202641 | CU43: 1
A44: FALSE | B44: FALSE | C44: TRUE | D44: FALSE | E44: FALSE | F44: FALSE | G44: Remove Title | H44: 3589-02 | I44: 3589 | J44: CHIS | K44: 895 | L44: 101 | N44: Directed Rdg Adventist Studies | R44: 0 | T44: Independent | V44: DO | W44: 1-6 | X44: 1-6 | Y44: 5 | Z44: CLAS | AA44: 24-AUG-26 | AD44: 24-AUG-26 | AE44: 10-DEC-26 | AH44: 10-DEC-26 | AT44: Kaiser, Denis | AU44: =IF($AT44="","",IFERROR(INDEX(InstructorMap!$B:$B, MATCH($AT44, InstructorMap!$A:$A, 0)),"")) -> denis@andrews.edu | AV44: =IF($AT44="","",IFERROR(INDEX(InstructorMap!$C:$C, MATCH($AT44, InstructorMap!$A:$A, 0)),"")) -> 000134382 | AW44: 100 | BA44: CHIS: 11-1100-9120-70 | BH44: CHIS | BI44: 16-MAR-26 | BJ44: A | BL44: I | BO44: MOODL | BQ44: ADVN | BT44: 70 | BU44: 0 | BV44: 0 | BW44: Y | CF44: Y | CR44: I | CS44: 15 | CT44: 202641 | CU44: 1
A45: FALSE | B45: FALSE | C45: TRUE | D45: FALSE | E45: FALSE | F45: FALSE | I45: ### | J45: CHIS | K45: 944 | L45: 001 | N45: Seminar in Adventist Studies | P45: CHIS685-001/CHIS944-001 | R45: 0 | T45: Seminar | U45: INPERSON | V45: DO | W45: 3 | X45: 3 | Y45: 10 | Z45: WEB | AA45: 24-AUG-26 | AD45: 24-AUG-26 | AE45: 10-DEC-26 | AH45: 10-DEC-26 | AI45: 1430 | AJ45: 1720 | AN45: W | AR45: N108 | AS45: Seminary Building [SEM] | AT45: Rodrigues, Gerson C. | AU45: =IF($AT45="","",IFERROR(INDEX(InstructorMap!$B:$B, MATCH($AT45, InstructorMap!$A:$A, 0)),"")) -> gersoncr@andrews.edu | AV45: =IF($AT45="","",IFERROR(INDEX(InstructorMap!$C:$C, MATCH($AT45, InstructorMap!$A:$A, 0)),"")) -> 000093682 | AW45: 100 | AX45: load | BH45: CHIS | CS45: 16 | CT45: 202641
A46: FALSE | B46: FALSE | C46: TRUE | D46: FALSE | E46: FALSE | F46: FALSE | G46: Instructor | I46: ### | J46: CHIS | K46: 944 | L46: 101 | N46: Seminar in Adv Studies | P46: CHIS645-001/CHIS944-101 | R46: 0 | T46: Seminar | U46: INPERSON | V46: DO | W46: 3 | X46: 3 | Y46: 12 | Z46: WEB | AA46: 24-AUG-26 | AD46: 24-AUG-26 | AE46: 10-DEC-26 | AH46: 10-DEC-26 | AI46: 1430 | AJ46: 1720 | AN46: W | AR46: N108 | AS46: Seminary Building [SEM] | AT46: Staff | AU46: =IF($AT46="","",IFERROR(INDEX(InstructorMap!$B:$B, MATCH($AT46, InstructorMap!$A:$A, 0)),"")) | AV46: =IF($AT46="","",IFERROR(INDEX(InstructorMap!$C:$C, MATCH($AT46, InstructorMap!$A:$A, 0)),"")) | BH46: CHIS | CS46: 16 | CT46: 202641

Sheet DSLE
A1: Don {not in Banner} | B1: Mismatching {not in Banner} | C1: Dept/Prog Admin {not in Banner} | D1: Mona {not in Banner} | E1: Karen {not in Banner} | F1: DONE {not in Banner} | G1: Notes {not in Banner} | H1: CRN sorted {not in Banner} | I1: CRN | J1: Subject | K1: Course Number {Crse Num} | L1: Course Section {Seq Crse Num} | M1: Program {not in Banner} | N1: Catalog Title | O1: Section Title | P1: Crosslist Details {not in Banner} | Q1: X Lst | R1: Campus {Ssasect Campus} | S1: Campus Restriction {Camp Restr CC} | T1: Schedule Type {not in Banner} | U1: Instruction Method {Inst Method} | V1: Level {Level SC} | W1: Credit Catalog {Cat Crs} | X1: Credits {Sect Crs} | Y1: Enrollment Cap {Max Enrl} | Z1: Meeting Type | AA1: Semester Start Date {Soaterm Start Date} | AB1: Pre-work Start Date {not in Banner} | AC1: Pre-work End Date {not in Banner} | AD1: Course Start Date {Meet Start Date} | AE1: Course End Date {Meet End Date} | AF1: Post-work Start Date {not in Banner} | AG1: Post-work End Date {not in Banner} | AH1: Semester End Date {Soaterm End Date} | AI1: Course Beginning Time {Meet Beg Time} | AJ1: Course Ending Time {Meet End Time} | AK1: SUN | AL1: MON | AM1: TUE | AN1: WED | AO1: THU | AP1: FRI | AQ1: SAT | AR1: Room {Meet Room} | AS1: Building {Meet Bldg} | AT1: Instructor Name {Instr Name} | AU1: Instructor Email {Instr Email} | AV1: Instructor ID {Instr ID} | AW1: % Responsibility | AX1: load/contract {not in Banner} | AY1: costs per credit {not in Banner} | AZ1: total costs {not in Banner} | BA1: account to be charged {not in Banner} | BB1: Fee Amount {Fees Amt} | BC1: Fee Code {Detl Code} | BD1: Fee Type | BE1: Fee Level | BF1: Fee Ind | BG1: Fee Term | BH1: SEM Department {Scacrse Dept} | BI1: Activity Date | BJ1: Status | BK1: Bill Hrs | BL1: Sect Sch Type | BM1: Prerequisites {Preq Areas} | BN1: Link Ind | BO1: Integration Code | BP1: Link Conn | BQ1: Crs Attr | BR1: Comments | BS1: Major Restr | BT1: Scacrse College | BU1: Enrolled | BV1: Waitlist Capacity | BW1: Primary Ind | BX1: Override | BY1: 1st Date Reg Opens | BZ1: Last Date Reg Opens | CA1: OL Range From Date | CB1: OL Range To Date | CC1: OL Numb Units | CD1: OL Duration Code | CE1: Grade Mode | CF1: Gradable Ind | CG1: Tuit Waiver | CH1: Course Override {Meet Override} | CI1: Lvl Res Ind | CJ1: Cmp Res Ind | CK1: Rate Code | CL1: Cohort Code | CM1: St Attr Code | CN1: Coll SC | CO1: DegC SC | CP1: Prog SC | CQ1: FOS Type | CR1: Special Approval {Special Apvl} | CS1: Weeks | CT1: Term Code | CU1: Part-Of-Term | CV1: Camp SC
A2: FALSE | B2: FALSE | C2: FALSE | D2: FALSE | E2: FALSE | F2: TRUE | H2: 492-02 | I2: 492 | J2: DSLE | K2: 503 | L2: 002 | N2: Marriage, Family & IPR | R2: 0 | U2: INPERSON | W2: 2,3 | X2: 2,3 | Y2: 35 | Z2: CLAS | AA2: 24-AUG-26 | AD2: 24-AUG-26 | AE2: 10-DEC-26 | AH2: 10-DEC-26 | AI2: 0830 | AJ2: 1020 | AO2: R | AR2: S340 | AS2: Seminary Building [SEM] | AT2: Fraser, Jasmine J. | AU2: =IF($AT2="","",IFERROR(INDEX(InstructorMap!$B:$B, MATCH($AT2, InstructorMap!$A:$A, 0)),"")) -> fraserj@andrews.edu | AV2: =IF($AT2="","",IFERROR(INDEX(InstructorMap!$C:$C, MATCH($AT2, InstructorMap!$A:$A, 0)),"")) -> 000129106 | AW2: 100 | AX2: load | BH2: DSLE | BI2: 16-MAR-26 | BJ2: A | BL2: A | BO2: MOODL | BT2: 70 | BU2: 0 | BV2: 99 | BW2: Y | CF2: Y | CH2: O | CS2: 16 | CT2: 202641 | CU2: 1
A3: FALSE | B3: FALSE | C3: FALSE | D3: FALSE | E3: FALSE | F3: TRUE | H3: 3978-02 | I3: 3978 | J3: DSLE | K3: 503 | L3: 001 | N3: Marriage, Family & IPR | P3: DSLE 503-001/503-999 | Q3: 198 | R3: 0 | U3: INPERSON | W3: 2,3 | X3: 2,3 | Y3: 35 | Z3: CLAS | AA3: 24-AUG-26 | AD3: 24-AUG-26 | AE3: 10-DEC-26 | AH3: 10-DEC-26 | AI3: 1830 | AJ3: 2020 | AM3: T | AR3: S120 | AS3: Seminary Building [SEM] | AT3: Joseph, Ainsworth E. | AU3: =IF($AT3="","",IFERROR(INDEX(InstructorMap!$B:$B, MATCH($AT3, InstructorMap!$A:$A, 0)),"")) -> ainsworj@andrews.edu | AV3: =IF($AT3="","",IFERROR(INDEX(InstructorMap!$C:$C, MATCH($AT3, InstructorMap!$A:$A, 0)),"")) -> 000079312 | AW3: 100 | AX3: load | BH3: DSLE | BI3: 16-MAR-26 | BJ3: A | BL3: A | BO3: MOODL | BT3: 70 | BU3: 0 | BV3: 0 | BW3: Y | CF3: Y | CS3: 16 | CT3: 202641 | CU3: 1
A4: FALSE | B4: FALSE | C4: FALSE | D4: FALSE | E4: FALSE | F4: FALSE | H4: 1408-02 | I4: 1408 | J4: DSLE | K4: 503 | L4: 999 | N4: Marriage, Family & IPR | P4: DSLE 503-001/503-999 | Q4: 198 | R4: 7 | U4: ASYNC | W4: 2,3 | X4: 2,3 | Y4: 25 | Z4: WEB | AA4: 24-AUG-26 | AD4: 24-AUG-26 | AE4: 10-DEC-26 | AH4: 10-DEC-26 | AT4: Joseph, Ainsworth E. | AU4: =IF($AT4="","",IFERROR(INDEX(InstructorMap!$B:$B, MATCH($AT4, InstructorMap!$A:$A, 0)),"")) -> ainsworj@andrews.edu | AV4: =IF($AT4="","",IFERROR(INDEX(InstructorMap!$C:$C, MATCH($AT4, InstructorMap!$A:$A, 0)),"")) -> 000079312 | AW4: 100 | AX4: X-list | BH4: DSLE | BI4: 16-MAR-26 | BJ4: A | BL4: N | BO4: MOODL | BT4: 70 | BU4: 0 | BV4: 0 | BW4: Y | CF4: Y | CS4: #### | CT4: 202641 | CU4: 1
A5: FALSE | B5: FALSE | C5: TRUE | D5: FALSE | E5: FALSE | F5: TRUE | G5: Campus Restriction, cap,online fee | H5: 482-02 | I5: 482 | J5: DSLE | K5: 503 | L5: 998 | N5: Marriage, Family & IPR | P5: DSLE 503-001/503-999 | Q5: 198 | R5: 7 | S5: 7 | U5: SYNC | W5: 2,3 | Y5: 5 | Z5: WEB | AA5: 24-AUG-26 | AD5: 24-AUG-26 | AE5: 10-DEC-26 | AH5: 10-DEC-26 | AI5: 1830 | AJ5: 2020 | AM5: T | AT5: Joseph, Ainsworth E. | AU5: =IF($AT5="","",IFERROR(INDEX(InstructorMap!$B:$B, MATCH($AT5, InstructorMap!$A:$A, 0)),"")) -> ainsworj@andrews.edu | AV5: =IF($AT5="","",IFERROR(INDEX(InstructorMap!$C:$C, MATCH($AT5, InstructorMap!$A:$A, 0)),"")) -> 000079312 | AW5: 100 | AX5: x-list | BC5: ES12 | BD5: BILL | BE5: FP | BH5: PTDI | BI5: 16-MAR-26 | BJ5: A | BL5: N | BO5: MOODL | BT5: 70 | BU5: 0 | BV5: 0 | BW5: Y | BX5: O | CF5: Y | CS5: 15 | CT5: 202641 | CU5: 1
A6: FALSE | B6: FALSE | C6: TRUE | D6: FALSE | E6: FALSE | F6: FALSE | G6: Remove x list | H6: 495-02 | I6: 495 | J6: DSLE | K6: 534 | L6: 001 | N6: Ministry to Y & YA | Q6: 100 | R6: 0 | U6: INPERSON | W6: 2,3 | X6: 2,3 | Y6: 40 | Z6: CLAS | AA6: 24-AUG-26 | AD6: 24-AUG-26 | AE6: 10-DEC-26 | AH6: 10-DEC-26 | AI6: 1030 | AJ6: 1220 | AN6: W | AR6: N235 | AS6: Seminary Building [SEM] | AT6: Paquini, Rogelio | AU6: =IF($AT6="","",IFERROR(INDEX(InstructorMap!$B:$B, MATCH($AT6, InstructorMap!$A:$A, 0)),"")) -> rpaquini@andrews.edu | AV6: =IF($AT6="","",IFERROR(INDEX(InstructorMap!$C:$C, MATCH($AT6, InstructorMap!$A:$A, 0)),"")) -> 000105171 | AW6: 100 | AX6: load | BH6: DSLE | BI6: 16-MAR-26 | BJ6: A | BL6: A | BO6: MOODL | BT6: 70 | BU6: 0 | BV6: 99 | BW6: Y | BX6: O | CF6: Y | CS6: 16 | CT6: 202641 | CU6: 1
A7: FALSE | B7: FALSE | C7: TRUE | D7: FALSE | E7: FALSE | F7: TRUE | H7: 555-02 | I7: 555 | J7: DSLE | K7: 534 | L7: 002 | N7: Ministry to Y & YA | R7: 0 | U7: INPERSON | W7: 2,3 | X7: 2,3 | Y7: 40 | Z7: CLAS | AA7: 24-AUG-26 | AD7: 24-AUG-26 | AE7: 10-DEC-26 | AH7: 10-DEC-26 | AI7: 1030 | AJ7: 1220 | AO7: R | AR7: N235 | AS7: Seminary Building [SEM] | AT7: Paquini, Rogelio | AU7: =IF($AT7="","",IFERROR(INDEX(InstructorMap!$B:$B, MATCH($AT7, InstructorMap!$A:$A, 0)),"")) -> rpaquini@andrews.edu | AV7: =IF($AT7="","",IFERROR(INDEX(InstructorMap!$C:$C, MATCH($AT7, InstructorMap!$A:$A, 0)),"")) -> 000105171 | AW7: 100 | AX7: load | BH7: DSLE | BI7: 16-MAR-26 | BJ7: A | BL7: A | BO7: MOODL | BT7: 70 | BU7: 0 | BV7: 0 | BW7: Y | CF7: Y | CH7: O | CS7: 16 | CT7: 202641 | CU7: 1
A8: FALSE | B8: FALSE | C8: TRUE | D8: FALSE | E8: FALSE | F8: TRUE | G8: Delete Section | H8: 2112-02 | I8: 2112 | J8: DSLE | K8: 534 | L8: 998 | N8: Ministry to Youth&Yng Adlt | Q8: 100 | R8: 7 | U8: SYNC | W8: 2,3 | Y8: 15 | Z8: WEB | AA8: 24-AUG-26 | AD8: 24-AUG-26 | AE8: 10-DEC-26 | AH8: 10-DEC-26 | AI8: 0930 | AJ8: 1120 | AM8: T | AT8: Paquini, Rogelio | AU8: =IF($AT8="","",IFERROR(INDEX(InstructorMap!$B:$B, MATCH($AT8, InstructorMap!$A:$A, 0)),"")) -> rpaquini@andrews.edu | AV8: =IF($AT8="","",IFERROR(INDEX(InstructorMap!$C:$C, MATCH($AT8, InstructorMap!$A:$A, 0)),"")) -> 000105171 | AW8: 100 | BH8: PTDI | BI8: 16-MAR-26 | BJ8: A | BL8: N | BO8: MOODL | BT8: 70 | BU8: 0 | BV8: 0 | BW8: Y | BX8: O | CF8: Y | CS8: 15 | CT8: 202641 | CU8: 1
A9: FALSE | B9: FALSE | C9: TRUE | D9: FALSE | E9: FALSE | F9: TRUE | G9: Delete Section | H9: 3989-02 | I9: 3989 | J9: DSLE | K9: 534 | L9: 999 | N9: Ministry to Youth&Yng Adlt | Q9: 100 | R9: 7 | U9: ASYNC | W9: 2,3 | Y9: 10 | Z9: WEB | AA9: 24-AUG-26 | AD9: 24-AUG-26 | AE9: 10-DEC-26 | AH9: 10-DEC-26 | AT9: Paquini, Rogelio | AU9: =IF($AT9="","",IFERROR(INDEX(InstructorMap!$B:$B, MATCH($AT9, InstructorMap!$A:$A, 0)),"")) -> rpaquini@andrews.edu | AV9: =IF($AT9="","",IFERROR(INDEX(InstructorMap!$C:$C, MATCH($AT9, InstructorMap!$A:$A, 0)),"")) -> 000105171 | AW9: 100 | BH9: PTDI | BI9: 16-MAR-26 | BJ9: A | BL9: N | BO9: MOODL | BT9: 70 | BU9: 0 | BV9: 99 | BW9: Y | CF9: Y | CS9: 15 | CT9: 202641 | CU9: 1
A10: FALSE | B10: FALSE | C10: TRUE | D10: FALSE | E10: FALSE | F10: TRUE | H10: 477-02 | I10: 477 | J10: DSLE | K10: 541 | L10: 002 | N10: Fdns of Biblical Spirituality | Q10: 243 | R10: 0 | U10: INPERSON | W10: 2,3 | X10: 3 | Y10: 25 | Z10: CLAS | AA10: 24-AUG-26 | AD10: 24-AUG-26 | AE10: 10-DEC-26 | AH10: 10-DEC-26 | AI10: 0930 | AJ10: 1220 | AL10: M | AR10: N150 | AS10: Seminary Building [SEM] | AT10: Kidder, S Joseph | AU10: =IF($AT10="","",IFERROR(INDEX(InstructorMap!$B:$B, MATCH($AT10, InstructorMap!$A:$A, 0)),"")) -> kiddersj@andrews.edu | AV10: =IF($AT10="","",IFERROR(INDEX(InstructorMap!$C:$C, MATCH($AT10, InstructorMap!$A:$A, 0)),"")) -> 000039170 | AW10: 100 | AX10: load | BH10: DSLE | BI10: 16-MAR-26 | BJ10: A | BK10: 3 | BL10: A | BO10: MOODL | BT10: 70 | BU10: 0 | BV10: 99 | BW10: Y | BX10: O | CF10: Y | CS10: 16 | CT10: 202641 | CU10: 1
A11: FALSE | B11: FALSE | C11: TRUE | D11: FALSE | E11: FALSE | F11: TRUE | H11: 533-02 | I11: 533 | J11: DSLE | K11: 541 | L11: 003 | N11: Fdns of Biblical Spirituality | R11: 0 | U11: INPERSON | W11: 2,3 | X11: 3 | Y11: 30 | Z11: CLAS | AA11: 24-AUG-26 | AD11: 24-AUG-26 | AE11: 10-DEC-26 | AH11: 10-DEC-26 | AI11: 1430 | AJ11: 1720 | AL11: M | AR11: N150 | AS11: Seminary Building [SEM] | AT11: Kidder, S Joseph | AU11: =IF($AT11="","",IFERROR(INDEX(InstructorMap!$B:$B, MATCH($AT11, InstructorMap!$A:$A, 0)),"")) -> kiddersj@andrews.edu | AV11: =IF($AT11="","",IFERROR(INDEX(InstructorMap!$C:$C, MATCH($AT11, InstructorMap!$A:$A, 0)),"")) -> 000039170 | AW11: 100 | AX11: load | BH11: DSLE | BI11: 16-MAR-26 | BJ11: A | BK11: 3 | BL11: A | BO11: MOODL | BT11: 70 | BU11: 0 | BV11: 0 | BW11: Y | BX11: O | CF11: Y | CH11: O | CS11: 16 | CT11: 202641 | CU11: 1
A12: FALSE | B12: FALSE | C12: TRUE | D12: FALSE | E12: FALSE | F12: TRUE | H12: 3382-02 | I12: 3382 | J12: DSLE | K12: 541 | L12: 001 | N12: Fdns of Biblical Spirituality | R12: 0 | U12: INPERSON | W12: 2,3 | X12: 3 | Y12: 30 | Z12: CLAS | AA12: 24-AUG-26 | AD12: 24-AUG-26 | AE12: 10-DEC-26 | AH12: 10-DEC-26 | AI12: 1430 | AJ12: 1720 | AL12: M | AR12: S120 | AS12: Seminary Building [SEM] | AT12: Ward, Scott R. | AU12: =IF($AT12="","",IFERROR(INDEX(InstructorMap!$B:$B, MATCH($AT12, InstructorMap!$A:$A, 0)),"")) -> sward@andrews.edu | AV12: =IF($AT12="","",IFERROR(INDEX(InstructorMap!$C:$C, MATCH($AT12, InstructorMap!$A:$A, 0)),"")) -> 000077973 | AW12: 100 | AX12: load | BH12: DSLE | BI12: 16-MAR-26 | BJ12: A | BK12: 3 | BL12: A | BO12: MOODL | BT12: 70 | BU12: 0 | BV12: 0 | BW12: Y | BX12: O | CF12: Y | CH12: O | CS12: 16 | CT12: 202641 | CU12: 1
A13: FALSE | B13: FALSE | C13: TRUE | D13: FALSE | E13: FALSE | F13: TRUE | G13: online fee | H13: 1366-02 | I13: 1366 | J13: DSLE | K13: 541 | L13: 999 | N13: Fndtns of Biblicl Spirituality | Q13: 243 | R13: 7 | U13: ASYNC | W13: 2,3 | X13: 3 | Y13: 30 | Z13: WEB | AA13: 24-AUG-26 | AD13: 24-AUG-26 | AE13: 10-DEC-26 | AH13: 10-DEC-26 | AT13: Kidder, S Joseph | AU13: =IF($AT13="","",IFERROR(INDEX(InstructorMap!$B:$B, MATCH($AT13, InstructorMap!$A:$A, 0)),"")) -> kiddersj@andrews.edu | AV13: =IF($AT13="","",IFERROR(INDEX(InstructorMap!$C:$C, MATCH($AT13, InstructorMap!$A:$A, 0)),"")) -> 000039170 | AW13: 100 | AX13: xlist | BC13: ES12 | BD13: BILL | BE13: FP | BH13: PTDI | BI13: 16-MAR-26 | BJ13: A | BK13: 3 | BL13: N | BO13: MOODL | BT13: 70 | BU13: 0 | BV13: 99 | BW13: Y | CF13: Y | CS13: 15 | CT13: 202641 | CU13: 1
A14: FALSE | B14: FALSE | C14: TRUE | D14: FALSE | E14: FALSE | F14: TRUE | G14: campus restriction, cap,online fee | H14: 4098-02 | I14: 4098 | J14: DSLE | K14: 541 | L14: 998 | N14: Fndtns of Biblicl Spirituality | Q14: 243 | R14: 7 | S14: 7 | U14: SYNC | W14: 2,3 | X14: 3 | Y14: 15 | Z14: WEB | AA14: 24-AUG-26 | AD14: 24-AUG-26 | AE14: 10-DEC-26 | AH14: 10-DEC-26 | AI14: 0930 | AJ14: 1220 | AL14: M | AT14: Kidder, S Joseph | AU14: =IF($AT14="","",IFERROR(INDEX(InstructorMap!$B:$B, MATCH($AT14, InstructorMap!$A:$A, 0)),"")) -> kiddersj@andrews.edu | AV14: =IF($AT14="","",IFERROR(INDEX(InstructorMap!$C:$C, MATCH($AT14, InstructorMap!$A:$A, 0)),"")) -> 000039170 | AW14: 100 | AX14: x-list | BC14: ES12 | BD14: BILL | BE14: FP | BH14: PTDI | BI14: 16-MAR-26 | BJ14: A | BK14: 3 | BL14: N | BO14: MOODL | BT14: 70 | BU14: 0 | BV14: 0 | BW14: Y | BX14: O | CF14: Y | CS14: 15 | CT14: 202641 | CU14: 1
A15: FALSE | B15: FALSE | C15: TRUE | D15: FALSE | E15: FALSE | F15: FALSE | G15: Remove Crosslist | H15: 496-02 | I15: 496 | J15: DSLE | K15: 615 | L15: 001 | N15: Collaborative Ministry | P15: Remove crosslist | Q15: 199 | R15: 0 | U15: INPERSON | W15: 2,3 | X15: 2,3 | Y15: 30 | Z15: CLAS | AA15: 24-AUG-26 | AD15: 24-AUG-26 | AE15: 10-DEC-26 | AH15: 10-DEC-26 | AI15: 0830 | AJ15: 1020 | AN15: W | AR15: S340 | AS15: Seminary Building [SEM] | AT15: Ward, Scott R. | AU15: =IF($AT15="","",IFERROR(INDEX(InstructorMap!$B:$B, MATCH($AT15, InstructorMap!$A:$A, 0)),"")) -> sward@andrews.edu | AV15: =IF($AT15="","",IFERROR(INDEX(InstructorMap!$C:$C, MATCH($AT15, InstructorMap!$A:$A, 0)),"")) -> 000077973 | AW15: 100 | AX15: load | BH15: DSLE | BI15: 16-MAR-26 | BJ15: A | BL15: A | BO15: MOODL | BT15: 70 | BU15: 0 | BV15: 99 | BW15: Y | BX15: O | CF15: Y | CH15: O | CS15: 16 | CT15: 202641 | CU15: 1
A16: FALSE | B16: FALSE | C16: TRUE | D16: FALSE | E16: FALSE | F16: TRUE | G16: Remove crosslist,online fee | H16: 501-02 | I16: 501 | J16: DSLE | K16: 615 | L16: 999 | N16: Collaboratv Min:Schl,Chrch,Com | P16: Remove crosslist | Q16: 199 | R16: 7 | U16: ASYNC | W16: 2,3 | Y16: 10 | Z16: WEB | AA16: 24-AUG-26 | AD16: 24-AUG-26 | AE16: 10-DEC-26 | AH16: 10-DEC-26 | AT16: Ward, Scott R. | AU16: =IF($AT16="","",IFERROR(INDEX(InstructorMap!$B:$B, MATCH($AT16, InstructorMap!$A:$A, 0)),"")) -> sward@andrews.edu | AV16: =IF($AT16="","",IFERROR(INDEX(InstructorMap!$C:$C, MATCH($AT16, InstructorMap!$A:$A, 0)),"")) -> 000077973 | AW16: 100 | AX16: load | BC16: ES12 | BD16: BILL | BE16: FP | BH16: PTDI | BI16: 16-MAR-26 | BJ16: A | BL16: N | BO16: MOODL | BT16: 70 | BU16: 0 | BV16: 99 | BW16: Y | CF16: Y | CS16: 15 | CT16: 202641 | CU16: 1
A17: FALSE | B17: FALSE | C17: TRUE | D17: FALSE | E17: FALSE | F17: TRUE | G17: Delete Section | H17: 3422-02 | I17: 3422 | J17: DSLE | K17: 615 | L17: 998 | N17: Collaboratv Min:Schl,Chrch,Com | Q17: 199 | R17: 7 | U17: SYNC | W17: 2,3 | Y17: 5 | Z17: WEB | AA17: 24-AUG-26 | AD17: 24-AUG-26 | AE17: 10-DEC-26 | AH17: 10-DEC-26 | AI17: 1330 | AJ17: 1520 | AM17: T | AT17: Ward, Scott R. | AU17: =IF($AT17="","",IFERROR(INDEX(InstructorMap!$B:$B, MATCH($AT17, InstructorMap!$A:$A, 0)),"")) -> sward@andrews.edu | AV17: =IF($AT17="","",IFERROR(INDEX(InstructorMap!$C:$C, MATCH($AT17, InstructorMap!$A:$A, 0)),"")) -> 000077973 | AW17: 100 | BH17: PTDI | BI17: 16-MAR-26 | BJ17: A | BL17: N | BO17: MOODL | BT17: 70 | BU17: 0 | BV17: 0 | BW17: Y | BX17: O | CF17: Y | CS17: 15 | CT17: 202641 | CU17: 1
A18: FALSE | B18: FALSE | C18: TRUE | D18: FALSE | E18: FALSE | F18: TRUE | H18: 1090-02 | I18: 1090 | J18: DSLE | K18: 620 | L18: 001 | N18: Scholarly & Prof. Development | R18: 0 | U18: INPERSON | W18: 0 | X18: 0 | Y18: 35 | Z18: CLAS | AA18: 24-AUG-26 | AD18: 24-AUG-26 | AE18: 10-DEC-26 | AH18: 10-DEC-26 | AT18: Fraser, Jasmine J. | AU18: =IF($AT18="","",IFERROR(INDEX(InstructorMap!$B:$B, MATCH($AT18, InstructorMap!$A:$A, 0)),"")) -> fraserj@andrews.edu | AV18: =IF($AT18="","",IFERROR(INDEX(InstructorMap!$C:$C, MATCH($AT18, InstructorMap!$A:$A, 0)),"")) -> 000129106 | AW18: 100 | AX18: Portfolio | BH18: DSLE | BI18: 16-MAR-26 | BJ18: A | BL18: I | BO18: MOODL | BT18: 70 | BU18: 0 | BV18: 0 | BW18: Y | CF18: Y | CS18: #### | CT18: 202641 | CU18: 1
A19: FALSE | B19: FALSE | C19: TRUE | D19: FALSE | E19: FALSE | F19: FALSE | G19: time change, instructor change | H19: 4085-02 | I19: 4085 | J19: DSLE | K19: 635 | L19: 001 | N19: Christian Perspectives on Prof. Ethics | Q19: 118 | R19: 0 | U19: INPERSON | W19: 2,3 | Y19: 15 | Z19: CLAS | AA19: 24-AUG-26 | AD19: 24-AUG-26 | AE19: 10-DEC-26 | AH19: 10-DEC-26 | AI19: 1630 | AJ19: 1820 | AL19: M | AR19: NH200 | AS19: Seminary Building [SEM] | AT19: Staff | AU19: =IF($AT19="","",IFERROR(INDEX(InstructorMap!$B:$B, MATCH($AT19, InstructorMap!$A:$A, 0)),"")) | AV19: =IF($AT19="","",IFERROR(INDEX(InstructorMap!$C:$C, MATCH($AT19, InstructorMap!$A:$A, 0)),"")) | AW19: 100 | AX19: SWK | BH19: DSLE | BI19: 16-MAR-26 | BJ19: A | BL19: A | BO19: MOODL | BT19: 70 | BU19: 0 | BV19: 0 | BW19: Y | CF19: Y | CS19: #### | CT19: 202641 | CU19: 1
A20: FALSE | B20: FALSE | C20: TRUE | D20: FALSE | E20: FALSE | F20: FALSE | G20: instructor | H20: 4086-02 | I20: 4086 | J20: DSLE | K20: 636 | L20: 001 | N20: Discipling Youth | Q20: 200 | R20: 0 | U20: INPERSON | W20: 2,3 | X20: 3 | Y20: 15 | Z20: CLAS | AA20: 24-AUG-26 | AD20: 24-AUG-26 | AE20: 10-DEC-26 | AH20: 10-DEC-26 | AI20: 0930 | AJ20: 1120 | AM20: T | AR20: N310 | AS20: Seminary Building [SEM] | AT20: Ward, Scott R. | AU20: =IF($AT20="","",IFERROR(INDEX(InstructorMap!$B:$B, MATCH($AT20, InstructorMap!$A:$A, 0)),"")) -> sward@andrews.edu | AV20: =IF($AT20="","",IFERROR(INDEX(InstructorMap!$C:$C, MATCH($AT20, InstructorMap!$A:$A, 0)),"")) -> 000077973 | AW20: 100 | AX20: load | BH20: DSLE | BI20: 16-MAR-26 | BJ20: A | BL20: A | BO20: MOODL | BT20: 70 | BU20: 0 | BV20: 0 | BW20: Y | BX20: O | CF20: Y | CS20: 16 | CT20: 202641 | CU20: 1
A21: FALSE | B21: FALSE | C21: TRUE | D21: FALSE | E21: FALSE | F21: TRUE | G21: online fee | H21: 1950-02 | I21: 1950 | J21: DSLE | K21: 636 | L21: 999 | N21: Discipling Youth | Q21: 200 | R21: 7 | U21: ASYNC | W21: 2,3 | Y21: 10 | Z21: WEB | AA21: 24-AUG-26 | AD21: 24-AUG-26 | AE21: 10-DEC-26 | AH21: 10-DEC-26 | AT21: Ward, Scott R. | AU21: =IF($AT21="","",IFERROR(INDEX(InstructorMap!$B:$B, MATCH($AT21, InstructorMap!$A:$A, 0)),"")) -> sward@andrews.edu | AV21: =IF($AT21="","",IFERROR(INDEX(InstructorMap!$C:$C, MATCH($AT21, InstructorMap!$A:$A, 0)),"")) -> 000077973 | AW21: 100 | AX21: x-list | BC21: ES12 | BD21: BILL | BE21: FP | BH21: DSLE | BI21: 16-MAR-26 | BJ21: A | BL21: N | BO21: MOODL | BT21: 70 | BU21: 0 | BV21: 0 | BW21: Y | CF21: Y | CS21: #### | CT21: 202641 | CU21: 1
A22: FALSE | B22: FALSE | C22: TRUE | D22: FALSE | E22: FALSE | F22: TRUE | G22: ,time and date,campus restrict,online fee | H22: 3418-02 | I22: 3418 | J22: DSLE | K22: 636 | L22: 998 | N22: Discipling Youth | Q22: 200 | R22: 7 | S22: 7 | U22: SYNC | W22: 2,3 | Y22: 10 | Z22: WEB | AA22: 24-AUG-26 | AD22: 24-AUG-26 | AE22: 10-DEC-26 | AH22: 10-DEC-26 | AI22: 0930 | AJ22: 1120 | AM22: T | AO22: R | AT22: Ward, Scott R. | AU22: =IF($AT22="","",IFERROR(INDEX(InstructorMap!$B:$B, MATCH($AT22, InstructorMap!$A:$A, 0)),"")) -> sward@andrews.edu | AV22: =IF($AT22="","",IFERROR(INDEX(InstructorMap!$C:$C, MATCH($AT22, InstructorMap!$A:$A, 0)),"")) -> 000077973 | AW22: 100 | AX22: x-list | BC22: ES12 | BD22: BILL | BE22: FP | BH22: PTDI | BI22: 16-MAR-26 | BJ22: A | BL22: N | BO22: MOODL | BT22: 70 | BU22: 0 | BV22: 0 | BW22: Y | CF22: Y | CS22: 15 | CT22: 202641 | CU22: 1
A23: FALSE | B23: FALSE | C23: TRUE | D23: FALSE | E23: FALSE | F23: TRUE | H23: 4087-02 | I23: 4087 | J23: DSLE | K23: 655 | L23: 001 | N23: Families in Society | Q23: 266 | R23: 0 | U23: INPERSON | W23: 3 | X23: 3 | Y23: 25 | Z23: CLAS | AA23: 24-AUG-26 | AD23: 24-AUG-26 | AE23: 10-DEC-26 | AH23: 10-DEC-26 | AI23: 1430 | AJ23: 1720 | AN23: W | AR23: N310 | AS23: Seminary Building [SEM] | AT23: Fraser, Jasmine J. | AU23: =IF($AT23="","",IFERROR(INDEX(InstructorMap!$B:$B, MATCH($AT23, InstructorMap!$A:$A, 0)),"")) -> fraserj@andrews.edu | AV23: =IF($AT23="","",IFERROR(INDEX(InstructorMap!$C:$C, MATCH($AT23, InstructorMap!$A:$A, 0)),"")) -> 000129106 | AW23: 100 | AX23: load | BH23: DSLE | BI23: 16-MAR-26 | BJ23: A | BL23: A | BO23: MOODL | BT23: 70 | BU23: 0 | BV23: 0 | BW23: Y | BX23: O | CF23: Y | CS23: 16 | CT23: 202641 | CU23: 1
A24: FALSE | B24: FALSE | C24: TRUE | D24: FALSE | E24: FALSE | F24: TRUE | G24: online fee | H24: 4089-02 | I24: 4089 | J24: DSLE | K24: 655 | L24: 999 | N24: Families in Society | Q24: 266 | R24: 7 | U24: ASYNC | W24: 3 | X24: 3 | Y24: 10 | Z24: WEB | AA24: 24-AUG-26 | AD24: 24-AUG-26 | AE24: 10-DEC-26 | AH24: 10-DEC-26 | AT24: Fraser, Jasmine J. | AU24: =IF($AT24="","",IFERROR(INDEX(InstructorMap!$B:$B, MATCH($AT24, InstructorMap!$A:$A, 0)),"")) -> fraserj@andrews.edu | AV24: =IF($AT24="","",IFERROR(INDEX(InstructorMap!$C:$C, MATCH($AT24, InstructorMap!$A:$A, 0)),"")) -> 000129106 | AW24: 100 | AX24: x-list | BC24: ES12 | BD24: BILL | BE24: FP | BH24: DSLE | BI24: 16-MAR-26 | BJ24: A | BL24: N | BO24: MOODL | BT24: 70 | BU24: 0 | BV24: 0 | BW24: Y | CF24: Y | CS24: #### | CT24: 202641 | CU24: 1
A25: FALSE | B25: FALSE | C25: TRUE | D25: FALSE | E25: FALSE | F25: TRUE | G25: Delete Section | H25: 4088-02 | I25: 4088 | J25: DSLE | K25: 655 | L25: 998 | N25: Families in Society | Q25: 266 | R25: 7 | U25: SYNC | W25: 3 | Y25: 10 | Z25: WEB | AA25: 24-AUG-26 | AD25: 24-AUG-26 | AE25: 10-DEC-26 | AH25: 10-DEC-26 | AI25: 1330 | AJ25: 1620 | AO25: R | AT25: Fraser, Jasmine J. | AU25: =IF($AT25="","",IFERROR(INDEX(InstructorMap!$B:$B, MATCH($AT25, InstructorMap!$A:$A, 0)),"")) -> fraserj@andrews.edu | AV25: =IF($AT25="","",IFERROR(INDEX(InstructorMap!$C:$C, MATCH($AT25, InstructorMap!$A:$A, 0)),"")) -> 000129106 | AW25: 100 | BH25: PTDI | BI25: 16-MAR-26 | BJ25: A | BL25: N | BO25: MOODL | BT25: 70 | BU25: 0 | BV25: 0 | BW25: Y | BX25: O | CF25: Y | CS25: 15 | CT25: 202641 | CU25: 1
A26: FALSE | B26: FALSE | C26: TRUE | D26: FALSE | E26: FALSE | F26: FALSE | G26: Times | H26: 3321-02 | I26: 3321 | J26: DSLE | K26: 656 | L26: 001 | N26: Counseling Youth & YA | Q26: 202 | R26: 0 | U26: INPERSON | W26: 2,3 | X26: 2,3 | Y26: 25 | Z26: CLAS | AA26: 24-AUG-26 | AD26: 24-AUG-26 | AE26: 10-DEC-26 | AH26: 10-DEC-26 | AI26: 0830 | AJ26: 1020 | AN26: W | AR26: N310 | AS26: Seminary Building [SEM] | AT26: Joseph, Ainsworth E. | AU26: =IF($AT26="","",IFERROR(INDEX(InstructorMap!$B:$B, MATCH($AT26, InstructorMap!$A:$A, 0)),"")) -> ainsworj@andrews.edu | AV26: =IF($AT26="","",IFERROR(INDEX(InstructorMap!$C:$C, MATCH($AT26, InstructorMap!$A:$A, 0)),"")) -> 000079312 | AW26: 100 | AX26: load | BH26: DSLE | BI26: 16-MAR-26 | BJ26: A | BL26: A | BO26: MOODL | BT26: 70 | BU26: 0 | BV26: 0 | BW26: Y | CF26: Y | CH26: O | CS26: 16 | CT26: 202641 | CU26: 1
A27: FALSE | B27: FALSE | C27: TRUE | D27: FALSE | E27: FALSE | F27: TRUE | G27: online fee | H27: 4090-02 | I27: 4090 | J27: DSLE | K27: 656 | L27: 999 | N27: Counseling Youth & YA | Q27: 202 | R27: 7 | U27: ASYNC | W27: 2,3 | X27: 2,3 | Y27: 10 | Z27: WEB | AA27: 24-AUG-26 | AD27: 24-AUG-26 | AE27: 10-DEC-26 | AH27: 10-DEC-26 | AT27: Joseph, Ainsworth E. | AU27: =IF($AT27="","",IFERROR(INDEX(InstructorMap!$B:$B, MATCH($AT27, InstructorMap!$A:$A, 0)),"")) -> ainsworj@andrews.edu | AV27: =IF($AT27="","",IFERROR(INDEX(InstructorMap!$C:$C, MATCH($AT27, InstructorMap!$A:$A, 0)),"")) -> 000079312 | AW27: 100 | AX27: x-list | BC27: ES12 | BD27: BILL | BE27: FP | BH27: DSLE | BI27: 16-MAR-26 | BJ27: A | BL27: N | BO27: MOODL | BT27: 70 | BU27: 0 | BV27: 0 | BW27: Y | CF27: Y | CS27: #### | CT27: 202641 | CU27: 1
A28: FALSE | B28: FALSE | C28: TRUE | D28: FALSE | E28: FALSE | F28: TRUE | G28: Cap & Times, campus restriction,online fee | H28: 3423-02 | I28: 3423 | J28: DSLE | K28: 656 | L28: 998 | N28: Counseling Youth & YA | Q28: 202 | R28: 7 | S28: 7 | U28: SYNC | W28: 2,3 | Y28: 5 | Z28: WEB | AA28: 24-AUG-26 | AD28: 24-AUG-26 | AE28: 10-DEC-26 | AH28: 10-DEC-26 | AI28: 0830 | AJ28: 1020 | AN28: W | AT28: Joseph, Ainsworth E. | AU28: =IF($AT28="","",IFERROR(INDEX(InstructorMap!$B:$B, MATCH($AT28, InstructorMap!$A:$A, 0)),"")) -> ainsworj@andrews.edu | AV28: =IF($AT28="","",IFERROR(INDEX(InstructorMap!$C:$C, MATCH($AT28, InstructorMap!$A:$A, 0)),"")) -> 000079312 | AW28: 100 | AX28: x-list | BC28: ES12 | BD28: BILL | BE28: FP | BH28: PTDI | BI28: 16-MAR-26 | BJ28: A | BL28: N | BO28: MOODL | BT28: 70 | BU28: 0 | BV28: 0 | BW28: Y | BX28: O | CF28: Y | CS28: 15 | CT28: 202641 | CU28: 1
A29: FALSE | B29: FALSE | C29: TRUE | D29: FALSE | E29: FALSE | F29: TRUE | I29: 1952 | J29: DSLE | K29: 660 | L29: 001 | N29: Field Practicum: MAYYAM | X29: 1-6 | AA29: 24-AUG-26 | AD29: 24-AUG-26 | AE29: 10-DEC-26 | AH29: 10-DEC-26 | AT29: Ward, Scott R. | AU29: =IF($AT29="","",IFERROR(INDEX(InstructorMap!$B:$B, MATCH($AT29, InstructorMap!$A:$A, 0)),"")) -> sward@andrews.edu | AV29: =IF($AT29="","",IFERROR(INDEX(InstructorMap!$C:$C, MATCH($AT29, InstructorMap!$A:$A, 0)),"")) -> 000077973 | BH29: DSLE | CS29: #### | CT29: 202641
A30: FALSE | B30: FALSE | C30: TRUE | D30: FALSE | E30: FALSE | F30: TRUE | H30: 4258-02 | I30: 4258 | J30: DSLE | K30: 676 | L30: 001 | N30: Top: | O30: Top:Chrstn Persp on Prof Ethcs | R30: 0 | W30: 1-3 | X30: 1 | Y30: 25 | Z30: CLAS | AA30: 24-AUG-26 | AD30: 24-AUG-26 | AE30: 10-DEC-26 | AH30: 10-DEC-26 | AT30: Paquini, Rogelio | AU30: =IF($AT30="","",IFERROR(INDEX(InstructorMap!$B:$B, MATCH($AT30, InstructorMap!$A:$A, 0)),"")) -> rpaquini@andrews.edu | AV30: =IF($AT30="","",IFERROR(INDEX(InstructorMap!$C:$C, MATCH($AT30, InstructorMap!$A:$A, 0)),"")) -> 000105171 | AW30: 100 | BH30: PTDI | BI30: 16-MAR-26 | BJ30: A | BK30: 1 | BL30: A | BO30: MOODL | BT30: 70 | BU30: 0 | BV30: 0 | BW30: Y | CF30: Y | CS30: 15 | CT30: 202641 | CU30: 1
A31: FALSE | B31: FALSE | C31: TRUE | D31: FALSE | E31: FALSE | F31: FALSE | G31: credits | H31: 4260-02 | I31: 4260 | J31: DSLE | K31: 678 | L31: 001 | N31: Spiritual Nurture of Children | R31: 0 | U31: INPERSON | W31: 2,3 | X31: 2 | Y31: 12 | Z31: CLAS | AA31: 24-AUG-26 | AD31: 24-AUG-26 | AE31: 10-DEC-26 | AH31: 10-DEC-26 | AI31: 1030 | AJ31: 1220 | AN31: W | AR31: N310 | AS31: Seminary Building [SEM] | AT31: Martin, Benjamin L. | AU31: =IF($AT31="","",IFERROR(INDEX(InstructorMap!$B:$B, MATCH($AT31, InstructorMap!$A:$A, 0)),"")) -> benjaminm@andrews.edu | AV31: =IF($AT31="","",IFERROR(INDEX(InstructorMap!$C:$C, MATCH($AT31, InstructorMap!$A:$A, 0)),"")) -> 000155484 | AW31: 100 | AX31: contract | AY31: 1000 | AZ31: 2000 | BH31: DSLE | BI31: 16-MAR-26 | BJ31: A | BL31: A | BO31: MOODL | BT31: 70 | BU31: 0 | BV31: 0 | CF31: Y | CS31: 16 | CT31: 202641 | CU31: 1
A32: FALSE | B32: FALSE | C32: TRUE | D32: FALSE | E32: FALSE | F32: TRUE | G32: Instructor,online fee | H32: 4262-02 | I32: 4262 | J32: DSLE | K32: 678 | L32: 999 | N32: Spiritual Nurture of Children | R32: 7 | U32: ASYNC | W32: 2,3 | Z32: WEB | AA32: 24-AUG-26 | AD32: 24-AUG-26 | AE32: 10-DEC-26 | AH32: 10-DEC-26 | AT32: Martin, Benjamin L. | AU32: =IF($AT32="","",IFERROR(INDEX(InstructorMap!$B:$B, MATCH($AT32, InstructorMap!$A:$A, 0)),"")) -> benjaminm@andrews.edu | AV32: =IF($AT32="","",IFERROR(INDEX(InstructorMap!$C:$C, MATCH($AT32, InstructorMap!$A:$A, 0)),"")) -> 000155484 | AW32: 100 | AX32: x-list | BC32: ES12 | BD32: BILL | BE32: FP | BH32: DSLE | BI32: 16-MAR-26 | BJ32: A | BL32: N | BO32: MOODL | BT32: 70 | BU32: 0 | BV32: 0 | CF32: Y | CS32: #### | CT32: 202641 | CU32: 1
A33: FALSE | B33: FALSE | C33: TRUE | D33: FALSE | E33: FALSE | F33: TRUE | G33: date & time & instructor, campus restriction,online fee | H33: 4261-02 | I33: 4261 | J33: DSLE | K33: 678 | L33: 998 | N33: Spiritual Nurture of Children | R33: 7 | S33: 7 | U33: SYNC | W33: 2,3 | Y33: 10 | Z33: WEB | AA33: 24-AUG-26 | AD33: 24-AUG-26 | AE33: 10-DEC-26 | AH33: 10-DEC-26 | AI33: 1030 | AJ33: 1220 | AN33: w | AT33: Martin, Benjamin L. | AU33: =IF($AT33="","",IFERROR(INDEX(InstructorMap!$B:$B, MATCH($AT33, InstructorMap!$A:$A, 0)),"")) -> benjaminm@andrews.edu | AV33: =IF($AT33="","",IFERROR(INDEX(InstructorMap!$C:$C, MATCH($AT33, InstructorMap!$A:$A, 0)),"")) -> 000155484 | AW33: 100 | AX33: x-list | BC33: ES12 | BD33: BILL | BE33: FP | BH33: PTDI | BI33: 16-MAR-26 | BJ33: A | BL33: N | BO33: MOODL | BT33: 70 | BU33: 0 | BV33: 0 | CF33: Y | CS33: 15 | CT33: 202641 | CU33: 1
A34: FALSE | B34: FALSE | C34: TRUE | D34: FALSE | E34: FALSE | F34: TRUE | I34: 1951 | J34: DSLE | K34: 680 | L34: 001 | N34: Field Practicum: MA RELED | X34: 1-6 | AA34: 24-AUG-26 | AD34: 24-AUG-26 | AE34: 10-DEC-26 | AH34: 10-DEC-26 | AT34: Paquini, Rogelio | AU34: =IF($AT34="","",IFERROR(INDEX(InstructorMap!$B:$B, MATCH($AT34, InstructorMap!$A:$A, 0)),"")) -> rpaquini@andrews.edu | AV34: =IF($AT34="","",IFERROR(INDEX(InstructorMap!$C:$C, MATCH($AT34, InstructorMap!$A:$A, 0)),"")) -> 000105171 | BH34: DSLE | CS34: #### | CT34: 202641
A35: FALSE | B35: FALSE | C35: TRUE | D35: FALSE | E35: FALSE | F35: TRUE | H35: 1739-02 | I35: 1739 | J35: DSLE | K35: 681 | L35: 001 | N35: Field Practicum: Academic | R35: 0 | U35: INPERSON | W35: 1-5 | X35: 1to6 | Z35: CLAS | AA35: 24-AUG-26 | AD35: 24-AUG-26 10-DEC-26 | AE35: 10-DEC-26 | AH35: 10-DEC-26 | AT35: Joseph, Ainsworth E. | AU35: =IF($AT35="","",IFERROR(INDEX(InstructorMap!$B:$B, MATCH($AT35, InstructorMap!$A:$A, 0)),"")) -> ainsworj@andrews.edu | AV35: =IF($AT35="","",IFERROR(INDEX(InstructorMap!$C:$C, MATCH($AT35, InstructorMap!$A:$A, 0)),"")) -> 000079312 | AW35: 100 | AX35: load | BH35: DSLE | BI35: 16-MAR-26 | BJ35: A | BL35: P | BO35: MOODL | BT35: 70 | BU35: 0 | BV35: 0 | BW35: Y | CF35: Y | CS35: #### | CT35: 202641 | CU35: 1
A36: FALSE | B36: FALSE | C36: FALSE | D36: FALSE | E36: FALSE | F36: FALSE | H36: 4091-02 | I36: 4091 | J36: DSLE | K36: 830 | L36: 001 | N36: Adv. Spiritual Growth | Q36: 267 | R36: 0 | U36: INPERSON | W36: 3 | X36: 3 | Y36: 10 | Z36: CLAS | AA36: 24-AUG-26 | AD36: 24-AUG-26 | AE36: 10-DEC-26 | AH36: 10-DEC-26 | AI36: 1430 | AJ36: 1720 | AO36: R | AR36: N108 | AS36: Seminary Building [SEM] | AT36: Joseph, Ainsworth E. | AU36: =IF($AT36="","",IFERROR(INDEX(InstructorMap!$B:$B, MATCH($AT36, InstructorMap!$A:$A, 0)),"")) -> ainsworj@andrews.edu | AV36: =IF($AT36="","",IFERROR(INDEX(InstructorMap!$C:$C, MATCH($AT36, InstructorMap!$A:$A, 0)),"")) -> 000079312 | AW36: 100 | AX36: x-list | BH36: DSLE | BI36: 16-MAR-26 | BJ36: A | BL36: A | BO36: MOODL | BT36: 70 | BU36: 0 | BV36: 0 | BW36: Y | CF36: Y | CS36: 16 | CT36: 202641 | CU36: 1
A37: FALSE | B37: FALSE | C37: TRUE | D37: FALSE | E37: FALSE | F37: TRUE | G37: Change Day. campus restriction,online fee | H37: 4092-02 | I37: 4092 | J37: DSLE | K37: 830 | L37: 998 | N37: Adv Fostering Spiritual Growth | Q37: 267 | R37: 7 | S37: 7 | U37: SYNC | W37: 3 | Y37: 25 | Z37: WEB | AA37: 24-AUG-26 | AD37: 24-AUG-26 | AE37: 10-DEC-26 | AH37: 10-DEC-26 | AI37: 1430 | AJ37: 1720 | AM37: T | AO37: R | AT37: Fraser, Jasmine J. | AU37: =IF($AT37="","",IFERROR(INDEX(InstructorMap!$B:$B, MATCH($AT37, InstructorMap!$A:$A, 0)),"")) -> fraserj@andrews.edu | AV37: =IF($AT37="","",IFERROR(INDEX(InstructorMap!$C:$C, MATCH($AT37, InstructorMap!$A:$A, 0)),"")) -> 000129106 | AW37: 100 | BC37: ES12 | BD37: BILL | BE37: FP | BH37: PTDI | BI37: 16-MAR-26 | BJ37: A | BL37: N | BO37: MOODL | BT37: 70 | BU37: 0 | BV37: 0 | BW37: Y | BX37: O | CF37: Y | CS37: 15 | CT37: 202641 | CU37: 1
A38: FALSE | B38: FALSE | C38: TRUE | D38: FALSE | E38: FALSE | F38: FALSE | H38: 1309-02 | I38: 1309 | J38: DSLE | K38: 870 | L38: 101 | N38: Adv Studies: | R38: 0 | W38: 1-4 | Y38: 999 | Z38: CLAS | AA38: 24-AUG-26 | AD38: 24-AUG-26 | AE38: 10-DEC-26 | AH38: 10-DEC-26 | AT38: Fraser, Jasmine J. | AU38: =IF($AT38="","",IFERROR(INDEX(InstructorMap!$B:$B, MATCH($AT38, InstructorMap!$A:$A, 0)),"")) -> fraserj@andrews.edu | AV38: =IF($AT38="","",IFERROR(INDEX(InstructorMap!$C:$C, MATCH($AT38, InstructorMap!$A:$A, 0)),"")) -> 000129106 | AW38: 100 | BH38: PTDI | BI38: 16-MAR-26 | BJ38: A | BL38: I | BO38: MOODL | BT38: 70 | BU38: 0 | BV38: 0 | BW38: Y | CF38: Y | CR38: IT | CS38: 15 | CT38: 202641 | CU38: 1
A39: FALSE | B39: FALSE | C39: TRUE | D39: FALSE | E39: FALSE | F39: FALSE | H39: 828-02 | I39: 828 | J39: DSLE | K39: 878 | L39: 001 | N39: Adv Scholarly & Prof Dev | O39: Adv Scholarly & Prof Dev | R39: 0 | W39: 0 | Y39: 999 | Z39: CLAS | AA39: 24-AUG-26 | AD39: 24-AUG-26 | AE39: 10-DEC-26 | AH39: 10-DEC-26 | AT39: Fraser, Jasmine J. | AU39: =IF($AT39="","",IFERROR(INDEX(InstructorMap!$B:$B, MATCH($AT39, InstructorMap!$A:$A, 0)),"")) -> fraserj@andrews.edu | AV39: =IF($AT39="","",IFERROR(INDEX(InstructorMap!$C:$C, MATCH($AT39, InstructorMap!$A:$A, 0)),"")) -> 000129106 | AW39: 100 | BH39: PTDI | BI39: 16-MAR-26 | BJ39: A | BL39: A | BO39: MOODL | BT39: 70 | BU39: 0 | BV39: 0 | BW39: Y | CF39: Y | CS39: 15 | CT39: 202641 | CU39: 1
A40: FALSE | B40: FALSE | C40: TRUE | D40: FALSE | E40: FALSE | F40: FALSE | H40: 1306-02 | I40: 1306 | J40: DSLE | K40: 880 | L40: 001 | N40: PhD (DSLE) Prog Cont | O40: PhD (DSLE) Prog Cont | R40: 0 | W40: 0 | Y40: 999 | Z40: CLAS | AA40: 24-AUG-26 | AD40: 24-AUG-26 | AE40: 10-DEC-26 | AH40: 10-DEC-26 | AT40: Fraser, Jasmine J. | AU40: =IF($AT40="","",IFERROR(INDEX(InstructorMap!$B:$B, MATCH($AT40, InstructorMap!$A:$A, 0)),"")) -> fraserj@andrews.edu | AV40: =IF($AT40="","",IFERROR(INDEX(InstructorMap!$C:$C, MATCH($AT40, InstructorMap!$A:$A, 0)),"")) -> 000129106 | AW40: 100 | BH40: PTDI | BI40: 16-MAR-26 | BJ40: A | BL40: I | BO40: MOODL | BT40: 70 | BU40: 0 | BV40: 0 | BW40: Y | CF40: Y | CS40: 15 | CT40: 202641 | CU40: 1
A41: FALSE | B41: FALSE | C41: TRUE | D41: FALSE | E41: FALSE | F41: FALSE | G41: Delete Section | H41: 4093-02 | I41: 4093 | J41: DSLE | K41: 887 | L41: 101 | N41: Applied Research | R41: 0 | W41: 1-3 | Y41: 999 | Z41: CLAS | AA41: 24-AUG-26 | AD41: 24-AUG-26 | AE41: 10-DEC-26 | AH41: 10-DEC-26 | AT41: Fraser, Jasmine J. | AU41: =IF($AT41="","",IFERROR(INDEX(InstructorMap!$B:$B, MATCH($AT41, InstructorMap!$A:$A, 0)),"")) -> fraserj@andrews.edu | AV41: =IF($AT41="","",IFERROR(INDEX(InstructorMap!$C:$C, MATCH($AT41, InstructorMap!$A:$A, 0)),"")) -> 000129106 | AW41: 100 | BH41: PTDI | BI41: 16-MAR-26 | BJ41: A | BL41: I | BO41: MOODL | BT41: 70 | BU41: 0 | BV41: 0 | BW41: Y | CF41: Y | CS41: 15 | CT41: 202641 | CU41: 1
A42: FALSE | B42: FALSE | C42: TRUE | D42: FALSE | E42: FALSE | F42: FALSE | H42: 2198-02 | I42: 2198 | J42: DSLE | K42: 994 | L42: 101 | N42: Dissertation:Literature Review | R42: 0 | W42: 1-3 | Y42: 3 | Z42: CLAS | AA42: 24-AUG-26 | AD42: 24-AUG-26 | AE42: 10-DEC-26 | AH42: 10-DEC-26 | AT42: Fraser, Jasmine J. | AU42: =IF($AT42="","",IFERROR(INDEX(InstructorMap!$B:$B, MATCH($AT42, InstructorMap!$A:$A, 0)),"")) -> fraserj@andrews.edu | AV42: =IF($AT42="","",IFERROR(INDEX(InstructorMap!$C:$C, MATCH($AT42, InstructorMap!$A:$A, 0)),"")) -> 000129106 | AW42: 100 | BH42: PTDI | BI42: 16-MAR-26 | BJ42: A | BL42: I | BO42: MOODL | BQ42: FT | BT42: 70 | BU42: 0 | BV42: 0 | BW42: Y | CF42: Y | CR42: I | CS42: 15 | CT42: 202641 | CU42: 1
A43: FALSE | B43: FALSE | C43: TRUE | D43: FALSE | E43: FALSE | F43: FALSE | H43: 1307-02 | I43: 1307 | J43: DSLE | K43: 995 | L43: 001 | N43: Doctoral Dissertation | O43: Doctoral Dissertation | R43: 0 | W43: 1-13 | Y43: 999 | Z43: CLAS | AA43: 24-AUG-26 | AD43: 24-AUG-26 | AE43: 10-DEC-26 | AH43: 10-DEC-26 | AT43: Fraser, Jasmine J. | AU43: =IF($AT43="","",IFERROR(INDEX(InstructorMap!$B:$B, MATCH($AT43, InstructorMap!$A:$A, 0)),"")) -> fraserj@andrews.edu | AV43: =IF($AT43="","",IFERROR(INDEX(InstructorMap!$C:$C, MATCH($AT43, InstructorMap!$A:$A, 0)),"")) -> 000129106 | AW43: 100 | BH43: PTDI | BI43: 16-MAR-26 | BJ43: A | BL43: I | BO43: MOODL | BQ43: FT | BT43: 70 | BU43: 0 | BV43: 0 | BW43: Y | CF43: Y | CS43: 15 | CT43: 202641 | CU43: 1

Sheet GSEM
A1: Don {not in Banner} | B1: Mismatching {not in Banner} | C1: Dept/Prog Admin {not in Banner} | D1: Mona {not in Banner} | E1: Karen {not in Banner} | F1: DONE {not in Banner} | G1: Notes {not in Banner} | H1: CRN sorted {not in Banner} | I1: CRN | J1: Subject | K1: Course Number {Crse Num} | L1: Course Section {Seq Crse Num} | M1: Program {not in Banner} | N1: Catalog Title | O1: Section Title | P1: Crosslist Details {not in Banner} | Q1: X Lst | R1: Campus {Ssasect Campus} | S1: Campus Restriction {Camp Restr CC} | T1: Schedule Type {not in Banner} | U1: Instruction Method {Inst Method} | V1: Level {Level SC} | W1: Credit Catalog {Cat Crs} | X1: Credits {Sect Crs} | Y1: Enrollment Cap {Max Enrl} | Z1: Meeting Type | AA1: Semester Start Date {Soaterm Start Date} | AB1: Pre-work Start Date {not in Banner} | AC1: Pre-work End Date {not in Banner} | AD1: Course Start Date {Meet Start Date} | AE1: Course End Date {Meet End Date} | AF1: Post-work Start Date {not in Banner} | AG1: Post-work End Date {not in Banner} | AH1: Semester End Date {Soaterm End Date} | AI1: Course Beginning Time {Meet Beg Time} | AJ1: Course Ending Time {Meet End Time} | AK1: SUN | AL1: MON | AM1: TUE | AN1: WED | AO1: THU | AP1: FRI | AQ1: SAT | AR1: Room {Meet Room} | AS1: Building {Meet Bldg} | AT1: Instructor Name {Instr Name} | AU1: Instructor Email {Instr Email} | AV1: Instructor ID {Instr ID} | AW1: % Responsibility | AX1: load/contract {not in Banner} | AY1: costs per credit {not in Banner} | AZ1: total costs {not in Banner} | BA1: account to be charged {not in Banner} | BB1: Fee Amount {Fees Amt} | BC1: Fee Code {Detl Code} | BD1: Fee Type | BE1: Fee Level | BF1: Fee Ind | BG1: Fee Term | BH1: SEM Department {Scacrse Dept} | BI1: Activity Date | BJ1: Status | BK1: Bill Hrs | BL1: Sect Sch Type | BM1: Prerequisites {Preq Areas} | BN1: Link Ind | BO1: Integration Code | BP1: Link Conn | BQ1: Crs Attr | BR1: Comments | BS1: Major Restr | BT1: Scacrse College | BU1: Enrolled | BV1: Waitlist Capacity | BW1: Primary Ind | BX1: Override | BY1: 1st Date Reg Opens | BZ1: Last Date Reg Opens | CA1: OL Range From Date | CB1: OL Range To Date | CC1: OL Numb Units | CD1: OL Duration Code | CE1: Grade Mode | CF1: Gradable Ind | CG1: Tuit Waiver | CH1: Course Override {Meet Override} | CI1: Lvl Res Ind | CJ1: Cmp Res Ind | CK1: Rate Code | CL1: Cohort Code | CM1: St Attr Code | CN1: Coll SC | CO1: DegC SC | CP1: Prog SC | CQ1: FOS Type | CR1: Special Approval {Special Apvl} | CS1: Weeks | CT1: Term Code | CU1: Part-Of-Term | CV1: Camp SC
A2: FALSE | B2: FALSE | C2: FALSE | D2: FALSE | E2: FALSE | F2: FALSE | H2: 2214-02 | I2: 2214 | J2: GSEM | K2: 505 | L2: 001 | N2: Colloquium: | O2: Coll: Master Guide Toolbox | R2: 0 | U2: INTEN | W2: 0 | Y2: 130 | Z2: CLAS | AD2: 23-MAR-26 | AE2: 10-DEC-26 | AI2: 1830 | AJ2: 2100 | AP2: F | AS2: Seminary Building [SEM] | AT2: NAME NOT FOUND FOR PIDM: | AU2: =IF($AT2="","",IFERROR(INDEX(InstructorMap!$B:$B, MATCH($AT2, InstructorMap!$A:$A, 0)),"")) | AV2: =IF($AT2="","",IFERROR(INDEX(InstructorMap!$C:$C, MATCH($AT2, InstructorMap!$A:$A, 0)),"")) | BH2: GSEM | BI2: 16-MAR-26 | BJ2: A | BL2: A | BO2: MOODL | BT2: 70 | BU2: 0 | BV2: 0 | BY2: 23-MAR-26 | BZ2: 10-DEC-26 | CA2: 23-MAR-26 | CB2: 10-DEC-26 | CC2: 2 | CD2: DAYS | CF2: Y | CH2: O | CT2: 202641
A3: FALSE | B3: FALSE | C3: FALSE | D3: FALSE | E3: FALSE | F3: FALSE | H3: 2214-04 | I3: 2214 | J3: GSEM | K3: 505 | L3: 001 | N3: Colloquium: | O3: Coll: Master Guide Toolbox | R3: 0 | U3: INTEN | W3: 0 | Y3: 130 | Z3: CLAS | AD3: 23-MAR-26 | AE3: 10-DEC-26 | AI3: 1430 | AJ3: 2100 | AQ3: S | AS3: Seminary Building [SEM] | AT3: NAME NOT FOUND FOR PIDM: | AU3: =IF($AT3="","",IFERROR(INDEX(InstructorMap!$B:$B, MATCH($AT3, InstructorMap!$A:$A, 0)),"")) | AV3: =IF($AT3="","",IFERROR(INDEX(InstructorMap!$C:$C, MATCH($AT3, InstructorMap!$A:$A, 0)),"")) | BH3: GSEM | BI3: 16-MAR-26 | BJ3: A | BL3: A | BO3: MOODL | BT3: 70 | BU3: 0 | BV3: 0 | BY3: 23-MAR-26 | BZ3: 10-DEC-26 | CA3: 23-MAR-26 | CB3: 10-DEC-26 | CC3: 2 | CD3: DAYS | CF3: Y | CH3: O | CT3: 202641
A4: FALSE | B4: FALSE | C4: FALSE | D4: FALSE | E4: FALSE | F4: FALSE | H4: 2217-02 | I4: 2217 | J4: GSEM | K4: 505 | L4: 003 | N4: Colloquium: | O4: Coll: Faith in Film | R4: 0 | U4: INTEN | W4: 0 | Y4: 100 | Z4: CLAS | AD4: 23-MAR-26 | AE4: 10-DEC-26 | AI4: 0830 | AJ4: 1300 | AP4: F | AS4: Seminary Building [SEM] | AT4: Williams, Hyveth M. | AU4: =IF($AT4="","",IFERROR(INDEX(InstructorMap!$B:$B, MATCH($AT4, InstructorMap!$A:$A, 0)),"")) -> hyveth@andrews.edu | AV4: =IF($AT4="","",IFERROR(INDEX(InstructorMap!$C:$C, MATCH($AT4, InstructorMap!$A:$A, 0)),"")) -> 000049271 | AW4: 100 | BH4: GSEM | BI4: 16-MAR-26 | BJ4: A | BL4: A | BO4: MOODL | BT4: 70 | BU4: 0 | BV4: 0 | BW4: Y | BY4: 23-MAR-26 | BZ4: 10-DEC-26 | CA4: 23-MAR-26 | CB4: 10-DEC-26 | CC4: 1 | CD4: DAYS | CF4: Y | CH4: O | CT4: 202641
A5: FALSE | B5: FALSE | C5: FALSE | D5: FALSE | E5: FALSE | F5: FALSE | H5: 2221-02 | I5: 2221 | J5: GSEM | K5: 505 | L5: 005 | N5: Colloquium: | O5: Coll:ElMinchin Creative Y Evan | R5: 0 | U5: INTEN | W5: 0 | Y5: 100 | Z5: CLAS | AD5: 23-MAR-26 | AE5: 10-DEC-26 | AI5: 1400 | AJ5: 1830 | AP5: F | AS5: Seminary Building [SEM] | AT5: Paquini, Rogelio | AU5: =IF($AT5="","",IFERROR(INDEX(InstructorMap!$B:$B, MATCH($AT5, InstructorMap!$A:$A, 0)),"")) -> rpaquini@andrews.edu | AV5: =IF($AT5="","",IFERROR(INDEX(InstructorMap!$C:$C, MATCH($AT5, InstructorMap!$A:$A, 0)),"")) -> 000105171 | AW5: 100 | BH5: GSEM | BI5: 16-MAR-26 | BJ5: A | BL5: A | BO5: MOODL | BT5: 70 | BU5: 0 | BV5: 0 | BW5: Y | BX5: O | BY5: 23-MAR-26 | BZ5: 10-DEC-26 | CA5: 23-MAR-26 | CB5: 10-DEC-26 | CC5: 1 | CD5: DAYS | CF5: Y | CT5: 202641
A6: FALSE | B6: FALSE | C6: FALSE | D6: FALSE | E6: FALSE | F6: FALSE | H6: 2938-02 | I6: 2938 | J6: GSEM | K6: 505 | L6: 006 | N6: Colloquium: | O6: Coll:Healing from Abuse inChrc | R6: 0 | U6: INTEN | W6: 0 | Y6: 55 | Z6: CLAS | AD6: 23-MAR-26 | AE6: 10-DEC-26 | AI6: 0830 | AJ6: 1300 | AP6: F | AS6: Seminary Building [SEM] | AT6: Gaton, Roy G. | AU6: =IF($AT6="","",IFERROR(INDEX(InstructorMap!$B:$B, MATCH($AT6, InstructorMap!$A:$A, 0)),"")) -> royg@andrews.edu | AV6: =IF($AT6="","",IFERROR(INDEX(InstructorMap!$C:$C, MATCH($AT6, InstructorMap!$A:$A, 0)),"")) -> 000048477 | AW6: 100 | BH6: GSEM | BI6: 16-MAR-26 | BJ6: A | BL6: A | BO6: MOODL | BT6: 70 | BU6: 0 | BV6: 0 | BW6: Y | BY6: 23-MAR-26 | BZ6: 10-DEC-26 | CA6: 23-MAR-26 | CB6: 10-DEC-26 | CC6: 4 | CD6: DAYS | CF6: Y | CH6: O | CT6: 202641
A7: FALSE | B7: FALSE | C7: FALSE | D7: FALSE | E7: FALSE | F7: FALSE | H7: 3274-02 | I7: 3274 | J7: GSEM | K7: 505 | L7: 002 | N7: Colloquium: | O7: Coll:Writing Wisely-Princ Acad | R7: 0 | U7: INTEN | W7: 0 | Y7: 60 | Z7: CLAS | AD7: 23-MAR-26 | AE7: 10-DEC-26 | AI7: 0830 | AJ7: 1300 | AP7: F | AS7: Seminary Building [SEM] | AT7: Skinner, Jerome L. | AU7: =IF($AT7="","",IFERROR(INDEX(InstructorMap!$B:$B, MATCH($AT7, InstructorMap!$A:$A, 0)),"")) -> skinnerj@andrews.edu | AV7: =IF($AT7="","",IFERROR(INDEX(InstructorMap!$C:$C, MATCH($AT7, InstructorMap!$A:$A, 0)),"")) -> 000117063 | AW7: 100 | BH7: GSEM | BI7: 16-MAR-26 | BJ7: A | BL7: A | BO7: MOODL | BT7: 70 | BU7: 0 | BV7: 0 | BW7: Y | BX7: O | BY7: 23-MAR-26 | BZ7: 10-DEC-26 | CA7: 23-MAR-26 | CB7: 10-DEC-26 | CC7: 1 | CD7: DAYS | CF7: Y | CH7: O | CT7: 202641
A8: FALSE | B8: FALSE | C8: FALSE | D8: FALSE | E8: FALSE | F8: FALSE | H8: 3603-02 | I8: 3603 | J8: GSEM | K8: 505 | L8: 007 | N8: Colloquium: | O8: Colloquium: PELC Conference | R8: 0 | U8: INTEN | W8: 0 | Y8: 100 | AT8: Hall, Kenley D. | AU8: =IF($AT8="","",IFERROR(INDEX(InstructorMap!$B:$B, MATCH($AT8, InstructorMap!$A:$A, 0)),"")) -> kenley@andrews.edu | AV8: =IF($AT8="","",IFERROR(INDEX(InstructorMap!$C:$C, MATCH($AT8, InstructorMap!$A:$A, 0)),"")) -> 000069431 | AW8: 100 | BH8: GSEM | BI8: 16-MAR-26 | BJ8: A | BL8: A | BO8: MOODL | BT8: 70 | BU8: 0 | BV8: 0 | BW8: Y | BY8: 23-MAR-26 | BZ8: 10-DEC-26 | CA8: 23-MAR-26 | CB8: 10-DEC-26 | CC8: 4 | CD8: DAYS | CF8: Y | CT8: 202641
A9: FALSE | B9: FALSE | C9: FALSE | D9: FALSE | E9: FALSE | F9: FALSE | H9: 3609-02 | I9: 3609 | J9: GSEM | K9: 505 | L9: 004 | N9: Colloquium: | O9: Coll:150th Annivers. Mssn Conf | R9: 0 | U9: INTEN | W9: 0 | Y9: 60 | Z9: CLAS | AD9: 23-MAR-26 | AE9: 10-DEC-26 | AI9: 0830 | AJ9: 1300 | AP9: F | AS9: Seminary Building [SEM] | AT9: Sanou, Boubakar | AU9: =IF($AT9="","",IFERROR(INDEX(InstructorMap!$B:$B, MATCH($AT9, InstructorMap!$A:$A, 0)),"")) -> sanou@andrews.edu | AV9: =IF($AT9="","",IFERROR(INDEX(InstructorMap!$C:$C, MATCH($AT9, InstructorMap!$A:$A, 0)),"")) -> 000098144 | AW9: 100 | BH9: GSEM | BI9: 16-MAR-26 | BJ9: A | BL9: A | BO9: MOODL | BT9: 70 | BU9: 0 | BV9: 0 | BW9: Y | BY9: 23-MAR-26 | BZ9: 10-DEC-26 | CA9: 23-MAR-26 | CB9: 10-DEC-26 | CC9: 3 | CD9: DAYS | CF9: Y | CT9: 202641
A10: FALSE | B10: FALSE | C10: FALSE | D10: FALSE | E10: FALSE | F10: FALSE | H10: 2220-02 | I10: 2220 | J10: GSEM | K10: 505 | L10: 104 | N10: Colloquium: | O10: Coll:ElMinchin Creative Y Evan | R10: 7 | U10: WEB | W10: 0 | Y10: 50 | Z10: WEB | AD10: 23-MAR-26 | AE10: 10-DEC-26 | AI10: 1400 | AJ10: 1830 | AP10: F | AT10: Paquini, Rogelio | AU10: =IF($AT10="","",IFERROR(INDEX(InstructorMap!$B:$B, MATCH($AT10, InstructorMap!$A:$A, 0)),"")) -> rpaquini@andrews.edu | AV10: =IF($AT10="","",IFERROR(INDEX(InstructorMap!$C:$C, MATCH($AT10, InstructorMap!$A:$A, 0)),"")) -> 000105171 | AW10: 100 | BH10: GSEM | BI10: 16-MAR-26 | BJ10: A | BL10: I | BO10: MOODL | BT10: 70 | BU10: 0 | BV10: 0 | BW10: Y | BX10: O | BY10: 23-MAR-26 | BZ10: 10-DEC-26 | CA10: 23-MAR-26 | CB10: 10-DEC-26 | CC10: 1 | CD10: DAYS | CF10: Y | CT10: 202641
A11: FALSE | B11: FALSE | C11: FALSE | D11: FALSE | E11: FALSE | F11: FALSE | H11: 2224-02 | I11: 2224 | J11: GSEM | K11: 505 | L11: 101 | N11: Colloquium: | O11: Coll: Pathfinder Lead Training | R11: 7 | U11: WEB | W11: 0 | Y11: 999 | Z11: WEB | AD11: 23-MAR-26 | AE11: 10-DEC-26 | AT11: NAME NOT FOUND FOR PIDM: | AU11: =IF($AT11="","",IFERROR(INDEX(InstructorMap!$B:$B, MATCH($AT11, InstructorMap!$A:$A, 0)),"")) | AV11: =IF($AT11="","",IFERROR(INDEX(InstructorMap!$C:$C, MATCH($AT11, InstructorMap!$A:$A, 0)),"")) | BH11: GSEM | BI11: 16-MAR-26 | BJ11: A | BL11: I | BO11: MOODL | BT11: 70 | BU11: 0 | BV11: 0 | BY11: 23-MAR-26 | BZ11: 10-DEC-26 | CA11: 23-MAR-26 | CB11: 10-DEC-26 | CC11: 1 | CD11: DAYS | CF11: Y | CT11: 202641
A12: FALSE | B12: FALSE | C12: FALSE | D12: FALSE | E12: FALSE | F12: FALSE | H12: 2225-02 | I12: 2225 | J12: GSEM | K12: 505 | L12: 105 | N12: Colloquium: | O12: Coll:Writing Wisely-Princ Acad | R12: 7 | U12: WEB | W12: 0 | Y12: 25 | Z12: WEB | AD12: 23-MAR-26 | AE12: 10-DEC-26 | AI12: 0830 | AJ12: 1300 | AP12: F | AT12: Skinner, Jerome L. | AU12: =IF($AT12="","",IFERROR(INDEX(InstructorMap!$B:$B, MATCH($AT12, InstructorMap!$A:$A, 0)),"")) -> skinnerj@andrews.edu | AV12: =IF($AT12="","",IFERROR(INDEX(InstructorMap!$C:$C, MATCH($AT12, InstructorMap!$A:$A, 0)),"")) -> 000117063 | AW12: 100 | BH12: GSEM | BI12: 16-MAR-26 | BJ12: A | BL12: I | BO12: MOODL | BT12: 70 | BU12: 0 | BV12: 0 | BW12: Y | BX12: O | BY12: 23-MAR-26 | BZ12: 10-DEC-26 | CA12: 23-MAR-26 | CB12: 10-DEC-26 | CC12: 1 | CD12: DAYS | CF12: Y | CT12: 202641
A13: FALSE | B13: FALSE | C13: FALSE | D13: FALSE | E13: FALSE | F13: FALSE | H13: 2939-02 | I13: 2939 | J13: GSEM | K13: 505 | L13: 103 | N13: Colloquium: | O13: Coll: Church Security | R13: 7 | U13: WEB | W13: 0 | Y13: 100 | Z13: WEB | AD13: 23-MAR-26 | AE13: 10-DEC-26 | AK13: U | AT13: Coralie, Alain G. | AU13: =IF($AT13="","",IFERROR(INDEX(InstructorMap!$B:$B, MATCH($AT13, InstructorMap!$A:$A, 0)),"")) -> coralie@andrews.edu | AV13: =IF($AT13="","",IFERROR(INDEX(InstructorMap!$C:$C, MATCH($AT13, InstructorMap!$A:$A, 0)),"")) -> 000076162 | AW13: 100 | BH13: GSEM | BI13: 16-MAR-26 | BJ13: A | BL13: I | BO13: MOODL | BT13: 70 | BU13: 0 | BV13: 0 | BW13: Y | BY13: 23-MAR-26 | BZ13: 10-DEC-26 | CA13: 23-MAR-26 | CB13: 10-DEC-26 | CC13: 1 | CD13: DAYS | CF13: Y | CT13: 202641
A14: FALSE | B14: FALSE | C14: FALSE | D14: FALSE | E14: FALSE | F14: FALSE | H14: 3276-02 | I14: 3276 | J14: GSEM | K14: 505 | L14: 102 | N14: Colloquium: | O14: Coll: NAD Summit on Abuse | R14: 7 | U14: WEB | W14: 0 | Y14: 100 | Z14: WEB | AD14: 23-MAR-26 | AE14: 10-DEC-26 | AK14: U | AT14: Gaton, Roy G. | AU14: =IF($AT14="","",IFERROR(INDEX(InstructorMap!$B:$B, MATCH($AT14, InstructorMap!$A:$A, 0)),"")) -> royg@andrews.edu | AV14: =IF($AT14="","",IFERROR(INDEX(InstructorMap!$C:$C, MATCH($AT14, InstructorMap!$A:$A, 0)),"")) -> 000048477 | AW14: 100 | BH14: GSEM | BI14: 16-MAR-26 | BJ14: A | BL14: I | BO14: MOODL | BT14: 70 | BU14: 0 | BV14: 0 | BW14: Y | BY14: 23-MAR-26 | BZ14: 10-DEC-26 | CA14: 23-MAR-26 | CB14: 10-DEC-26 | CC14: 1 | CD14: DAYS | CF14: Y | CT14: 202641
A15: FALSE | B15: FALSE | C15: FALSE | D15: FALSE | E15: FALSE | F15: FALSE | H15: 485-02 | I15: 485 | J15: GSEM | K15: 530 | L15: 001 | N15: Doctrine of the Sanctuary | Q15: 269 | R15: 0 | W15: 2,3 | X15: 2,3 | Y15: 50 | Z15: CLAS | AA15: 24-AUG-26 | AD15: 24-AUG-26 | AE15: 10-DEC-26 | AH15: 10-DEC-26 | AI15: 1430 | AJ15: 1620 | AN15: W | AR15: N235 | AS15: Seminary Building [SEM] | AT15: Staff | AU15: =IF($AT15="","",IFERROR(INDEX(InstructorMap!$B:$B, MATCH($AT15, InstructorMap!$A:$A, 0)),"")) | AV15: =IF($AT15="","",IFERROR(INDEX(InstructorMap!$C:$C, MATCH($AT15, InstructorMap!$A:$A, 0)),"")) | AW15: 100 | BH15: GSEM | BI15: 16-MAR-26 | BJ15: A | BL15: A | BO15: MOODL | BT15: 70 | BU15: 0 | BV15: 0 | BW15: Y | BX15: O | CF15: Y | CH15: O | CS15: 16 | CT15: 202641 | CU15: 1
A16: FALSE | B16: FALSE | C16: FALSE | D16: FALSE | E16: FALSE | F16: FALSE | H16: 1327-02 | I16: 1327 | J16: GSEM | K16: 530 | L16: 999 | N16: Doctrine of the Sanctuary | R16: 7 | U16: ASYNC | W16: 2,3 | Y16: 15 | Z16: WEB | AA16: 24-AUG-26 | AD16: 24-AUG-26 | AE16: 10-DEC-26 | AH16: 10-DEC-26 | AT16: Davidson, Richard M. | AU16: =IF($AT16="","",IFERROR(INDEX(InstructorMap!$B:$B, MATCH($AT16, InstructorMap!$A:$A, 0)),"")) -> davidson@andrews.edu | AV16: =IF($AT16="","",IFERROR(INDEX(InstructorMap!$C:$C, MATCH($AT16, InstructorMap!$A:$A, 0)),"")) -> 000012107 | AW16: 100 | BH16: GSEM | BI16: 16-MAR-26 | BJ16: A | BL16: N | BO16: MOODL | BT16: 70 | BU16: 0 | BV16: 99 | BW16: Y | CF16: Y | CS16: 15 | CT16: 202641 | CU16: 1
A17: FALSE | B17: FALSE | C17: FALSE | D17: FALSE | E17: FALSE | F17: FALSE | H17: 4097-02 | I17: 4097 | J17: GSEM | K17: 530 | L17: 998 | N17: Doctrine of the Sanctuary | Q17: 269 | R17: 7 | U17: SYNC | W17: 2,3 | Y17: 5 | Z17: WEB | AA17: 24-AUG-26 | AD17: 24-AUG-26 | AE17: 10-DEC-26 | AH17: 10-DEC-26 | AI17: 1030 | AJ17: 1220 | AN17: W | AT17: Gane, Roy E. | AU17: =IF($AT17="","",IFERROR(INDEX(InstructorMap!$B:$B, MATCH($AT17, InstructorMap!$A:$A, 0)),"")) -> gane@andrews.edu | AV17: =IF($AT17="","",IFERROR(INDEX(InstructorMap!$C:$C, MATCH($AT17, InstructorMap!$A:$A, 0)),"")) -> 000008963 | AW17: 100 | BH17: GSEM | BI17: 16-MAR-26 | BJ17: A | BL17: N | BO17: MOODL | BT17: 70 | BU17: 0 | BV17: 0 | BW17: Y | BX17: O | CF17: Y | CS17: 15 | CT17: 202641 | CU17: 1
A18: FALSE | B18: FALSE | C18: FALSE | D18: FALSE | E18: FALSE | F18: FALSE | H18: 4318-02 | I18: 4318 | J18: GSEM | K18: 530 | L18: 997 | N18: Doctrine of the Sanctuary | R18: 7 | U18: ASYNC | W18: 2,3 | Y18: 20 | Z18: WEB | AA18: 24-AUG-26 | AD18: 24-AUG-26 | AE18: 10-DEC-26 | AH18: 10-DEC-26 | AT18: Davidson, Richard M. | AU18: =IF($AT18="","",IFERROR(INDEX(InstructorMap!$B:$B, MATCH($AT18, InstructorMap!$A:$A, 0)),"")) -> davidson@andrews.edu | AV18: =IF($AT18="","",IFERROR(INDEX(InstructorMap!$C:$C, MATCH($AT18, InstructorMap!$A:$A, 0)),"")) -> 000012107 | AW18: 100 | BH18: GSEM | BI18: 16-MAR-26 | BJ18: A | BL18: N | BO18: MOODL | BT18: 70 | BU18: 0 | BV18: 0 | BW18: Y | CF18: Y | CS18: 15 | CT18: 202641 | CU18: 1
A19: FALSE | B19: FALSE | C19: FALSE | D19: FALSE | E19: FALSE | F19: FALSE | H19: 525-02 | I19: 525 | J19: GSEM | K19: 620 | L19: 001 | N19: Research Methods | Q19: 205 | R19: 0 | W19: 2,3 | X19: 2,3 | Y19: 15 | Z19: CLAS | AA19: 24-AUG-26 | AD19: 24-AUG-26 | AE19: 10-DEC-26 | AH19: 10-DEC-26 | AI19: 1430 | AJ19: 1720 | AM19: T | AR19: N310 | AS19: Seminary Building [SEM] | AT19: J. Reeve | AU19: =IF($AT19="","",IFERROR(INDEX(InstructorMap!$B:$B, MATCH($AT19, InstructorMap!$A:$A, 0)),"")) | AV19: =IF($AT19="","",IFERROR(INDEX(InstructorMap!$C:$C, MATCH($AT19, InstructorMap!$A:$A, 0)),"")) | AW19: 100 | BH19: GSEM | BI19: 16-MAR-26 | BJ19: A | BL19: A | BO19: MOODL | BT19: 70 | BU19: 0 | BV19: 0 | BW19: Y | BX19: O | CF19: Y | CH19: O | CR19: I | CS19: 16 | CT19: 202641 | CU19: 1
A20: FALSE | B20: FALSE | C20: FALSE | D20: FALSE | E20: FALSE | F20: FALSE | H20: 3417-02 | I20: 3417 | J20: GSEM | K20: 620 | L20: 998 | N20: Research Methods | Q20: 205 | R20: 7 | U20: SYNC | W20: 2,3 | Y20: 5 | Z20: WEB | AA20: 24-AUG-26 | AD20: 24-AUG-26 | AE20: 10-DEC-26 | AH20: 10-DEC-26 | AI20: 1330 | AJ20: 1620 | AM20: T | AT20: Reeve, John W. | AU20: =IF($AT20="","",IFERROR(INDEX(InstructorMap!$B:$B, MATCH($AT20, InstructorMap!$A:$A, 0)),"")) -> jreeve@andrews.edu | AV20: =IF($AT20="","",IFERROR(INDEX(InstructorMap!$C:$C, MATCH($AT20, InstructorMap!$A:$A, 0)),"")) -> 000049018 | AW20: 100 | BH20: GSEM | BI20: 16-MAR-26 | BJ20: A | BL20: N | BO20: MOODL | BT20: 70 | BU20: 0 | BV20: 0 | BW20: Y | BX20: O | CF20: Y | CR20: I | CS20: 15 | CT20: 202641 | CU20: 1
A21: FALSE | B21: FALSE | C21: FALSE | D21: FALSE | E21: FALSE | F21: FALSE | H21: 4102-02 | I21: 4102 | J21: GSEM | K21: 628 | L21: 001 | N21: Great Con. Cov Law, Sabbath | Q21: 274 | R21: 0 | W21: 2,3 | X21: 2,3 | Y21: 50 | Z21: CLAS | AA21: 24-AUG-26 | AD21: 24-AUG-26 | AE21: 10-DEC-26 | AH21: 10-DEC-26 | AI21: 1430 | AJ21: 1620 | AM21: T | AR21: N150 | AS21: Seminary Building [SEM] | AT21: D. Olariu | AU21: =IF($AT21="","",IFERROR(INDEX(InstructorMap!$B:$B, MATCH($AT21, InstructorMap!$A:$A, 0)),"")) | AV21: =IF($AT21="","",IFERROR(INDEX(InstructorMap!$C:$C, MATCH($AT21, InstructorMap!$A:$A, 0)),"")) | AW21: 100 | BH21: GSEM | BI21: 16-MAR-26 | BJ21: A | BL21: A | BO21: MOODL | BT21: 70 | BU21: 0 | BV21: 99 | BW21: Y | BX21: O | CF21: Y | CH21: O | CS21: 16 | CT21: 202641 | CU21: 1
A22: FALSE | B22: FALSE | C22: FALSE | D22: FALSE | E22: FALSE | F22: FALSE | H22: 4103-02 | I22: 4103 | J22: GSEM | K22: 628 | L22: 999 | N22: Grt Controversy, Cov, Law, Sab | R22: 7 | U22: ASYNC | W22: 2,3 | Y22: 30 | Z22: WEB | AA22: 24-AUG-26 | AD22: 24-AUG-26 | AE22: 10-DEC-26 | AH22: 10-DEC-26 | AT22: Davidson, Richard M. | AU22: =IF($AT22="","",IFERROR(INDEX(InstructorMap!$B:$B, MATCH($AT22, InstructorMap!$A:$A, 0)),"")) -> davidson@andrews.edu | AV22: =IF($AT22="","",IFERROR(INDEX(InstructorMap!$C:$C, MATCH($AT22, InstructorMap!$A:$A, 0)),"")) -> 000012107 | AW22: 100 | BH22: GSEM | BI22: 16-MAR-26 | BJ22: A | BL22: N | BO22: MOODL | BT22: 70 | BU22: 0 | BV22: 0 | BW22: Y | CF22: Y | CS22: 15 | CT22: 202641 | CU22: 1
A23: FALSE | B23: FALSE | C23: FALSE | D23: FALSE | E23: FALSE | F23: FALSE | H23: 2951-02 | I23: 2951 | J23: GSEM | K23: 680 | L23: 001 | N23: Masters Comprehensive Exam | R23: 0 | W23: 0 | Y23: 999 | Z23: CLAS | AA23: 24-AUG-26 | AD23: 24-AUG-26 | AE23: 10-DEC-26 | AH23: 10-DEC-26 | AT23: Paquini, Rogelio | AU23: =IF($AT23="","",IFERROR(INDEX(InstructorMap!$B:$B, MATCH($AT23, InstructorMap!$A:$A, 0)),"")) -> rpaquini@andrews.edu | AV23: =IF($AT23="","",IFERROR(INDEX(InstructorMap!$C:$C, MATCH($AT23, InstructorMap!$A:$A, 0)),"")) -> 000105171 | AW23: 100 | BH23: GSEM | BI23: 16-MAR-26 | BJ23: A | BL23: I | BO23: MOODL | BQ23: FT | BT23: 70 | BU23: 0 | BV23: 0 | BW23: Y | CF23: Y | CS23: 15 | CT23: 202641 | CU23: 1
A24: FALSE | B24: FALSE | C24: FALSE | D24: FALSE | E24: FALSE | F24: FALSE | H24: 1279-02 | I24: 1279 | J24: GSEM | K24: 680 | L24: 101 | N24: Masters Comprehensive Exam | R24: 7 | W24: 0 | Y24: 999 | Z24: WEB | AA24: 24-AUG-26 | AD24: 24-AUG-26 | AE24: 10-DEC-26 | AH24: 10-DEC-26 | AT24: Vine, Cedric E. | AU24: =IF($AT24="","",IFERROR(INDEX(InstructorMap!$B:$B, MATCH($AT24, InstructorMap!$A:$A, 0)),"")) -> cvine@andrews.edu | AV24: =IF($AT24="","",IFERROR(INDEX(InstructorMap!$C:$C, MATCH($AT24, InstructorMap!$A:$A, 0)),"")) -> 000093509 | AW24: 100 | BH24: GSEM | BI24: 16-MAR-26 | BJ24: A | BL24: I | BO24: MOODL | BQ24: FT | BT24: 70 | BU24: 0 | BV24: 0 | BW24: Y | CF24: Y | CS24: 15 | CT24: 202641 | CU24: 1
A25: FALSE | B25: FALSE | C25: FALSE | D25: FALSE | E25: FALSE | F25: FALSE | H25: 1190-02 | I25: 1190 | J25: GSEM | K25: 688 | L25: 001 | N25: Master's Degree Contin | O25: Master's Degree Contin | R25: 0 | W25: 0 | Y25: 999 | Z25: CLAS | AA25: 24-AUG-26 | AD25: 24-AUG-26 | AE25: 10-DEC-26 | AH25: 10-DEC-26 | AT25: Vine, Cedric E. | AU25: =IF($AT25="","",IFERROR(INDEX(InstructorMap!$B:$B, MATCH($AT25, InstructorMap!$A:$A, 0)),"")) -> cvine@andrews.edu | AV25: =IF($AT25="","",IFERROR(INDEX(InstructorMap!$C:$C, MATCH($AT25, InstructorMap!$A:$A, 0)),"")) -> 000093509 | AW25: 100 | BH25: GSEM | BI25: 16-MAR-26 | BJ25: A | BL25: I | BO25: MOODL | BQ25: FT | BT25: 70 | BU25: 0 | BV25: 0 | BW25: Y | CF25: Y | CS25: 15 | CT25: 202641 | CU25: 1
A26: FALSE | B26: FALSE | C26: FALSE | D26: FALSE | E26: FALSE | F26: FALSE | H26: 1280-02 | I26: 1280 | J26: GSEM | K26: 688 | L26: 101 | N26: Master's Degree Contin | R26: 7 | W26: 0 | Y26: 999 | Z26: WEB | AA26: 24-AUG-26 | AD26: 24-AUG-26 | AE26: 10-DEC-26 | AH26: 10-DEC-26 | AT26: Vine, Cedric E. | AU26: =IF($AT26="","",IFERROR(INDEX(InstructorMap!$B:$B, MATCH($AT26, InstructorMap!$A:$A, 0)),"")) -> cvine@andrews.edu | AV26: =IF($AT26="","",IFERROR(INDEX(InstructorMap!$C:$C, MATCH($AT26, InstructorMap!$A:$A, 0)),"")) -> 000093509 | AW26: 100 | BH26: GSEM | BI26: 16-MAR-26 | BJ26: A | BL26: I | BO26: MOODL | BQ26: FT | BT26: 70 | BU26: 0 | BV26: 0 | BW26: Y | CF26: Y | CS26: 15 | CT26: 202641 | CU26: 1
A27: FALSE | B27: FALSE | C27: FALSE | D27: FALSE | E27: FALSE | F27: FALSE | H27: 1195-02 | I27: 1195 | J27: GSEM | K27: 695 | L27: 001 | N27: Research Project | O27: Research Project | R27: 0 | W27: 2-3 | Y27: 999 | Z27: CLAS | AA27: 24-AUG-26 | AD27: 24-AUG-26 | AE27: 10-DEC-26 | AH27: 10-DEC-26 | AT27: Vine, Cedric E. | AU27: =IF($AT27="","",IFERROR(INDEX(InstructorMap!$B:$B, MATCH($AT27, InstructorMap!$A:$A, 0)),"")) -> cvine@andrews.edu | AV27: =IF($AT27="","",IFERROR(INDEX(InstructorMap!$C:$C, MATCH($AT27, InstructorMap!$A:$A, 0)),"")) -> 000093509 | AW27: 100 | BH27: GSEM | BI27: 16-MAR-26 | BJ27: A | BL27: I | BO27: MOODL | BT27: 70 | BU27: 0 | BV27: 0 | BW27: Y | CF27: Y | CS27: 15 | CT27: 202641 | CU27: 1
A28: FALSE | B28: FALSE | C28: FALSE | D28: FALSE | E28: FALSE | F28: FALSE | H28: 1282-02 | I28: 1282 | J28: GSEM | K28: 695 | L28: 101 | N28: Research Project | R28: 7 | W28: 2-3 | Y28: 999 | Z28: WEB | AA28: 24-AUG-26 | AD28: 24-AUG-26 | AE28: 10-DEC-26 | AH28: 10-DEC-26 | AT28: Vine, Cedric E. | AU28: =IF($AT28="","",IFERROR(INDEX(InstructorMap!$B:$B, MATCH($AT28, InstructorMap!$A:$A, 0)),"")) -> cvine@andrews.edu | AV28: =IF($AT28="","",IFERROR(INDEX(InstructorMap!$C:$C, MATCH($AT28, InstructorMap!$A:$A, 0)),"")) -> 000093509 | AW28: 100 | BH28: GSEM | BI28: 16-MAR-26 | BJ28: A | BL28: I | BO28: MOODL | BT28: 70 | BU28: 0 | BV28: 0 | BW28: Y | CF28: Y | CS28: 15 | CT28: 202641 | CU28: 1
A29: FALSE | B29: FALSE | C29: FALSE | D29: FALSE | E29: FALSE | F29: FALSE | H29: 1194-02 | I29: 1194 | J29: GSEM | K29: 697 | L29: 001 | N29: Thesis for MA Degree | O29: MA Thesis | R29: 0 | S29: 0 | W29: 1-10 | Y29: 999 | Z29: CLAS | AA29: 24-AUG-26 | AD29: 24-AUG-26 | AE29: 10-DEC-26 | AH29: 10-DEC-26 | AT29: Vine, Cedric E. | AU29: =IF($AT29="","",IFERROR(INDEX(InstructorMap!$B:$B, MATCH($AT29, InstructorMap!$A:$A, 0)),"")) -> cvine@andrews.edu | AV29: =IF($AT29="","",IFERROR(INDEX(InstructorMap!$C:$C, MATCH($AT29, InstructorMap!$A:$A, 0)),"")) -> 000093509 | AW29: 100 | BH29: GSEM | BI29: 16-MAR-26 | BJ29: A | BL29: I | BO29: MOODL | BQ29: FT | BT29: 70 | BU29: 0 | BV29: 0 | BW29: Y | CF29: Y | CS29: 15 | CT29: 202641 | CU29: 1
A30: FALSE | B30: FALSE | C30: FALSE | D30: FALSE | E30: FALSE | F30: FALSE | H30: 1194-04 | I30: 1194 | J30: GSEM | K30: 697 | L30: 001 | N30: Thesis for MA Degree | O30: MA Thesis | R30: 0 | S30: Z | W30: 1-10 | Y30: 999 | Z30: CLAS | AA30: 24-AUG-26 | AD30: 24-AUG-26 | AE30: 10-DEC-26 | AH30: 10-DEC-26 | AT30: Vine, Cedric E. | AU30: =IF($AT30="","",IFERROR(INDEX(InstructorMap!$B:$B, MATCH($AT30, InstructorMap!$A:$A, 0)),"")) -> cvine@andrews.edu | AV30: =IF($AT30="","",IFERROR(INDEX(InstructorMap!$C:$C, MATCH($AT30, InstructorMap!$A:$A, 0)),"")) -> 000093509 | AW30: 100 | BH30: GSEM | BI30: 16-MAR-26 | BJ30: A | BL30: I | BO30: MOODL | BQ30: FT | BT30: 70 | BU30: 0 | BV30: 0 | BW30: Y | CF30: Y | CS30: 15 | CT30: 202641 | CU30: 1
A31: FALSE | B31: FALSE | C31: FALSE | D31: FALSE | E31: FALSE | F31: FALSE | H31: 1194-06 | I31: 1194 | J31: GSEM | K31: 697 | L31: 001 | N31: Thesis for MA Degree | O31: MA Thesis | R31: 0 | S31: ZOM | W31: 1-10 | Y31: 999 | Z31: CLAS | AA31: 24-AUG-26 | AD31: 24-AUG-26 | AE31: 10-DEC-26 | AH31: 10-DEC-26 | AT31: Vine, Cedric E. | AU31: =IF($AT31="","",IFERROR(INDEX(InstructorMap!$B:$B, MATCH($AT31, InstructorMap!$A:$A, 0)),"")) -> cvine@andrews.edu | AV31: =IF($AT31="","",IFERROR(INDEX(InstructorMap!$C:$C, MATCH($AT31, InstructorMap!$A:$A, 0)),"")) -> 000093509 | AW31: 100 | BH31: GSEM | BI31: 16-MAR-26 | BJ31: A | BL31: I | BO31: MOODL | BQ31: FT | BT31: 70 | BU31: 0 | BV31: 0 | BW31: Y | CF31: Y | CS31: 15 | CT31: 202641 | CU31: 1
A32: FALSE | B32: FALSE | C32: FALSE | D32: FALSE | E32: FALSE | F32: FALSE | H32: 1281-02 | I32: 1281 | J32: GSEM | K32: 697 | L32: 101 | N32: Thesis for MA Degree | O32: MA Thesis | R32: 7 | S32: 0 | W32: 1-10 | Y32: 999 | Z32: WEB | AA32: 24-AUG-26 | AD32: 24-AUG-26 | AE32: 10-DEC-26 | AH32: 10-DEC-26 | AT32: Vine, Cedric E. | AU32: =IF($AT32="","",IFERROR(INDEX(InstructorMap!$B:$B, MATCH($AT32, InstructorMap!$A:$A, 0)),"")) -> cvine@andrews.edu | AV32: =IF($AT32="","",IFERROR(INDEX(InstructorMap!$C:$C, MATCH($AT32, InstructorMap!$A:$A, 0)),"")) -> 000093509 | AW32: 100 | BH32: GSEM | BI32: 16-MAR-26 | BJ32: A | BL32: I | BO32: MOODL | BQ32: FT | BT32: 70 | BU32: 0 | BV32: 0 | BW32: Y | CF32: Y | CS32: 15 | CT32: 202641 | CU32: 1
A33: FALSE | B33: FALSE | C33: FALSE | D33: FALSE | E33: FALSE | F33: FALSE | H33: 1281-04 | I33: 1281 | J33: GSEM | K33: 697 | L33: 101 | N33: Thesis for MA Degree | O33: MA Thesis | R33: 7 | S33: Z | W33: 1-10 | Y33: 999 | Z33: WEB | AA33: 24-AUG-26 | AD33: 24-AUG-26 | AE33: 10-DEC-26 | AH33: 10-DEC-26 | AT33: Vine, Cedric E. | AU33: =IF($AT33="","",IFERROR(INDEX(InstructorMap!$B:$B, MATCH($AT33, InstructorMap!$A:$A, 0)),"")) -> cvine@andrews.edu | AV33: =IF($AT33="","",IFERROR(INDEX(InstructorMap!$C:$C, MATCH($AT33, InstructorMap!$A:$A, 0)),"")) -> 000093509 | AW33: 100 | BH33: GSEM | BI33: 16-MAR-26 | BJ33: A | BL33: I | BO33: MOODL | BQ33: FT | BT33: 70 | BU33: 0 | BV33: 0 | BW33: Y | CF33: Y | CS33: 15 | CT33: 202641 | CU33: 1
A34: FALSE | B34: FALSE | C34: FALSE | D34: FALSE | E34: FALSE | F34: FALSE | H34: 1281-06 | I34: 1281 | J34: GSEM | K34: 697 | L34: 101 | N34: Thesis for MA Degree | O34: MA Thesis | R34: 7 | S34: ZOM | W34: 1-10 | Y34: 999 | Z34: WEB | AA34: 24-AUG-26 | AD34: 24-AUG-26 | AE34: 10-DEC-26 | AH34: 10-DEC-26 | AT34: Vine, Cedric E. | AU34: =IF($AT34="","",IFERROR(INDEX(InstructorMap!$B:$B, MATCH($AT34, InstructorMap!$A:$A, 0)),"")) -> cvine@andrews.edu | AV34: =IF($AT34="","",IFERROR(INDEX(InstructorMap!$C:$C, MATCH($AT34, InstructorMap!$A:$A, 0)),"")) -> 000093509 | AW34: 100 | BH34: GSEM | BI34: 16-MAR-26 | BJ34: A | BL34: I | BO34: MOODL | BQ34: FT | BT34: 70 | BU34: 0 | BV34: 0 | BW34: Y | CF34: Y | CS34: 15 | CT34: 202641 | CU34: 1
A35: FALSE | B35: FALSE | C35: FALSE | D35: FALSE | E35: FALSE | F35: FALSE | H35: 540-02 | I35: 540 | J35: GSEM | K35: 810 | L35: 001 | N35: PhD-ThD Colloquium | R35: 0 | W35: 0 | X35: 0 | Y35: 50 | Z35: CLAS | AA35: 24-AUG-26 | AD35: 24-AUG-26 | AE35: 10-DEC-26 | AH35: 10-DEC-26 | AI35: 1900 | AJ35: 2000 | AM35: T | AR35: S340 | AS35: Seminary Building [SEM] | AT35: J. Reeve | AU35: =IF($AT35="","",IFERROR(INDEX(InstructorMap!$B:$B, MATCH($AT35, InstructorMap!$A:$A, 0)),"")) | AV35: =IF($AT35="","",IFERROR(INDEX(InstructorMap!$C:$C, MATCH($AT35, InstructorMap!$A:$A, 0)),"")) | AW35: 100 | BH35: GSEM | BI35: 16-MAR-26 | BJ35: A | BL35: A | BO35: MOODL | BT35: 70 | BU35: 0 | BV35: 0 | BW35: Y | CF35: Y | CS35: 16 | CT35: 202641 | CU35: 1
A36: FALSE | B36: FALSE | C36: FALSE | D36: FALSE | E36: FALSE | F36: FALSE | H36: 829-02 | I36: 829 | J36: GSEM | K36: 844 | L36: 103 | N36: PhD-ThD Diss Prop Prep | O36: PhD-ThD Diss Prop Prep | R36: 0 | W36: 0 | Y36: 999 | Z36: CLAS | AA36: 24-AUG-26 | AD36: 24-AUG-26 | AE36: 10-DEC-26 | AH36: 10-DEC-26 | AT36: Fraser, Jasmine J. | AU36: =IF($AT36="","",IFERROR(INDEX(InstructorMap!$B:$B, MATCH($AT36, InstructorMap!$A:$A, 0)),"")) -> fraserj@andrews.edu | AV36: =IF($AT36="","",IFERROR(INDEX(InstructorMap!$C:$C, MATCH($AT36, InstructorMap!$A:$A, 0)),"")) -> 000129106 | AW36: 100 | BH36: GSEM | BI36: 16-MAR-26 | BJ36: A | BL36: I | BO36: MOODL | BQ36: FT | BT36: 70 | BU36: 0 | BV36: 0 | BW36: Y | CF36: Y | CS36: 15 | CT36: 202641 | CU36: 1
A37: FALSE | B37: FALSE | C37: FALSE | D37: FALSE | E37: FALSE | F37: FALSE | H37: 1036-02 | I37: 1036 | J37: GSEM | K37: 844 | L37: 101 | N37: PhD-ThD Diss Prop Prep | O37: PhD-ThD Diss Prop Prep | R37: 0 | W37: 0 | Y37: 999 | Z37: CLAS | AA37: 24-AUG-26 | AD37: 24-AUG-26 | AE37: 10-DEC-26 | AH37: 10-DEC-26 | AT37: Reeve, John W. | AU37: =IF($AT37="","",IFERROR(INDEX(InstructorMap!$B:$B, MATCH($AT37, InstructorMap!$A:$A, 0)),"")) -> jreeve@andrews.edu | AV37: =IF($AT37="","",IFERROR(INDEX(InstructorMap!$C:$C, MATCH($AT37, InstructorMap!$A:$A, 0)),"")) -> 000049018 | AW37: 100 | BH37: GSEM | BI37: 16-MAR-26 | BJ37: A | BL37: I | BO37: MOODL | BQ37: FT | BT37: 70 | BU37: 0 | BV37: 0 | BW37: Y | CF37: Y | CS37: 15 | CT37: 202641 | CU37: 1
A38: FALSE | B38: FALSE | C38: FALSE | D38: FALSE | E38: FALSE | F38: FALSE | H38: 1220-02 | I38: 1220 | J38: GSEM | K38: 844 | L38: 102 | N38: PhD-ThD Diss Prop Prep | O38: PhD-ThD Diss Prop Prep | R38: 0 | W38: 0 | Y38: 999 | Z38: CLAS | AA38: 24-AUG-26 | AD38: 24-AUG-26 | AE38: 10-DEC-26 | AH38: 10-DEC-26 | AT38: Younker, Randall W. | AU38: =IF($AT38="","",IFERROR(INDEX(InstructorMap!$B:$B, MATCH($AT38, InstructorMap!$A:$A, 0)),"")) -> younker@andrews.edu | AV38: =IF($AT38="","",IFERROR(INDEX(InstructorMap!$C:$C, MATCH($AT38, InstructorMap!$A:$A, 0)),"")) -> 000042559 | AW38: 100 | BH38: GSEM | BI38: 16-MAR-26 | BJ38: A | BL38: I | BO38: MOODL | BQ38: FT | BT38: 70 | BU38: 0 | BV38: 0 | BW38: Y | CF38: Y | CS38: 15 | CT38: 202641 | CU38: 1
A39: FALSE | B39: FALSE | C39: FALSE | D39: FALSE | E39: FALSE | F39: FALSE | H39: 830-02 | I39: 830 | J39: GSEM | K39: 880 | L39: 103 | N39: Prep for Comprehensive Exams | O39: Prep for Comprehensive Exams | R39: 0 | W39: 0 | Y39: 999 | Z39: CLAS | AA39: 24-AUG-26 | AD39: 24-AUG-26 | AE39: 10-DEC-26 | AH39: 10-DEC-26 | AT39: Fraser, Jasmine J. | AU39: =IF($AT39="","",IFERROR(INDEX(InstructorMap!$B:$B, MATCH($AT39, InstructorMap!$A:$A, 0)),"")) -> fraserj@andrews.edu | AV39: =IF($AT39="","",IFERROR(INDEX(InstructorMap!$C:$C, MATCH($AT39, InstructorMap!$A:$A, 0)),"")) -> 000129106 | AW39: 100 | BH39: GSEM | BI39: 16-MAR-26 | BJ39: A | BL39: I | BO39: MOODL | BQ39: FT | BT39: 70 | BU39: 0 | BV39: 0 | BW39: Y | CF39: Y | CS39: 15 | CT39: 202641 | CU39: 1
A40: FALSE | B40: FALSE | C40: FALSE | D40: FALSE | E40: FALSE | F40: FALSE | H40: 1037-02 | I40: 1037 | J40: GSEM | K40: 880 | L40: 101 | N40: Prep for Comprehensive Exams | O40: Prep for Comprehensive Exams | R40: 0 | W40: 0 | Y40: 999 | Z40: CLAS | AA40: 24-AUG-26 | AD40: 24-AUG-26 | AE40: 10-DEC-26 | AH40: 10-DEC-26 | AT40: Reeve, John W. | AU40: =IF($AT40="","",IFERROR(INDEX(InstructorMap!$B:$B, MATCH($AT40, InstructorMap!$A:$A, 0)),"")) -> jreeve@andrews.edu | AV40: =IF($AT40="","",IFERROR(INDEX(InstructorMap!$C:$C, MATCH($AT40, InstructorMap!$A:$A, 0)),"")) -> 000049018 | AW40: 100 | BH40: GSEM | BI40: 16-MAR-26 | BJ40: A | BL40: I | BO40: MOODL | BQ40: FT | BT40: 70 | BU40: 0 | BV40: 0 | BW40: Y | CF40: Y | CS40: 15 | CT40: 202641 | CU40: 1
A41: FALSE | B41: FALSE | C41: FALSE | D41: FALSE | E41: FALSE | F41: FALSE | H41: 1221-02 | I41: 1221 | J41: GSEM | K41: 880 | L41: 102 | N41: Prep for Comprehensive Exams | O41: Prep for Comprehensive Exams | R41: 0 | W41: 0 | Y41: 999 | Z41: CLAS | AA41: 24-AUG-26 | AD41: 24-AUG-26 | AE41: 10-DEC-26 | AH41: 10-DEC-26 | AT41: Younker, Randall W. | AU41: =IF($AT41="","",IFERROR(INDEX(InstructorMap!$B:$B, MATCH($AT41, InstructorMap!$A:$A, 0)),"")) -> younker@andrews.edu | AV41: =IF($AT41="","",IFERROR(INDEX(InstructorMap!$C:$C, MATCH($AT41, InstructorMap!$A:$A, 0)),"")) -> 000042559 | AW41: 100 | BH41: GSEM | BI41: 16-MAR-26 | BJ41: A | BL41: I | BO41: MOODL | BQ41: FT | BT41: 70 | BU41: 0 | BV41: 0 | BW41: Y | CF41: Y | CS41: 15 | CT41: 202641 | CU41: 1
A42: FALSE | B42: FALSE | C42: FALSE | D42: FALSE | E42: FALSE | F42: FALSE | H42: 831-02 | I42: 831 | J42: GSEM | K42: 885 | L42: 103 | N42: PhD-ThD Comp Exams | O42: PhD-ThD Comp Exams | R42: 0 | W42: 0 | Y42: 999 | Z42: CLAS | AA42: 24-AUG-26 | AD42: 24-AUG-26 | AE42: 10-DEC-26 | AH42: 10-DEC-26 | AT42: Fraser, Jasmine J. | AU42: =IF($AT42="","",IFERROR(INDEX(InstructorMap!$B:$B, MATCH($AT42, InstructorMap!$A:$A, 0)),"")) -> fraserj@andrews.edu | AV42: =IF($AT42="","",IFERROR(INDEX(InstructorMap!$C:$C, MATCH($AT42, InstructorMap!$A:$A, 0)),"")) -> 000129106 | AW42: 100 | BH42: GSEM | BI42: 16-MAR-26 | BJ42: A | BL42: I | BO42: MOODL | BQ42: FT | BT42: 70 | BU42: 0 | BV42: 0 | BW42: Y | CF42: Y | CS42: 15 | CT42: 202641 | CU42: 1
A43: FALSE | B43: FALSE | C43: FALSE | D43: FALSE | E43: FALSE | F43: FALSE | H43: 1038-02 | I43: 1038 | J43: GSEM | K43: 885 | L43: 101 | N43: PhD-ThD Comp Exams | O43: PhD-ThD Comp Exams | R43: 0 | W43: 0 | Y43: 999 | Z43: CLAS | AA43: 24-AUG-26 | AD43: 24-AUG-26 | AE43: 10-DEC-26 | AH43: 10-DEC-26 | AT43: Reeve, John W. | AU43: =IF($AT43="","",IFERROR(INDEX(InstructorMap!$B:$B, MATCH($AT43, InstructorMap!$A:$A, 0)),"")) -> jreeve@andrews.edu | AV43: =IF($AT43="","",IFERROR(INDEX(InstructorMap!$C:$C, MATCH($AT43, InstructorMap!$A:$A, 0)),"")) -> 000049018 | AW43: 100 | BH43: GSEM | BI43: 16-MAR-26 | BJ43: A | BL43: I | BO43: MOODL | BQ43: FT | BT43: 70 | BU43: 0 | BV43: 0 | BW43: Y | CF43: Y | CS43: 15 | CT43: 202641 | CU43: 1
A44: FALSE | B44: FALSE | C44: FALSE | D44: FALSE | E44: FALSE | F44: FALSE | H44: 1222-02 | I44: 1222 | J44: GSEM | K44: 885 | L44: 102 | N44: PhD-ThD Comp Exams | O44: PhD-ThD Comp Exams | R44: 0 | W44: 0 | Y44: 999 | Z44: CLAS | AA44: 24-AUG-26 | AD44: 24-AUG-26 | AE44: 10-DEC-26 | AH44: 10-DEC-26 | AT44: Younker, Randall W. | AU44: =IF($AT44="","",IFERROR(INDEX(InstructorMap!$B:$B, MATCH($AT44, InstructorMap!$A:$A, 0)),"")) -> younker@andrews.edu | AV44: =IF($AT44="","",IFERROR(INDEX(InstructorMap!$C:$C, MATCH($AT44, InstructorMap!$A:$A, 0)),"")) -> 000042559 | AW44: 100 | BH44: GSEM | BI44: 16-MAR-26 | BJ44: A | BL44: I | BO44: MOODL | BQ44: FT | BT44: 70 | BU44: 0 | BV44: 0 | BW44: Y | CF44: Y | CS44: 15 | CT44: 202641 | CU44: 1
A45: FALSE | B45: FALSE | C45: FALSE | D45: FALSE | E45: FALSE | F45: FALSE | H45: 832-02 | I45: 832 | J45: GSEM | K45: 888 | L45: 103 | N45: Doctoral Degr Continuation | O45: Doctoral Degr Continuation | R45: 0 | W45: 0 | Y45: 999 | Z45: CLAS | AA45: 24-AUG-26 | AD45: 24-AUG-26 | AE45: 10-DEC-26 | AH45: 10-DEC-26 | AT45: Fraser, Jasmine J. | AU45: =IF($AT45="","",IFERROR(INDEX(InstructorMap!$B:$B, MATCH($AT45, InstructorMap!$A:$A, 0)),"")) -> fraserj@andrews.edu | AV45: =IF($AT45="","",IFERROR(INDEX(InstructorMap!$C:$C, MATCH($AT45, InstructorMap!$A:$A, 0)),"")) -> 000129106 | AW45: 100 | BH45: GSEM | BI45: 16-MAR-26 | BJ45: A | BL45: I | BO45: MOODL | BQ45: FT | BT45: 70 | BU45: 0 | BV45: 0 | BW45: Y | CF45: Y | CS45: 15 | CT45: 202641 | CU45: 1
A46: FALSE | B46: FALSE | C46: FALSE | D46: FALSE | E46: FALSE | F46: FALSE | H46: 1039-02 | I46: 1039 | J46: GSEM | K46: 888 | L46: 101 | N46: Doctoral Degr Continuation | O46: Doctoral Degr Continuation | R46: 0 | W46: 0 | Y46: 999 | Z46: CLAS | AA46: 24-AUG-26 | AD46: 24-AUG-26 | AE46: 10-DEC-26 | AH46: 10-DEC-26 | AT46: Reeve, John W. | AU46: =IF($AT46="","",IFERROR(INDEX(InstructorMap!$B:$B, MATCH($AT46, InstructorMap!$A:$A, 0)),"")) -> jreeve@andrews.edu | AV46: =IF($AT46="","",IFERROR(INDEX(InstructorMap!$C:$C, MATCH($AT46, InstructorMap!$A:$A, 0)),"")) -> 000049018 | AW46: 100 | BH46: GSEM | BI46: 16-MAR-26 | BJ46: A | BL46: I | BO46: MOODL | BQ46: FT | BT46: 70 | BU46: 0 | BV46: 0 | BW46: Y | CF46: Y | CS46: 15 | CT46: 202641 | CU46: 1
A47: FALSE | B47: FALSE | C47: FALSE | D47: FALSE | E47: FALSE | F47: FALSE | H47: 1223-02 | I47: 1223 | J47: GSEM | K47: 888 | L47: 102 | N47: Doctoral Degr Continuation | O47: Doctoral Degr Continuation | R47: 0 | W47: 0 | Y47: 999 | Z47: CLAS | AA47: 24-AUG-26 | AD47: 24-AUG-26 | AE47: 10-DEC-26 | AH47: 10-DEC-26 | AT47: Younker, Randall W. | AU47: =IF($AT47="","",IFERROR(INDEX(InstructorMap!$B:$B, MATCH($AT47, InstructorMap!$A:$A, 0)),"")) -> younker@andrews.edu | AV47: =IF($AT47="","",IFERROR(INDEX(InstructorMap!$C:$C, MATCH($AT47, InstructorMap!$A:$A, 0)),"")) -> 000042559 | AW47: 100 | BH47: GSEM | BI47: 16-MAR-26 | BJ47: A | BL47: I | BO47: MOODL | BQ47: FT | BT47: 70 | BU47: 0 | BV47: 0 | BW47: Y | CF47: Y | CS47: 15 | CT47: 202641 | CU47: 1
A48: FALSE | B48: FALSE | C48: FALSE | D48: FALSE | E48: FALSE | F48: FALSE | H48: 2227-02 | I48: 2227 | J48: GSEM | K48: 888 | L48: 104 | N48: Doctoral Degr Continuation | R48: 0 | W48: 0 | Y48: 999 | Z48: CLAS | AA48: 24-AUG-26 | AD48: 24-AUG-26 | AE48: 10-DEC-26 | AH48: 10-DEC-26 | AT48: Jeroncic, Ante | AU48: =IF($AT48="","",IFERROR(INDEX(InstructorMap!$B:$B, MATCH($AT48, InstructorMap!$A:$A, 0)),"")) -> jeroncic@andrews.edu | AV48: =IF($AT48="","",IFERROR(INDEX(InstructorMap!$C:$C, MATCH($AT48, InstructorMap!$A:$A, 0)),"")) -> 000066942 | AW48: 100 | BH48: GSEM | BI48: 16-MAR-26 | BJ48: A | BL48: I | BO48: MOODL | BQ48: FT | BT48: 70 | BU48: 0 | BV48: 0 | BW48: Y | CF48: Y | CS48: 15 | CT48: 202641 | CU48: 1
A49: FALSE | B49: FALSE | C49: FALSE | D49: FALSE | E49: FALSE | F49: FALSE | H49: 4299-02 | I49: 4299 | J49: GSEM | K49: 888 | L49: 105 | N49: Doctoral Degr Continuation | R49: 0 | W49: 0 | Y49: 999 | Z49: CLAS | AA49: 24-AUG-26 | AD49: 24-AUG-26 | AE49: 10-DEC-26 | AH49: 10-DEC-26 | AT49: Glanz, Oliver | AU49: =IF($AT49="","",IFERROR(INDEX(InstructorMap!$B:$B, MATCH($AT49, InstructorMap!$A:$A, 0)),"")) -> glanz@andrews.edu | AV49: =IF($AT49="","",IFERROR(INDEX(InstructorMap!$C:$C, MATCH($AT49, InstructorMap!$A:$A, 0)),"")) -> 000162826 | AW49: 100 | BH49: GSEM | BI49: 16-MAR-26 | BJ49: A | BL49: I | BO49: MOODL | BQ49: FT | BT49: 70 | BU49: 0 | BV49: 0 | BW49: Y | CF49: Y | CS49: 15 | CT49: 202641 | CU49: 1
A50: FALSE | B50: FALSE | C50: FALSE | D50: FALSE | E50: FALSE | F50: FALSE | H50: 936-02 | I50: 936 | J50: GSEM | K50: 898 | L50: 001 | N50: Postdoctoral Research Project | O50: Postdoctoral Research Project | R50: 0 | W50: 4,5 | Y50: 999 | Z50: CLAS | AA50: 24-AUG-26 | AD50: 24-AUG-26 | AE50: 10-DEC-26 | AH50: 10-DEC-26 | AT50: Kuhn, Wagner | AU50: =IF($AT50="","",IFERROR(INDEX(InstructorMap!$B:$B, MATCH($AT50, InstructorMap!$A:$A, 0)),"")) -> kuhn@andrews.edu | AV50: =IF($AT50="","",IFERROR(INDEX(InstructorMap!$C:$C, MATCH($AT50, InstructorMap!$A:$A, 0)),"")) -> 000067555 | AW50: 100 | BH50: GSEM | BI50: 16-MAR-26 | BJ50: A | BL50: I | BO50: MOODL | BT50: 70 | BU50: 0 | BV50: 0 | BW50: Y | CF50: Y | CS50: 15 | CT50: 202641 | CU50: 1
A51: FALSE | B51: FALSE | C51: FALSE | D51: FALSE | E51: FALSE | F51: FALSE | H51: 3990-02 | I51: 3990 | J51: GSEM | K51: 898 | L51: 101 | N51: Postdoctoral Research Project | R51: 0 | W51: 4,5 | X51: 5 | Y51: 999 | Z51: CLAS | AA51: 24-AUG-26 | AD51: 24-AUG-26 | AE51: 10-DEC-26 | AH51: 10-DEC-26 | AT51: Gane, Roy E. | AU51: =IF($AT51="","",IFERROR(INDEX(InstructorMap!$B:$B, MATCH($AT51, InstructorMap!$A:$A, 0)),"")) -> gane@andrews.edu | AV51: =IF($AT51="","",IFERROR(INDEX(InstructorMap!$C:$C, MATCH($AT51, InstructorMap!$A:$A, 0)),"")) -> 000008963 | AW51: 100 | BH51: GSEM | BI51: 16-MAR-26 | BJ51: A | BK51: 5 | BL51: I | BO51: MOODL | BT51: 70 | BU51: 0 | BV51: 0 | BW51: Y | CF51: Y | CS51: 15 | CT51: 202641 | CU51: 1
A52: FALSE | B52: FALSE | C52: FALSE | D52: FALSE | E52: FALSE | F52: FALSE | H52: 935-02 | I52: 935 | J52: GSEM | K52: 990 | L52: 001 | N52: Postdoctoral Seminar | O52: Postdoctoral Seminar | R52: 0 | W52: 3,4 | Y52: 999 | Z52: CLAS | AA52: 24-AUG-26 | AD52: 24-AUG-26 | AE52: 10-DEC-26 | AH52: 10-DEC-26 | AT52: Kuhn, Wagner | AU52: =IF($AT52="","",IFERROR(INDEX(InstructorMap!$B:$B, MATCH($AT52, InstructorMap!$A:$A, 0)),"")) -> kuhn@andrews.edu | AV52: =IF($AT52="","",IFERROR(INDEX(InstructorMap!$C:$C, MATCH($AT52, InstructorMap!$A:$A, 0)),"")) -> 000067555 | AW52: 100 | BH52: GSEM | BI52: 16-MAR-26 | BJ52: A | BL52: M | BO52: MOODL | BT52: 70 | BU52: 0 | BV52: 0 | BW52: Y | CF52: Y | CS52: 15 | CT52: 202641 | CU52: 1
A53: FALSE | B53: FALSE | C53: FALSE | D53: FALSE | E53: FALSE | F53: FALSE | H53: 833-02 | I53: 833 | J53: GSEM | K53: 995 | L53: 103 | N53: PhD-ThD Dissertation | O53: PhD-ThD Dissertation | R53: 0 | W53: 1-12 | Y53: 999 | Z53: CLAS | AA53: 24-AUG-26 | AD53: 24-AUG-26 | AE53: 10-DEC-26 | AH53: 10-DEC-26 | AT53: Fraser, Jasmine J. | AU53: =IF($AT53="","",IFERROR(INDEX(InstructorMap!$B:$B, MATCH($AT53, InstructorMap!$A:$A, 0)),"")) -> fraserj@andrews.edu | AV53: =IF($AT53="","",IFERROR(INDEX(InstructorMap!$C:$C, MATCH($AT53, InstructorMap!$A:$A, 0)),"")) -> 000129106 | AW53: 100 | BH53: GSEM | BI53: 16-MAR-26 | BJ53: A | BL53: I | BO53: MOODL | BQ53: FT | BT53: 70 | BU53: 0 | BV53: 0 | BW53: Y | CF53: Y | CS53: 15 | CT53: 202641 | CU53: 1
A54: FALSE | B54: FALSE | C54: FALSE | D54: FALSE | E54: FALSE | F54: FALSE | H54: 1040-02 | I54: 1040 | J54: GSEM | K54: 995 | L54: 101 | N54: PhD-ThD Dissertation | O54: PhD-ThD Dissertation | R54: 0 | W54: 1-12 | Y54: 999 | Z54: CLAS | AA54: 24-AUG-26 | AD54: 24-AUG-26 | AE54: 10-DEC-26 | AH54: 10-DEC-26 | AT54: Reeve, John W. | AU54: =IF($AT54="","",IFERROR(INDEX(InstructorMap!$B:$B, MATCH($AT54, InstructorMap!$A:$A, 0)),"")) -> jreeve@andrews.edu | AV54: =IF($AT54="","",IFERROR(INDEX(InstructorMap!$C:$C, MATCH($AT54, InstructorMap!$A:$A, 0)),"")) -> 000049018 | AW54: 100 | BH54: GSEM | BI54: 16-MAR-26 | BJ54: A | BL54: I | BO54: MOODL | BQ54: FT | BT54: 70 | BU54: 0 | BV54: 0 | BW54: Y | CF54: Y | CS54: 15 | CT54: 202641 | CU54: 1
A55: FALSE | B55: FALSE | C55: FALSE | D55: FALSE | E55: FALSE | F55: FALSE | H55: 1224-02 | I55: 1224 | J55: GSEM | K55: 995 | L55: 102 | N55: PhD-ThD Dissertation | O55: PhD-ThD Dissertation | R55: 0 | W55: 1-12 | Y55: 999 | Z55: CLAS | AA55: 24-AUG-26 | AD55: 24-AUG-26 | AE55: 10-DEC-26 | AH55: 10-DEC-26 | AT55: Younker, Randall W. | AU55: =IF($AT55="","",IFERROR(INDEX(InstructorMap!$B:$B, MATCH($AT55, InstructorMap!$A:$A, 0)),"")) -> younker@andrews.edu | AV55: =IF($AT55="","",IFERROR(INDEX(InstructorMap!$C:$C, MATCH($AT55, InstructorMap!$A:$A, 0)),"")) -> 000042559 | AW55: 100 | BH55: GSEM | BI55: 16-MAR-26 | BJ55: A | BL55: I | BO55: MOODL | BQ55: FT | BT55: 70 | BU55: 0 | BV55: 0 | BW55: Y | CF55: Y | CS55: 15 | CT55: 202641 | CU55: 1

Sheet MSSN
A1: Don {not in Banner} | B1: Mismatching {not in Banner} | C1: Dept/Prog Admin {not in Banner} | D1: Mona {not in Banner} | E1: Karen {not in Banner} | F1: DONE {not in Banner} | G1: Notes {not in Banner} | H1: CRN sorted {not in Banner} | I1: CRN | J1: Subject | K1: Course Number {Crse Num} | L1: Course Section {Seq Crse Num} | M1: Program {not in Banner} | N1: Catalog Title | O1: Section Title | P1: Crosslist Details {not in Banner} | Q1: X Lst | R1: Campus {Ssasect Campus} | S1: Campus Restriction {Camp Restr CC} | T1: Schedule Type {not in Banner} | U1: Instruction Method {Inst Method} | V1: Level {Level SC} | W1: Credit Catalog {Cat Crs} | X1: Credits {Sect Crs} | Y1: Enrollment Cap {Max Enrl} | Z1: Meeting Type | AA1: Semester Start Date {Soaterm Start Date} | AB1: Pre-work Start Date {not in Banner} | AC1: Pre-work End Date {not in Banner} | AD1: Course Start Date {Meet Start Date} | AE1: Course End Date {Meet End Date} | AF1: Post-work Start Date {not in Banner} | AG1: Post-work End Date {not in Banner} | AH1: Semester End Date {Soaterm End Date} | AI1: Course Beginning Time {Meet Beg Time} | AJ1: Course Ending Time {Meet End Time} | AK1: SUN | AL1: MON | AM1: TUE | AN1: WED | AO1: THU | AP1: FRI | AQ1: SAT | AR1: Room {Meet Room} | AS1: Building {Meet Bldg} | AT1: Instructor Name {Instr Name} | AU1: Instructor Email {Instr Email} | AV1: Instructor ID {Instr ID} | AW1: % Responsibility | AX1: load/contract {not in Banner} | AY1: costs per credit {not in Banner} | AZ1: total costs {not in Banner} | BA1: account to be charged {not in Banner} | BB1: Fee Amount {Fees Amt} | BC1: Fee Code {Detl Code} | BD1: Fee Type | BE1: Fee Level | BF1: Fee Ind | BG1: Fee Term | BH1: SEM Department {Scacrse Dept} | BI1: Activity Date | BJ1: Status | BK1: Bill Hrs | BL1: Sect Sch Type | BM1: Prerequisites {Preq Areas} | BN1: Link Ind | BO1: Integration Code | BP1: Link Conn | BQ1: Crs Attr | BR1: Comments | BS1: Major Restr | BT1: Scacrse College | BU1: Enrolled | BV1: Waitlist Capacity | BW1: Primary Ind | BX1: Override | BY1: 1st Date Reg Opens | BZ1: Last Date Reg Opens | CA1: OL Range From Date | CB1: OL Range To Date | CC1: OL Numb Units | CD1: OL Duration Code | CE1: Grade Mode | CF1: Gradable Ind | CG1: Tuit Waiver | CH1: Course Override {Meet Override} | CI1: Lvl Res Ind | CJ1: Cmp Res Ind | CK1: Rate Code | CL1: Cohort Code | CM1: St Attr Code | CN1: Coll SC | CO1: DegC SC | CP1: Prog SC | CQ1: FOS Type | CR1: Special Approval {Special Apvl} | CS1: Weeks | CT1: Term Code | CU1: Part-Of-Term | CV1: Camp SC
A2: FALSE | B2: FALSE | C2: FALSE | D2: FALSE | E2: FALSE | F2: FALSE | H2: 1303-02 | I2: 1303 | J2: MSSN | K2: 546 | L2: 999 | N2: Mssn in Cultural & Rel. Context | R2: 7 | U2: ASYNC | W2: 3 | X2: 3 | Y2: 40 | Z2: WEB | AA2: 24-AUG-26 | AH2: 10-DEC-26 | AI2: #### | AJ2: #### | AT2: A. Tompkins | AU2: =IF($AT2="","",IFERROR(INDEX(InstructorMap!$B:$B, MATCH($AT2, InstructorMap!$A:$A, 0)),"")) | AV2: =IF($AT2="","",IFERROR(INDEX(InstructorMap!$C:$C, MATCH($AT2, InstructorMap!$A:$A, 0)),"")) | AW2: 100 | BH2: MSSN | BI2: 16-MAR-26 | BJ2: A | BL2: N | BO2: MOODL | BT2: 70 | BU2: 0 | BV2: 0 | BW2: Y | CF2: Y | CS2: #### | CT2: 202641 | CU2: 1
A3: FALSE | B3: FALSE | C3: FALSE | D3: FALSE | E3: FALSE | F3: FALSE | H3: 3991-02 | I3: 3991 | J3: MSSN | K3: 561 | L3: 001 | N3: Chr. Wit. & World Rel. | R3: 0 | W3: 3 | X3: 3 | Y3: 35 | Z3: CLAS | AA3: 24-AUG-26 | AD3: 24-AUG-26 | AE3: 10-DEC-26 | AH3: 10-DEC-26 | AI3: 1430 | AJ3: 1720 | AN3: W | AR3: S340 | AS3: Seminary Building [SEM] | AT3: A. Tompkins | AU3: =IF($AT3="","",IFERROR(INDEX(InstructorMap!$B:$B, MATCH($AT3, InstructorMap!$A:$A, 0)),"")) | AV3: =IF($AT3="","",IFERROR(INDEX(InstructorMap!$C:$C, MATCH($AT3, InstructorMap!$A:$A, 0)),"")) | AW3: 100 | BH3: MSSN | BI3: 16-MAR-26 | BJ3: A | BL3: A | BO3: MOODL | BT3: 70 | BU3: 0 | BV3: 99 | BW3: Y | BX3: O | CF3: Y | CH3: O | CS3: 16 | CT3: 202641 | CU3: 1
A4: FALSE | B4: FALSE | C4: FALSE | D4: FALSE | E4: FALSE | F4: FALSE | H4: 3294-02 | I4: 3294 | J4: MSSN | K4: 610 | L4: 001 | N4: Theology of Mission | Q4: 180 | R4: 0 | W4: 3 | Y4: 35 | Z4: CLAS | AA4: 24-AUG-26 | AD4: 24-AUG-26 | AE4: 10-DEC-26 | AH4: 10-DEC-26 | AI4: 1330 | AJ4: 1620 | AN4: W | AS4: Seminary Building [SEM] | AT4: Drumi, Iurii N. | AU4: =IF($AT4="","",IFERROR(INDEX(InstructorMap!$B:$B, MATCH($AT4, InstructorMap!$A:$A, 0)),"")) -> drumi@andrews.edu | AV4: =IF($AT4="","",IFERROR(INDEX(InstructorMap!$C:$C, MATCH($AT4, InstructorMap!$A:$A, 0)),"")) -> 000092262 | AW4: 100 | BH4: WMIS | BI4: 16-MAR-26 | BJ4: A | BL4: A | BO4: MOODL | BT4: 70 | BU4: 0 | BV4: 0 | BW4: Y | BX4: O | CF4: Y | CH4: O | CS4: 15 | CT4: 202641 | CU4: 1
A5: FALSE | B5: FALSE | C5: FALSE | D5: FALSE | E5: FALSE | F5: FALSE | H5: 3296-02 | I5: 3296 | J5: MSSN | K5: 644 | L5: 101 | N5: Min. of Rec'tion thrru Social Innovation | Q5: 211 | R5: 7 | W5: 2,3 | X5: 3 | Y5: #### | Z5: WEB | AA5: 24-AUG-26 | AH5: 10-DEC-26 | AI5: #### | AJ5: #### | AL5: M | AM5: T | AT5: S. Kwon | AU5: =IF($AT5="","",IFERROR(INDEX(InstructorMap!$B:$B, MATCH($AT5, InstructorMap!$A:$A, 0)),"")) | AV5: =IF($AT5="","",IFERROR(INDEX(InstructorMap!$C:$C, MATCH($AT5, InstructorMap!$A:$A, 0)),"")) | AW5: 100 | BH5: MSSN | BI5: 16-MAR-26 | BJ5: A | BK5: 3 | BL5: M | BO5: MOODL | BT5: 70 | BU5: 0 | BV5: 0 | BW5: Y | BX5: O | CF5: Y | CS5: #### | CT5: 202641 | CU5: 1
A6: FALSE | B6: FALSE | C6: FALSE | D6: FALSE | E6: FALSE | F6: FALSE | I6: ### | J6: MSSN | K6: 645 | L6: 001 | N6: Ministry Among Immigrants | X6: 2,3 | Y6: 25 | AA6: 24-AUG-26 | AD6: 24-AUG-26 | AE6: 10-DEC-26 | AH6: 10-DEC-26 | AI6: 0830 | AJ6: 1020 | AN6: W | AR6: N335 | AS6: Seminary Building [SEM] | AT6: F. Ortiz | AU6: =IF($AT6="","",IFERROR(INDEX(InstructorMap!$B:$B, MATCH($AT6, InstructorMap!$A:$A, 0)),"")) | AV6: =IF($AT6="","",IFERROR(INDEX(InstructorMap!$C:$C, MATCH($AT6, InstructorMap!$A:$A, 0)),"")) | BH6: MSSN | CS6: 16 | CT6: 202641
A7: FALSE | B7: FALSE | C7: FALSE | D7: FALSE | E7: FALSE | F7: FALSE | H7: 3297-02 | I7: 3297 | J7: MSSN | K7: 667 | L7: 101 | N7: Urban Ministry Project | Q7: 171 | R7: 0 | W7: 3 | X7: 3 | Y7: #### | Z7: CLAS | AA7: 24-AUG-26 | AH7: 10-DEC-26 | AI7: #### | AJ7: #### | AL7: # | AM7: # | AN7: # | AO7: # | AT7: Staff | AU7: =IF($AT7="","",IFERROR(INDEX(InstructorMap!$B:$B, MATCH($AT7, InstructorMap!$A:$A, 0)),"")) | AV7: =IF($AT7="","",IFERROR(INDEX(InstructorMap!$C:$C, MATCH($AT7, InstructorMap!$A:$A, 0)),"")) | BH7: MSSN | BI7: 16-MAR-26 | BJ7: A | BL7: I | BO7: MOODL | BT7: 70 | BU7: 0 | BV7: 0 | CF7: Y | CH7: O | CS7: #### | CT7: 202641 | CU7: 1
A8: FALSE | B8: FALSE | C8: FALSE | D8: FALSE | E8: FALSE | F8: FALSE | H8: 3326-02 | I8: 3326 | J8: MSSN | K8: 667 | L8: 102 | N8: Urban Ministry Project | Q8: 171 | R8: 7 | W8: 3 | Y8: 5 | Z8: WEB | AA8: 24-AUG-26 | AD8: 24-AUG-26 | AE8: 10-DEC-26 | AH8: 10-DEC-26 | AI8: 1330 | AJ8: 1620 | AN8: W | AT8: NAME NOT FOUND FOR PIDM: | AU8: =IF($AT8="","",IFERROR(INDEX(InstructorMap!$B:$B, MATCH($AT8, InstructorMap!$A:$A, 0)),"")) | AV8: =IF($AT8="","",IFERROR(INDEX(InstructorMap!$C:$C, MATCH($AT8, InstructorMap!$A:$A, 0)),"")) | BH8: WMIS | BI8: 16-MAR-26 | BJ8: A | BL8: I | BO8: MOODL | BT8: 70 | BU8: 0 | BV8: 0 | CF8: Y | CS8: 15 | CT8: 202641 | CU8: 1
A9: FALSE | B9: FALSE | C9: FALSE | D9: FALSE | E9: FALSE | F9: FALSE | H9: 3560-02 | I9: 3560 | J9: MSSN | K9: 690 | L9: 101 | N9: Ind St: | O9: IndSt: Chr. Witness & World Re | R9: 7 | W9: 1-3 | X9: 3 | Y9: 3 | Z9: CLAS | AA9: 24-AUG-26 | AD9: 24-AUG-26 | AE9: 10-DEC-26 | AH9: 10-DEC-26 | AT9: Tompkins, Andrew J. | AU9: =IF($AT9="","",IFERROR(INDEX(InstructorMap!$B:$B, MATCH($AT9, InstructorMap!$A:$A, 0)),"")) -> tompkina@andrews.edu | AV9: =IF($AT9="","",IFERROR(INDEX(InstructorMap!$C:$C, MATCH($AT9, InstructorMap!$A:$A, 0)),"")) -> 000122109 | AW9: 100 | BH9: WMIS | BI9: 16-MAR-26 | BJ9: A | BK9: 3 | BL9: I | BO9: MOODL | BT9: 70 | BU9: 0 | BV9: 0 | BW9: Y | BX9: O | CF9: Y | CR9: I | CS9: 15 | CT9: 202641 | CU9: 1
A10: FALSE | B10: FALSE | C10: FALSE | D10: FALSE | E10: FALSE | F10: FALSE | H10: 3748-02 | I10: 3748 | J10: MSSN | K10: 690 | L10: 102 | N10: Ind St: | R10: 7 | W10: 1-3 | Y10: 1 | Z10: CLAS | AA10: 24-AUG-26 | AD10: 24-AUG-26 | AE10: 10-DEC-26 | AH10: 10-DEC-26 | AT10: Cincala, Petr | AU10: =IF($AT10="","",IFERROR(INDEX(InstructorMap!$B:$B, MATCH($AT10, InstructorMap!$A:$A, 0)),"")) -> cincala@andrews.edu | AV10: =IF($AT10="","",IFERROR(INDEX(InstructorMap!$C:$C, MATCH($AT10, InstructorMap!$A:$A, 0)),"")) -> 000074406 | AW10: 100 | BH10: WMIS | BI10: 16-MAR-26 | BJ10: A | BL10: I | BO10: MOODL | BT10: 70 | BU10: 0 | BV10: 0 | BW10: Y | CF10: Y | CR10: IT | CS10: 15 | CT10: 202641 | CU10: 1
A11: FALSE | B11: FALSE | C11: FALSE | D11: FALSE | E11: FALSE | F11: FALSE | I11: ### | J11: MSSN | K11: 695 | L11: 001 | N11: Mission in the NT | P11: MSSN695-001/MSSN810-001 | X11: 3 | Y11: 35 | AA11: 24-AUG-26 | AD11: 24-AUG-26 | AE11: 10-DEC-26 | AH11: 10-DEC-26 | AI11: 1430 | AJ11: 1720 | AM11: T | AR11: S120 | AS11: Seminary Building [SEM] | AT11: Y. Drumi | AU11: =IF($AT11="","",IFERROR(INDEX(InstructorMap!$B:$B, MATCH($AT11, InstructorMap!$A:$A, 0)),"")) | AV11: =IF($AT11="","",IFERROR(INDEX(InstructorMap!$C:$C, MATCH($AT11, InstructorMap!$A:$A, 0)),"")) | BH11: MSSN | CS11: 16 | CT11: 202641
A12: FALSE | B12: FALSE | C12: FALSE | D12: FALSE | E12: FALSE | F12: FALSE | H12: 3401-02 | I12: 3401 | J12: MSSN | K12: 810 | L12: 001 | N12: Sem: | O12: Top: | R12: 0 | W12: 1-6 | X12: 3 | Y12: 10 | Z12: CLAS | AA12: 24-AUG-26 | AD12: 24-AUG-26 | AE12: 10-DEC-26 | AH12: 10-DEC-26 | AI12: 1330 | AJ12: 1620 | AN12: W | AS12: Seminary Building [SEM] | AT12: Drumi, Iurii N. | AU12: =IF($AT12="","",IFERROR(INDEX(InstructorMap!$B:$B, MATCH($AT12, InstructorMap!$A:$A, 0)),"")) -> drumi@andrews.edu | AV12: =IF($AT12="","",IFERROR(INDEX(InstructorMap!$C:$C, MATCH($AT12, InstructorMap!$A:$A, 0)),"")) -> 000092262 | AW12: 100 | BH12: WMIS | BI12: 16-MAR-26 | BJ12: A | BK12: 3 | BL12: A | BO12: MOODL | BT12: 70 | BU12: 0 | BV12: 0 | BW12: Y | BX12: O | CF12: Y | CH12: O | CR12: IT | CS12: 15 | CT12: 202641 | CU12: 1
A13: FALSE | B13: FALSE | C13: FALSE | D13: FALSE | E13: FALSE | F13: FALSE | I13: ### | J13: MSSN | K13: 810 | L13: 001 | N13: Mission in the NT | P13: MSSN695-001/MSSN810-001 | X13: 3 | Y13: 10 | AA13: 24-AUG-26 | AD13: 24-AUG-26 | AE13: 10-DEC-26 | AH13: 10-DEC-26 | AI13: 1430 | AJ13: 1720 | AM13: T | AR13: S120 | AS13: Seminary Building [SEM] | AT13: Y. Drumi | AU13: =IF($AT13="","",IFERROR(INDEX(InstructorMap!$B:$B, MATCH($AT13, InstructorMap!$A:$A, 0)),"")) | AV13: =IF($AT13="","",IFERROR(INDEX(InstructorMap!$C:$C, MATCH($AT13, InstructorMap!$A:$A, 0)),"")) | BH13: MSSN | CS13: 16 | CT13: 202641
A14: FALSE | B14: FALSE | C14: FALSE | D14: FALSE | E14: FALSE | F14: FALSE | H14: 4147-02 | I14: 4147 | J14: MSSN | K14: 829 | L14: 101 | N14: Sem in Other Religions | R14: 0 | W14: 3,4 | X14: 3 | Y14: 5 | Z14: CLAS | AA14: 24-AUG-26 | AD14: 24-AUG-26 | AE14: 10-DEC-26 | AH14: 10-DEC-26 | AT14: Tompkins, Andrew J. | AU14: =IF($AT14="","",IFERROR(INDEX(InstructorMap!$B:$B, MATCH($AT14, InstructorMap!$A:$A, 0)),"")) -> tompkina@andrews.edu | AV14: =IF($AT14="","",IFERROR(INDEX(InstructorMap!$C:$C, MATCH($AT14, InstructorMap!$A:$A, 0)),"")) -> 000122109 | AW14: 100 | BH14: WMIS | BI14: 16-MAR-26 | BJ14: A | BK14: 3 | BL14: M | BO14: MOODL | BT14: 70 | BU14: 0 | BV14: 0 | BW14: Y | CF14: Y | CS14: 15 | CT14: 202641 | CU14: 1
A15: FALSE | B15: FALSE | C15: FALSE | D15: FALSE | E15: FALSE | F15: FALSE | H15: 798-02 | I15: 798 | J15: MSSN | K15: 888 | L15: 001 | N15: DIS Dissertation Continuation | O15: DMiss Dissertatn Continuation | R15: 0 | W15: 0 | Y15: 999 | Z15: CLAS | AA15: 24-AUG-26 | AD15: 24-AUG-26 | AE15: 10-DEC-26 | AH15: 10-DEC-26 | AT15: Cincala, Petr | AU15: =IF($AT15="","",IFERROR(INDEX(InstructorMap!$B:$B, MATCH($AT15, InstructorMap!$A:$A, 0)),"")) -> cincala@andrews.edu | AV15: =IF($AT15="","",IFERROR(INDEX(InstructorMap!$C:$C, MATCH($AT15, InstructorMap!$A:$A, 0)),"")) -> 000074406 | AW15: 100 | BH15: WMIS | BI15: 16-MAR-26 | BJ15: A | BL15: I | BO15: MOODL | BQ15: FT | BT15: 70 | BU15: 0 | BV15: 0 | BW15: Y | CF15: Y | CS15: 15 | CT15: 202641 | CU15: 1
A16: FALSE | B16: FALSE | C16: FALSE | D16: FALSE | E16: FALSE | F16: FALSE | H16: 4274-02 | I16: 4274 | J16: MSSN | K16: 890 | L16: 101 | N16: Directed Rdgs Mission Studies | O16: DirRdg:Theo Mssnl Hermeneutics | R16: 0 | W16: 2-12 | Y16: 999 | Z16: CLAS | AA16: 24-AUG-26 | AD16: 24-AUG-26 | AE16: 10-DEC-26 | AH16: 10-DEC-26 | AT16: Drumi, Iurii N. | AU16: =IF($AT16="","",IFERROR(INDEX(InstructorMap!$B:$B, MATCH($AT16, InstructorMap!$A:$A, 0)),"")) -> drumi@andrews.edu | AV16: =IF($AT16="","",IFERROR(INDEX(InstructorMap!$C:$C, MATCH($AT16, InstructorMap!$A:$A, 0)),"")) -> 000092262 | AW16: 100 | BH16: WMIS | BI16: 16-MAR-26 | BJ16: A | BL16: I | BO16: MOODL | BT16: 70 | BU16: 0 | BV16: 0 | BW16: Y | CF16: Y | CS16: 15 | CT16: 202641 | CU16: 1
A17: FALSE | B17: FALSE | C17: FALSE | D17: FALSE | E17: FALSE | F17: FALSE | H17: 799-02 | I17: 799 | J17: MSSN | K17: 899 | L17: 001 | N17: DIS Dissertation | O17: DMiss Dissertation | R17: 0 | W17: 1-6 | Y17: 999 | Z17: CLAS | AA17: 24-AUG-26 | AD17: 24-AUG-26 | AE17: 10-DEC-26 | AH17: 10-DEC-26 | AT17: Cincala, Petr | AU17: =IF($AT17="","",IFERROR(INDEX(InstructorMap!$B:$B, MATCH($AT17, InstructorMap!$A:$A, 0)),"")) -> cincala@andrews.edu | AV17: =IF($AT17="","",IFERROR(INDEX(InstructorMap!$C:$C, MATCH($AT17, InstructorMap!$A:$A, 0)),"")) -> 000074406 | AW17: 100 | BH17: WMIS | BI17: 16-MAR-26 | BJ17: A | BL17: I | BO17: MOODL | BQ17: FT | BT17: 70 | BU17: 0 | BV17: 0 | BW17: Y | CF17: Y | CS17: 15 | CT17: 202641 | CU17: 1

Sheet NTST
A1: Don {not in Banner} | B1: Mismatching {not in Banner} | C1: Dept/Prog Admin {not in Banner} | D1: Mona {not in Banner} | E1: Karen {not in Banner} | F1: DONE {not in Banner} | G1: Notes {not in Banner} | H1: CRN sorted {not in Banner} | I1: CRN | J1: Subject | K1: Course Number {Crse Num} | L1: Course Section {Seq Crse Num} | M1: Program {not in Banner} | N1: Catalog Title | O1: Section Title | P1: Crosslist Details {not in Banner} | Q1: X Lst | R1: Campus {Ssasect Campus} | S1: Campus Restriction {Camp Restr CC} | T1: Schedule Type {not in Banner} | U1: Instruction Method {Inst Method} | V1: Level {Level SC} | W1: Credit Catalog {Cat Crs} | X1: Credits {Sect Crs} | Y1: Enrollment Cap {Max Enrl} | Z1: Meeting Type | AA1: Semester Start Date {Soaterm Start Date} | AB1: Pre-work Start Date {not in Banner} | AC1: Pre-work End Date {not in Banner} | AD1: Course Start Date {Meet Start Date} | AE1: Course End Date {Meet End Date} | AF1: Post-work Start Date {not in Banner} | AG1: Post-work End Date {not in Banner} | AH1: Semester End Date {Soaterm End Date} | AI1: Course Beginning Time {Meet Beg Time} | AJ1: Course Ending Time {Meet End Time} | AK1: SUN | AL1: MON | AM1: TUE | AN1: WED | AO1: THU | AP1: FRI | AQ1: SAT | AR1: Room {Meet Room} | AS1: Building {Meet Bldg} | AT1: Instructor Name {Instr Name} | AU1: Instructor Email {Instr Email} | AV1: Instructor ID {Instr ID} | AW1: % Responsibility | AX1: load/contract {not in Banner} | AY1: costs per credit {not in Banner} | AZ1: total costs {not in Banner} | BA1: account to be charged {not in Banner} | BB1: Fee Amount {Fees Amt} | BC1: Fee Code {Detl Code} | BD1: Fee Type | BE1: Fee Level | BF1: Fee Ind | BG1: Fee Term | BH1: SEM Department {Scacrse Dept} | BI1: Activity Date | BJ1: Status | BK1: Bill Hrs | BL1: Sect Sch Type | BM1: Prerequisites {Preq Areas} | BN1: Link Ind | BO1: Integration Code | BP1: Link Conn | BQ1: Crs Attr | BR1: Comments | BS1: Major Restr | BT1: Scacrse College | BU1: Enrolled | BV1: Waitlist Capacity | BW1: Primary Ind | BX1: Override | BY1: 1st Date Reg Opens | BZ1: Last Date Reg Opens | CA1: OL Range From Date | CB1: OL Range To Date | CC1: OL Numb Units | CD1: OL Duration Code | CE1: Grade Mode | CF1: Gradable Ind | CG1: Tuit Waiver | CH1: Course Override {Meet Override} | CI1: Lvl Res Ind | CJ1: Cmp Res Ind | CK1: Rate Code | CL1: Cohort Code | CM1: St Attr Code | CN1: Coll SC | CO1: DegC SC | CP1: Prog SC | CQ1: FOS Type | CR1: Special Approval {Special Apvl} | CS1: Weeks | CT1: Term Code | CU1: Part-Of-Term | CV1: Camp SC
A2: FALSE | B2: FALSE | C2: TRUE | D2: FALSE | E2: FALSE | F2: FALSE | G2: New Class | I2: #### | J2: NTST | K2: 520 | L2: 999 | N2: Intro to NT | R2: 7 | T2: Int, Online | U2: ASYNC | X2: 2 | Y2: 40 | Z2: WEB | AA2: 24-AUG-26 | AD2: 24-AUG-26 | AE2: 10-DEC-26 | AH2: 10-DEC-26 | AI2: #### | AJ2: #### | AT2: Kondrat, Stanislav | AU2: =IF($AT2="","",IFERROR(INDEX(InstructorMap!$B:$B, MATCH($AT2, InstructorMap!$A:$A, 0)),"")) -> kondrat@andrews.edu | AV2: =IF($AT2="","",IFERROR(INDEX(InstructorMap!$C:$C, MATCH($AT2, InstructorMap!$A:$A, 0)),"")) -> 000119532 | AW2: 100 | AX2: contract | AY2: 1000 | AZ2: 2100 | BH2: NTST | CS2: #### | CT2: 202641
A3: FALSE | B3: FALSE | C3: TRUE | D3: FALSE | E3: FALSE | F3: FALSE | G3: New Class | I3: #### | J3: NTST | K3: 530 | L3: 999 | N3: Introduction to Revelation | R3: 7 | T3: Int, Online | U3: ASYNC | X3: 2 | Y3: 25 | Z3: WEB | AA3: 24-AUG-26 | AD3: 24-AUG-26 | AE3: 10-DEC-26 | AH3: 10-DEC-26 | AI3: #### | AJ3: #### | AT3: Huss, Rajan P. | AU3: =IF($AT3="","",IFERROR(INDEX(InstructorMap!$B:$B, MATCH($AT3, InstructorMap!$A:$A, 0)),"")) -> huss@andrews.edu | AV3: =IF($AT3="","",IFERROR(INDEX(InstructorMap!$C:$C, MATCH($AT3, InstructorMap!$A:$A, 0)),"")) -> 000141225 | AW3: 100 | AX3: contract | AY3: 1000 | AZ3: 2100 | BH3: NTST | CS3: #### | CT3: 202641
A4: FALSE | B4: FALSE | C4: TRUE | D4: FALSE | E4: FALSE | F4: TRUE | H4: 1426-02 | I4: 1426 | J4: NTST | K4: 551 | L4: 999 | N4: Beginning Greek | R4: 7 | T4: Int, Online | U4: ASYNC | W4: 0,2 | X4: 3 | Y4: 35 | Z4: WEB | AA4: 24-AUG-26 | AD4: 24-AUG-26 | AE4: 10-DEC-26 | AH4: 10-DEC-26 | AI4: #### | AJ4: #### | AT4: Kondrat, Stanislav | AU4: =IF($AT4="","",IFERROR(INDEX(InstructorMap!$B:$B, MATCH($AT4, InstructorMap!$A:$A, 0)),"")) -> kondrat@andrews.edu | AV4: =IF($AT4="","",IFERROR(INDEX(InstructorMap!$C:$C, MATCH($AT4, InstructorMap!$A:$A, 0)),"")) -> 000119532 | AW4: 100 | AX4: contract | AY4: 1000 | AZ4: 2100 | BH4: NTST | BI4: 16-MAR-26 | BJ4: A | BK4: 2 | BL4: N | BO4: MOODL | BT4: 70 | BU4: 0 | BV4: 0 | CF4: Y | CS4: #### | CT4: 202641 | CU4: 1
A5: FALSE | B5: FALSE | C5: FALSE | D5: FALSE | E5: TRUE | F5: FALSE | G5: section number (exam) | H5: 1554-02 | I5: 1554 | J5: NTST | K5: 551 | L5: 006 | N5: Beginning Greek | R5: 0 | U5: EXAM | W5: 0,2 | X5: 0 | Y5: 999 | Z5: CLAS | AD5: 23-MAR-26 | AE5: 10-DEC-26 | AT5: Vine, Cedric E. | AU5: =IF($AT5="","",IFERROR(INDEX([1]InstructorMap!$B:$B, MATCH($AT5, [1]InstructorMap!$A:$A, 0)),"")) -> cvine@andrews.edu | AV5: =IF($AT5="","",IFERROR(INDEX([1]InstructorMap!$C:$C, MATCH($AT5, [1]InstructorMap!$A:$A, 0)),"")) -> 000093509 | AW5: 100 | AX5: laod | BH5: NTST | BI5: 16-MAR-26 | BJ5: A | BK5: 0 | BL5: EA | BO5: MOODL | BT5: 70 | BU5: 0 | BV5: 0 | BW5: Y | BY5: 23-MAR-26 | BZ5: 10-DEC-26 | CA5: 23-MAR-26 | CB5: 10-DEC-26 | CC5: 1 | CD5: DAYS | CE5: X | CF5: Y | CR5: I | CT5: 202641
A6: FALSE | B6: FALSE | C6: FALSE | D6: FALSE | E6: FALSE | F6: TRUE | H6: 507-02 | I6: 507 | J6: NTST | K6: 551 | L6: 001 | N6: Beginning Greek | Q6: 281 | R6: 0 | T6: Lecture | U6: INPERSON | W6: 0,2 | X6: 2 | Y6: 20 | Z6: CLAS | AA6: 24-AUG-26 | AD6: 24-AUG-26 | AE6: 10-DEC-26 | AH6: 10-DEC-26 | AI6: 0830 | AJ6: 1030 | AO6: R | AR6: S120 | AS6: Seminary Building [SEM] | AT6: Staff | AU6: =IF($AT6="","",IFERROR(INDEX(InstructorMap!$B:$B, MATCH($AT6, InstructorMap!$A:$A, 0)),"")) | AV6: =IF($AT6="","",IFERROR(INDEX(InstructorMap!$C:$C, MATCH($AT6, InstructorMap!$A:$A, 0)),"")) | BH6: NTST | BI6: 16-MAR-26 | BJ6: A | BK6: 2 | BL6: A | BO6: MOODL | BT6: 70 | BU6: 0 | BV6: 99 | CF6: Y | CH6: O | CS6: 16 | CT6: 202641 | CU6: 1
A7: FALSE | B7: FALSE | C7: TRUE | D7: FALSE | E7: TRUE | F7: FALSE | G7: Delete Class | H7: 1427-02 | I7: 1427 | J7: NTST | K7: 552 | L7: 999 | N7: Intermediate Greek | R7: 7 | U7: ASYNC | W7: 0-3 | X7: 3 | Y7: 35 | Z7: WEB | AA7: 24-AUG-26 | AD7: 24-AUG-26 | AE7: 10-DEC-26 | AH7: 10-DEC-26 | AT7: NAME NOT FOUND FOR PIDM: | AU7: =IF($AT7="","",IFERROR(INDEX([1]InstructorMap!$B:$B, MATCH($AT7, [1]InstructorMap!$A:$A, 0)),"")) | AV7: =IF($AT7="","",IFERROR(INDEX([1]InstructorMap!$C:$C, MATCH($AT7, [1]InstructorMap!$A:$A, 0)),"")) | BH7: NTST | BI7: 16-MAR-26 | BJ7: A | BK7: 3 | BL7: N | BO7: MOODL | BT7: 70 | BU7: 0 | BV7: 0 | CF7: Y | CS7: 15 | CT7: 202641 | CU7: 1
A8: FALSE | B8: FALSE | C8: FALSE | D8: FALSE | E8: TRUE | F8: FALSE | G8: section number (exam) | H8: 1555-02 | I8: 1555 | J8: NTST | K8: 552 | L8: 006 | N8: Intermediate Greek | R8: 0 | U8: EXAM | W8: 0-3 | X8: 0 | Y8: 999 | Z8: CLAS | AD8: 23-MAR-26 | AE8: 10-DEC-26 | AT8: Vine, Cedric E. | AU8: =IF($AT8="","",IFERROR(INDEX([1]InstructorMap!$B:$B, MATCH($AT8, [1]InstructorMap!$A:$A, 0)),"")) -> cvine@andrews.edu | AV8: =IF($AT8="","",IFERROR(INDEX([1]InstructorMap!$C:$C, MATCH($AT8, [1]InstructorMap!$A:$A, 0)),"")) -> 000093509 | AW8: 100 | AX8: load | BH8: NTST | BI8: 16-MAR-26 | BJ8: A | BK8: 0 | BL8: EA | BO8: MOODL | BT8: 70 | BU8: 0 | BV8: 0 | BW8: Y | BX8: O | BY8: 23-MAR-26 | BZ8: 10-DEC-26 | CA8: 23-MAR-26 | CB8: 10-DEC-26 | CC8: 1 | CD8: DAYS | CE8: X | CF8: Y | CR8: I | CT8: 202641
A9: FALSE | B9: FALSE | C9: TRUE | D9: FALSE | E9: TRUE | F9: FALSE | G9: Delete Class | H9: 4095-02 | I9: 4095 | J9: NTST | K9: 615 | L9: 998 | N9: New Testament Archaeology | Q9: 268 | R9: 7 | U9: SYNC | W9: 2,3 | Y9: 20 | Z9: WEB | AA9: 24-AUG-26 | AD9: 24-AUG-26 | AE9: 10-DEC-26 | AH9: 10-DEC-26 | AI9: 1330 | AJ9: 1520 | AO9: R | AT9: Ray, Paul J. | AU9: =IF($AT9="","",IFERROR(INDEX([1]InstructorMap!$B:$B, MATCH($AT9, [1]InstructorMap!$A:$A, 0)),"")) -> rayp@andrews.edu | AV9: =IF($AT9="","",IFERROR(INDEX([1]InstructorMap!$C:$C, MATCH($AT9, [1]InstructorMap!$A:$A, 0)),"")) -> 000029934 | AW9: 100 | BH9: NTST | BI9: 16-MAR-26 | BJ9: A | BL9: N | BO9: MOODL | BQ9: ARHA,JEWS,NTBG | BT9: 70 | BU9: 0 | BV9: 0 | BW9: Y | BX9: O | CF9: Y | CS9: 15 | CT9: 202641 | CU9: 1
A10: FALSE | B10: FALSE | C10: TRUE | D10: FALSE | E10: TRUE | F10: FALSE | G10: Delete Class | H10: 4096-02 | I10: 4096 | J10: NTST | K10: 615 | L10: 001 | N10: New Testament Archaeology | Q10: 268 | R10: 0 | W10: 2,3 | Y10: 20 | Z10: CLAS | AA10: 24-AUG-26 | AD10: 24-AUG-26 | AE10: 10-DEC-26 | AH10: 10-DEC-26 | AI10: 1330 | AJ10: 1520 | AO10: R | AS10: Seminary Building [SEM] | AT10: Ray, Paul J. | AU10: =IF($AT10="","",IFERROR(INDEX([1]InstructorMap!$B:$B, MATCH($AT10, [1]InstructorMap!$A:$A, 0)),"")) -> rayp@andrews.edu | AV10: =IF($AT10="","",IFERROR(INDEX([1]InstructorMap!$C:$C, MATCH($AT10, [1]InstructorMap!$A:$A, 0)),"")) -> 000029934 | AW10: 100 | BH10: NTST | BI10: 16-MAR-26 | BJ10: A | BL10: A | BO10: MOODL | BQ10: ARHA,JEWS,NTBG | BT10: 70 | BU10: 0 | BV10: 99 | BW10: Y | BX10: O | CF10: Y | CH10: O | CS10: 15 | CT10: 202641 | CU10: 1
A11: FALSE | B11: FALSE | C11: TRUE | D11: FALSE | E11: FALSE | F11: FALSE | G11: x-list | H11: 3435-02 | I11: 3435 | J11: NTST | K11: 630 | L11: 999 | N11: Theology of the Synoptic Gospels | P11: NTST630-999/NTST630-997 | R11: 7 | T11: Int, Online | U11: ASYNC | W11: 2,3 | X11: 3 | Y11: 30 | Z11: WEB | AA11: 24-AUG-26 | AD11: 24-AUG-26 | AE11: 10-DEC-26 | AH11: 10-DEC-26 | AI11: #### | AJ11: #### | AT11: Vine, Cedric E. | AU11: =IF($AT11="","",IFERROR(INDEX(InstructorMap!$B:$B, MATCH($AT11, InstructorMap!$A:$A, 0)),"")) -> cvine@andrews.edu | AV11: =IF($AT11="","",IFERROR(INDEX(InstructorMap!$C:$C, MATCH($AT11, InstructorMap!$A:$A, 0)),"")) -> 000093509 | AW11: 100 | AX11: load | BH11: NTST | BI11: 16-MAR-26 | BJ11: A | BK11: 3 | BL11: N | BO11: MOODL | BQ11: NTTH,SYNG,THEO | BT11: 70 | BU11: 0 | BV11: 0 | BW11: Y | CF11: Y | CS11: #### | CT11: 202641 | CU11: 1
A12: FALSE | B12: FALSE | C12: TRUE | D12: FALSE | E12: FALSE | F12: FALSE | G12: New Class, x-list | I12: 4675 | J12: NTST | K12: 630 | L12: 997 | N12: Theology of the Synoptic Gospels | P12: NTST630-999/NTST630-997 | R12: 7 | S12: 7 | T12: Int, Online | U12: ASYNC | X12: 2 | Y12: 15 | Z12: WEB | AA12: 24-AUG-26 | AD12: 24-AUG-26 | AE12: 10-DEC-26 | AH12: 10-DEC-26 | AI12: #### | AJ12: #### | AT12: Vine, Cedric E. | AU12: =IF($AT12="","",IFERROR(INDEX(InstructorMap!$B:$B, MATCH($AT12, InstructorMap!$A:$A, 0)),"")) -> cvine@andrews.edu | AV12: =IF($AT12="","",IFERROR(INDEX(InstructorMap!$C:$C, MATCH($AT12, InstructorMap!$A:$A, 0)),"")) -> 000093509 | AW12: 100 | AX12: x-list | BH12: NTST | CS12: #### | CT12: 202641
A13: FALSE | B13: FALSE | C13: TRUE | D13: FALSE | E13: TRUE | F13: FALSE | G13: Delete Class | H13: 3414-02 | I13: 3414 | J13: NTST | K13: 645 | L13: 999 | N13: Hebrews | Q13: 133 | R13: 7 | U13: ASYNC | W13: 2,3 | X13: 3 | Y13: 30 | Z13: WEB | AA13: 24-AUG-26 | AD13: 24-AUG-26 | AE13: 10-DEC-26 | AH13: 10-DEC-26 | AT13: NAME NOT FOUND FOR PIDM: | AU13: =IF($AT13="","",IFERROR(INDEX([1]InstructorMap!$B:$B, MATCH($AT13, [1]InstructorMap!$A:$A, 0)),"")) | AV13: =IF($AT13="","",IFERROR(INDEX([1]InstructorMap!$C:$C, MATCH($AT13, [1]InstructorMap!$A:$A, 0)),"")) | BH13: NTST | BI13: 16-MAR-26 | BJ13: A | BK13: 3 | BL13: N | BM13: P-NTST645 | BO13: MOODL | BQ13: EXEG | BT13: 70 | BU13: 0 | BV13: 0 | CF13: Y | CS13: 15 | CT13: 202641 | CU13: 1
A14: FALSE | B14: FALSE | C14: FALSE | D14: FALSE | E14: FALSE | F14: TRUE | H14: 2180-02 | I14: 2180 | J14: NTST | K14: 647 | L14: 001 | N14: Eschatology | P14: NTST647-001/NTST647-998/NTST885-001 | Q14: 141 | R14: 0 | T14: Lecture | U14: INPERSON | W14: 2,3 | X14: 2,3 | Y14: 25 | Z14: CLAS | AA14: 24-AUG-26 | AD14: 24-AUG-26 | AE14: 10-DEC-26 | AH14: 10-DEC-26 | AI14: 1430 | AJ14: 1720 | AN14: W | AR14: N335 | AS14: Seminary Building [SEM] | AT14: Stefanovic, Ranko | AU14: =IF($AT14="","",IFERROR(INDEX(InstructorMap!$B:$B, MATCH($AT14, InstructorMap!$A:$A, 0)),"")) -> ranko@andrews.edu | AV14: =IF($AT14="","",IFERROR(INDEX(InstructorMap!$C:$C, MATCH($AT14, InstructorMap!$A:$A, 0)),"")) -> 000057767 | AW14: 100 | AX14: load | BH14: NTST | BI14: 16-MAR-26 | BJ14: A | BK14: 3 | BL14: A | BO14: MOODL | BQ14: NTTH | BT14: 70 | BU14: 0 | BV14: 99 | BW14: Y | BX14: O | CF14: Y | CH14: O | CS14: 16 | CT14: 202641 | CU14: 1
A15: FALSE | B15: FALSE | C15: FALSE | D15: FALSE | E15: TRUE | F15: FALSE | G15: times, Campus 7 Restr. | H15: 3993-02 | I15: 3993 | J15: NTST | K15: 647 | L15: 998 | N15: Eschatology | P15: NTST647-001/NTST647-998/NTST885-001 | Q15: 141 | R15: 7 | S15: 7 | T15: Int, Online | U15: SYNC | W15: 2,3 | X15: 3 | Y15: 5 | Z15: WEB | AA15: 24-AUG-26 | AD15: 24-AUG-26 | AE15: 10-DEC-26 | AH15: 10-DEC-26 | AI15: 1330 | AJ15: 1620 | AN15: W | AT15: Stefanovic, Ranko | AU15: =IF($AT15="","",IFERROR(INDEX([1]InstructorMap!$B:$B, MATCH($AT15, [1]InstructorMap!$A:$A, 0)),"")) -> ranko@andrews.edu | AV15: =IF($AT15="","",IFERROR(INDEX([1]InstructorMap!$C:$C, MATCH($AT15, [1]InstructorMap!$A:$A, 0)),"")) -> 000057767 | AW15: 100 | AX15: x-list | BH15: NTST | BI15: 16-MAR-26 | BJ15: A | BK15: 3 | BL15: N | BO15: MOODL | BQ15: NTTH | BT15: 70 | BU15: 0 | BV15: 99 | BW15: Y | BX15: O | CF15: Y | CS15: 15 | CT15: 202641 | CU15: 1
A16: FALSE | B16: FALSE | C16: FALSE | D16: FALSE | E16: FALSE | F16: TRUE | H16: 531-02 | I16: 531 | J16: NTST | K16: 648 | L16: 001 | N16: Revelation | P16: NTST648-001/NTST885-004 | Q16: 136 | R16: 0 | T16: Lecture | U16: INPERSON | W16: 2,3 | X16: 2,3 | Y16: 20 | Z16: CLAS | AA16: 24-AUG-26 | AD16: 24-AUG-26 | AE16: 10-DEC-26 | AH16: 10-DEC-26 | AI16: 1430 | AJ16: 1720 | AM16: T | AR16: N110 | AS16: Seminary Building [SEM] | AT16: Stefanovic, Ranko | AU16: =IF($AT16="","",IFERROR(INDEX(InstructorMap!$B:$B, MATCH($AT16, InstructorMap!$A:$A, 0)),"")) -> ranko@andrews.edu | AV16: =IF($AT16="","",IFERROR(INDEX(InstructorMap!$C:$C, MATCH($AT16, InstructorMap!$A:$A, 0)),"")) -> 000057767 | AW16: 100 | AX16: load | BH16: NTST | BI16: 16-MAR-26 | BJ16: A | BK16: 3 | BL16: A | BO16: MOODL | BQ16: EXEG | BT16: 70 | BU16: 0 | BV16: 99 | BW16: Y | BX16: O | CF16: Y | CH16: O | CS16: 16 | CT16: 202641 | CU16: 1
A17: FALSE | B17: FALSE | C17: FALSE | D17: FALSE | E17: FALSE | F17: TRUE | H17: 793-02 | I17: 793 | J17: NTST | K17: 690 | L17: 103 | N17: Ind St: | R17: 0 | W17: 1-4 | Y17: 999 | Z17: CLAS | AA17: 24-AUG-26 | AD17: 24-AUG-26 | AE17: 10-DEC-26 | AH17: 10-DEC-26 | AT17: Choi, Phuichun R. | AU17: =IF($AT17="","",IFERROR(INDEX(InstructorMap!$B:$B, MATCH($AT17, InstructorMap!$A:$A, 0)),"")) -> choir@andrews.edu | AV17: =IF($AT17="","",IFERROR(INDEX(InstructorMap!$C:$C, MATCH($AT17, InstructorMap!$A:$A, 0)),"")) -> 000036676 | AW17: 100 | AX17: load | BH17: NTST | BI17: 16-MAR-26 | BJ17: A | BL17: I | BO17: MOODL | BT17: 70 | BU17: 0 | BV17: 0 | BW17: Y | CF17: Y | CR17: T | CS17: 15 | CT17: 202641 | CU17: 1
A18: FALSE | B18: FALSE | C18: FALSE | D18: FALSE | E18: FALSE | F18: TRUE | H18: 817-02 | I18: 817 | J18: NTST | K18: 690 | L18: 101 | N18: Ind St: | R18: 0 | W18: 1-4 | Y18: 999 | Z18: CLAS | AA18: 24-AUG-26 | AD18: 24-AUG-26 | AE18: 10-DEC-26 | AH18: 10-DEC-26 | AT18: Cortez, Felix H. | AU18: =IF($AT18="","",IFERROR(INDEX(InstructorMap!$B:$B, MATCH($AT18, InstructorMap!$A:$A, 0)),"")) -> fcortez@andrews.edu | AV18: =IF($AT18="","",IFERROR(INDEX(InstructorMap!$C:$C, MATCH($AT18, InstructorMap!$A:$A, 0)),"")) -> 000110700 | AW18: 100 | AX18: load | BH18: NTST | BI18: 16-MAR-26 | BJ18: A | BL18: I | BO18: MOODL | BT18: 70 | BU18: 0 | BV18: 0 | BW18: Y | CF18: Y | CR18: T | CS18: 15 | CT18: 202641 | CU18: 1
A19: FALSE | B19: FALSE | C19: FALSE | D19: FALSE | E19: FALSE | F19: TRUE | H19: 818-02 | I19: 818 | J19: NTST | K19: 690 | L19: 102 | N19: Ind St: | R19: 0 | W19: 1-4 | Y19: 999 | Z19: CLAS | AA19: 24-AUG-26 | AD19: 24-AUG-26 | AE19: 10-DEC-26 | AH19: 10-DEC-26 | AT19: Cortez, Felix H. | AU19: =IF($AT19="","",IFERROR(INDEX(InstructorMap!$B:$B, MATCH($AT19, InstructorMap!$A:$A, 0)),"")) -> fcortez@andrews.edu | AV19: =IF($AT19="","",IFERROR(INDEX(InstructorMap!$C:$C, MATCH($AT19, InstructorMap!$A:$A, 0)),"")) -> 000110700 | AW19: 100 | AX19: load | BH19: NTST | BI19: 16-MAR-26 | BJ19: A | BL19: I | BO19: MOODL | BT19: 70 | BU19: 0 | BV19: 0 | BW19: Y | CF19: Y | CR19: T | CS19: 15 | CT19: 202641 | CU19: 1
A20: FALSE | B20: FALSE | C20: FALSE | D20: FALSE | E20: FALSE | F20: TRUE | H20: 1092-02 | I20: 1092 | J20: NTST | K20: 690 | L20: 104 | N20: Ind St: | R20: 0 | W20: 1-4 | Y20: 999 | Z20: CLAS | AA20: 24-AUG-26 | AD20: 24-AUG-26 | AE20: 10-DEC-26 | AH20: 10-DEC-26 | AT20: Shepherd, Thomas R. | AU20: =IF($AT20="","",IFERROR(INDEX(InstructorMap!$B:$B, MATCH($AT20, InstructorMap!$A:$A, 0)),"")) -> trs@andrews.edu | AV20: =IF($AT20="","",IFERROR(INDEX(InstructorMap!$C:$C, MATCH($AT20, InstructorMap!$A:$A, 0)),"")) -> 000033676 | AW20: 100 | AX20: contract | BH20: NTST | BI20: 16-MAR-26 | BJ20: A | BL20: I | BO20: MOODL | BT20: 70 | BU20: 0 | BV20: 0 | BW20: Y | CF20: Y | CR20: T | CS20: 15 | CT20: 202641 | CU20: 1
A21: FALSE | B21: FALSE | C21: FALSE | D21: FALSE | E21: FALSE | F21: TRUE | H21: 1130-02 | I21: 1130 | J21: NTST | K21: 690 | L21: 105 | N21: Ind St: | O21: Ind St: Eschatology | R21: 0 | W21: 1-4 | Y21: 999 | Z21: CLAS | AA21: 24-AUG-26 | AD21: 24-AUG-26 | AE21: 10-DEC-26 | AH21: 10-DEC-26 | AT21: Stefanovic, Ranko | AU21: =IF($AT21="","",IFERROR(INDEX(InstructorMap!$B:$B, MATCH($AT21, InstructorMap!$A:$A, 0)),"")) -> ranko@andrews.edu | AV21: =IF($AT21="","",IFERROR(INDEX(InstructorMap!$C:$C, MATCH($AT21, InstructorMap!$A:$A, 0)),"")) -> 000057767 | AW21: 100 | AX21: load | BH21: NTST | BI21: 16-MAR-26 | BJ21: A | BL21: I | BO21: MOODL | BT21: 70 | BU21: 0 | BV21: 0 | BW21: Y | CF21: Y | CR21: T | CS21: 15 | CT21: 202641 | CU21: 1
A22: FALSE | B22: FALSE | C22: FALSE | D22: FALSE | E22: FALSE | F22: TRUE | H22: 1192-02 | I22: 1192 | J22: NTST | K22: 690 | L22: 106 | N22: Ind St: | R22: 0 | W22: 1-4 | Y22: 999 | Z22: CLAS | AA22: 24-AUG-26 | AD22: 24-AUG-26 | AE22: 10-DEC-26 | AH22: 10-DEC-26 | AT22: Vine, Cedric E. | AU22: =IF($AT22="","",IFERROR(INDEX(InstructorMap!$B:$B, MATCH($AT22, InstructorMap!$A:$A, 0)),"")) -> cvine@andrews.edu | AV22: =IF($AT22="","",IFERROR(INDEX(InstructorMap!$C:$C, MATCH($AT22, InstructorMap!$A:$A, 0)),"")) -> 000093509 | AW22: 100 | AX22: load | BH22: NTST | BI22: 16-MAR-26 | BJ22: A | BL22: I | BO22: MOODL | BT22: 70 | BU22: 0 | BV22: 0 | BW22: Y | CF22: Y | CR22: T | CS22: 15 | CT22: 202641 | CU22: 1
A23: FALSE | B23: FALSE | C23: TRUE | D23: FALSE | E23: FALSE | F23: FALSE | G23: New Class | I23: #### | J23: NTST | K23: 695 | L23: 001 | N23: Tops in NT Backgrounds: Social World | R23: 0 | T23: Lecture | U23: INPERSON | X23: #### | Y23: #### | AA23: 24-AUG-26 | AD23: 24-AUG-26 | AE23: 10-DEC-26 | AH23: 10-DEC-26 | AI23: 1030 | AJ23: 1220 | AO23: R | AR23: S120 | AS23: Seminary Building [SEM] | AT23: Cortez, Felix H. | AU23: =IF($AT23="","",IFERROR(INDEX(InstructorMap!$B:$B, MATCH($AT23, InstructorMap!$A:$A, 0)),"")) -> fcortez@andrews.edu | AV23: =IF($AT23="","",IFERROR(INDEX(InstructorMap!$C:$C, MATCH($AT23, InstructorMap!$A:$A, 0)),"")) -> 000110700 | AX23: load | BH23: NTST | CS23: 16 | CT23: 202641
A24: FALSE | B24: FALSE | C24: TRUE | D24: FALSE | E24: FALSE | F24: FALSE | H24: 532-02 | I24: 532 | J24: NTST | K24: 885 | L24: 001 | N24: Eschatology | O24: Topics in Eschatology | P24: NTST647-001/NTST885-001 | Q24: 141 | R24: 0 | T24: Lecture | U24: INPERSON | W24: 1-3 | X24: 1-3 | Y24: 10 | Z24: CLAS | AA24: 24-AUG-26 | AD24: 24-AUG-26 | AE24: 10-DEC-26 | AH24: 10-DEC-26 | AI24: 1430 | AJ24: 1720 | AN24: W | AR24: N335 | AS24: Seminary Building [SEM] | AT24: Stefanovic, Ranko | AU24: =IF($AT24="","",IFERROR(INDEX(InstructorMap!$B:$B, MATCH($AT24, InstructorMap!$A:$A, 0)),"")) -> ranko@andrews.edu | AV24: =IF($AT24="","",IFERROR(INDEX(InstructorMap!$C:$C, MATCH($AT24, InstructorMap!$A:$A, 0)),"")) -> 000057767 | AW24: 100 | AX24: x-list | BH24: NTST | BI24: 16-MAR-26 | BJ24: A | BL24: A | BO24: MOODL | BT24: 70 | BU24: 0 | BV24: 0 | BW24: Y | BX24: O | CF24: Y | CH24: O | CS24: 16 | CT24: 202641 | CU24: 1
A25: FALSE | B25: FALSE | C25: TRUE | D25: FALSE | E25: FALSE | F25: FALSE | G25: New Class | I25: #### | J25: NTST | K25: 885 | L25: 004 | N25: Revelation | P25: NTST648-001/NTST885-004 | R25: 0 | T25: Lecture | U25: INPERSON | X25: 3 | Y25: 5 | AA25: 24-AUG-26 | AD25: 24-AUG-26 | AE25: 10-DEC-26 | AH25: 10-DEC-26 | AI25: 1430 | AJ25: 1720 | AM25: T | AR25: N110 | AS25: Seminary Building [SEM] | AT25: Stefanovic, Ranko | AU25: =IF($AT25="","",IFERROR(INDEX(InstructorMap!$B:$B, MATCH($AT25, InstructorMap!$A:$A, 0)),"")) -> ranko@andrews.edu | AV25: =IF($AT25="","",IFERROR(INDEX(InstructorMap!$C:$C, MATCH($AT25, InstructorMap!$A:$A, 0)),"")) -> 000057767 | AX25: load | BH25: NTST | CS25: 16 | CT25: 202641
A26: FALSE | B26: FALSE | C26: TRUE | D26: FALSE | E26: FALSE | F26: FALSE | H26: 3554-02 | I26: 3554 | J26: NTST | K26: 885 | L26: 998 | N26: Topics in | O26: Topics in NT Archaeology | Q26: 268 | R26: 7 | U26: SYNC | W26: 1-3 | Y26: 5 | Z26: WEB | AA26: 24-AUG-26 | AD26: 24-AUG-26 | AE26: 10-DEC-26 | AH26: 10-DEC-26 | AI26: 1330 | AJ26: 1520 | AO26: R | AT26: Ray, Paul J. | AU26: =IF($AT26="","",IFERROR(INDEX(InstructorMap!$B:$B, MATCH($AT26, InstructorMap!$A:$A, 0)),"")) -> rayp@andrews.edu | AV26: =IF($AT26="","",IFERROR(INDEX(InstructorMap!$C:$C, MATCH($AT26, InstructorMap!$A:$A, 0)),"")) -> 000029934 | AW26: 100 | AX26: contract | BH26: NTST | BI26: 16-MAR-26 | BJ26: A | BL26: N | BO26: MOODL | BT26: 70 | BU26: 0 | BV26: 0 | BW26: Y | BX26: O | CF26: Y | CS26: 15 | CT26: 202641 | CU26: 1
A27: FALSE | B27: FALSE | C27: TRUE | D27: FALSE | E27: FALSE | F27: FALSE | H27: 3568-02 | I27: 3568 | J27: NTST | K27: 885 | L27: 997 | N27: Topics in | O27: Topics in Eschatology | Q27: 136 | R27: 7 | U27: SYNC | W27: 1-3 | Y27: 5 | Z27: WEB | AA27: 24-AUG-26 | AD27: 24-AUG-26 | AE27: 10-DEC-26 | AH27: 10-DEC-26 | AI27: 1330 | AJ27: 1620 | AN27: W | AT27: Stefanovic, Ranko | AU27: =IF($AT27="","",IFERROR(INDEX(InstructorMap!$B:$B, MATCH($AT27, InstructorMap!$A:$A, 0)),"")) -> ranko@andrews.edu | AV27: =IF($AT27="","",IFERROR(INDEX(InstructorMap!$C:$C, MATCH($AT27, InstructorMap!$A:$A, 0)),"")) -> 000057767 | AW27: 100 | AX27: load | BH27: NTST | BI27: 16-MAR-26 | BJ27: A | BL27: N | BO27: MOODL | BT27: 70 | BU27: 0 | BV27: 0 | BW27: Y | BX27: O | CF27: Y | CS27: 15 | CT27: 202641 | CU27: 1
A28: FALSE | B28: FALSE | C28: FALSE | D28: FALSE | E28: FALSE | F28: TRUE | H28: 469-02 | I28: 469 | J28: NTST | K28: 885 | L28: 003 | N28: Topics in | O28: Topics in NT Archaeology | Q28: 268 | R28: 0 | W28: 1-3 | Y28: 10 | Z28: CLAS | AA28: 24-AUG-26 | AD28: 24-AUG-26 | AE28: 10-DEC-26 | AH28: 10-DEC-26 | AI28: 1330 | AJ28: 1520 | AO28: R | AS28: Seminary Building [SEM] | AT28: Ray, Paul J. | AU28: =IF($AT28="","",IFERROR(INDEX(InstructorMap!$B:$B, MATCH($AT28, InstructorMap!$A:$A, 0)),"")) -> rayp@andrews.edu | AV28: =IF($AT28="","",IFERROR(INDEX(InstructorMap!$C:$C, MATCH($AT28, InstructorMap!$A:$A, 0)),"")) -> 000029934 | AW28: 100 | AX28: contract | BH28: NTST | BI28: 16-MAR-26 | BJ28: A | BL28: A | BO28: MOODL | BT28: 70 | BU28: 0 | BV28: 0 | BW28: Y | BX28: O | CF28: Y | CH28: O | CS28: 15 | CT28: 202641 | CU28: 1
A29: FALSE | B29: FALSE | C29: FALSE | D29: FALSE | E29: FALSE | F29: TRUE | H29: 530-02 | I29: 530 | J29: NTST | K29: 885 | L29: 006 | N29: Topics in | O29: Topics in Revelation | Q29: 136 | R29: 0 | W29: 1-3 | Y29: 20 | Z29: CLAS | AA29: 24-AUG-26 | AD29: 24-AUG-26 | AE29: 10-DEC-26 | AH29: 10-DEC-26 | AI29: 1330 | AJ29: 1620 | AM29: T | AS29: Seminary Building [SEM] | AT29: Stefanovic, Ranko | AU29: =IF($AT29="","",IFERROR(INDEX(InstructorMap!$B:$B, MATCH($AT29, InstructorMap!$A:$A, 0)),"")) -> ranko@andrews.edu | AV29: =IF($AT29="","",IFERROR(INDEX(InstructorMap!$C:$C, MATCH($AT29, InstructorMap!$A:$A, 0)),"")) -> 000057767 | AW29: 100 | AX29: load | BH29: NTST | BI29: 16-MAR-26 | BJ29: A | BL29: A | BO29: MOODL | BT29: 70 | BU29: 0 | BV29: 0 | BW29: Y | BX29: O | CF29: Y | CH29: O | CS29: 15 | CT29: 202641 | CU29: 1
A30: FALSE | B30: FALSE | C30: FALSE | D30: FALSE | E30: FALSE | F30: TRUE | H30: 794-02 | I30: 794 | J30: NTST | K30: 890 | L30: 101 | N30: Directed Rdg in New Testament | O30: DirRdg NT:Theo Pauline Epistls | R30: 0 | W30: 1-8 | Y30: 999 | Z30: CLAS | AA30: 24-AUG-26 | AD30: 24-AUG-26 | AE30: 10-DEC-26 | AH30: 10-DEC-26 | AT30: Choi, Phuichun R. | AU30: =IF($AT30="","",IFERROR(INDEX(InstructorMap!$B:$B, MATCH($AT30, InstructorMap!$A:$A, 0)),"")) -> choir@andrews.edu | AV30: =IF($AT30="","",IFERROR(INDEX(InstructorMap!$C:$C, MATCH($AT30, InstructorMap!$A:$A, 0)),"")) -> 000036676 | AW30: 100 | AX30: load | BH30: NTST | BI30: 16-MAR-26 | BJ30: A | BL30: I | BO30: MOODL | BT30: 70 | BU30: 0 | BV30: 0 | BW30: Y | CF30: Y | CS30: 15 | CT30: 202641 | CU30: 1
A31: FALSE | B31: FALSE | C31: FALSE | D31: FALSE | E31: FALSE | F31: TRUE | H31: 819-02 | I31: 819 | J31: NTST | K31: 890 | L31: 102 | N31: Directed Rdg in New Testament | O31: Directed Rdg in New Testament | R31: 0 | W31: 1-8 | Y31: 999 | Z31: CLAS | AA31: 24-AUG-26 | AD31: 24-AUG-26 | AE31: 10-DEC-26 | AH31: 10-DEC-26 | AT31: Cortez, Felix H. | AU31: =IF($AT31="","",IFERROR(INDEX(InstructorMap!$B:$B, MATCH($AT31, InstructorMap!$A:$A, 0)),"")) -> fcortez@andrews.edu | AV31: =IF($AT31="","",IFERROR(INDEX(InstructorMap!$C:$C, MATCH($AT31, InstructorMap!$A:$A, 0)),"")) -> 000110700 | AW31: 100 | AX31: load | BH31: NTST | BI31: 16-MAR-26 | BJ31: A | BL31: I | BO31: MOODL | BT31: 70 | BU31: 0 | BV31: 0 | BW31: Y | CF31: Y | CS31: 15 | CT31: 202641 | CU31: 1
A32: FALSE | B32: FALSE | C32: FALSE | D32: FALSE | E32: FALSE | F32: TRUE | H32: 1093-02 | I32: 1093 | J32: NTST | K32: 890 | L32: 104 | N32: Directed Rdg in New Testament | O32: Directed Rdg in New Testament | R32: 0 | W32: 1-8 | Y32: 999 | Z32: CLAS | AA32: 24-AUG-26 | AD32: 24-AUG-26 | AE32: 10-DEC-26 | AH32: 10-DEC-26 | AT32: Shepherd, Thomas R. | AU32: =IF($AT32="","",IFERROR(INDEX(InstructorMap!$B:$B, MATCH($AT32, InstructorMap!$A:$A, 0)),"")) -> trs@andrews.edu | AV32: =IF($AT32="","",IFERROR(INDEX(InstructorMap!$C:$C, MATCH($AT32, InstructorMap!$A:$A, 0)),"")) -> 000033676 | AW32: 100 | AX32: contract | BH32: NTST | BI32: 16-MAR-26 | BJ32: A | BL32: I | BO32: MOODL | BT32: 70 | BU32: 0 | BV32: 0 | BW32: Y | CF32: Y | CS32: 15 | CT32: 202641 | CU32: 1
A33: FALSE | B33: FALSE | C33: FALSE | D33: FALSE | E33: FALSE | F33: TRUE | H33: 1131-02 | I33: 1131 | J33: NTST | K33: 890 | L33: 105 | N33: Directed Rdg in New Testament | O33: Directed Rdg in New Testament | R33: 0 | W33: 1-8 | Y33: 999 | Z33: CLAS | AA33: 24-AUG-26 | AD33: 24-AUG-26 | AE33: 10-DEC-26 | AH33: 10-DEC-26 | AT33: Stefanovic, Ranko | AU33: =IF($AT33="","",IFERROR(INDEX(InstructorMap!$B:$B, MATCH($AT33, InstructorMap!$A:$A, 0)),"")) -> ranko@andrews.edu | AV33: =IF($AT33="","",IFERROR(INDEX(InstructorMap!$C:$C, MATCH($AT33, InstructorMap!$A:$A, 0)),"")) -> 000057767 | AW33: 100 | AX33: load | BH33: NTST | BI33: 16-MAR-26 | BJ33: A | BL33: I | BO33: MOODL | BT33: 70 | BU33: 0 | BV33: 0 | BW33: Y | CF33: Y | CS33: 15 | CT33: 202641 | CU33: 1
A34: FALSE | B34: FALSE | C34: FALSE | D34: FALSE | E34: FALSE | F34: TRUE | H34: 1193-02 | I34: 1193 | J34: NTST | K34: 890 | L34: 106 | N34: Directed Rdg in New Testament | O34: Directed Rdg in New Testament | R34: 0 | W34: 1-8 | Y34: 999 | Z34: CLAS | AA34: 24-AUG-26 | AD34: 24-AUG-26 | AE34: 10-DEC-26 | AH34: 10-DEC-26 | AT34: Vine, Cedric E. | AU34: =IF($AT34="","",IFERROR(INDEX(InstructorMap!$B:$B, MATCH($AT34, InstructorMap!$A:$A, 0)),"")) -> cvine@andrews.edu | AV34: =IF($AT34="","",IFERROR(INDEX(InstructorMap!$C:$C, MATCH($AT34, InstructorMap!$A:$A, 0)),"")) -> 000093509 | AW34: 100 | AX34: load | BH34: NTST | BI34: 16-MAR-26 | BJ34: A | BL34: I | BO34: MOODL | BT34: 70 | BU34: 0 | BV34: 0 | BW34: Y | CF34: Y | CS34: 15 | CT34: 202641 | CU34: 1
A35: FALSE | B35: FALSE | C35: FALSE | D35: FALSE | E35: FALSE | F35: TRUE | H35: 792-02 | I35: 792 | J35: NTST | K35: 897 | L35: 107 | N35: Ind. Study: | R35: 0 | W35: 1-3 | Y35: 999 | Z35: CLAS | AA35: 24-AUG-26 | AD35: 24-AUG-26 | AE35: 10-DEC-26 | AH35: 10-DEC-26 | AT35: Choi, Phuichun R. | AU35: =IF($AT35="","",IFERROR(INDEX(InstructorMap!$B:$B, MATCH($AT35, InstructorMap!$A:$A, 0)),"")) -> choir@andrews.edu | AV35: =IF($AT35="","",IFERROR(INDEX(InstructorMap!$C:$C, MATCH($AT35, InstructorMap!$A:$A, 0)),"")) -> 000036676 | AW35: 100 | AX35: load | BH35: NTST | BI35: 16-MAR-26 | BJ35: A | BL35: I | BO35: MOODL | BT35: 70 | BU35: 0 | BV35: 0 | BW35: Y | CF35: Y | CR35: T | CS35: 15 | CT35: 202641 | CU35: 1
A36: FALSE | B36: FALSE | C36: FALSE | D36: FALSE | E36: FALSE | F36: TRUE | H36: 816-02 | I36: 816 | J36: NTST | K36: 897 | L36: 102 | N36: Ind. Study: | R36: 0 | W36: 1-3 | Y36: 999 | Z36: CLAS | AA36: 24-AUG-26 | AD36: 24-AUG-26 | AE36: 10-DEC-26 | AH36: 10-DEC-26 | AT36: Cortez, Felix H. | AU36: =IF($AT36="","",IFERROR(INDEX(InstructorMap!$B:$B, MATCH($AT36, InstructorMap!$A:$A, 0)),"")) -> fcortez@andrews.edu | AV36: =IF($AT36="","",IFERROR(INDEX(InstructorMap!$C:$C, MATCH($AT36, InstructorMap!$A:$A, 0)),"")) -> 000110700 | AW36: 100 | AX36: load | BH36: NTST | BI36: 16-MAR-26 | BJ36: A | BL36: I | BO36: MOODL | BT36: 70 | BU36: 0 | BV36: 0 | BW36: Y | CF36: Y | CR36: T | CS36: 15 | CT36: 202641 | CU36: 1
A37: FALSE | B37: FALSE | C37: FALSE | D37: FALSE | E37: FALSE | F37: TRUE | H37: 1091-02 | I37: 1091 | J37: NTST | K37: 897 | L37: 104 | N37: Ind. Study: | R37: 0 | W37: 1-3 | Y37: 999 | Z37: CLAS | AA37: 24-AUG-26 | AD37: 24-AUG-26 | AE37: 10-DEC-26 | AH37: 10-DEC-26 | AT37: Shepherd, Thomas R. | AU37: =IF($AT37="","",IFERROR(INDEX(InstructorMap!$B:$B, MATCH($AT37, InstructorMap!$A:$A, 0)),"")) -> trs@andrews.edu | AV37: =IF($AT37="","",IFERROR(INDEX(InstructorMap!$C:$C, MATCH($AT37, InstructorMap!$A:$A, 0)),"")) -> 000033676 | AW37: 100 | AX37: contract | BH37: NTST | BI37: 16-MAR-26 | BJ37: A | BL37: I | BO37: MOODL | BT37: 70 | BU37: 0 | BV37: 0 | BW37: Y | CF37: Y | CR37: T | CS37: 15 | CT37: 202641 | CU37: 1
A38: FALSE | B38: FALSE | C38: FALSE | D38: FALSE | E38: FALSE | F38: TRUE | H38: 1129-02 | I38: 1129 | J38: NTST | K38: 897 | L38: 105 | N38: Ind. Study: | R38: 0 | W38: 1-3 | Y38: 999 | Z38: CLAS | AA38: 24-AUG-26 | AD38: 24-AUG-26 | AE38: 10-DEC-26 | AH38: 10-DEC-26 | AT38: Stefanovic, Ranko | AU38: =IF($AT38="","",IFERROR(INDEX(InstructorMap!$B:$B, MATCH($AT38, InstructorMap!$A:$A, 0)),"")) -> ranko@andrews.edu | AV38: =IF($AT38="","",IFERROR(INDEX(InstructorMap!$C:$C, MATCH($AT38, InstructorMap!$A:$A, 0)),"")) -> 000057767 | AW38: 100 | AX38: load | BH38: NTST | BI38: 16-MAR-26 | BJ38: A | BL38: I | BO38: MOODL | BT38: 70 | BU38: 0 | BV38: 0 | BW38: Y | CF38: Y | CR38: T | CS38: 15 | CT38: 202641 | CU38: 1
A39: FALSE | B39: FALSE | C39: FALSE | D39: FALSE | E39: FALSE | F39: TRUE | H39: 1191-02 | I39: 1191 | J39: NTST | K39: 897 | L39: 106 | N39: Ind. Study: | R39: 0 | W39: 1-3 | Y39: 999 | Z39: CLAS | AA39: 24-AUG-26 | AD39: 24-AUG-26 | AE39: 10-DEC-26 | AH39: 10-DEC-26 | AT39: Vine, Cedric E. | AU39: =IF($AT39="","",IFERROR(INDEX(InstructorMap!$B:$B, MATCH($AT39, InstructorMap!$A:$A, 0)),"")) -> cvine@andrews.edu | AV39: =IF($AT39="","",IFERROR(INDEX(InstructorMap!$C:$C, MATCH($AT39, InstructorMap!$A:$A, 0)),"")) -> 000093509 | AW39: 100 | AX39: load | BH39: NTST | BI39: 16-MAR-26 | BJ39: A | BL39: I | BO39: MOODL | BT39: 70 | BU39: 0 | BV39: 0 | BW39: Y | CF39: Y | CR39: T | CS39: 15 | CT39: 202641 | CU39: 1

Sheet OTST
A1: Don {not in Banner} | B1: Mismatching {not in Banner} | C1: Dept/Prog Admin {not in Banner} | D1: Mona {not in Banner} | E1: Karen {not in Banner} | F1: DONE {not in Banner} | G1: Notes {not in Banner} | H1: CRN sorted {not in Banner} | I1: CRN | J1: Subject | K1: Course Number {Crse Num} | L1: Course Section {Seq Crse Num} | M1: Program {not in Banner} | N1: Catalog Title | O1: Section Title | P1: Crosslist Details {not in Banner} | Q1: X Lst | R1: Campus {Ssasect Campus} | S1: Campus Restriction {Camp Restr CC} | T1: Schedule Type {not in Banner} | U1: Instruction Method {Inst Method} | V1: Level {Level SC} | W1: Credit Catalog {Cat Crs} | X1: Credits {Sect Crs} | Y1: Enrollment Cap {Max Enrl} | Z1: Meeting Type | AA1: Semester Start Date {Soaterm Start Date} | AB1: Pre-work Start Date {not in Banner} | AC1: Pre-work End Date {not in Banner} | AD1: Course Start Date {Meet Start Date} | AE1: Course End Date {Meet End Date} | AF1: Post-work Start Date {not in Banner} | AG1: Post-work End Date {not in Banner} | AH1: Semester End Date {Soaterm End Date} | AI1: Course Beginning Time {Meet Beg Time} | AJ1: Course Ending Time {Meet End Time} | AK1: SUN | AL1: MON | AM1: TUE | AN1: WED | AO1: THU | AP1: FRI | AQ1: SAT | AR1: Room {Meet Room} | AS1: Building {Meet Bldg} | AT1: Instructor Name {Instr Name} | AU1: Instructor Email {Instr Email} | AV1: Instructor ID {Instr ID} | AW1: % Responsibility | AX1: load/contract {not in Banner} | AY1: costs per credit {not in Banner} | AZ1: total costs {not in Banner} | BA1: account to be charged {not in Banner} | BB1: Fee Amount {Fees Amt} | BC1: Fee Code {Detl Code} | BD1: Fee Type | BE1: Fee Level | BF1: Fee Ind | BG1: Fee Term | BH1: SEM Department {Scacrse Dept} | BI1: Activity Date | BJ1: Status | BK1: Bill Hrs | BL1: Sect Sch Type | BM1: Prerequisites {Preq Areas} | BN1: Link Ind | BO1: Integration Code | BP1: Link Conn | BQ1: Crs Attr | BR1: Comments | BS1: Major Restr | BT1: Scacrse College | BU1: Enrolled | BV1: Waitlist Capacity | BW1: Primary Ind | BX1: Override | BY1: 1st Date Reg Opens | BZ1: Last Date Reg Opens | CA1: OL Range From Date | CB1: OL Range To Date | CC1: OL Numb Units | CD1: OL Duration Code | CE1: Grade Mode | CF1: Gradable Ind | CG1: Tuit Waiver | CH1: Course Override {Meet Override} | CI1: Lvl Res Ind | CJ1: Cmp Res Ind | CK1: Rate Code | CL1: Cohort Code | CM1: St Attr Code | CN1: Coll SC | CO1: DegC SC | CP1: Prog SC | CQ1: FOS Type | CR1: Special Approval {Special Apvl} | CS1: Weeks | CT1: Term Code | CU1: Part-Of-Term | CV1: Camp SC
A2: FALSE | B2: FALSE | C2: TRUE | D2: FALSE | E2: FALSE | F2: FALSE | G2: DAY, time, room | I2: 4383 | J2: ANEA | K2: 885 | L2: 004 | N2: Top:Hist Ancnt Near East:Egypt | P2: ANEA 604-001/ANEA885-005 | R2: 0 | T2: Lecture | U2: INPERSON | W2: 1-3 | X2: 3 | Y2: 5 | Z2: CLAS | AA2: 24-AUG-26 | AD2: 24-AUG-26 | AE2: 10-DEC-26 | AH2: 10-DEC-26 | AI2: 1030 | AJ2: 1220 | AN2: W | AR2: S340 | AS2: Seminary Building [SEM] | AT2: Bates, Robert D. | AU2: =IF($AT2="","",IFERROR(INDEX(InstructorMap!$B:$B, MATCH($AT2, InstructorMap!$A:$A, 0)),"")) -> bates@andrews.edu | AV2: =IF($AT2="","",IFERROR(INDEX(InstructorMap!$C:$C, MATCH($AT2, InstructorMap!$A:$A, 0)),"")) -> 000095796 | AW2: 100 | AX2: x-list
A3: FALSE | B3: FALSE | C3: FALSE | D3: FALSE | E3: FALSE | F3: FALSE | G3: New Class | I3: ### | J3: ANEA | K3: 510 | L3: 001 | N3: Archaeology & the Bible | P3: ANEA510-001/OTST510-001 | R3: 0 | T3: Lecture | X3: 2,3 | Y3: 25 | Z3: CLAS | AA3: 24-AUG-26 | AD3: 24-AUG-26 | AE3: 10-DEC-26 | AH3: 10-DEC-26 | AI3: 0830 | AJ3: 1120 | AM3: T | AR3: N110 | AS3: Seminary Building [SEM] | AT3: Younker, Randall W. | AU3: =IF($AT3="","",IFERROR(INDEX(InstructorMap!$B:$B, MATCH($AT3, InstructorMap!$A:$A, 0)),"")) -> younker@andrews.edu | AV3: =IF($AT3="","",IFERROR(INDEX(InstructorMap!$C:$C, MATCH($AT3, InstructorMap!$A:$A, 0)),"")) -> 000042559 | AW3: 100 | AX3: load | BH3: OTST | CS3: 16 | CT3: 202641
A4: FALSE | B4: FALSE | C4: TRUE | D4: FALSE | E4: FALSE | F4: FALSE | G4: DAY, time, room, cap | H4: 3113-02 | I4: 3113 | J4: ANEA | K4: 604 | L4: 001 | N4: Hist of the Ancient Near East | O4: Hist of Ancnt Near East :Egypt | P4: ANEA 604-001/OTST604-001/ANEA885-005 | Q4: 209 | R4: 0 | T4: Lecture | U4: INPERSON | W4: 2,3 | Y4: 25 | Z4: CLAS | AA4: 24-AUG-26 | AD4: 24-AUG-26 | AE4: 10-DEC-26 | AH4: 10-DEC-26 | AI4: 1330 | AJ4: 1520 | AM4: T | AR4: S340 | AS4: Seminary Building [SEM] | AT4: Bates, Robert D. | AU4: =IF($AT4="","",IFERROR(INDEX([1]InstructorMap!$B:$B, MATCH($AT4, [1]InstructorMap!$A:$A, 0)),"")) -> bates@andrews.edu | AV4: =IF($AT4="","",IFERROR(INDEX([1]InstructorMap!$C:$C, MATCH($AT4, [1]InstructorMap!$A:$A, 0)),"")) -> 000095796 | AW4: 100 | AX4: contract | AY4: 1050 | AZ4: 2100 | BH4: OTST | BI4: 16-MAR-26 | BJ4: A | BL4: A | BO4: MOODL | BT4: 70 | BU4: 0 | BV4: 0 | CF4: Y | CH4: O | CS4: 15 | CT4: 202641 | CU4: 1
A5: FALSE | B5: FALSE | C5: TRUE | D5: FALSE | E5: TRUE | F5: FALSE | G5: Delete Class | H5: 4352-02 | I5: 4352 | J5: ANEA | K5: 604 | L5: 998 | N5: Hist of the Ancient Near East | P5: ANEA 604-001/OTST604-001/ANEA885-005 | Q5: 209 | R5: 7 | U5: SYNC | W5: 2,3 | Y5: 20 | Z5: WEB | AA5: 24-AUG-26 | AD5: 24-AUG-26 | AE5: 10-DEC-26 | AH5: 10-DEC-26 | AI5: 1330 | AJ5: 1520 | AM5: T | AT5: NAME NOT FOUND FOR PIDM: | AU5: =IF($AT5="","",IFERROR(INDEX([1]InstructorMap!$B:$B, MATCH($AT5, [1]InstructorMap!$A:$A, 0)),"")) | AV5: =IF($AT5="","",IFERROR(INDEX([1]InstructorMap!$C:$C, MATCH($AT5, [1]InstructorMap!$A:$A, 0)),"")) | BH5: OTST | BI5: 16-MAR-26 | BJ5: A | BL5: N | BO5: MOODL | BT5: 70 | BU5: 0 | BV5: 0 | CF5: Y | CH5: O | CS5: 15 | CT5: 202641 | CU5: 1
A6: FALSE | B6: FALSE | C6: FALSE | D6: FALSE | E6: FALSE | F6: FALSE | G6: New Class | I6: ### | J6: ANEA | K6: 612 | L6: 101 | N6: Sem in ANE Languages | O6: Sem in ANE Languages (Ugaritic) | P6: ANEA612-101/OTST612-101/OTST885-101 | R6: 0 | X6: 3 | Y6: 12 | AA6: 24-AUG-26 | AD6: 24-AUG-26 | AE6: 10-DEC-26 | AH6: 10-DEC-26 | AI6: #### | AJ6: #### | AM6: T | AR6: N108 | AS6: Seminary Building [SEM] | AT6: Gane, Roy E. | AU6: =IF($AT6="","",IFERROR(INDEX(InstructorMap!$B:$B, MATCH($AT6, InstructorMap!$A:$A, 0)),"")) -> gane@andrews.edu | AV6: =IF($AT6="","",IFERROR(INDEX(InstructorMap!$C:$C, MATCH($AT6, InstructorMap!$A:$A, 0)),"")) -> 000008963 | AW6: 100 | AX6: load | BH6: OTST | CS6: 16 | CT6: 202641
A7: Delete Class | B7: Delete Class | C7: Delete Class | D7: Delete Class | E7: Delete Class | F7: Delete Class | G7: Delete Class | H7: 3994-02 | I7: 3994 | J7: ANEA | K7: 615 | L7: 101 | N7: Sem Arch & Hist of Antiquity | Q7: 036 | R7: 0 | W7: 2,3 | Y7: 12 | Z7: CLAS | AA7: 24-AUG-26 | AD7: 24-AUG-26 | AE7: 10-DEC-26 | AH7: 10-DEC-26 | AI7: 0830 | AJ7: 1120 | AM7: T | AS7: Seminary Building [SEM] | AT7: Younker, Randall W. | AU7: =IF($AT7="","",IFERROR(INDEX([1]InstructorMap!$B:$B, MATCH($AT7, [1]InstructorMap!$A:$A, 0)),"")) -> younker@andrews.edu | AV7: =IF($AT7="","",IFERROR(INDEX([1]InstructorMap!$C:$C, MATCH($AT7, [1]InstructorMap!$A:$A, 0)),"")) -> 000042559 | AW7: 100 | BH7: OTST | BI7: 16-MAR-26 | BJ7: A | BL7: M | BM7: P-ANEA615 | BO7: MOODL | BQ7: ARHA,OTHA | BT7: 70 | BU7: 0 | BV7: 0 | BW7: Y | BX7: O | CF7: Y | CH7: O | CS7: 15 | CT7: 202641 | CU7: 1
A8: Delete Class | B8: Delete Class | C8: Delete Class | D8: Delete Class | E8: Delete Class | F8: Delete Class | G8: Delete Class | H8: 4327-02 | I8: 4327 | J8: ANEA | K8: 615 | L8: 102 | N8: Sem Arch & Hist of Antiquity | Q8: 036 | R8: 7 | W8: 2,3 | Y8: 5 | Z8: WEB | AA8: 24-AUG-26 | AD8: 24-AUG-26 | AE8: 10-DEC-26 | AH8: 10-DEC-26 | AI8: 0830 | AJ8: 1120 | AM8: T | AT8: Younker, Randall W. | AU8: =IF($AT8="","",IFERROR(INDEX([1]InstructorMap!$B:$B, MATCH($AT8, [1]InstructorMap!$A:$A, 0)),"")) -> younker@andrews.edu | AV8: =IF($AT8="","",IFERROR(INDEX([1]InstructorMap!$C:$C, MATCH($AT8, [1]InstructorMap!$A:$A, 0)),"")) -> 000042559 | AW8: 100 | BH8: OTST | BI8: 16-MAR-26 | BJ8: A | BL8: M | BM8: P-ANEA615 | BO8: MOODL | BQ8: ARHA,OTHA | BT8: 70 | BU8: 0 | BV8: 0 | BW8: Y | BX8: O | CF8: Y | CS8: 15 | CT8: 202641 | CU8: 1
A9: FALSE | B9: FALSE | C9: TRUE | D9: FALSE | E9: TRUE | F9: FALSE | G9: Delete Class | H9: 3995-02 | I9: 3995 | J9: ANEA | K9: 625 | L9: 001 | N9: NT Archaeology | Q9: 268 | R9: 0 | W9: 2,3 | Y9: 25 | Z9: CLAS | AA9: 24-AUG-26 | AD9: 24-AUG-26 | AE9: 10-DEC-26 | AH9: 10-DEC-26 | AI9: 1330 | AJ9: 1520 | AO9: R | AS9: Seminary Building [SEM] | AT9: Ray, Paul J. | AU9: =IF($AT9="","",IFERROR(INDEX([1]InstructorMap!$B:$B, MATCH($AT9, [1]InstructorMap!$A:$A, 0)),"")) -> rayp@andrews.edu | AV9: =IF($AT9="","",IFERROR(INDEX([1]InstructorMap!$C:$C, MATCH($AT9, [1]InstructorMap!$A:$A, 0)),"")) -> 000029934 | AW9: 100 | BH9: OTST | BI9: 16-MAR-26 | BJ9: A | BL9: A | BO9: MOODL | BT9: 70 | BU9: 0 | BV9: 0 | BW9: Y | BX9: O | CF9: Y | CH9: O | CS9: 15 | CT9: 202641 | CU9: 1
A10: FALSE | B10: FALSE | C10: TRUE | D10: FALSE | E10: TRUE | F10: FALSE | G10: Delete Class | H10: 3579-02 | I10: 3579 | J10: ANEA | K10: 810 | L10: 998 | N10: Near Eastern Archaeology | R10: 7 | U10: SYNC | W10: 3 | Y10: 25 | Z10: WEB | AA10: 24-AUG-26 | AD10: 24-AUG-26 | AE10: 10-DEC-26 | AH10: 10-DEC-26 | AI10: 1300 | AJ10: 1600 | AO10: R | AT10: Younker, Randall W. | AU10: =IF($AT10="","",IFERROR(INDEX([1]InstructorMap!$B:$B, MATCH($AT10, [1]InstructorMap!$A:$A, 0)),"")) -> younker@andrews.edu | AV10: =IF($AT10="","",IFERROR(INDEX([1]InstructorMap!$C:$C, MATCH($AT10, [1]InstructorMap!$A:$A, 0)),"")) -> 000042559 | AW10: 100 | BH10: OTST | BI10: 16-MAR-26 | BJ10: A | BL10: N | BO10: MOODL | BT10: 70 | BU10: 0 | BV10: 0 | BW10: Y | CF10: Y | CS10: 15 | CT10: 202641 | CU10: 1
A11: FALSE | B11: FALSE | C11: TRUE | D11: FALSE | E11: TRUE | F11: FALSE | G11: Delete Class | H11: 3996-02 | I11: 3996 | J11: ANEA | K11: 815 | L11: 001 | N11: Adv Archaeology of NT Period | Q11: 268 | R11: 0 | W11: 3 | Y11: 25 | Z11: CLAS | AA11: 24-AUG-26 | AD11: 24-AUG-26 | AE11: 10-DEC-26 | AH11: 10-DEC-26 | AI11: 1330 | AJ11: 1520 | AO11: R | AS11: Seminary Building [SEM] | AT11: Ray, Paul J. | AU11: =IF($AT11="","",IFERROR(INDEX([1]InstructorMap!$B:$B, MATCH($AT11, [1]InstructorMap!$A:$A, 0)),"")) -> rayp@andrews.edu | AV11: =IF($AT11="","",IFERROR(INDEX([1]InstructorMap!$C:$C, MATCH($AT11, [1]InstructorMap!$A:$A, 0)),"")) -> 000029934 | AW11: 100 | BH11: OTST | BI11: 16-MAR-26 | BJ11: A | BL11: A | BO11: MOODL | BT11: 70 | BU11: 0 | BV11: 0 | BW11: Y | BX11: O | CF11: Y | CH11: O | CS11: 15 | CT11: 202641 | CU11: 1
A12: FALSE | B12: FALSE | C12: FALSE | D12: FALSE | E12: FALSE | F12: TRUE | H12: 3566-02 | I12: 3566 | J12: ANEA | K12: 885 | L12: 004 | N12: Topics In: | O12: Top in Dead Sea Scrolls | Q12: 036 | R12: 0 | W12: 1-3 | Y12: 999 | Z12: CLAS | AA12: 24-AUG-26 | AD12: 24-AUG-26 | AE12: 10-DEC-26 | AH12: 10-DEC-26 | AI12: 0830 | AJ12: 1120 | AM12: T | AS12: Seminary Building [SEM] | AT12: Younker, Randall W. | AU12: =IF($AT12="","",IFERROR(INDEX(InstructorMap!$B:$B, MATCH($AT12, InstructorMap!$A:$A, 0)),"")) -> younker@andrews.edu | AV12: =IF($AT12="","",IFERROR(INDEX(InstructorMap!$C:$C, MATCH($AT12, InstructorMap!$A:$A, 0)),"")) -> 000042559 | AW12: 100 | BH12: OTST | BI12: 16-MAR-26 | BJ12: A | BL12: A | BO12: MOODL | BT12: 70 | BU12: 0 | BV12: 0 | BW12: Y | BX12: O | CF12: Y | CH12: O | CS12: 15 | CT12: 202641 | CU12: 1
A13: FALSE | B13: FALSE | C13: FALSE | D13: FALSE | E13: FALSE | F13: TRUE | H13: 4383-02 | I13: 4383 | J13: ANEA | K13: 885 | L13: 005 | N13: Topics In: | O13: Top:Hist Ancnt Near East:Egypt | Q13: 209 | R13: 0 | W13: 1-3 | Y13: 5 | Z13: CLAS | AA13: 24-AUG-26 | AD13: 24-AUG-26 | AE13: 10-DEC-26 | AH13: 10-DEC-26 | AI13: 1330 | AJ13: 1620 | AM13: T | AS13: Seminary Building [SEM] | AT13: Bates, Robert D. | AU13: =IF($AT13="","",IFERROR(INDEX(InstructorMap!$B:$B, MATCH($AT13, InstructorMap!$A:$A, 0)),"")) -> bates@andrews.edu | AV13: =IF($AT13="","",IFERROR(INDEX(InstructorMap!$C:$C, MATCH($AT13, InstructorMap!$A:$A, 0)),"")) -> 000095796 | AW13: 100 | BH13: OTST | BI13: 16-MAR-26 | BJ13: A | BL13: A | BO13: MOODL | BT13: 70 | BU13: 0 | BV13: 0 | CF13: Y | CH13: O | CS13: 15 | CT13: 202641 | CU13: 1
A14: FALSE | B14: FALSE | C14: FALSE | D14: FALSE | E14: FALSE | F14: TRUE | H14: 4115-02 | I14: 4115 | J14: ANEA | K14: 885 | L14: 998 | N14: Topics In: | O14: Top in Dead Sea Scrolls | Q14: 036 | R14: 7 | U14: SYNC | W14: 1-3 | Y14: 5 | Z14: WEB | AA14: 24-AUG-26 | AD14: 24-AUG-26 | AE14: 10-DEC-26 | AH14: 10-DEC-26 | AI14: 0830 | AJ14: 1120 | AM14: T | AT14: Younker, Randall W. | AU14: =IF($AT14="","",IFERROR(INDEX(InstructorMap!$B:$B, MATCH($AT14, InstructorMap!$A:$A, 0)),"")) -> younker@andrews.edu | AV14: =IF($AT14="","",IFERROR(INDEX(InstructorMap!$C:$C, MATCH($AT14, InstructorMap!$A:$A, 0)),"")) -> 000042559 | AW14: 100 | BH14: OTST | BI14: 16-MAR-26 | BJ14: A | BL14: N | BO14: MOODL | BT14: 70 | BU14: 0 | BV14: 0 | BW14: Y | BX14: O | CF14: Y | CS14: 15 | CT14: 202641 | CU14: 1
A15: FALSE | B15: FALSE | C15: FALSE | D15: FALSE | E15: FALSE | F15: TRUE | H15: 4284-02 | I15: 4284 | J15: ANEA | K15: 890 | L15: 101 | N15: Directed Rdg in Hist&Arch St | O15: DirRd:Hist& Archeology Studies | R15: 0 | W15: 1-6 | Y15: 30 | Z15: CLAS | AA15: 24-AUG-26 | AD15: 24-AUG-26 | AE15: 10-DEC-26 | AH15: 10-DEC-26 | AT15: Ray, Paul J. | AU15: =IF($AT15="","",IFERROR(INDEX(InstructorMap!$B:$B, MATCH($AT15, InstructorMap!$A:$A, 0)),"")) -> rayp@andrews.edu | AV15: =IF($AT15="","",IFERROR(INDEX(InstructorMap!$C:$C, MATCH($AT15, InstructorMap!$A:$A, 0)),"")) -> 000029934 | AW15: 100 | BH15: OTST | BI15: 16-MAR-26 | BJ15: A | BL15: I | BO15: MOODL | BT15: 70 | BU15: 0 | BV15: 0 | BW15: Y | CF15: Y | CS15: 15 | CT15: 202641 | CU15: 1
A16: FALSE | B16: FALSE | C16: FALSE | D16: FALSE | E16: FALSE | F16: TRUE | H16: 4346-02 | I16: 4346 | J16: ANEA | K16: 890 | L16: 102 | N16: Directed Rdg in Hist&Arch St | R16: 0 | W16: 1-6 | X16: 3 | Y16: 999 | Z16: CLAS | AA16: 24-AUG-26 | AD16: 24-AUG-26 | AE16: 10-DEC-26 | AH16: 10-DEC-26 | AT16: Younker, Randall W. | AU16: =IF($AT16="","",IFERROR(INDEX(InstructorMap!$B:$B, MATCH($AT16, InstructorMap!$A:$A, 0)),"")) -> younker@andrews.edu | AV16: =IF($AT16="","",IFERROR(INDEX(InstructorMap!$C:$C, MATCH($AT16, InstructorMap!$A:$A, 0)),"")) -> 000042559 | AW16: 100 | BH16: OTST | BI16: 16-MAR-26 | BJ16: A | BK16: 3 | BL16: I | BO16: MOODL | BT16: 70 | BU16: 0 | BV16: 0 | BW16: Y | CF16: Y | CS16: 15 | CT16: 202641 | CU16: 1
A17: FALSE | B17: FALSE | C17: TRUE | D17: FALSE | E17: TRUE | F17: FALSE | G17: Delete Class | H17: 4101-02 | I17: 4101 | J17: OTST | K17: 500 | L17: 001 | N17: Survey of the Old Testament | R17: 0 | W17: 2,3 | X17: 2 | Y17: 35 | Z17: CLAS | AA17: 24-AUG-26 | AD17: 24-AUG-26 | AE17: 10-DEC-26 | AH17: 10-DEC-26 | AI17: 1030 | AJ17: 1220 | AL17: M | AS17: Seminary Building [SEM] | AT17: Olariu, Daniel | AU17: =IF($AT17="","",IFERROR(INDEX([1]InstructorMap!$B:$B, MATCH($AT17, [1]InstructorMap!$A:$A, 0)),"")) -> olariu@andrews.edu | AV17: =IF($AT17="","",IFERROR(INDEX([1]InstructorMap!$C:$C, MATCH($AT17, [1]InstructorMap!$A:$A, 0)),"")) -> 000163538 | AW17: 100 | BH17: OTST | BI17: 16-MAR-26 | BJ17: A | BK17: 2 | BL17: A | BO17: MOODL | BT17: 70 | BU17: 0 | BV17: 0 | BW17: Y | CF17: Y | CH17: O | CS17: 15 | CT17: 202641 | CU17: 1
A18: FALSE | B18: FALSE | C18: FALSE | D18: FALSE | E18: FALSE | F18: FALSE | G18: New Class | I18: ### | J18: OTST | K18: 510 | L18: 001 | N18: Archaeology & the Bible | P18: ANEA510-001/OTST510-001 | R18: 0 | T18: Lecture | X18: 2,3 | Y18: 25 | Z18: CLAS | AA18: 24-AUG-26 | AD18: 24-AUG-26 | AE18: 10-DEC-26 | AH18: 10-DEC-26 | AI18: 0830 | AJ18: 1120 | AM18: T | AR18: N110 | AS18: Seminary Building [SEM] | AT18: Younker, Randall W. | AU18: =IF($AT18="","",IFERROR(INDEX(InstructorMap!$B:$B, MATCH($AT18, InstructorMap!$A:$A, 0)),"")) -> younker@andrews.edu | AV18: =IF($AT18="","",IFERROR(INDEX(InstructorMap!$C:$C, MATCH($AT18, InstructorMap!$A:$A, 0)),"")) -> 000042559 | AW18: 100 | AX18: load | BH18: OTST | CS18: 16 | CT18: 202641
A19: FALSE | B19: FALSE | C19: FALSE | D19: FALSE | E19: FALSE | F19: TRUE | H19: 1370-02 | I19: 1370 | J19: OTST | K19: 551 | L19: 999 | N19: Biblical Hebrew I | R19: 7 | T19: Int, Online | U19: ASYNC | W19: 0,3 | X19: 3 | Y19: 25 | Z19: WEB | AA19: 24-AUG-26 | AH19: 10-DEC-26 | AI19: #### | AJ19: #### | AT19: Glanz, Oliver | AU19: =IF($AT19="","",IFERROR(INDEX(InstructorMap!$B:$B, MATCH($AT19, InstructorMap!$A:$A, 0)),"")) -> glanz@andrews.edu | AV19: =IF($AT19="","",IFERROR(INDEX(InstructorMap!$C:$C, MATCH($AT19, InstructorMap!$A:$A, 0)),"")) -> 000162826 | AW19: 100 | AX19: load | BH19: OTST | BI19: 16-MAR-26 | BJ19: A | BK19: 3 | BL19: N | BM19: P-OTST551 | BO19: MOODL | BQ19: LLIT | BT19: 70 | BU19: 0 | BV19: 0 | BW19: Y | CF19: Y | CS19: #### | CT19: 202641 | CU19: 1
A20: FALSE | B20: FALSE | C20: TRUE | D20: FALSE | E20: FALSE | F20: FALSE | G20: room, instructor | H20: 491-02 | I20: 491 | J20: OTST | K20: 551 | L20: 001 | N20: Biblical Hebrew I | R20: 0 | T20: Lecture/Lab | U20: INPERSON | W20: 0,3 | X20: 3 | Y20: 30 | Z20: CLAS | AA20: 24-AUG-26 | AD20: 24-AUG-26 | AE20: 10-DEC-26 | AH20: 10-DEC-26 | AI20: 0830 | AJ20: 1020 | AL20: M | AN20: W | AR20: N235 | AS20: Seminary Building [SEM] | AT20: Bates, Robert D. | AU20: =IF($AT20="","",IFERROR(INDEX(InstructorMap!$B:$B, MATCH($AT20, InstructorMap!$A:$A, 0)),"")) -> bates@andrews.edu | AV20: =IF($AT20="","",IFERROR(INDEX(InstructorMap!$C:$C, MATCH($AT20, InstructorMap!$A:$A, 0)),"")) -> 000095796 | AW20: 100 | AX20: contract | AY20: 1050 | AZ20: 3150 | BA20: NTST: 11-1250-9120-70 | BH20: OTST | BI20: 16-MAR-26 | BJ20: A | BK20: 3 | BL20: A | BM20: P-OTST551 | BO20: MOODL | BQ20: LLIT | BT20: 70 | BU20: 0 | BV20: 0 | CF20: Y | CH20: O | CS20: 16 | CT20: 202641 | CU20: 1
A21: FALSE | B21: FALSE | C21: TRUE | D21: FALSE | E21: TRUE | F21: FALSE | G21: Delete Class | H21: 3119-02 | I21: 3119 | J21: OTST | K21: 551 | L21: 002 | N21: Biblical Hebrew I | R21: 0 | W21: 0,3 | X21: 3 | Y21: 28 | Z21: CLAS | AA21: 24-AUG-26 | AD21: 24-AUG-26 | AE21: 10-DEC-26 | AH21: 10-DEC-26 | AI21: 0930 | AJ21: 1020 | AL21: M | AM21: T | AN21: W | AO21: R | AS21: Seminary Building [SEM] | AT21: NAME NOT FOUND FOR PIDM: | AU21: =IF($AT21="","",IFERROR(INDEX([1]InstructorMap!$B:$B, MATCH($AT21, [1]InstructorMap!$A:$A, 0)),"")) | AV21: =IF($AT21="","",IFERROR(INDEX([1]InstructorMap!$C:$C, MATCH($AT21, [1]InstructorMap!$A:$A, 0)),"")) | BH21: OTST | BI21: 16-MAR-26 | BJ21: A | BK21: 3 | BL21: A | BM21: P-OTST551 | BO21: MOODL | BQ21: LLIT | BT21: 70 | BU21: 0 | BV21: 0 | CF21: Y | CH21: O | CS21: 15 | CT21: 202641 | CU21: 1
A22: FALSE | B22: FALSE | C22: FALSE | D22: FALSE | E22: FALSE | F22: TRUE | H22: 1556-02 | I22: 1556 | J22: OTST | K22: 551 | L22: 006 | N22: Biblical Hebrew I | R22: 0 | U22: EXAM | W22: 0,3 | X22: 0 | Y22: 25 | Z22: CLAS | AD22: 23-MAR-26 | AE22: 10-DEC-26 | AO22: R | AT22: Glanz, Oliver | AU22: =IF($AT22="","",IFERROR(INDEX(InstructorMap!$B:$B, MATCH($AT22, InstructorMap!$A:$A, 0)),"")) -> glanz@andrews.edu | AV22: =IF($AT22="","",IFERROR(INDEX(InstructorMap!$C:$C, MATCH($AT22, InstructorMap!$A:$A, 0)),"")) -> 000162826 | AW22: 100 | BH22: OTST | BI22: 16-MAR-26 | BJ22: A | BK22: 0 | BL22: EA | BM22: P-OTST551 | BO22: MOODL | BQ22: LLIT | BT22: 70 | BU22: 0 | BV22: 0 | BW22: Y | BX22: O | BY22: 23-MAR-26 | BZ22: 10-DEC-26 | CA22: 23-MAR-26 | CB22: 10-DEC-26 | CC22: 1 | CD22: DAYS | CE22: X | CF22: Y | CR22: I | CT22: 202641
A23: FALSE | B23: FALSE | C23: FALSE | D23: FALSE | E23: FALSE | F23: TRUE | H23: 497-02 | I23: 497 | J23: OTST | K23: 552 | L23: 001 | N23: Biblical Hebrew II | Q23: 297 | R23: 0 | T23: Lecture | U23: INPERSON | W23: 0-3 | X23: 2 | Y23: 25 | Z23: CLAS | AA23: 24-AUG-26 | AD23: 24-AUG-26 | AE23: 10-DEC-26 | AH23: 10-DEC-26 | AI23: 0830 | AJ23: 1020 | AL23: M | AS23: Seminary Building [SEM] | AT23: Olariu, Daniel | AU23: =IF($AT23="","",IFERROR(INDEX(InstructorMap!$B:$B, MATCH($AT23, InstructorMap!$A:$A, 0)),"")) -> olariu@andrews.edu | AV23: =IF($AT23="","",IFERROR(INDEX(InstructorMap!$C:$C, MATCH($AT23, InstructorMap!$A:$A, 0)),"")) -> 000163538 | AW23: 100 | AX23: load | BH23: OTST | BI23: 16-MAR-26 | BJ23: A | BK23: 2 | BL23: A | BM23: P-OTST552 | BO23: MOODL | BQ23: LLIT | BT23: 70 | BU23: 0 | BV23: 0 | BW23: Y | CF23: Y | CH23: O | CS23: 15 | CT23: 202641 | CU23: 1
A24: FALSE | B24: FALSE | C24: FALSE | D24: FALSE | E24: FALSE | F24: TRUE | H24: 497-04 | I24: 497 | J24: OTST | K24: 552 | L24: 001 | N24: Biblical Hebrew II | Q24: 297 | R24: 0 | T24: Lecture | U24: INPERSON | W24: 0-3 | X24: 2 | Y24: 25 | Z24: CLAS | AA24: 24-AUG-26 | AD24: 24-AUG-26 | AE24: 10-DEC-26 | AH24: 10-DEC-26 | AI24: 0830 | AJ24: 0920 | AN24: W | AS24: Seminary Building [SEM] | AT24: Olariu, Daniel | AU24: =IF($AT24="","",IFERROR(INDEX(InstructorMap!$B:$B, MATCH($AT24, InstructorMap!$A:$A, 0)),"")) -> olariu@andrews.edu | AV24: =IF($AT24="","",IFERROR(INDEX(InstructorMap!$C:$C, MATCH($AT24, InstructorMap!$A:$A, 0)),"")) -> 000163538 | AW24: 100 | AX24: x-list | BH24: OTST | BI24: 16-MAR-26 | BJ24: A | BK24: 2 | BL24: A | BM24: P-OTST552 | BO24: MOODL | BQ24: LLIT | BT24: 70 | BU24: 0 | BV24: 0 | BW24: Y | CF24: Y | CH24: O | CS24: 15 | CT24: 202641 | CU24: 1
A25: FALSE | B25: FALSE | C25: FALSE | D25: FALSE | E25: FALSE | F25: TRUE | H25: 1557-02 | I25: 1557 | J25: OTST | K25: 552 | L25: 006 | N25: Biblical Hebrew II | R25: 0 | U25: EXAM | W25: 0-3 | X25: 0 | Y25: 25 | AT25: Glanz, Oliver | AU25: =IF($AT25="","",IFERROR(INDEX(InstructorMap!$B:$B, MATCH($AT25, InstructorMap!$A:$A, 0)),"")) -> glanz@andrews.edu | AV25: =IF($AT25="","",IFERROR(INDEX(InstructorMap!$C:$C, MATCH($AT25, InstructorMap!$A:$A, 0)),"")) -> 000162826 | AW25: 100 | AY25: 1050 | AZ25: 2100 | BH25: OTST | BI25: 16-MAR-26 | BJ25: A | BK25: 0 | BL25: EA | BM25: P-OTST552 | BO25: MOODL | BQ25: LLIT | BT25: 70 | BU25: 0 | BV25: 0 | BW25: Y | BY25: 23-MAR-26 | BZ25: 10-DEC-26 | CA25: 23-MAR-26 | CB25: 10-DEC-26 | CC25: 1 | CD25: DAYS | CE25: X | CF25: Y | CR25: I | CT25: 202641
A26: FALSE | B26: FALSE | C26: TRUE | D26: FALSE | E26: TRUE | F26: FALSE | G26: Delete Class | H26: 1343-02 | I26: 1343 | J26: OTST | K26: 552 | L26: 998 | N26: Biblical Hebrew II | Q26: 297 | R26: 7 | U26: SYNC | W26: 0-3 | X26: 2 | Y26: 5 | Z26: WEB | AA26: 24-AUG-26 | AD26: 24-AUG-26 | AE26: 10-DEC-26 | AH26: 10-DEC-26 | AI26: 0830 | AJ26: 1020 | AL26: M | AT26: Olariu, Daniel | AU26: =IF($AT26="","",IFERROR(INDEX([1]InstructorMap!$B:$B, MATCH($AT26, [1]InstructorMap!$A:$A, 0)),"")) -> olariu@andrews.edu | AV26: =IF($AT26="","",IFERROR(INDEX([1]InstructorMap!$C:$C, MATCH($AT26, [1]InstructorMap!$A:$A, 0)),"")) -> 000163538 | AW26: 100 | BH26: OTST | BI26: 16-MAR-26 | BJ26: A | BK26: 2 | BL26: N | BM26: P-OTST552 | BO26: MOODL | BQ26: LLIT | BT26: 70 | BU26: 0 | BV26: 0 | BW26: Y | BX26: O | CF26: Y | CR26: I | CS26: 15 | CT26: 202641 | CU26: 1
A27: FALSE | B27: FALSE | C27: TRUE | D27: FALSE | E27: TRUE | F27: FALSE | G27: Delete Class | H27: 1343-04 | I27: 1343 | J27: OTST | K27: 552 | L27: 998 | N27: Biblical Hebrew II | Q27: 297 | R27: 7 | U27: SYNC | W27: 0-3 | X27: 2 | Y27: 5 | Z27: WEB | AA27: 24-AUG-26 | AD27: 24-AUG-26 | AE27: 10-DEC-26 | AH27: 10-DEC-26 | AI27: 0830 | AJ27: 0920 | AN27: W | AT27: Olariu, Daniel | AU27: =IF($AT27="","",IFERROR(INDEX([1]InstructorMap!$B:$B, MATCH($AT27, [1]InstructorMap!$A:$A, 0)),"")) -> olariu@andrews.edu | AV27: =IF($AT27="","",IFERROR(INDEX([1]InstructorMap!$C:$C, MATCH($AT27, [1]InstructorMap!$A:$A, 0)),"")) -> 000163538 | AW27: 100 | BH27: OTST | BI27: 16-MAR-26 | BJ27: A | BK27: 2 | BL27: N | BM27: P-OTST552 | BO27: MOODL | BQ27: LLIT | BT27: 70 | BU27: 0 | BV27: 0 | BW27: Y | BX27: O | CF27: Y | CR27: I | CS27: 15 | CT27: 202641 | CU27: 1
A28: FALSE | B28: FALSE | C28: FALSE | D28: FALSE | E28: FALSE | F28: TRUE | H28: 1336-02 | I28: 1336 | J28: OTST | K28: 556 | L28: 999 | N28: Studies in Prophets (English) | R28: 7 | T28: Int, Online | U28: ASYNC | W28: 2,3 | X28: 2 | Y28: 35 | Z28: WEB | AA28: 24-AUG-26 | AH28: 10-DEC-26 | AI28: #### | AJ28: #### | AT28: Staff | AU28: =IF($AT28="","",IFERROR(INDEX(InstructorMap!$B:$B, MATCH($AT28, InstructorMap!$A:$A, 0)),"")) | AV28: =IF($AT28="","",IFERROR(INDEX(InstructorMap!$C:$C, MATCH($AT28, InstructorMap!$A:$A, 0)),"")) | AW28: 100 | AX28: contract | BH28: OTST | BI28: 16-MAR-26 | BJ28: A | BK28: 2 | BL28: N | BO28: MOODL | BT28: 70 | BU28: 0 | BV28: 0 | CF28: Y | CS28: #### | CT28: 202641 | CU28: 1
A29: FALSE | B29: FALSE | C29: FALSE | D29: FALSE | E29: FALSE | F29: TRUE | H29: 1352-02 | I29: 1352 | J29: OTST | K29: 565 | L29: 999 | N29: Survey of the Pentateuch | Q29: 033 | R29: 7 | T29: Int, Online | U29: ASYNC | W29: 2,3 | X29: 2,3 | Y29: 35 | Z29: WEB | AA29: 24-AUG-26 | AH29: 10-DEC-26 | AI29: #### | AJ29: #### | AT29: Staff | AU29: =IF($AT29="","",IFERROR(INDEX(InstructorMap!$B:$B, MATCH($AT29, InstructorMap!$A:$A, 0)),"")) | AV29: =IF($AT29="","",IFERROR(INDEX(InstructorMap!$C:$C, MATCH($AT29, InstructorMap!$A:$A, 0)),"")) | AW29: 100 | AX29: contract | BH29: OTST | BI29: 16-MAR-26 | BJ29: A | BL29: N | BM29: P-OTST565 | BO29: MOODL | BQ29: EXEG | BT29: 70 | BU29: 0 | BV29: 0 | BW29: Y | CF29: Y | CS29: #### | CT29: 202641 | CU29: 1
A30: FALSE | B30: FALSE | C30: FALSE | D30: FALSE | E30: FALSE | F30: TRUE | H30: 3121-02 | I30: 3121 | J30: OTST | K30: 604 | L30: 001 | N30: Hist of the Ancient Near East | O30: Hist of Ancnt Near East :Egypt | P30: ANEA 604-001/OTST604-001/ANEA885-005 | Q30: 209 | R30: 0 | T30: Lecture | U30: INPERSON | W30: 2,3 | Y30: 10 | Z30: CLAS | AA30: 24-AUG-26 | AD30: 24-AUG-26 | AE30: 10-DEC-26 | AH30: 10-DEC-26 | AI30: 1330 | AJ30: 1520 | AM30: T | AS30: Seminary Building [SEM] | AT30: Bates, Robert D. | AU30: =IF($AT30="","",IFERROR(INDEX([1]InstructorMap!$B:$B, MATCH($AT30, [1]InstructorMap!$A:$A, 0)),"")) -> bates@andrews.edu | AV30: =IF($AT30="","",IFERROR(INDEX([1]InstructorMap!$C:$C, MATCH($AT30, [1]InstructorMap!$A:$A, 0)),"")) -> 000095796 | AW30: 100 | AX30: x-list | BH30: OTST | BI30: 16-MAR-26 | BJ30: A | BL30: A | BO30: MOODL | BT30: 70 | BU30: 0 | BV30: 0 | CF30: Y | CH30: O | CS30: 15 | CT30: 202641 | CU30: 1
A31: FALSE | B31: FALSE | C31: FALSE | D31: FALSE | E31: FALSE | F31: FALSE | G31: New Class | I31: ### | J31: OTST | K31: 607 | L31: 001 | N31: Preaching from the OT | R31: 0 | X31: 2,3 | Y31: 25 | AA31: 24-AUG-26 | AD31: 24-AUG-26 | AE31: 10-DEC-26 | AH31: 10-DEC-26 | AI31: 1430 | AJ31: 1620 | AO31: R | AR31: N150 | AS31: Seminary Building [SEM] | AT31: Olariu, Daniel | AU31: =IF($AT31="","",IFERROR(INDEX(InstructorMap!$B:$B, MATCH($AT31, InstructorMap!$A:$A, 0)),"")) -> olariu@andrews.edu | AV31: =IF($AT31="","",IFERROR(INDEX(InstructorMap!$C:$C, MATCH($AT31, InstructorMap!$A:$A, 0)),"")) -> 000163538 | AW31: 100 | AX31: load | BH31: OTST | CS31: 16 | CT31: 202641
A32: FALSE | B32: FALSE | C32: FALSE | D32: FALSE | E32: FALSE | F32: FALSE | G32: New Class | I32: ### | J32: OTST | K32: 612 | L32: 101 | N32: Sem in ANE Languages | O32: Sem in ANE Languages (Ugaritic) | P32: ANEA612-101/OTST612-101/OTST885-101 | R32: 0 | X32: 3 | Y32: 5 | AA32: 24-AUG-26 | AD32: 24-AUG-26 | AE32: 10-DEC-26 | AH32: 10-DEC-26 | AI32: #### | AJ32: #### | AM32: T | AR32: N108 | AS32: Seminary Building [SEM] | AT32: Gane, Roy E. | AU32: =IF($AT32="","",IFERROR(INDEX(InstructorMap!$B:$B, MATCH($AT32, InstructorMap!$A:$A, 0)),"")) -> gane@andrews.edu | AV32: =IF($AT32="","",IFERROR(INDEX(InstructorMap!$C:$C, MATCH($AT32, InstructorMap!$A:$A, 0)),"")) -> 000008963 | AW32: 100 | AX32: load | BH32: OTST | CS32: 16 | CT32: 202641
A33: Delete Class | B33: Delete Class | C33: Delete Class | D33: Delete Class | E33: Delete Class | F33: Delete Class | G33: Delete Class | H33: 3998-02 | I33: 3998 | J33: OTST | K33: 615 | L33: 101 | N33: Sem Arch & Hist of Antiquity | R33: 0 | W33: 2,3 | Y33: 12 | Z33: CLAS | AA33: 24-AUG-26 | AD33: 24-AUG-26 | AE33: 10-DEC-26 | AH33: 10-DEC-26 | AI33: 0830 | AJ33: 1120 | AM33: T | AS33: Seminary Building [SEM] | AT33: Younker, Randall W. | AU33: =IF($AT33="","",IFERROR(INDEX([1]InstructorMap!$B:$B, MATCH($AT33, [1]InstructorMap!$A:$A, 0)),"")) -> younker@andrews.edu | AV33: =IF($AT33="","",IFERROR(INDEX([1]InstructorMap!$C:$C, MATCH($AT33, [1]InstructorMap!$A:$A, 0)),"")) -> 000042559 | AW33: 100 | BH33: OTST | BI33: 16-MAR-26 | BJ33: A | BL33: M | BM33: P-ANEA615 | BO33: MOODL | BT33: 70 | BU33: 0 | BV33: 0 | BW33: Y | BX33: O | CF33: Y | CH33: O | CS33: 15 | CT33: 202641 | CU33: 1
A34: Delete Class | B34: Delete Class | C34: Delete Class | D34: Delete Class | E34: Delete Class | F34: Delete Class | G34: Delete Class | H34: 4328-02 | I34: 4328 | J34: OTST | K34: 615 | L34: 102 | N34: Sem Arch & Hist of Antiquity | R34: 7 | W34: 2,3 | Y34: 5 | Z34: WEB | AA34: 24-AUG-26 | AD34: 24-AUG-26 | AE34: 10-DEC-26 | AH34: 10-DEC-26 | AI34: 0830 | AJ34: 1120 | AM34: T | AT34: Younker, Randall W. | AU34: =IF($AT34="","",IFERROR(INDEX([1]InstructorMap!$B:$B, MATCH($AT34, [1]InstructorMap!$A:$A, 0)),"")) -> younker@andrews.edu | AV34: =IF($AT34="","",IFERROR(INDEX([1]InstructorMap!$C:$C, MATCH($AT34, [1]InstructorMap!$A:$A, 0)),"")) -> 000042559 | AW34: 100 | BH34: OTST | BI34: 16-MAR-26 | BJ34: A | BL34: M | BM34: P-ANEA615 | BO34: MOODL | BT34: 70 | BU34: 0 | BV34: 0 | BW34: Y | BX34: O | CF34: Y | CS34: 15 | CT34: 202641 | CU34: 1
A35: FALSE | B35: FALSE | C35: TRUE | D35: FALSE | E35: FALSE | F35: FALSE | G35: DAY | H35: 3122-02 | I35: 3122 | J35: OTST | K35: 620 | L35: 101 | N35: Sem in Old Testament Theology | Q35: 173 | R35: 0 | T35: Lecture | U35: INPERSON | W35: 2,3 | Y35: 30 | Z35: CLAS | AA35: 24-AUG-26 | AD35: 24-AUG-26 | AE35: 10-DEC-26 | AH35: 10-DEC-26 | AI35: 1030 | AJ35: 1220 | AM35: T | AN35: W | AS35: Seminary Building [SEM] | AT35: Olariu, Daniel | AU35: =IF($AT35="","",IFERROR(INDEX([1]InstructorMap!$B:$B, MATCH($AT35, [1]InstructorMap!$A:$A, 0)),"")) -> olariu@andrews.edu | AV35: =IF($AT35="","",IFERROR(INDEX([1]InstructorMap!$C:$C, MATCH($AT35, [1]InstructorMap!$A:$A, 0)),"")) -> 000163538 | AW35: 100 | AX35: load | BH35: OTST | BI35: 16-MAR-26 | BJ35: A | BL35: M | BM35: P-OTST552 | BO35: MOODL | BQ35: THEO | BT35: 70 | BU35: 0 | BV35: 0 | BW35: Y | BX35: O | CF35: Y | CH35: O | CS35: 15 | CT35: 202641 | CU35: 1
A36: FALSE | B36: FALSE | C36: TRUE | D36: FALSE | E36: TRUE | F36: FALSE | G36: Delete Class | H36: 4339-02 | I36: 4339 | J36: OTST | K36: 620 | L36: 102 | N36: Sem in Old Testament Theology | R36: 7 | W36: 2,3 | Y36: 30 | Z36: WEB | AA36: 24-AUG-26 | AD36: 24-AUG-26 | AE36: 10-DEC-26 | AH36: 10-DEC-26 | AT36: Olariu, Daniel | AU36: =IF($AT36="","",IFERROR(INDEX([1]InstructorMap!$B:$B, MATCH($AT36, [1]InstructorMap!$A:$A, 0)),"")) -> olariu@andrews.edu | AV36: =IF($AT36="","",IFERROR(INDEX([1]InstructorMap!$C:$C, MATCH($AT36, [1]InstructorMap!$A:$A, 0)),"")) -> 000163538 | AW36: 100 | BH36: OTST | BI36: 16-MAR-26 | BJ36: A | BL36: M | BM36: P-OTST552 | BO36: MOODL | BQ36: THEO | BT36: 70 | BU36: 0 | BV36: 0 | BW36: Y | CF36: Y | CS36: 15 | CT36: 202641 | CU36: 1
A37: FALSE | B37: FALSE | C37: TRUE | D37: FALSE | E37: TRUE | F37: FALSE | G37: Delete Class | H37: 4341-02 | I37: 4341 | J37: OTST | K37: 620 | L37: 103 | N37: Sem in Old Testament Theology | R37: 7 | W37: 2,3 | Y37: 30 | Z37: WEB | AA37: 24-AUG-26 | AD37: 24-AUG-26 | AE37: 10-DEC-26 | AH37: 10-DEC-26 | AI37: 1030 | AJ37: 1220 | AN37: W | AT37: Olariu, Daniel | AU37: =IF($AT37="","",IFERROR(INDEX([1]InstructorMap!$B:$B, MATCH($AT37, [1]InstructorMap!$A:$A, 0)),"")) -> olariu@andrews.edu | AV37: =IF($AT37="","",IFERROR(INDEX([1]InstructorMap!$C:$C, MATCH($AT37, [1]InstructorMap!$A:$A, 0)),"")) -> 000163538 | AW37: 100 | BH37: OTST | BI37: 16-MAR-26 | BJ37: A | BL37: M | BM37: P-OTST552 | BO37: MOODL | BQ37: THEO | BT37: 70 | BU37: 0 | BV37: 0 | BW37: Y | BX37: O | CF37: Y | CR37: I | CS37: 15 | CT37: 202641 | CU37: 1
A38: TRUE | B38: FALSE | C38: TRUE | D38: FALSE | E38: TRUE | F38: FALSE | G38: Campus 7 Restr. | H38: 3421-02 | I38: 3421 | J38: OTST | K38: 625 | L38: 998 | N38: Biblical Hebrew III | Q38: 207 | R38: 7 | S38: 7 | T38: Int, Online | U38: SYNC | W38: 3 | Y38: 4 | Z38: WEB | AA38: 24-AUG-26 | AD38: 24-AUG-26 | AE38: 10-DEC-26 | AH38: 10-DEC-26 | AI38: 1330 | AJ38: 1620 | AN38: W | AT38: Gane, Roy E. | AU38: =IF($AT38="","",IFERROR(INDEX(InstructorMap!$B:$B, MATCH($AT38, InstructorMap!$A:$A, 0)),"")) -> gane@andrews.edu | AV38: =IF($AT38="","",IFERROR(INDEX(InstructorMap!$C:$C, MATCH($AT38, InstructorMap!$A:$A, 0)),"")) -> 000008963 | AW38: 100 | AX38: x-list | BH38: OTST | BI38: 16-MAR-26 | BJ38: A | BL38: N | BM38: P-OTST552 | BO38: MOODL | BQ38: JEWS,LLIT | BT38: 70 | BU38: 0 | BV38: 0 | BW38: Y | BX38: O | CF38: Y | CS38: 15 | CT38: 202641 | CU38: 1
A39: FALSE | B39: FALSE | C39: FALSE | D39: FALSE | E39: FALSE | F39: TRUE | H39: 504-02 | I39: 504 | J39: OTST | K39: 625 | L39: 001 | N39: Biblical Hebrew III | P39: OTST625-001/OTST885-004 | Q39: 207 | R39: 0 | T39: Lecture | U39: INPERSON | W39: 3 | X39: 3 | Y39: 20 | Z39: CLAS | AA39: 24-AUG-26 | AD39: 24-AUG-26 | AE39: 10-DEC-26 | AH39: 10-DEC-26 | AI39: 1430 | AJ39: 1620 | AN39: W | AR39: N110 | AS39: Seminary Building [SEM] | AT39: Gane, Roy E. | AU39: =IF($AT39="","",IFERROR(INDEX(InstructorMap!$B:$B, MATCH($AT39, InstructorMap!$A:$A, 0)),"")) -> gane@andrews.edu | AV39: =IF($AT39="","",IFERROR(INDEX(InstructorMap!$C:$C, MATCH($AT39, InstructorMap!$A:$A, 0)),"")) -> 000008963 | AW39: 100 | AX39: load | BH39: OTST | BI39: 16-MAR-26 | BJ39: A | BL39: A | BM39: P-OTST552 | BO39: MOODL | BQ39: JEWS,LLIT | BT39: 70 | BU39: 0 | BV39: 99 | BW39: Y | BX39: O | CF39: Y | CH39: O | CS39: 16 | CT39: 202641 | CU39: 1
A40: FALSE | B40: FALSE | C40: TRUE | D40: FALSE | E40: TRUE | F40: FALSE | G40: Delete Class | H40: 4000-02 | I40: 4000 | J40: OTST | K40: 634 | L40: 001 | N40: Intertestamental Literature | Q40: 036 | R40: 0 | W40: 2,3 | Y40: 12 | Z40: CLAS | AA40: 24-AUG-26 | AD40: 24-AUG-26 | AE40: 10-DEC-26 | AH40: 10-DEC-26 | AI40: 0830 | AJ40: 1120 | AM40: T | AS40: Seminary Building [SEM] | AT40: Gane, Roy E. | AU40: =IF($AT40="","",IFERROR(INDEX([1]InstructorMap!$B:$B, MATCH($AT40, [1]InstructorMap!$A:$A, 0)),"")) -> gane@andrews.edu | AV40: =IF($AT40="","",IFERROR(INDEX([1]InstructorMap!$C:$C, MATCH($AT40, [1]InstructorMap!$A:$A, 0)),"")) -> 000008963 | AW40: 100 | BH40: OTST | BI40: 16-MAR-26 | BJ40: A | BL40: A | BO40: MOODL | BT40: 70 | BU40: 0 | BV40: 0 | BW40: Y | BX40: O | CF40: Y | CH40: O | CS40: 15 | CT40: 202641 | CU40: 1
A41: FALSE | B41: FALSE | C41: TRUE | D41: FALSE | E41: TRUE | F41: FALSE | G41: Delete Class | H41: 4105-02 | I41: 4105 | J41: OTST | K41: 634 | L41: 998 | N41: Intertestamental Literature | O41: Top:Intertestamntal Literature | Q41: 036 | R41: 7 | U41: SYNC | W41: 2,3 | Y41: 5 | Z41: WEB | AA41: 24-AUG-26 | AD41: 24-AUG-26 | AE41: 10-DEC-26 | AH41: 10-DEC-26 | AI41: 0830 | AJ41: 1120 | AM41: T | AT41: Gane, Roy E. | AU41: =IF($AT41="","",IFERROR(INDEX([1]InstructorMap!$B:$B, MATCH($AT41, [1]InstructorMap!$A:$A, 0)),"")) -> gane@andrews.edu | AV41: =IF($AT41="","",IFERROR(INDEX([1]InstructorMap!$C:$C, MATCH($AT41, [1]InstructorMap!$A:$A, 0)),"")) -> 000008963 | AW41: 100 | BH41: OTST | BI41: 16-MAR-26 | BJ41: A | BL41: N | BO41: MOODL | BT41: 70 | BU41: 0 | BV41: 0 | BW41: Y | BX41: O | CF41: Y | CS41: 15 | CT41: 202641 | CU41: 1
A42: TRUE | B42: FALSE | C42: TRUE | D42: FALSE | E42: TRUE | F42: FALSE | G42: Campus 7 Restr. | H42: 4106-02 | I42: 4106 | J42: OTST | K42: 664 | L42: 998 | N42: Pentateuch | Q42: 226 | R42: 7 | S42: 7 | T42: Int, Online | U42: SYNC | W42: 2,3 | Y42: 5 | Z42: WEB | AA42: 24-AUG-26 | AD42: 24-AUG-26 | AE42: 10-DEC-26 | AH42: 10-DEC-26 | AI42: 1330 | AJ42: 1520 | AM42: T | AT42: Gane, Roy E. | AU42: =IF($AT42="","",IFERROR(INDEX(InstructorMap!$B:$B, MATCH($AT42, InstructorMap!$A:$A, 0)),"")) -> gane@andrews.edu | AV42: =IF($AT42="","",IFERROR(INDEX(InstructorMap!$C:$C, MATCH($AT42, InstructorMap!$A:$A, 0)),"")) -> 000008963 | AW42: 100 | AX42: x-list | BH42: OTST | BI42: 16-MAR-26 | BJ42: A | BL42: N | BM42: P-OTST664 | BO42: MOODL | BQ42: EXEG | BT42: 70 | BU42: 0 | BV42: 0 | BW42: Y | BX42: O | CF42: Y | CS42: 15 | CT42: 202641 | CU42: 1
