Workbook

Sheet CHIS
A1: Don {not in Banner} | B1: Mismatching {not in Banner} | C1: Dept/Prog Admin {not in Banner} | D1: Mona {not in Banner} | E1: Karen {not in Banner} | F1: DONE {not in Banner} | G1: Notes {not in Banner} | H1: CRN sorted {not in Banner} | I1: CRN | J1: Subject | K1: Course Number {Crse Num} | L1: Course Section {Seq Crse Num} | M1: Program {not in Banner} | N1: Catalog Title | O1: Section Title | P1: Crosslist Details {not in Banner} | Q1: X Lst | R1: Campus {Ssasect Campus} | S1: Campus Restriction {Camp Restr CC} | T1: Schedule Type {not in Banner} | U1: Instruction Method {Inst Method} | V1: Level {Level SC} | W1: Credit Catalog {Cat Crs} | X1: Credits {Sect Crs} | Y1: Enrollment Cap {Max Enrl} | Z1: Meeting Type | AA1: Semester Start Date {Soaterm Start Date} | AB1: Pre-work Start Date {not in Banner} | AC1: Pre-work End Date {not in Banner} | AD1: Course Start Date {Meet Start Date} | AE1: Course End Date {Meet End Date} | AF1: Post-work Start Date {not in Banner} | AG1: Post-work End Date {not in Banner} | AH1: Semester End Date {Soaterm End Date} | AI1: Course Beginning Time {Meet Beg Time} | AJ1: Course Ending Time {Meet End Time} | AK1: SUN | AL1: MON | AM1: TUE | AN1: WED | AO1: THU | AP1: FRI | AQ1: SAT | AR1: Room {Meet Room} | AS1: Building {Meet Bldg} | AT1: Instructor Name {Instr Name} | AU1: Instructor Email {Instr Email} | AV1: Instructor ID {Instr ID} | AW1: % Responsibility | AX1: load/contract {not in Banner} | AY1: costs per credit {not in Banner} | AZ1: total costs {not in Banner} | BA1: account to be charged {not in Banner} | BB1: Fee Amount {Fees Amt} | BC1: Fee Code {Detl Code} | BD1: Fee Type | BE1: Fee Level | BF1: Fee Ind | BG1: Fee Term | BH1: SEM Department {Scacrse Dept} | BI1: Activity Date | BJ1: Status | BK1: Bill Hrs | BL1: Sect Sch Type | BM1: Prerequisites {Preq Areas} | BN1: Link Ind | BO1: Integration Code | BP1: Link Conn | BQ1: Crs Attr | BR1: Comments | BS1: Major Restr | BT1: Scacrse College | BU1: Enrolled | BV1: Waitlist Capacity | BW1: Primary Ind | BX1: Override | BY1: 1st Date Reg Opens | BZ1: Last Date Reg Opens | CA1: OL Range From Date | CB1: OL Range To Date | CC1: OL Numb Units | CD1: OL Duration Code | CE1: Grade Mode | CF1: Gradable Ind | CG1: Tuit Waiver | CH1: Course Override {Meet Override} | CI1: Lvl Res Ind | CJ1: Cmp Res Ind | CK1: Rate Code | CL1: Cohort Code | CM1: St Attr Code | CN1: Coll SC | CO1: DegC SC | CP1: Prog SC | CQ1: FOS Type | CR1: Special Approval {Special Apvl} | CS1: Weeks | CT1: Term Code | CU1: Part-Of-Term | CV1: Camp SC
H2: 2221-02 | I2: 2221 | J2: CHIS | K2: 885 | L2: 040 | N2: Topics in | O2: Top in: Adventist Studies | R2: 0 | U2: TOUR | W2: 1-3 | Y2: 45 | Z2: POST | AA2: 07-JUL-25 | AD2: 28-JUL-25 | AE2: 01-AUG-25 | AH2: 01-AUG-25 | AT2: Burton, Kevin M. | AU2: =IF($AT2="","",IFERROR(INDEX(InstructorMap!$B:$B, MATCH($AT2, InstructorMap!$A:$A, 0)),"")) | AV2: =IF($AT2="","",IFERROR(INDEX(InstructorMap!$C:$C, MATCH($AT2, InstructorMap!$A:$A, 0)),"")) | AW2: 100 | BH2: CHIS | BI2: 27-MAR-25 | BJ2: A | BL2: A | BO2: MOODL | BT2: 70 | BU2: 0 | BV2: 0 | BW2: Y | CF2: Y | CS2: 4 | CT2: 202531 | CU2: Q
H3: 2221-04 | I3: 2221 | J3: CHIS | K3: 885 | L3: 040 | N3: Topics in | O3: Top in: Adventist Studies | R3: 0 | U3: TOUR | W3: 1-3 | Y3: 45 | Z3: PRE | AA3: 07-JUL-25 | AD3: 07-JUL-25 | AE3: 19-JUL-25 | AH3: 01-AUG-25 | AT3: Burton, Kevin M. | AU3: =IF($AT3="","",IFERROR(INDEX(InstructorMap!$B:$B, MATCH($AT3, InstructorMap!$A:$A, 0)),"")) | AV3: =IF($AT3="","",IFERROR(INDEX(InstructorMap!$C:$C, MATCH($AT3, InstructorMap!$A:$A, 0)),"")) | AW3: 100 | BH3: CHIS | BI3: 27-MAR-25 | BJ3: A | BL3: A | BO3: MOODL | BT3: 70 | BU3: 0 | BV3: 0 | BW3: Y | CF3: Y | CS3: 4 | CT3: 202531 | CU3: Q
H4: 2221-06 | I4: 2221 | J4: CHIS | K4: 885 | L4: 040 | N4: Topics in | O4: Top in: Adventist Studies | R4: 0 | U4: TOUR | W4: 1-3 | Y4: 45 | Z4: TOUR | AA4: 07-JUL-25 | AD4: 20-JUL-25 | AE4: 27-JUL-25 | AH4: 01-AUG-25 | AT4: Burton, Kevin M. | AU4: =IF($AT4="","",IFERROR(INDEX(InstructorMap!$B:$B, MATCH($AT4, InstructorMap!$A:$A, 0)),"")) | AV4: =IF($AT4="","",IFERROR(INDEX(InstructorMap!$C:$C, MATCH($AT4, InstructorMap!$A:$A, 0)),"")) | AW4: 100 | BH4: CHIS | BI4: 27-MAR-25 | BJ4: A | BL4: A | BO4: MOODL | BT4: 70 | BU4: 0 | BV4: 0 | BW4: Y | CF4: Y | CS4: 4 | CT4: 202531 | CU4: Q
H5: 2852-02 | I5: 2852 | J5: CHIS | K5: 890 | L5: 101 | N5: Directed Rdg in Church History | O5: DirRdg: | R5: 0 | W5: 1-6 | Y5: 999 | Z5: CLAS | AA5: 12-MAY-25 | AD5: 12-MAY-25 | AE5: 01-AUG-25 | AH5: 01-AUG-25 | AT5: Kaiser, Denis | AU5: =IF($AT5="","",IFERROR(INDEX(InstructorMap!$B:$B, MATCH($AT5, InstructorMap!$A:$A, 0)),"")) | AV5: =IF($AT5="","",IFERROR(INDEX(InstructorMap!$C:$C, MATCH($AT5, InstructorMap!$A:$A, 0)),"")) | AW5: 100 | BH5: CHIS | BI5: 27-MAR-25 | BJ5: A | BL5: I | BO5: MOODL | BT5: 70 | BU5: 0 | BV5: 0 | BW5: Y | CF5: Y | CR5: IT | CS5: 12 | CT5: 202531 | CU5: 1
H6: 2879-02 | I6: 2879 | J6: CHIS | K6: 890 | L6: 102 | N6: Directed Rdg in Church History | O6: DirRdg: | R6: 0 | W6: 1-6 | Y6: 999 | Z6: CLAS | AA6: 12-MAY-25 | AD6: 12-MAY-25 | AE6: 01-AUG-25 | AH6: 01-AUG-25 | AT6: O'Reggio, Trevor E. | AU6: =IF($AT6="","",IFERROR(INDEX(InstructorMap!$B:$B, MATCH($AT6, InstructorMap!$A:$A, 0)),"")) | AV6: =IF($AT6="","",IFERROR(INDEX(InstructorMap!$C:$C, MATCH($AT6, InstructorMap!$A:$A, 0)),"")) | AW6: 100 | BH6: CHIS | BI6: 27-MAR-25 | BJ6: A | BL6: I | BO6: MOODL | BT6: 70 | BU6: 0 | BV6: 0 | BW6: Y | CF6: Y | CR6: IT | CS6: 12 | CT6: 202531 | CU6: 1
H7: 2509-02 | I7: 2509 | J7: CHIS | K7: 891 | L7: 101 | N7: Ind St: | R7: 0 | W7: 1-3 | Y7: 999 | Z7: CLAS | AA7: 12-MAY-25 | AD7: 13-MAY-25 | AE7: 01-AUG-25 | AH7: 01-AUG-25 | AT7: Reeve, John W. | AU7: =IF($AT7="","",IFERROR(INDEX(InstructorMap!$B:$B, MATCH($AT7, InstructorMap!$A:$A, 0)),"")) | AV7: =IF($AT7="","",IFERROR(INDEX(InstructorMap!$C:$C, MATCH($AT7, InstructorMap!$A:$A, 0)),"")) | AW7: 100 | BH7: CHIS | BI7: 27-MAR-25 | BJ7: A | BL7: I | BO7: MOODL | BT7: 70 | BU7: 0 | BV7: 0 | BW7: Y | CF7: Y | CR7: IT | CS7: 12 | CT7: 202531 | CU7: 1
H8: 2580-02 | I8: 2580 | J8: CHIS | K8: 891 | L8: 102 | N8: Ind St: | O8: IndSt: | R8: 0 | W8: 1-3 | Y8: 999 | Z8: CLAS | AA8: 12-MAY-25 | AD8: 12-MAY-25 | AE8: 01-AUG-25 | AH8: 01-AUG-25 | AT8: Burton, Kevin M. | AU8: =IF($AT8="","",IFERROR(INDEX(InstructorMap!$B:$B, MATCH($AT8, InstructorMap!$A:$A, 0)),"")) | AV8: =IF($AT8="","",IFERROR(INDEX(InstructorMap!$C:$C, MATCH($AT8, InstructorMap!$A:$A, 0)),"")) | AW8: 100 | BH8: CHIS | BI8: 27-MAR-25 | BJ8: A | BL8: I | BO8: MOODL | BT8: 70 | BU8: 0 | BV8: 0 | BW8: Y | CF8: Y | CR8: IT | CS8: 12 | CT8: 202531 | CU8: 1
H9: 2612-02 | I9: 2612 | J9: CHIS | K9: 891 | L9: 103 | N9: Ind St: | R9: 0 | W9: 1-3 | Y9: 5 | Z9: CLAS | AA9: 12-MAY-25 | AD9: 12-MAY-25 | AE9: 01-AUG-25 | AH9: 01-AUG-25 | AT9: Burton, Kevin M. | AU9: =IF($AT9="","",IFERROR(INDEX(InstructorMap!$B:$B, MATCH($AT9, InstructorMap!$A:$A, 0)),"")) | AV9: =IF($AT9="","",IFERROR(INDEX(InstructorMap!$C:$C, MATCH($AT9, InstructorMap!$A:$A, 0)),"")) | AW9: 100 | BH9: CHIS | BI9: 27-MAR-25 | BJ9: A | BL9: I | BO9: MOODL | BT9: 70 | BU9: 0 | BV9: 0 | BW9: Y | CF9: Y | CR9: IT | CS9: 12 | CT9: 202531 | CU9: 1
H10: 2216-02 | I10: 2216 | J10: CHIS | K10: 892 | L10: 101 | N10: IndSty in Adv St: | R10: 0 | W10: 1-3 | Y10: 999 | Z10: CLAS | AA10: 12-MAY-25 | AD10: 12-MAY-25 | AE10: 01-AUG-25 | AH10: 01-AUG-25 | AT10: Kaiser, Denis | AU10: =IF($AT10="","",IFERROR(INDEX(InstructorMap!$B:$B, MATCH($AT10, InstructorMap!$A:$A, 0)),"")) | AV10: =IF($AT10="","",IFERROR(INDEX(InstructorMap!$C:$C, MATCH($AT10, InstructorMap!$A:$A, 0)),"")) | AW10: 100 | BH10: CHIS | BI10: 27-MAR-25 | BJ10: A | BL10: I | BO10: MOODL | BT10: 70 | BU10: 0 | BV10: 0 | BW10: Y | CF10: Y | CR10: IT | CS10: 12 | CT10: 202531 | CU10: 1
H11: 2217-02 | I11: 2217 | J11: CHIS | K11: 895 | L11: 102 | N11: Directed Rdg Adventist Studies | O11: DirRdg: | R11: 0 | W11: 1-6 | Y11: 999 | Z11: CLAS | AA11: 12-MAY-25 | AD11: 12-MAY-25 | AE11: 01-AUG-25 | AH11: 01-AUG-25 | AT11: Hernandez, Abner F. | AU11: =IF($AT11="","",IFERROR(INDEX(InstructorMap!$B:$B, MATCH($AT11, InstructorMap!$A:$A, 0)),"")) | AV11: =IF($AT11="","",IFERROR(INDEX(InstructorMap!$C:$C, MATCH($AT11, InstructorMap!$A:$A, 0)),"")) | AW11: 100 | BH11: CHIS | BI11: 27-MAR-25 | BJ11: A | BL11: I | BO11: MOODL | BQ11: ADVN | BT11: 70 | BU11: 0 | BV11: 0 | BW11: Y | CF11: Y | CR11: IT | CS11: 12 | CT11: 202531 | CU11: 1
H12: 3296-02 | I12: 3296 | J12: CHIS | K12: 891 | L12: 041 | N12: Ind St: | O12: IndSt:Apoclypt Wrtngs Early Ch | R12: 0 | U12: TOUR | W12: 1-3 | Y12: 999 | Z12: POST | AA12: 12-MAY-25 | AD12: 23-JUN-25 | AE12: 01-AUG-25 | AH12: 01-AUG-25 | AT12: Hernandez, Abner F. | AU12: =IF($AT12="","",IFERROR(INDEX(InstructorMap!$B:$B, MATCH($AT12, InstructorMap!$A:$A, 0)),"")) | AV12: =IF($AT12="","",IFERROR(INDEX(InstructorMap!$C:$C, MATCH($AT12, InstructorMap!$A:$A, 0)),"")) | AW12: 100 | BH12: CHIS | BI12: 17-APR-25 | BJ12: A | BL12: I | BO12: MOODL | BT12: 70 | BU12: 1 | BV12: 0 | BW12: Y | CF12: Y | CS12: 12 | CT12: 202531 | CU12: 1
H13: 3296-04 | I13: 3296 | J13: CHIS | K13: 891 | L13: 041 | N13: Ind St: | O13: IndSt:Apoclypt Wrtngs Early Ch | R13: 0 | U13: TOUR | W13: 1-3 | Y13: 999 | Z13: TOUR | AA13: 12-MAY-25 | AD13: 12-MAY-25 | AE13: 22-JUN-25 | AH13: 01-AUG-25 | AT13: Hernandez, Abner F. | AU13: =IF($AT13="","",IFERROR(INDEX(InstructorMap!$B:$B, MATCH($AT13, InstructorMap!$A:$A, 0)),"")) | AV13: =IF($AT13="","",IFERROR(INDEX(InstructorMap!$C:$C, MATCH($AT13, InstructorMap!$A:$A, 0)),"")) | AW13: 100 | BH13: CHIS | BI13: 17-APR-25 | BJ13: A | BL13: I | BO13: MOODL | BT13: 70 | BU13: 1 | BV13: 0 | BW13: Y | CF13: Y | CS13: 12 | CT13: 202531 | CU13: 1
H14: 3362-02 | I14: 3362 | J14: CHIS | K14: 880 | L14: 043 | N14: Topics in Church History: | O14: TopicsCHIS: Protest Theo Herit | Q14: 327 | R14: 0 | U14: TOUR | W14: 1-3 | X14: 3 | Y14: 25 | Z14: POST | AA14: 09-JUN-25 | AD14: 23-JUN-25 | AE14: 01-AUG-25 | AH14: 01-AUG-25 | AT14: Hernandez, Abner F. | AU14: =IF($AT14="","",IFERROR(INDEX(InstructorMap!$B:$B, MATCH($AT14, InstructorMap!$A:$A, 0)),"")) | AV14: =IF($AT14="","",IFERROR(INDEX(InstructorMap!$C:$C, MATCH($AT14, InstructorMap!$A:$A, 0)),"")) | AW14: 100 | BH14: CHIS | BI14: 18-APR-25 | BJ14: A | BK14: 3 | BL14: BL | BO14: MOODL | BT14: 70 | BU14: 1 | BV14: 0 | BW14: Y | CF14: Y | CS14: 8 | CT14: 202531 | CU14: W
H15: 3362-04 | I15: 3362 | J15: CHIS | K15: 880 | L15: 043 | N15: Topics in Church History: | O15: TopicsCHIS: Protest Theo Herit | Q15: 327 | R15: 0 | U15: TOUR | W15: 1-3 | X15: 3 | Y15: 25 | Z15: TOUR | AA15: 09-JUN-25 | AD15: 09-JUN-25 | AE15: 22-JUN-25 | AH15: 01-AUG-25 | AT15: Hernandez, Abner F. | AU15: =IF($AT15="","",IFERROR(INDEX(InstructorMap!$B:$B, MATCH($AT15, InstructorMap!$A:$A, 0)),"")) | AV15: =IF($AT15="","",IFERROR(INDEX(InstructorMap!$C:$C, MATCH($AT15, InstructorMap!$A:$A, 0)),"")) | AW15: 100 | BH15: CHIS | BI15: 18-APR-25 | BJ15: A | BK15: 3 | BL15: BL | BO15: MOODL | BT15: 70 | BU15: 1 | BV15: 0 | BW15: Y | CF15: Y | CS15: 8 | CT15: 202531 | CU15: W
H16: 2220-02 | I16: 2220 | J16: CHIS | K16: 685 | L16: 040 | N16: Studies in Church History | Q16: 321 | R16: 0 | U16: TOUR | W16: 2,3 | X16: 2 | Y16: 45 | Z16: POST | AA16: 07-JUL-25 | AD16: 28-JUL-25 | AE16: 01-AUG-25 | AH16: 01-AUG-25 | AT16: Burton, Kevin M. | AU16: =IF($AT16="","",IFERROR(INDEX(InstructorMap!$B:$B, MATCH($AT16, InstructorMap!$A:$A, 0)),"")) | AV16: =IF($AT16="","",IFERROR(INDEX(InstructorMap!$C:$C, MATCH($AT16, InstructorMap!$A:$A, 0)),"")) | AW16: 100 | BH16: CHIS | BI16: 24-APR-25 | BJ16: A | BK16: 2 | BL16: BL | BO16: MOODL | BT16: 70 | BU16: 0 | BV16: 0 | BW16: Y | CF16: Y | CS16: 4 | CT16: 202531 | CU16: Q
H17: 2220-04 | I17: 2220 | J17: CHIS | K17: 685 | L17: 040 | N17: Studies in Church History | Q17: 321 | R17: 0 | U17: TOUR | W17: 2,3 | X17: 2 | Y17: 45 | Z17: PRE | AA17: 07-JUL-25 | AD17: 07-JUL-25 | AE17: 19-JUL-25 | AH17: 01-AUG-25 | AT17: Burton, Kevin M. | AU17: =IF($AT17="","",IFERROR(INDEX(InstructorMap!$B:$B, MATCH($AT17, InstructorMap!$A:$A, 0)),"")) | AV17: =IF($AT17="","",IFERROR(INDEX(InstructorMap!$C:$C, MATCH($AT17, InstructorMap!$A:$A, 0)),"")) | AW17: 100 | BH17: CHIS | BI17: 24-APR-25 | BJ17: A | BK17: 2 | BL17: BL | BO17: MOODL | BT17: 70 | BU17: 0 | BV17: 0 | BW17: Y | CF17: Y | CS17: 4 | CT17: 202531 | CU17: Q
H18: 2220-06 | I18: 2220 | J18: CHIS | K18: 685 | L18: 040 | N18: Studies in Church History | Q18: 321 | R18: 0 | U18: TOUR | W18: 2,3 | X18: 2 | Y18: 45 | Z18: TOUR | AA18: 07-JUL-25 | AD18: 20-JUL-25 | AE18: 27-JUL-25 | AH18: 01-AUG-25 | AT18: Burton, Kevin M. | AU18: =IF($AT18="","",IFERROR(INDEX(InstructorMap!$B:$B, MATCH($AT18, InstructorMap!$A:$A, 0)),"")) | AV18: =IF($AT18="","",IFERROR(INDEX(InstructorMap!$C:$C, MATCH($AT18, InstructorMap!$A:$A, 0)),"")) | AW18: 100 | BH18: CHIS | BI18: 24-APR-25 | BJ18: A | BK18: 2 | BL18: BL | BO18: MOODL | BT18: 70 | BU18: 0 | BV18: 0 | BW18: Y | CF18: Y | CS18: 4 | CT18: 202531 | CU18: Q
H19: 3262-02 | I19: 3262 | J19: CHIS | K19: 507 | L19: 041 | N19: Church History 1500 to Present | R19: 0 | U19: TOUR | W19: 2,3 | X19: 2 | Y19: 25 | Z19: CLAS | AA19: 09-JUN-25 | AD19: 23-JUN-25 | AE19: 31-JUL-25 | AH19: 01-AUG-25 | AT19: O'Reggio, Trevor E. | AU19: =IF($AT19="","",IFERROR(INDEX(InstructorMap!$B:$B, MATCH($AT19, InstructorMap!$A:$A, 0)),"")) | AV19: =IF($AT19="","",IFERROR(INDEX(InstructorMap!$C:$C, MATCH($AT19, InstructorMap!$A:$A, 0)),"")) | AW19: 100 | BH19: CHIS | BI19: 28-APR-25 | BJ19: A | BK19: 2 | BL19: BL | BO19: MOODL | BQ19: TOUR | BT19: 70 | BU19: 4 | BV19: 0 | BW19: Y | CF19: Y | CS19: 8 | CT19: 202531 | CU19: W
H20: 3262-04 | I20: 3262 | J20: CHIS | K20: 507 | L20: 041 | N20: Church History 1500 to Present | R20: 0 | U20: TOUR | W20: 2,3 | X20: 2 | Y20: 25 | Z20: TOUR | AA20: 09-JUN-25 | AD20: 09-JUN-25 | AE20: 22-JUN-25 | AH20: 01-AUG-25 | AT20: O'Reggio, Trevor E. | AU20: =IF($AT20="","",IFERROR(INDEX(InstructorMap!$B:$B, MATCH($AT20, InstructorMap!$A:$A, 0)),"")) | AV20: =IF($AT20="","",IFERROR(INDEX(InstructorMap!$C:$C, MATCH($AT20, InstructorMap!$A:$A, 0)),"")) | AW20: 100 | BH20: CHIS | BI20: 28-APR-25 | BJ20: A | BK20: 2 | BL20: BL | BO20: MOODL | BQ20: TOUR | BT20: 70 | BU20: 4 | BV20: 0 | BW20: Y | CF20: Y | CS20: 8 | CT20: 202531 | CU20: W
H21: 3279-02 | I21: 3279 | J21: CHIS | K21: 880 | L21: 042 | N21: Topics in Church History: | O21: Topics CHIS: Martin Luther | Q21: 316 | R21: 0 | W21: 1-3 | X21: 3 | Y21: 25 | Z21: POST | AA21: 09-JUN-25 | AD21: 23-JUN-25 | AE21: 31-JUL-25 | AH21: 01-AUG-25 | AT21: O'Reggio, Trevor E. | AU21: =IF($AT21="","",IFERROR(INDEX(InstructorMap!$B:$B, MATCH($AT21, InstructorMap!$A:$A, 0)),"")) | AV21: =IF($AT21="","",IFERROR(INDEX(InstructorMap!$C:$C, MATCH($AT21, InstructorMap!$A:$A, 0)),"")) | AW21: 100 | BH21: CHIS | BI21: 30-APR-25 | BJ21: A | BK21: 3 | BL21: BL | BO21: MOODL | BT21: 70 | BU21: 1 | BV21: 0 | BW21: Y | CF21: Y | CS21: 8 | CT21: 202531 | CU21: W
H22: 3279-04 | I22: 3279 | J22: CHIS | K22: 880 | L22: 042 | N22: Topics in Church History: | O22: Topics CHIS: Martin Luther | Q22: 316 | R22: 0 | W22: 1-3 | X22: 3 | Y22: 25 | Z22: TOUR | AA22: 09-JUN-25 | AD22: 09-JUN-25 | AE22: 22-JUN-25 | AH22: 01-AUG-25 | AT22: O'Reggio, Trevor E. | AU22: =IF($AT22="","",IFERROR(INDEX(InstructorMap!$B:$B, MATCH($AT22, InstructorMap!$A:$A, 0)),"")) | AV22: =IF($AT22="","",IFERROR(INDEX(InstructorMap!$C:$C, MATCH($AT22, InstructorMap!$A:$A, 0)),"")) | AW22: 100 | BH22: CHIS | BI22: 30-APR-25 | BJ22: A | BK22: 3 | BL22: BL | BO22: MOODL | BT22: 70 | BU22: 1 | BV22: 0 | BW22: Y | CF22: Y | CS22: 8 | CT22: 202531 | CU22: W
H23: 3294-02 | I23: 3294 | J23: CHIS | K23: 880 | L23: 041 | N23: Topics in Church History: | O23: Top in CHIS: Reform Theology | Q23: 327 | R23: 0 | U23: TOUR | W23: 1-3 | X23: 3 | Y23: 25 | Z23: POST | AA23: 09-JUN-25 | AD23: 23-JUN-25 | AE23: 01-AUG-25 | AH23: 01-AUG-25 | AT23: Hernandez, Abner F. | AU23: =IF($AT23="","",IFERROR(INDEX(InstructorMap!$B:$B, MATCH($AT23, InstructorMap!$A:$A, 0)),"")) | AV23: =IF($AT23="","",IFERROR(INDEX(InstructorMap!$C:$C, MATCH($AT23, InstructorMap!$A:$A, 0)),"")) | AW23: 100 | BH23: CHIS | BI23: 01-MAY-25 | BJ23: A | BK23: 3 | BL23: BL | BO23: MOODL | BT23: 70 | BU23: 1 | BV23: 0 | BW23: Y | CF23: Y | CS23: 8 | CT23: 202531 | CU23: W
H24: 3294-04 | I24: 3294 | J24: CHIS | K24: 880 | L24: 041 | N24: Topics in Church History: | O24: Top in CHIS: Reform Theology | Q24: 327 | R24: 0 | U24: TOUR | W24: 1-3 | X24: 3 | Y24: 25 | Z24: TOUR | AA24: 09-JUN-25 | AD24: 09-JUN-25 | AE24: 22-JUN-25 | AH24: 01-AUG-25 | AT24: Hernandez, Abner F. | AU24: =IF($AT24="","",IFERROR(INDEX(InstructorMap!$B:$B, MATCH($AT24, InstructorMap!$A:$A, 0)),"")) | AV24: =IF($AT24="","",IFERROR(INDEX(InstructorMap!$C:$C, MATCH($AT24, InstructorMap!$A:$A, 0)),"")) | AW24: 100 | BH24: CHIS | BI24: 01-MAY-25 | BJ24: A | BK24: 3 | BL24: BL | BO24: MOODL | BT24: 70 | BU24: 1 | BV24: 0 | BW24: Y | CF24: Y | CS24: 8 | CT24: 202531 | CU24: W
H25: 3421-02 | I25: 3421 | J25: CHIS | K25: 890 | L25: 003 | N25: Directed Rdg in Church History | R25: 0 | W25: 1-6 | Y25: 999 | Z25: CLAS | AA25: 12-MAY-25 | AD25: 12-MAY-25 | AE25: 01-AUG-25 | AH25: 01-AUG-25 | AT25: Burton, Kevin M. | AU25: =IF($AT25="","",IFERROR(INDEX(InstructorMap!$B:$B, MATCH($AT25, InstructorMap!$A:$A, 0)),"")) | AV25: =IF($AT25="","",IFERROR(INDEX(InstructorMap!$C:$C, MATCH($AT25, InstructorMap!$A:$A, 0)),"")) | AW25: 100 | BH25: CHIS | BI25: 01-MAY-25 | BJ25: A | BL25: I | BO25: MOODL | BT25: 70 | BU25: 1 | BV25: 0 | BW25: Y | CF25: Y | CS25: 12 | CT25: 202531 | CU25: 1
H26: 3271-02 | I26: 3271 | J26: CHIS | K26: 640 | L26: 044 | N26: Reformation: | O26: Reformation:Reform Theology | Q26: 327 | R26: 0 | W26: 2,3 | X26: 3 | Y26: 25 | Z26: POST | AA26: 09-JUN-25 | AD26: 23-JUN-25 | AE26: 01-AUG-25 | AH26: 01-AUG-25 | AT26: Hernandez, Abner F. | AU26: =IF($AT26="","",IFERROR(INDEX(InstructorMap!$B:$B, MATCH($AT26, InstructorMap!$A:$A, 0)),"")) | AV26: =IF($AT26="","",IFERROR(INDEX(InstructorMap!$C:$C, MATCH($AT26, InstructorMap!$A:$A, 0)),"")) | AW26: 100 | BH26: CHIS | BI26: 09-MAY-25 | BJ26: A | BK26: 3 | BL26: BL | BO26: MOODL | BQ26: CH1,REFM | BT26: 70 | BU26: 1 | BV26: 0 | BW26: Y | CF26: Y | CS26: 8 | CT26: 202531 | CU26: W
H27: 3271-04 | I27: 3271 | J27: CHIS | K27: 640 | L27: 044 | N27: Reformation: | O27: Reformation:Reform Theology | Q27: 327 | R27: 0 | W27: 2,3 | X27: 3 | Y27: 25 | Z27: TOUR | AA27: 09-JUN-25 | AD27: 09-JUN-25 | AE27: 22-JUN-25 | AH27: 01-AUG-25 | AT27: Hernandez, Abner F. | AU27: =IF($AT27="","",IFERROR(INDEX(InstructorMap!$B:$B, MATCH($AT27, InstructorMap!$A:$A, 0)),"")) | AV27: =IF($AT27="","",IFERROR(INDEX(InstructorMap!$C:$C, MATCH($AT27, InstructorMap!$A:$A, 0)),"")) | AW27: 100 | BH27: CHIS | BI27: 09-MAY-25 | BJ27: A | BK27: 3 | BL27: BL | BO27: MOODL | BQ27: CH1,REFM | BT27: 70 | BU27: 1 | BV27: 0 | BW27: Y | CF27: Y | CS27: 8 | CT27: 202531 | CU27: W
H28: 3278-02 | I28: 3278 | J28: CHIS | K28: 685 | L28: 041 | N28: Studies in Church History | Q28: 321 | R28: 0 | W28: 2,3 | X28: 3 | Y28: 45 | Z28: POST | AA28: 07-JUL-25 | AD28: 28-JUL-25 | AE28: 01-AUG-25 | AH28: 01-AUG-25 | AT28: Burton, Kevin M. | AU28: =IF($AT28="","",IFERROR(INDEX(InstructorMap!$B:$B, MATCH($AT28, InstructorMap!$A:$A, 0)),"")) | AV28: =IF($AT28="","",IFERROR(INDEX(InstructorMap!$C:$C, MATCH($AT28, InstructorMap!$A:$A, 0)),"")) | AW28: 100 | BH28: CHIS | BI28: 11-MAY-25 | BJ28: A | BK28: 3 | BL28: BL | BO28: MOODL | BT28: 70 | BU28: 0 | BV28: 0 | BW28: Y | CF28: Y | CS28: 4 | CT28: 202531 | CU28: Q
H29: 3278-04 | I29: 3278 | J29: CHIS | K29: 685 | L29: 041 | N29: Studies in Church History | Q29: 321 | R29: 0 | W29: 2,3 | X29: 3 | Y29: 45 | Z29: PRE | AA29: 07-JUL-25 | AD29: 07-JUL-25 | AE29: 19-JUL-25 | AH29: 01-AUG-25 | AT29: Burton, Kevin M. | AU29: =IF($AT29="","",IFERROR(INDEX(InstructorMap!$B:$B, MATCH($AT29, InstructorMap!$A:$A, 0)),"")) | AV29: =IF($AT29="","",IFERROR(INDEX(InstructorMap!$C:$C, MATCH($AT29, InstructorMap!$A:$A, 0)),"")) | AW29: 100 | BH29: CHIS | BI29: 11-MAY-25 | BJ29: A | BK29: 3 | BL29: BL | BO29: MOODL | BT29: 70 | BU29: 0 | BV29: 0 | BW29: Y | CF29: Y | CS29: 4 | CT29: 202531 | CU29: Q
H30: 3278-06 | I30: 3278 | J30: CHIS | K30: 685 | L30: 041 | N30: Studies in Church History | Q30: 321 | R30: 0 | W30: 2,3 | X30: 3 | Y30: 45 | Z30: TOUR | AA30: 07-JUL-25 | AD30: 20-JUL-25 | AE30: 27-JUL-25 | AH30: 01-AUG-25 | AT30: Burton, Kevin M. | AU30: =IF($AT30="","",IFERROR(INDEX(InstructorMap!$B:$B, MATCH($AT30, InstructorMap!$A:$A, 0)),"")) | AV30: =IF($AT30="","",IFERROR(INDEX(InstructorMap!$C:$C, MATCH($AT30, InstructorMap!$A:$A, 0)),"")) | AW30: 100 | BH30: CHIS | BI30: 11-MAY-25 | BJ30: A | BK30: 3 | BL30: BL | BO30: MOODL | BT30: 70 | BU30: 0 | BV30: 0 | BW30: Y | CF30: Y | CS30: 4 | CT30: 202531 | CU30: Q
H31: 2022-02 | I31: 2022 | J31: CHIS | K31: 690 | L31: 102 | N31: Ind St: | O31: Ind St: Dev. of SDA Theology | R31: 0 | S31: 7 | W31: 1-3 | Y31: 999 | Z31: CLAS | AA31: 12-MAY-25 | AD31: 12-MAY-25 | AE31: 01-AUG-25 | AH31: 01-AUG-25 | AT31: Hernandez, Abner F. | AU31: =IF($AT31="","",IFERROR(INDEX(InstructorMap!$B:$B, MATCH($AT31, InstructorMap!$A:$A, 0)),"")) | AV31: =IF($AT31="","",IFERROR(INDEX(InstructorMap!$C:$C, MATCH($AT31, InstructorMap!$A:$A, 0)),"")) | AW31: 100 | BH31: CHIS | BI31: 12-MAY-25 | BJ31: A | BL31: I | BO31: MOODL | BT31: 70 | BU31: 0 | BV31: 0 | BW31: Y | CF31: Y | CR31: IT | CS31: 12 | CT31: 202531 | CU31: 1
H32: 3404-02 | I32: 3404 | J32: CHIS | K32: 690 | L32: 103 | N32: Ind St: | O32: Ind St: Dev. of SDA Theology | R32: 0 | W32: 1-3 | X32: 1 | Y32: 25 | Z32: CLAS | AA32: 12-MAY-25 | AD32: 12-MAY-25 | AE32: 01-AUG-25 | AH32: 01-AUG-25 | AT32: Kaiser, Denis | AU32: =IF($AT32="","",IFERROR(INDEX(InstructorMap!$B:$B, MATCH($AT32, InstructorMap!$A:$A, 0)),"")) | AV32: =IF($AT32="","",IFERROR(INDEX(InstructorMap!$C:$C, MATCH($AT32, InstructorMap!$A:$A, 0)),"")) | AW32: 100 | BH32: CHIS | BI32: 12-MAY-25 | BJ32: A | BK32: 1 | BL32: I | BO32: MOODL | BT32: 70 | BU32: 2 | BV32: 0 | BW32: Y | CF32: Y | CS32: 12 | CT32: 202531 | CU32: 1
H33: 3267-03 | I33: 3267 | J33: CHIS | K33: 624 | L33: 998 | N33: Issues in Ellen G White Stdies | Q33: 315 | R33: 7 | U33: SYNC | V33: FP | W33: 2,3 | X33: 2 | Y33: 25 | Z33: CLAS | AA33: 12-MAY-25 | AD33: 12-MAY-25 | AE33: 06-JUN-25 | AH33: 06-JUN-25 | AI33: 1330 | AJ33: 1520 | AL33: M | AM33: T | AN33: W | AO33: R | AT33: Garcia Zarate, Heber E. | AU33: =IF($AT33="","",IFERROR(INDEX(InstructorMap!$B:$B, MATCH($AT33, InstructorMap!$A:$A, 0)),"")) | AV33: =IF($AT33="","",IFERROR(INDEX(InstructorMap!$C:$C, MATCH($AT33, InstructorMap!$A:$A, 0)),"")) | AW33: 100 | BB33: 160 | BC33: ES12 | BD33: BILL | BE33: FP | BG33: 202531 | BH33: CHIS | BI33: 13-MAY-25 | BJ33: A | BK33: 2 | BL33: A | BM33: P-CHIS624 | BO33: MOODL | BT33: 70 | BU33: 7 | BV33: 0 | BW33: Y | BX33: O | CF33: Y | CS33: 4 | CT33: 202531 | CU33: 2 | CV33: 0
H34: 3267-04 | I34: 3267 | J34: CHIS | K34: 624 | L34: 998 | N34: Issues in Ellen G White Stdies | Q34: 315 | R34: 7 | U34: SYNC | V34: FP | W34: 2,3 | X34: 2 | Y34: 25 | Z34: CLAS | AA34: 12-MAY-25 | AD34: 12-MAY-25 | AE34: 06-JUN-25 | AH34: 06-JUN-25 | AI34: 1330 | AJ34: 1520 | AL34: M | AM34: T | AN34: W | AO34: R | AT34: Garcia Zarate, Heber E. | AU34: =IF($AT34="","",IFERROR(INDEX(InstructorMap!$B:$B, MATCH($AT34, InstructorMap!$A:$A, 0)),"")) | AV34: =IF($AT34="","",IFERROR(INDEX(InstructorMap!$C:$C, MATCH($AT34, InstructorMap!$A:$A, 0)),"")) | AW34: 100 | BB34: 160 | BC34: ES12 | BD34: BILL | BE34: FP | BG34: 202531 | BH34: CHIS | BI34: 13-MAY-25 | BJ34: A | BK34: 2 | BL34: A | BM34: P-CHIS624 | BO34: MOODL | BT34: 70 | BU34: 7 | BV34: 0 | BW34: Y | BX34: O | CF34: Y | CS34: 4 | CT34: 202531 | CU34: 2 | CV34: 7
H35: 3528-06 | I35: 3528 | J35: CHIS | K35: 690 | L35: 041 | N35: Ind St: | O35: Ind St:Devlmnt of SDA Theology | R35: 0 | U35: TOUR | V35: DO | W35: 1-3 | X35: 1 | Y35: 25 | Z35: POST | AA35: 09-JUN-25 | AD35: 23-JUN-25 | AE35: 31-JUL-25 | AH35: 31-JUL-25 | AT35: Hernandez, Abner F. | AU35: =IF($AT35="","",IFERROR(INDEX(InstructorMap!$B:$B, MATCH($AT35, InstructorMap!$A:$A, 0)),"")) | AV35: =IF($AT35="","",IFERROR(INDEX(InstructorMap!$C:$C, MATCH($AT35, InstructorMap!$A:$A, 0)),"")) | AW35: 100 | BB35: -922 | BC35: ESM1 | BD35: BILL | BE35: MA | BG35: 202531 | BH35: CHIS | BI35: 21-MAY-25 | BJ35: A | BK35: 1 | BL35: I | BO35: MOODL | BT35: 70 | BU35: 1 | BV35: 0 | BW35: Y | CF35: Y | CN35: 70 | CS35: 4 | CT35: 202531 | CU35: 3
H36: 3528-07 | I36: 3528 | J36: CHIS | K36: 690 | L36: 041 | N36: Ind St: | O36: Ind St:Devlmnt of SDA Theology | R36: 0 | U36: TOUR | V36: MA | W36: 1-3 | X36: 1 | Y36: 25 | Z36: POST | AA36: 09-JUN-25 | AD36: 23-JUN-25 | AE36: 31-JUL-25 | AH36: 31-JUL-25 | AT36: Hernandez, Abner F. | AU36: =IF($AT36="","",IFERROR(INDEX(InstructorMap!$B:$B, MATCH($AT36, InstructorMap!$A:$A, 0)),"")) | AV36: =IF($AT36="","",IFERROR(INDEX(InstructorMap!$C:$C, MATCH($AT36, InstructorMap!$A:$A, 0)),"")) | AW36: 100 | BB36: -633 | BC36: EAR2 | BD36: BILL | BE36: MA | BG36: 202531 | BH36: CHIS | BI36: 21-MAY-25 | BJ36: A | BK36: 1 | BL36: I | BO36: MOODL | BT36: 70 | BU36: 1 | BV36: 0 | BW36: Y | CF36: Y | CQ36: MAJOR | CS36: 4 | CT36: 202531 | CU36: 3
H37: 3528-08 | I37: 3528 | J37: CHIS | K37: 690 | L37: 041 | N37: Ind St: | O37: Ind St:Devlmnt of SDA Theology | R37: 0 | U37: TOUR | V37: MA | W37: 1-3 | X37: 1 | Y37: 25 | Z37: POST | AA37: 09-JUN-25 | AD37: 23-JUN-25 | AE37: 31-JUL-25 | AH37: 31-JUL-25 | AT37: Hernandez, Abner F. | AU37: =IF($AT37="","",IFERROR(INDEX(InstructorMap!$B:$B, MATCH($AT37, InstructorMap!$A:$A, 0)),"")) | AV37: =IF($AT37="","",IFERROR(INDEX(InstructorMap!$C:$C, MATCH($AT37, InstructorMap!$A:$A, 0)),"")) | AW37: 100 | BB37: -633 | BC37: ESM3 | BD37: BILL | BE37: MA | BG37: 202531 | BH37: CHIS | BI37: 21-MAY-25 | BJ37: A | BK37: 1 | BL37: I | BO37: MOODL | BT37: 70 | BU37: 1 | BV37: 0 | BW37: Y | CF37: Y | CO37: MSCID | CS37: 4 | CT37: 202531 | CU37: 3
H38: 3528-09 | I38: 3528 | J38: CHIS | K38: 690 | L38: 041 | N38: Ind St: | O38: Ind St:Devlmnt of SDA Theology | R38: 0 | U38: TOUR | V38: MA | W38: 1-3 | X38: 1 | Y38: 25 | Z38: POST | AA38: 09-JUN-25 | AD38: 23-JUN-25 | AE38: 31-JUL-25 | AH38: 31-JUL-25 | AT38: Hernandez, Abner F. | AU38: =IF($AT38="","",IFERROR(INDEX(InstructorMap!$B:$B, MATCH($AT38, InstructorMap!$A:$A, 0)),"")) | AV38: =IF($AT38="","",IFERROR(INDEX(InstructorMap!$C:$C, MATCH($AT38, InstructorMap!$A:$A, 0)),"")) | AW38: 100 | BB38: -633 | BC38: ESM4 | BD38: BILL | BE38: MA | BG38: 202531 | BH38: CHIS | BI38: 21-MAY-25 | BJ38: A | BK38: 1 | BL38: I | BO38: MOODL | BT38: 70 | BU38: 1 | BV38: 0 | BW38: Y | CF38: Y | CQ38: MAJOR | CS38: 4 | CT38: 202531 | CU38: 3
H39: 3528-10 | I39: 3528 | J39: CHIS | K39: 690 | L39: 041 | N39: Ind St: | O39: Ind St:Devlmnt of SDA Theology | R39: 0 | U39: TOUR | W39: 1-3 | X39: 1 | Y39: 25 | Z39: POST | AA39: 09-JUN-25 | AD39: 23-JUN-25 | AE39: 31-JUL-25 | AH39: 31-JUL-25 | AT39: Hernandez, Abner F. | AU39: =IF($AT39="","",IFERROR(INDEX(InstructorMap!$B:$B, MATCH($AT39, InstructorMap!$A:$A, 0)),"")) | AV39: =IF($AT39="","",IFERROR(INDEX(InstructorMap!$C:$C, MATCH($AT39, InstructorMap!$A:$A, 0)),"")) | AW39: 100 | BB39: 1267 | BC39: ESTM | BD39: BILL | BE39: MA | BG39: 202531 | BH39: CHIS | BI39: 21-MAY-25 | BJ39: A | BK39: 1 | BL39: I | BO39: MOODL | BT39: 70 | BU39: 1 | BV39: 0 | BW39: Y | CF39: Y | CS39: 4 | CT39: 202531 | CU39: 3
H40: 3528-16 | I40: 3528 | J40: CHIS | K40: 690 | L40: 041 | N40: Ind St: | O40: Ind St:Devlmnt of SDA Theology | R40: 0 | U40: TOUR | V40: DO | W40: 1-3 | X40: 1 | Y40: 25 | Z40: TOUR | AA40: 09-JUN-25 | AD40: 09-JUN-25 | AE40: 22-JUN-25 | AH40: 31-JUL-25 | AT40: Hernandez, Abner F. | AU40: =IF($AT40="","",IFERROR(INDEX(InstructorMap!$B:$B, MATCH($AT40, InstructorMap!$A:$A, 0)),"")) | AV40: =IF($AT40="","",IFERROR(INDEX(InstructorMap!$C:$C, MATCH($AT40, InstructorMap!$A:$A, 0)),"")) | AW40: 100 | BB40: -922 | BC40: ESM1 | BD40: BILL | BE40: MA | BG40: 202531 | BH40: CHIS | BI40: 21-MAY-25 | BJ40: A | BK40: 1 | BL40: I | BO40: MOODL | BT40: 70 | BU40: 1 | BV40: 0 | BW40: Y | CF40: Y | CN40: 70 | CS40: 4 | CT40: 202531 | CU40: 3
H41: 3528-17 | I41: 3528 | J41: CHIS | K41: 690 | L41: 041 | N41: Ind St: | O41: Ind St:Devlmnt of SDA Theology | R41: 0 | U41: TOUR | V41: MA | W41: 1-3 | X41: 1 | Y41: 25 | Z41: TOUR | AA41: 09-JUN-25 | AD41: 09-JUN-25 | AE41: 22-JUN-25 | AH41: 31-JUL-25 | AT41: Hernandez, Abner F. | AU41: =IF($AT41="","",IFERROR(INDEX(InstructorMap!$B:$B, MATCH($AT41, InstructorMap!$A:$A, 0)),"")) | AV41: =IF($AT41="","",IFERROR(INDEX(InstructorMap!$C:$C, MATCH($AT41, InstructorMap!$A:$A, 0)),"")) | AW41: 100 | BB41: -633 | BC41: EAR2 | BD41: BILL | BE41: MA | BG41: 202531 | BH41: CHIS | BI41: 21-MAY-25 | BJ41: A | BK41: 1 | BL41: I | BO41: MOODL | BT41: 70 | BU41: 1 | BV41: 0 | BW41: Y | CF41: Y | CQ41: MAJOR | CS41: 4 | CT41: 202531 | CU41: 3
H42: 3528-18 | I42: 3528 | J42: CHIS | K42: 690 | L42: 041 | N42: Ind St: | O42: Ind St:Devlmnt of SDA Theology | R42: 0 | U42: TOUR | V42: MA | W42: 1-3 | X42: 1 | Y42: 25 | Z42: TOUR | AA42: 09-JUN-25 | AD42: 09-JUN-25 | AE42: 22-JUN-25 | AH42: 31-JUL-25 | AT42: Hernandez, Abner F. | AU42: =IF($AT42="","",IFERROR(INDEX(InstructorMap!$B:$B, MATCH($AT42, InstructorMap!$A:$A, 0)),"")) | AV42: =IF($AT42="","",IFERROR(INDEX(InstructorMap!$C:$C, MATCH($AT42, InstructorMap!$A:$A, 0)),"")) | AW42: 100 | BB42: -633 | BC42: ESM3 | BD42: BILL | BE42: MA | BG42: 202531 | BH42: CHIS | BI42: 21-MAY-25 | BJ42: A | BK42: 1 | BL42: I | BO42: MOODL | BT42: 70 | BU42: 1 | BV42: 0 | BW42: Y | CF42: Y | CO42: MSCID | CS42: 4 | CT42: 202531 | CU42: 3
H43: 3528-19 | I43: 3528 | J43: CHIS | K43: 690 | L43: 041 | N43: Ind St: | O43: Ind St:Devlmnt of SDA Theology | R43: 0 | U43: TOUR | V43: MA | W43: 1-3 | X43: 1 | Y43: 25 | Z43: TOUR | AA43: 09-JUN-25 | AD43: 09-JUN-25 | AE43: 22-JUN-25 | AH43: 31-JUL-25 | AT43: Hernandez, Abner F. | AU43: =IF($AT43="","",IFERROR(INDEX(InstructorMap!$B:$B, MATCH($AT43, InstructorMap!$A:$A, 0)),"")) | AV43: =IF($AT43="","",IFERROR(INDEX(InstructorMap!$C:$C, MATCH($AT43, InstructorMap!$A:$A, 0)),"")) | AW43: 100 | BB43: -633 | BC43: ESM4 | BD43: BILL | BE43: MA | BG43: 202531 | BH43: CHIS | BI43: 21-MAY-25 | BJ43: A | BK43: 1 | BL43: I | BO43: MOODL | BT43: 70 | BU43: 1 | BV43: 0 | BW43: Y | CF43: Y | CQ43: MAJOR | CS43: 4 | CT43: 202531 | CU43: 3
H44: 3528-20 | I44: 3528 | J44: CHIS | K44: 690 | L44: 041 | N44: Ind St: | O44: Ind St:Devlmnt of SDA Theology | R44: 0 | U44: TOUR | W44: 1-3 | X44: 1 | Y44: 25 | Z44: TOUR | AA44: 09-JUN-25 | AD44: 09-JUN-25 | AE44: 22-JUN-25 | AH44: 31-JUL-25 | AT44: Hernandez, Abner F. | AU44: =IF($AT44="","",IFERROR(INDEX(InstructorMap!$B:$B, MATCH($AT44, InstructorMap!$A:$A, 0)),"")) | AV44: =IF($AT44="","",IFERROR(INDEX(InstructorMap!$C:$C, MATCH($AT44, InstructorMap!$A:$A, 0)),"")) | AW44: 100 | BB44: 1267 | BC44: ESTM | BD44: BILL | BE44: MA | BG44: 202531 | BH44: CHIS | BI44: 21-MAY-25 | BJ44: A | BK44: 1 | BL44: I | BO44: MOODL | BT44: 70 | BU44: 1 | BV44: 0 | BW44: Y | CF44: Y | CS44: 4 | CT44: 202531 | CU44: 3
H45: 3274-02 | I45: 3274 | J45: CHIS | K45: 674 | L45: 041 | N45: Development SDA Theology | Q45: 319 | R45: 0 | W45: 2,3 | X45: 2 | Y45: 25 | Z45: POST | AA45: 09-JUN-25 | AD45: 23-JUN-25 | AE45: 31-JUL-25 | AH45: 01-AUG-25 | AT45: Hernandez, Abner F. | AU45: =IF($AT45="","",IFERROR(INDEX(InstructorMap!$B:$B, MATCH($AT45, InstructorMap!$A:$A, 0)),"")) | AV45: =IF($AT45="","",IFERROR(INDEX(InstructorMap!$C:$C, MATCH($AT45, InstructorMap!$A:$A, 0)),"")) | AW45: 100 | BH45: CHIS | BI45: 27-MAY-25 | BJ45: A | BK45: 2 | BL45: BL | BM45: P-CHIS674 | BO45: MOODL | BQ45: ADVN,THEO | BT45: 70 | BU45: 0 | BV45: 0 | BW45: Y | CF45: Y | CS45: 8 | CT45: 202531 | CU45: W
H46: 3274-04 | I46: 3274 | J46: CHIS | K46: 674 | L46: 041 | N46: Development SDA Theology | Q46: 319 | R46: 0 | W46: 2,3 | X46: 2 | Y46: 25 | Z46: TOUR | AA46: 09-JUN-25 | AD46: 09-JUN-25 | AE46: 22-JUN-25 | AH46: 01-AUG-25 | AT46: Hernandez, Abner F. | AU46: =IF($AT46="","",IFERROR(INDEX(InstructorMap!$B:$B, MATCH($AT46, InstructorMap!$A:$A, 0)),"")) | AV46: =IF($AT46="","",IFERROR(INDEX(InstructorMap!$C:$C, MATCH($AT46, InstructorMap!$A:$A, 0)),"")) | AW46: 100 | BH46: CHIS | BI46: 27-MAY-25 | BJ46: A | BK46: 2 | BL46: BL | BM46: P-CHIS674 | BO46: MOODL | BQ46: ADVN,THEO | BT46: 70 | BU46: 0 | BV46: 0 | BW46: Y | CF46: Y | CS46: 8 | CT46: 202531 | CU46: W
H47: 3275-02 | I47: 3275 | J47: CHIS | K47: 674 | L47: 042 | N47: Development SDA Theology | Q47: 319 | R47: 0 | W47: 2,3 | X47: 3 | Y47: 25 | Z47: POST | AA47: 09-JUN-25 | AD47: 23-JUN-25 | AE47: 31-JUL-25 | AH47: 01-AUG-25 | AT47: Hernandez, Abner F. | AU47: =IF($AT47="","",IFERROR(INDEX(InstructorMap!$B:$B, MATCH($AT47, InstructorMap!$A:$A, 0)),"")) | AV47: =IF($AT47="","",IFERROR(INDEX(InstructorMap!$C:$C, MATCH($AT47, InstructorMap!$A:$A, 0)),"")) | AW47: 100 | BH47: CHIS | BI47: 27-MAY-25 | BJ47: A | BK47: 3 | BL47: BL | BM47: P-CHIS674 | BO47: MOODL | BQ47: ADVN,THEO | BT47: 70 | BU47: 9 | BV47: 0 | BW47: Y | CF47: Y | CS47: 8 | CT47: 202531 | CU47: W
H48: 3275-04 | I48: 3275 | J48: CHIS | K48: 674 | L48: 042 | N48: Development SDA Theology | Q48: 319 | R48: 0 | W48: 2,3 | X48: 3 | Y48: 25 | Z48: TOUR | AA48: 09-JUN-25 | AD48: 09-JUN-25 | AE48: 22-JUN-25 | AH48: 01-AUG-25 | AT48: Hernandez, Abner F. | AU48: =IF($AT48="","",IFERROR(INDEX(InstructorMap!$B:$B, MATCH($AT48, InstructorMap!$A:$A, 0)),"")) | AV48: =IF($AT48="","",IFERROR(INDEX(InstructorMap!$C:$C, MATCH($AT48, InstructorMap!$A:$A, 0)),"")) | AW48: 100 | BH48: CHIS | BI48: 27-MAY-25 | BJ48: A | BK48: 3 | BL48: BL | BM48: P-CHIS674 | BO48: MOODL | BQ48: ADVN,THEO | BT48: 70 | BU48: 9 | BV48: 0 | BW48: Y | CF48: Y | CS48: 8 | CT48: 202531 | CU48: W
H49: 3266-02 | I49: 3266 | J49: CHIS | K49: 624 | L49: 001 | N49: Issues in Ellen G White Stdies | Q49: 315 | R49: 0 | W49: 2,3 | X49: 2 | Y49: 40 | Z49: CLAS | AA49: 12-MAY-25 | AD49: 12-MAY-25 | AE49: 06-JUN-25 | AH49: 06-JUN-25 | AI49: 1330 | AJ49: 1520 | AL49: M | AM49: T | AN49: W | AO49: R | AR49: N150 | AS49: Seminary Building [SEM] | AT49: Garcia Zarate, Heber E. | AU49: =IF($AT49="","",IFERROR(INDEX(InstructorMap!$B:$B, MATCH($AT49, InstructorMap!$A:$A, 0)),"")) | AV49: =IF($AT49="","",IFERROR(INDEX(InstructorMap!$C:$C, MATCH($AT49, InstructorMap!$A:$A, 0)),"")) | AW49: 100 | BH49: CHIS | BI49: 28-MAY-25 | BJ49: A | BK49: 2 | BL49: A | BM49: P-CHIS624 | BO49: MOODL | BT49: 70 | BU49: 16 | BV49: 0 | BW49: Y | BX49: O | CF49: Y | CH49: O | CS49: 4 | CT49: 202531 | CU49: 2
H50: 3270-02 | I50: 3270 | J50: CHIS | K50: 640 | L50: 043 | N50: Reformation: | O50: Reformation:Reform Theology | Q50: 327 | R50: 0 | W50: 2,3 | X50: 2 | Y50: 25 | Z50: POST | AA50: 09-JUN-25 | AD50: 23-JUN-25 | AE50: 31-JUL-25 | AH50: 01-AUG-25 | AT50: Hernandez, Abner F. | AU50: =IF($AT50="","",IFERROR(INDEX(InstructorMap!$B:$B, MATCH($AT50, InstructorMap!$A:$A, 0)),"")) | AV50: =IF($AT50="","",IFERROR(INDEX(InstructorMap!$C:$C, MATCH($AT50, InstructorMap!$A:$A, 0)),"")) | AW50: 100 | BH50: CHIS | BI50: 29-MAY-25 | BJ50: A | BK50: 2 | BL50: BL | BO50: MOODL | BQ50: CH1,REFM | BT50: 70 | BU50: 2 | BV50: 0 | BW50: Y | CF50: Y | CS50: 8 | CT50: 202531 | CU50: W
H51: 3270-04 | I51: 3270 | J51: CHIS | K51: 640 | L51: 043 | N51: Reformation: | O51: Reformation:Reform Theology | Q51: 327 | R51: 0 | W51: 2,3 | X51: 2 | Y51: 25 | Z51: TOUR | AA51: 09-JUN-25 | AD51: 09-JUN-25 | AE51: 22-JUN-25 | AH51: 01-AUG-25 | AT51: Hernandez, Abner F. | AU51: =IF($AT51="","",IFERROR(INDEX(InstructorMap!$B:$B, MATCH($AT51, InstructorMap!$A:$A, 0)),"")) | AV51: =IF($AT51="","",IFERROR(INDEX(InstructorMap!$C:$C, MATCH($AT51, InstructorMap!$A:$A, 0)),"")) | AW51: 100 | BH51: CHIS | BI51: 29-MAY-25 | BJ51: A | BK51: 2 | BL51: BL | BO51: MOODL | BQ51: CH1,REFM | BT51: 70 | BU51: 2 | BV51: 0 | BW51: Y | CF51: Y | CS51: 8 | CT51: 202531 | CU51: W
H52: 3268-02 | I52: 3268 | J52: CHIS | K52: 640 | L52: 041 | N52: Reformation: | O52: Reform-Martin Luther | Q52: 316 | R52: 0 | W52: 2,3 | X52: 2 | Y52: 25 | Z52: POST | AA52: 09-JUN-25 | AD52: 23-JUN-25 | AE52: 31-JUL-25 | AH52: 01-AUG-25 | AT52: O'Reggio, Trevor E. | AU52: =IF($AT52="","",IFERROR(INDEX(InstructorMap!$B:$B, MATCH($AT52, InstructorMap!$A:$A, 0)),"")) | AV52: =IF($AT52="","",IFERROR(INDEX(InstructorMap!$C:$C, MATCH($AT52, InstructorMap!$A:$A, 0)),"")) | AW52: 100 | BH52: CHIS | BI52: 29-MAY-25 | BJ52: A | BK52: 2 | BL52: BL | BO52: MOODL | BQ52: CH1,REFM | BT52: 70 | BU52: 8 | BV52: 0 | BW52: Y | CF52: Y | CS52: 8 | CT52: 202531 | CU52: W
H53: 3268-04 | I53: 3268 | J53: CHIS | K53: 640 | L53: 041 | N53: Reformation: | O53: Reform-Martin Luther | Q53: 316 | R53: 0 | W53: 2,3 | X53: 2 | Y53: 25 | Z53: TOUR | AA53: 09-JUN-25 | AD53: 09-JUN-25 | AE53: 22-JUN-25 | AH53: 01-AUG-25 | AT53: O'Reggio, Trevor E. | AU53: =IF($AT53="","",IFERROR(INDEX(InstructorMap!$B:$B, MATCH($AT53, InstructorMap!$A:$A, 0)),"")) | AV53: =IF($AT53="","",IFERROR(INDEX(InstructorMap!$C:$C, MATCH($AT53, InstructorMap!$A:$A, 0)),"")) | AW53: 100 | BH53: CHIS | BI53: 29-MAY-25 | BJ53: A | BK53: 2 | BL53: BL | BO53: MOODL | BQ53: CH1,REFM | BT53: 70 | BU53: 8 | BV53: 0 | BW53: Y | CF53: Y | CS53: 8 | CT53: 202531 | CU53: W
H54: 3261-02 | I54: 3261 | J54: CHIS | K54: 506 | L54: 041 | N54: Church History to 1500 | R54: 0 | U54: TOUR | W54: 2,3 | X54: 2 | Y54: 25 | Z54: POST | AA54: 09-JUN-25 | AD54: 23-JUN-25 | AE54: 31-JUL-25 | AH54: 01-AUG-25 | AT54: O'Reggio, Trevor E. | AU54: =IF($AT54="","",IFERROR(INDEX(InstructorMap!$B:$B, MATCH($AT54, InstructorMap!$A:$A, 0)),"")) | AV54: =IF($AT54="","",IFERROR(INDEX(InstructorMap!$C:$C, MATCH($AT54, InstructorMap!$A:$A, 0)),"")) | AW54: 100 | BH54: CHIS | BI54: 01-JUN-25 | BJ54: A | BK54: 2 | BL54: BL | BO54: MOODL | BQ54: TOUR | BT54: 70 | BU54: 5 | BV54: 0 | BW54: Y | CF54: Y | CS54: 8 | CT54: 202531 | CU54: W
H55: 3261-04 | I55: 3261 | J55: CHIS | K55: 506 | L55: 041 | N55: Church History to 1500 | R55: 0 | U55: TOUR | W55: 2,3 | X55: 2 | Y55: 25 | Z55: TOUR | AA55: 09-JUN-25 | AD55: 09-JUN-25 | AE55: 22-JUN-25 | AH55: 01-AUG-25 | AT55: O'Reggio, Trevor E. | AU55: =IF($AT55="","",IFERROR(INDEX(InstructorMap!$B:$B, MATCH($AT55, InstructorMap!$A:$A, 0)),"")) | AV55: =IF($AT55="","",IFERROR(INDEX(InstructorMap!$C:$C, MATCH($AT55, InstructorMap!$A:$A, 0)),"")) | AW55: 100 | BH55: CHIS | BI55: 01-JUN-25 | BJ55: A | BK55: 2 | BL55: BL | BO55: MOODL | BQ55: TOUR | BT55: 70 | BU55: 5 | BV55: 0 | BW55: Y | CF55: Y | CS55: 8 | CT55: 202531 | CU55: W
H56: 718-01 | I56: 718 | J56: CHIS | K56: 674 | L56: 999 | N56: Development SDA Theology | Q56: 028 | R56: 7 | U56: ASYNC | V56: FP | W56: 2,3 | X56: 2 | Y56: 45 | Z56: WEB | AA56: 12-MAY-25 | AD56: 12-MAY-25 | AE56: 01-AUG-25 | AH56: 01-AUG-25 | AT56: Burton, Kevin M. | AU56: =IF($AT56="","",IFERROR(INDEX(InstructorMap!$B:$B, MATCH($AT56, InstructorMap!$A:$A, 0)),"")) | AV56: =IF($AT56="","",IFERROR(INDEX(InstructorMap!$C:$C, MATCH($AT56, InstructorMap!$A:$A, 0)),"")) | AW56: 100 | BB56: 160 | BC56: ES12 | BD56: BILL | BE56: FP | BG56: 202531 | BH56: CHIS | BI56: 02-JUN-25 | BJ56: A | BL56: N | BM56: P-CHIS674 | BO56: MOODL | BQ56: ADVN,THEO | BT56: 70 | BU56: 3 | BV56: 0 | BW56: Y | CF56: Y | CS56: 12 | CT56: 202531 | CU56: 1 | CV56: 0
H57: 718-02 | I57: 718 | J57: CHIS | K57: 674 | L57: 999 | N57: Development SDA Theology | Q57: 028 | R57: 7 | U57: ASYNC | V57: FP | W57: 2,3 | X57: 2 | Y57: 45 | Z57: WEB | AA57: 12-MAY-25 | AD57: 12-MAY-25 | AE57: 01-AUG-25 | AH57: 01-AUG-25 | AT57: Burton, Kevin M. | AU57: =IF($AT57="","",IFERROR(INDEX(InstructorMap!$B:$B, MATCH($AT57, InstructorMap!$A:$A, 0)),"")) | AV57: =IF($AT57="","",IFERROR(INDEX(InstructorMap!$C:$C, MATCH($AT57, InstructorMap!$A:$A, 0)),"")) | AW57: 100 | BB57: 160 | BC57: ES12 | BD57: BILL | BE57: FP | BG57: 202531 | BH57: CHIS | BI57: 02-JUN-25 | BJ57: A | BL57: N | BM57: P-CHIS674 | BO57: MOODL | BQ57: ADVN,THEO | BT57: 70 | BU57: 3 | BV57: 0 | BW57: Y | CF57: Y | CS57: 12 | CT57: 202531 | CU57: 1 | CV57: 7
H58: 3269-02 | I58: 3269 | J58: CHIS | K58: 640 | L58: 042 | N58: Reformation: | O58: Reform-Martin Luther | Q58: 316 | R58: 0 | W58: 2,3 | X58: 3 | Y58: 25 | Z58: POST | AA58: 09-JUN-25 | AD58: 23-JUN-25 | AE58: 01-AUG-25 | AH58: 01-AUG-25 | AT58: O'Reggio, Trevor E. | AU58: =IF($AT58="","",IFERROR(INDEX(InstructorMap!$B:$B, MATCH($AT58, InstructorMap!$A:$A, 0)),"")) | AV58: =IF($AT58="","",IFERROR(INDEX(InstructorMap!$C:$C, MATCH($AT58, InstructorMap!$A:$A, 0)),"")) | AW58: 100 | BH58: CHIS | BI58: 08-JUN-25 | BJ58: A | BK58: 3 | BL58: BL | BO58: MOODL | BQ58: CH1,REFM | BT58: 70 | BU58: 3 | BV58: 0 | BW58: Y | CF58: Y | CS58: 8 | CT58: 202531 | CU58: W
H59: 3269-04 | I59: 3269 | J59: CHIS | K59: 640 | L59: 042 | N59: Reformation: | O59: Reform-Martin Luther | Q59: 316 | R59: 0 | W59: 2,3 | X59: 3 | Y59: 25 | Z59: TOUR | AA59: 09-JUN-25 | AD59: 09-JUN-25 | AE59: 22-JUN-25 | AH59: 01-AUG-25 | AT59: O'Reggio, Trevor E. | AU59: =IF($AT59="","",IFERROR(INDEX(InstructorMap!$B:$B, MATCH($AT59, InstructorMap!$A:$A, 0)),"")) | AV59: =IF($AT59="","",IFERROR(INDEX(InstructorMap!$C:$C, MATCH($AT59, InstructorMap!$A:$A, 0)),"")) | AW59: 100 | BH59: CHIS | BI59: 08-JUN-25 | BJ59: A | BK59: 3 | BL59: BL | BO59: MOODL | BQ59: CH1,REFM | BT59: 70 | BU59: 3 | BV59: 0 | BW59: Y | CF59: Y | CS59: 8 | CT59: 202531 | CU59: W
H60: 3405-02 | I60: 3405 | J60: CHIS | K60: 690 | L60: 104 | N60: Ind St: | O60: Ind St: Dev. of SDA Theology | R60: 0 | W60: 1-3 | X60: 1 | Y60: 25 | Z60: CLAS | AA60: 12-MAY-25 | AD60: 12-MAY-25 | AE60: 01-AUG-25 | AH60: 01-AUG-25 | AT60: Burton, Kevin M. | AU60: =IF($AT60="","",IFERROR(INDEX(InstructorMap!$B:$B, MATCH($AT60, InstructorMap!$A:$A, 0)),"")) | AV60: =IF($AT60="","",IFERROR(INDEX(InstructorMap!$C:$C, MATCH($AT60, InstructorMap!$A:$A, 0)),"")) | AW60: 100 | BH60: CHIS | BI60: 27-JUN-25 | BJ60: A | BK60: 1 | BL60: I | BO60: MOODL | BT60: 70 | BU60: 1 | BV60: 0 | BW60: Y | CF60: Y | CS60: 12 | CT60: 202531 | CU60: 1
H61: 1309-02 | I61: 1309 | J61: CHIS | K61: 690 | L61: 101 | N61: Ind St: | O61: Ind St: Early Church to AD 604 | R61: 0 | W61: 1-3 | Y61: 999 | Z61: CLAS | AA61: 12-MAY-25 | AD61: 13-MAY-25 | AE61: 01-AUG-25 | AH61: 01-AUG-25 | AT61: Reeve, John W. | AU61: =IF($AT61="","",IFERROR(INDEX(InstructorMap!$B:$B, MATCH($AT61, InstructorMap!$A:$A, 0)),"")) | AV61: =IF($AT61="","",IFERROR(INDEX(InstructorMap!$C:$C, MATCH($AT61, InstructorMap!$A:$A, 0)),"")) | AW61: 100 | BH61: CHIS | BI61: 27-JUN-25 | BJ61: A | BL61: I | BO61: MOODL | BT61: 70 | BU61: 1 | BV61: 0 | BW61: Y | CF61: Y | CR61: IT | CS61: 12 | CT61: 202531 | CU61: 1
H62: 3265-03 | I62: 3265 | J62: CHIS | K62: 600 | L62: 997 | N62: The Early Church to AD 604 | Q62: 314 | R62: 7 | U62: SYNC | V62: FP | W62: 2,3 | X62: 3 | Y62: 20 | Z62: PRE | AA62: 07-JUL-25 | AD62: 07-JUL-25 | AE62: 13-JUL-25 | AH62: 01-AUG-25 | AT62: Reeve, John W. | AU62: =IF($AT62="","",IFERROR(INDEX(InstructorMap!$B:$B, MATCH($AT62, InstructorMap!$A:$A, 0)),"")) | AV62: =IF($AT62="","",IFERROR(INDEX(InstructorMap!$C:$C, MATCH($AT62, InstructorMap!$A:$A, 0)),"")) | AW62: 100 | BB62: 160 | BC62: ES12 | BD62: BILL | BE62: FP | BG62: 202531 | BH62: CHIS | BI62: 06-JUL-25 | BJ62: A | BK62: 3 | BL62: N | BO62: MOODL | BQ62: CH1 | BT62: 70 | BU62: 1 | BV62: 0 | BW62: Y | BX62: O | CF62: Y | CS62: 4 | CT62: 202531 | CU62: Q | CV62: 0
H63: 3265-04 | I63: 3265 | J63: CHIS | K63: 600 | L63: 997 | N63: The Early Church to AD 604 | Q63: 314 | R63: 7 | U63: SYNC | V63: FP | W63: 2,3 | X63: 3 | Y63: 20 | Z63: PRE | AA63: 07-JUL-25 | AD63: 07-JUL-25 | AE63: 13-JUL-25 | AH63: 01-AUG-25 | AT63: Reeve, John W. | AU63: =IF($AT63="","",IFERROR(INDEX(InstructorMap!$B:$B, MATCH($AT63, InstructorMap!$A:$A, 0)),"")) | AV63: =IF($AT63="","",IFERROR(INDEX(InstructorMap!$C:$C, MATCH($AT63, InstructorMap!$A:$A, 0)),"")) | AW63: 100 | BB63: 160 | BC63: ES12 | BD63: BILL | BE63: FP | BG63: 202531 | BH63: CHIS | BI63: 06-JUL-25 | BJ63: A | BK63: 3 | BL63: N | BO63: MOODL | BQ63: CH1 | BT63: 70 | BU63: 1 | BV63: 0 | BW63: Y | BX63: O | CF63: Y | CS63: 4 | CT63: 202531 | CU63: Q | CV63: 7
H64: 3265-07 | I64: 3265 | J64: CHIS | K64: 600 | L64: 997 | N64: The Early Church to AD 604 | Q64: 314 | R64: 7 | U64: SYNC | V64: FP | W64: 2,3 | X64: 3 | Y64: 20 | Z64: WEB | AA64: 07-JUL-25 | AD64: 14-JUL-25 | AE64: 01-AUG-25 | AH64: 01-AUG-25 | AI64: 0830 | AJ64: 1220 | AL64: M | AM64: T | AN64: W | AO64: R | AT64: Reeve, John W. | AU64: =IF($AT64="","",IFERROR(INDEX(InstructorMap!$B:$B, MATCH($AT64, InstructorMap!$A:$A, 0)),"")) | AV64: =IF($AT64="","",IFERROR(INDEX(InstructorMap!$C:$C, MATCH($AT64, InstructorMap!$A:$A, 0)),"")) | AW64: 100 | BB64: 160 | BC64: ES12 | BD64: BILL | BE64: FP | BG64: 202531 | BH64: CHIS | BI64: 06-JUL-25 | BJ64: A | BK64: 3 | BL64: N | BO64: MOODL | BQ64: CH1 | BT64: 70 | BU64: 1 | BV64: 0 | BW64: Y | BX64: O | CF64: Y | CS64: 4 | CT64: 202531 | CU64: Q | CV64: 0
H65: 3265-08 | I65: 3265 | J65: CHIS | K65: 600 | L65: 997 | N65: The Early Church to AD 604 | Q65: 314 | R65: 7 | U65: SYNC | V65: FP | W65: 2,3 | X65: 3 | Y65: 20 | Z65: WEB | AA65: 07-JUL-25 | AD65: 14-JUL-25 | AE65: 01-AUG-25 | AH65: 01-AUG-25 | AI65: 0830 | AJ65: 1220 | AL65: M | AM65: T | AN65: W | AO65: R | AT65: Reeve, John W. | AU65: =IF($AT65="","",IFERROR(INDEX(InstructorMap!$B:$B, MATCH($AT65, InstructorMap!$A:$A, 0)),"")) | AV65: =IF($AT65="","",IFERROR(INDEX(InstructorMap!$C:$C, MATCH($AT65, InstructorMap!$A:$A, 0)),"")) | AW65: 100 | BB65: 160 | BC65: ES12 | BD65: BILL | BE65: FP | BG65: 202531 | BH65: CHIS | BI65: 06-JUL-25 | BJ65: A | BK65: 3 | BL65: N | BO65: MOODL | BQ65: CH1 | BT65: 70 | BU65: 1 | BV65: 0 | BW65: Y | BX65: O | CF65: Y | CS65: 4 | CT65: 202531 | CU65: Q | CV65: 7
H66: 3293-02 | I66: 3293 | J66: CHIS | K66: 880 | L66: 001 | N66: Topics in Church History: | O66: Top CHIS: Early Chch to AD 604 | Q66: 314 | R66: 0 | W66: 1-3 | X66: 3 | Y66: 25 | Z66: CLAS | AA66: 07-JUL-25 | AD66: 14-JUL-25 | AE66: 01-AUG-25 | AH66: 01-AUG-25 | AI66: 0830 | AJ66: 1220 | AL66: M | AM66: T | AN66: W | AO66: R | AR66: N150 | AS66: Seminary Building [SEM] | AT66: Reeve, John W. | AU66: =IF($AT66="","",IFERROR(INDEX(InstructorMap!$B:$B, MATCH($AT66, InstructorMap!$A:$A, 0)),"")) | AV66: =IF($AT66="","",IFERROR(INDEX(InstructorMap!$C:$C, MATCH($AT66, InstructorMap!$A:$A, 0)),"")) | AW66: 100 | BH66: CHIS | BI66: 15-JUL-25 | BJ66: A | BK66: 3 | BL66: A | BO66: MOODL | BT66: 70 | BU66: 0 | BV66: 0 | BW66: Y | BX66: O | CF66: Y | CH66: O | CS66: 4 | CT66: 202531 | CU66: Q
H67: 3293-04 | I67: 3293 | J67: CHIS | K67: 880 | L67: 001 | N67: Topics in Church History: | O67: Top CHIS: Early Chch to AD 604 | Q67: 314 | R67: 0 | W67: 1-3 | X67: 3 | Y67: 25 | Z67: PRE | AA67: 07-JUL-25 | AD67: 07-JUL-25 | AE67: 13-JUL-25 | AH67: 01-AUG-25 | AT67: Reeve, John W. | AU67: =IF($AT67="","",IFERROR(INDEX(InstructorMap!$B:$B, MATCH($AT67, InstructorMap!$A:$A, 0)),"")) | AV67: =IF($AT67="","",IFERROR(INDEX(InstructorMap!$C:$C, MATCH($AT67, InstructorMap!$A:$A, 0)),"")) | AW67: 100 | BH67: CHIS | BI67: 15-JUL-25 | BJ67: A | BK67: 3 | BL67: A | BO67: MOODL | BT67: 70 | BU67: 0 | BV67: 0 | BW67: Y | BX67: O | CF67: Y | CS67: 4 | CT67: 202531 | CU67: Q
H68: 3292-03 | I68: 3292 | J68: CHIS | K68: 507 | L68: 999 | N68: Church History 1500 to Present | R68: 7 | U68: ASYNC | V68: FP | W68: 2,3 | X68: 2 | Y68: 35 | Z68: CLAS | AA68: 12-MAY-25 | AD68: 12-MAY-25 | AE68: 01-AUG-25 | AH68: 01-AUG-25 | AT68: Miller, Nicholas P. | AU68: =IF($AT68="","",IFERROR(INDEX(InstructorMap!$B:$B, MATCH($AT68, InstructorMap!$A:$A, 0)),"")) | AV68: =IF($AT68="","",IFERROR(INDEX(InstructorMap!$C:$C, MATCH($AT68, InstructorMap!$A:$A, 0)),"")) | AW68: 100 | BB68: 160 | BC68: ES12 | BD68: BILL | BE68: FP | BG68: 202531 | BH68: CHIS | BI68: 21-JUL-25 | BJ68: A | BK68: 2 | BL68: N | BO68: MOODL | BT68: 70 | BU68: 13 | BV68: 0 | BW68: Y | CF68: Y | CS68: 12 | CT68: 202531 | CU68: 1 | CV68: 0
H69: 3292-04 | I69: 3292 | J69: CHIS | K69: 507 | L69: 999 | N69: Church History 1500 to Present | R69: 7 | U69: ASYNC | V69: FP | W69: 2,3 | X69: 2 | Y69: 35 | Z69: CLAS | AA69: 12-MAY-25 | AD69: 12-MAY-25 | AE69: 01-AUG-25 | AH69: 01-AUG-25 | AT69: Miller, Nicholas P. | AU69: =IF($AT69="","",IFERROR(INDEX(InstructorMap!$B:$B, MATCH($AT69, InstructorMap!$A:$A, 0)),"")) | AV69: =IF($AT69="","",IFERROR(INDEX(InstructorMap!$C:$C, MATCH($AT69, InstructorMap!$A:$A, 0)),"")) | AW69: 100 | BB69: 160 | BC69: ES12 | BD69: BILL | BE69: FP | BG69: 202531 | BH69: CHIS | BI69: 21-JUL-25 | BJ69: A | BK69: 2 | BL69: N | BO69: MOODL | BT69: 70 | BU69: 13 | BV69: 0 | BW69: Y | CF69: Y | CS69: 12 | CT69: 202531 | CU69: 1 | CV69: 7
H70: 706-03 | I70: 706 | J70: CHIS | K70: 600 | L70: 998 | N70: The Early Church to AD 604 | Q70: 314 | R70: 7 | U70: SYNC | V70: FP | W70: 2,3 | X70: 2 | Y70: 20 | Z70: PRE | AA70: 07-JUL-25 | AD70: 07-JUL-25 | AE70: 13-JUL-25 | AH70: 01-AUG-25 | AT70: Reeve, John W. | AU70: =IF($AT70="","",IFERROR(INDEX(InstructorMap!$B:$B, MATCH($AT70, InstructorMap!$A:$A, 0)),"")) | AV70: =IF($AT70="","",IFERROR(INDEX(InstructorMap!$C:$C, MATCH($AT70, InstructorMap!$A:$A, 0)),"")) | AW70: 100 | BB70: 160 | BC70: ES12 | BD70: BILL | BE70: FP | BG70: 202531 | BH70: CHIS | BI70: 22-JUL-25 | BJ70: A | BL70: N | BO70: MOODL | BQ70: CH1 | BT70: 70 | BU70: 8 | BV70: 0 | BW70: Y | BX70: O | CF70: Y | CS70: 4 | CT70: 202531 | CU70: Q | CV70: 0
H71: 706-04 | I71: 706 | J71: CHIS | K71: 600 | L71: 998 | N71: The Early Church to AD 604 | Q71: 314 | R71: 7 | U71: SYNC | V71: FP | W71: 2,3 | X71: 2 | Y71: 20 | Z71: PRE | AA71: 07-JUL-25 | AD71: 07-JUL-25 | AE71: 13-JUL-25 | AH71: 01-AUG-25 | AT71: Reeve, John W. | AU71: =IF($AT71="","",IFERROR(INDEX(InstructorMap!$B:$B, MATCH($AT71, InstructorMap!$A:$A, 0)),"")) | AV71: =IF($AT71="","",IFERROR(INDEX(InstructorMap!$C:$C, MATCH($AT71, InstructorMap!$A:$A, 0)),"")) | AW71: 100 | BB71: 160 | BC71: ES12 | BD71: BILL | BE71: FP | BG71: 202531 | BH71: CHIS | BI71: 22-JUL-25 | BJ71: A | BL71: N | BO71: MOODL | BQ71: CH1 | BT71: 70 | BU71: 8 | BV71: 0 | BW71: Y | BX71: O | CF71: Y | CS71: 4 | CT71: 202531 | CU71: Q | CV71: 7
H72: 706-07 | I72: 706 | J72: CHIS | K72: 600 | L72: 998 | N72: The Early Church to AD 604 | Q72: 314 | R72: 7 | U72: SYNC | V72: FP | W72: 2,3 | X72: 2 | Y72: 20 | Z72: WEB | AA72: 07-JUL-25 | AD72: 14-JUL-25 | AE72: 01-AUG-25 | AH72: 01-AUG-25 | AI72: 0830 | AJ72: 1220 | AL72: M | AM72: T | AN72: W | AO72: R | AT72: Reeve, John W. | AU72: =IF($AT72="","",IFERROR(INDEX(InstructorMap!$B:$B, MATCH($AT72, InstructorMap!$A:$A, 0)),"")) | AV72: =IF($AT72="","",IFERROR(INDEX(InstructorMap!$C:$C, MATCH($AT72, InstructorMap!$A:$A, 0)),"")) | AW72: 100 | BB72: 160 | BC72: ES12 | BD72: BILL | BE72: FP | BG72: 202531 | BH72: CHIS | BI72: 22-JUL-25 | BJ72: A | BL72: N | BO72: MOODL | BQ72: CH1 | BT72: 70 | BU72: 8 | BV72: 0 | BW72: Y | BX72: O | CF72: Y | CS72: 4 | CT72: 202531 | CU72: Q | CV72: 0
H73: 706-08 | I73: 706 | J73: CHIS | K73: 600 | L73: 998 | N73: The Early Church to AD 604 | Q73: 314 | R73: 7 | U73: SYNC | V73: FP | W73: 2,3 | X73: 2 | Y73: 20 | Z73: WEB | AA73: 07-JUL-25 | AD73: 14-JUL-25 | AE73: 01-AUG-25 | AH73: 01-AUG-25 | AI73: 0830 | AJ73: 1220 | AL73: M | AM73: T | AN73: W | AO73: R | AT73: Reeve, John W. | AU73: =IF($AT73="","",IFERROR(INDEX(InstructorMap!$B:$B, MATCH($AT73, InstructorMap!$A:$A, 0)),"")) | AV73: =IF($AT73="","",IFERROR(INDEX(InstructorMap!$C:$C, MATCH($AT73, InstructorMap!$A:$A, 0)),"")) | AW73: 100 | BB73: 160 | BC73: ES12 | BD73: BILL | BE73: FP | BG73: 202531 | BH73: CHIS | BI73: 22-JUL-25 | BJ73: A | BL73: N | BO73: MOODL | BQ73: CH1 | BT73: 70 | BU73: 8 | BV73: 0 | BW73: Y | BX73: O | CF73: Y | CS73: 4 | CT73: 202531 | CU73: Q | CV73: 7
H74: 3295-03 | I74: 3295 | J74: CHIS | K74: 674 | L74: 998 | N74: Development SDA Theology | Q74: 028 | R74: 7 | U74: ASYNC | V74: FP | W74: 2,3 | X74: 3 | Y74: 45 | Z74: WEB | AA74: 12-MAY-25 | AD74: 12-MAY-25 | AE74: 01-AUG-25 | AH74: 01-AUG-25 | AT74: Burton, Kevin M. | AU74: =IF($AT74="","",IFERROR(INDEX(InstructorMap!$B:$B, MATCH($AT74, InstructorMap!$A:$A, 0)),"")) | AV74: =IF($AT74="","",IFERROR(INDEX(InstructorMap!$C:$C, MATCH($AT74, InstructorMap!$A:$A, 0)),"")) | AW74: 100 | BB74: 160 | BC74: ES12 | BD74: BILL | BE74: FP | BG74: 202531 | BH74: CHIS | BI74: 30-JUL-25 | BJ74: A | BK74: 3 | BL74: N | BM74: P-CHIS674 | BO74: MOODL | BQ74: ADVN,THEO | BT74: 70 | BU74: 22 | BV74: 0 | BW74: Y | CF74: Y | CS74: 12 | CT74: 202531 | CU74: 1 | CV74: 0
H75: 3295-04 | I75: 3295 | J75: CHIS | K75: 674 | L75: 998 | N75: Development SDA Theology | Q75: 028 | R75: 7 | U75: ASYNC | V75: FP | W75: 2,3 | X75: 3 | Y75: 45 | Z75: WEB | AA75: 12-MAY-25 | AD75: 12-MAY-25 | AE75: 01-AUG-25 | AH75: 01-AUG-25 | AT75: Burton, Kevin M. | AU75: =IF($AT75="","",IFERROR(INDEX(InstructorMap!$B:$B, MATCH($AT75, InstructorMap!$A:$A, 0)),"")) | AV75: =IF($AT75="","",IFERROR(INDEX(InstructorMap!$C:$C, MATCH($AT75, InstructorMap!$A:$A, 0)),"")) | AW75: 100 | BB75: 160 | BC75: ES12 | BD75: BILL | BE75: FP | BG75: 202531 | BH75: CHIS | BI75: 30-JUL-25 | BJ75: A | BK75: 3 | BL75: N | BM75: P-CHIS674 | BO75: MOODL | BQ75: ADVN,THEO | BT75: 70 | BU75: 22 | BV75: 0 | BW75: Y | CF75: Y | CS75: 12 | CT75: 202531 | CU75: 1 | CV75: 7
H76: 2740-02 | I76: 2740 | J76: CHIS | K76: 600 | L76: 001 | N76: The Early Church to AD 604 | Q76: 314 | R76: 0 | W76: 2,3 | X76: 2 | Y76: 20 | Z76: CLAS | AA76: 07-JUL-25 | AD76: 14-JUL-25 | AE76: 01-AUG-25 | AH76: 01-AUG-25 | AI76: 0830 | AJ76: 1220 | AL76: M | AM76: T | AN76: W | AO76: R | AR76: N150 | AS76: Seminary Building [SEM] | AT76: Reeve, John W. | AU76: =IF($AT76="","",IFERROR(INDEX(InstructorMap!$B:$B, MATCH($AT76, InstructorMap!$A:$A, 0)),"")) | AV76: =IF($AT76="","",IFERROR(INDEX(InstructorMap!$C:$C, MATCH($AT76, InstructorMap!$A:$A, 0)),"")) | AW76: 100 | BH76: CHIS | BI76: 04-AUG-25 | BJ76: A | BK76: 2 | BL76: A | BO76: MOODL | BQ76: CH1 | BT76: 70 | BU76: 16 | BV76: 0 | BW76: Y | BX76: O | CF76: Y | CH76: O | CS76: 4 | CT76: 202531 | CU76: Q
H77: 2740-04 | I77: 2740 | J77: CHIS | K77: 600 | L77: 001 | N77: The Early Church to AD 604 | Q77: 314 | R77: 0 | W77: 2,3 | X77: 2 | Y77: 20 | Z77: PRE | AA77: 07-JUL-25 | AD77: 07-JUL-25 | AE77: 13-JUL-25 | AH77: 01-AUG-25 | AT77: Reeve, John W. | AU77: =IF($AT77="","",IFERROR(INDEX(InstructorMap!$B:$B, MATCH($AT77, InstructorMap!$A:$A, 0)),"")) | AV77: =IF($AT77="","",IFERROR(INDEX(InstructorMap!$C:$C, MATCH($AT77, InstructorMap!$A:$A, 0)),"")) | AW77: 100 | BH77: CHIS | BI77: 04-AUG-25 | BJ77: A | BK77: 2 | BL77: A | BO77: MOODL | BQ77: CH1 | BT77: 70 | BU77: 16 | BV77: 0 | BW77: Y | BX77: O | CF77: Y | CS77: 4 | CT77: 202531 | CU77: Q
H78: 3264-02 | I78: 3264 | J78: CHIS | K78: 600 | L78: 002 | N78: The Early Church to AD 604 | Q78: 314 | R78: 0 | W78: 2,3 | X78: 3 | Y78: 20 | Z78: CLAS | AA78: 07-JUL-25 | AD78: 14-JUL-25 | AE78: 01-AUG-25 | AH78: 01-AUG-25 | AI78: 0830 | AJ78: 1220 | AL78: M | AM78: T | AN78: W | AO78: R | AR78: N150 | AS78: Seminary Building [SEM] | AT78: Reeve, John W. | AU78: =IF($AT78="","",IFERROR(INDEX(InstructorMap!$B:$B, MATCH($AT78, InstructorMap!$A:$A, 0)),"")) | AV78: =IF($AT78="","",IFERROR(INDEX(InstructorMap!$C:$C, MATCH($AT78, InstructorMap!$A:$A, 0)),"")) | AW78: 100 | BH78: CHIS | BI78: 04-AUG-25 | BJ78: A | BK78: 3 | BL78: A | BO78: MOODL | BQ78: CH1 | BT78: 70 | BU78: 0 | BV78: 0 | BW78: Y | BX78: O | CF78: Y | CH78: O | CS78: 4 | CT78: 202531 | CU78: Q
H79: 3264-04 | I79: 3264 | J79: CHIS | K79: 600 | L79: 002 | N79: The Early Church to AD 604 | Q79: 314 | R79: 0 | W79: 2,3 | X79: 3 | Y79: 20 | Z79: PRE | AA79: 07-JUL-25 | AD79: 07-JUL-25 | AE79: 13-JUL-25 | AH79: 01-AUG-25 | AT79: Reeve, John W. | AU79: =IF($AT79="","",IFERROR(INDEX(InstructorMap!$B:$B, MATCH($AT79, InstructorMap!$A:$A, 0)),"")) | AV79: =IF($AT79="","",IFERROR(INDEX(InstructorMap!$C:$C, MATCH($AT79, InstructorMap!$A:$A, 0)),"")) | AW79: 100 | BH79: CHIS | BI79: 04-AUG-25 | BJ79: A | BK79: 3 | BL79: A | BO79: MOODL | BQ79: CH1 | BT79: 70 | BU79: 0 | BV79: 0 | BW79: Y | BX79: O | CF79: Y | CS79: 4 | CT79: 202531 | CU79: Q
H80: 1305-02 | I80: 1305 | J80: CHIS | K80: 895 | L80: 101 | N80: Directed Rdg Adventist Studies | O80: DirRdg:Gen SDA Hst in Cntxt | R80: 0 | W80: 1-6 | Y80: 999 | Z80: CLAS | AA80: 12-MAY-25 | AD80: 12-MAY-25 | AE80: 01-AUG-25 | AH80: 01-AUG-25 | AT80: Kaiser, Denis | AU80: =IF($AT80="","",IFERROR(INDEX(InstructorMap!$B:$B, MATCH($AT80, InstructorMap!$A:$A, 0)),"")) | AV80: =IF($AT80="","",IFERROR(INDEX(InstructorMap!$C:$C, MATCH($AT80, InstructorMap!$A:$A, 0)),"")) | AW80: 100 | BH80: CHIS | BI80: 19-AUG-25 | BJ80: A | BL80: I | BO80: MOODL | BQ80: ADVN | BT80: 70 | BU80: 1 | BV80: 0 | BW80: Y | CF80: Y | CR80: IT | CS80: 12 | CT80: 202531 | CU80: 1

Sheet DSLE
A1: Don {not in Banner} | B1: Mismatching {not in Banner} | C1: Dept/Prog Admin {not in Banner} | D1: Mona {not in Banner} | E1: Karen {not in Banner} | F1: DONE {not in Banner} | G1: Notes {not in Banner} | H1: CRN sorted {not in Banner} | I1: CRN | J1: Subject | K1: Course Number {Crse Num} | L1: Course Section {Seq Crse Num} | M1: Program {not in Banner} | N1: Catalog Title | O1: Section Title | P1: Crosslist Details {not in Banner} | Q1: X Lst | R1: Campus {Ssasect Campus} | S1: Campus Restriction {Camp Restr CC} | T1: Schedule Type {not in Banner} | U1: Instruction Method {Inst Method} | V1: Level {Level SC} | W1: Credit Catalog {Cat Crs} | X1: Credits {Sect Crs} | Y1: Enrollment Cap {Max Enrl} | Z1: Meeting Type | AA1: Semester Start Date {Soaterm Start Date} | AB1: Pre-work Start Date {not in Banner} | AC1: Pre-work End Date {not in Banner} | AD1: Course Start Date {Meet Start Date} | AE1: Course End Date {Meet End Date} | AF1: Post-work Start Date {not in Banner} | AG1: Post-work End Date {not in Banner} | AH1: Semester End Date {Soaterm End Date} | AI1: Course Beginning Time {Meet Beg Time} | AJ1: Course Ending Time {Meet End Time} | AK1: SUN | AL1: MON | AM1: TUE | AN1: WED | AO1: THU | AP1: FRI | AQ1: SAT | AR1: Room {Meet Room} | AS1: Building {Meet Bldg} | AT1: Instructor Name {Instr Name} | AU1: Instructor Email {Instr Email} | AV1: Instructor ID {Instr ID} | AW1: % Responsibility | AX1: load/contract {not in Banner} | AY1: costs per credit {not in Banner} | AZ1: total costs {not in Banner} | BA1: account to be charged {not in Banner} | BB1: Fee Amount {Fees Amt} | BC1: Fee Code {Detl Code} | BD1: Fee Type | BE1: Fee Level | BF1: Fee Ind | BG1: Fee Term | BH1: SEM Department {Scacrse Dept} | BI1: Activity Date | BJ1: Status | BK1: Bill Hrs | BL1: Sect Sch Type | BM1: Prerequisites {Preq Areas} | BN1: Link Ind | BO1: Integration Code | BP1: Link Conn | BQ1: Crs Attr | BR1: Comments | BS1: Major Restr | BT1: Scacrse College | BU1: Enrolled | BV1: Waitlist Capacity | BW1: Primary Ind | BX1: Override | BY1: 1st Date Reg Opens | BZ1: Last Date Reg Opens | CA1: OL Range From Date | CB1: OL Range To Date | CC1: OL Numb Units | CD1: OL Duration Code | CE1: Grade Mode | CF1: Gradable Ind | CG1: Tuit Waiver | CH1: Course Override {Meet Override} | CI1: Lvl Res Ind | CJ1: Cmp Res Ind | CK1: Rate Code | CL1: Cohort Code | CM1: St Attr Code | CN1: Coll SC | CO1: DegC SC | CP1: Prog SC | CQ1: FOS Type | CR1: Special Approval {Special Apvl} | CS1: Weeks | CT1: Term Code | CU1: Part-Of-Term | CV1: Camp SC
H2: 849-02 | I2: 849 | J2: DSLE | K2: 680 | L2: 001 | N2: Field Practicum: | O2: Field Practicum:________ | R2: 0 | W2: 1-6 | Y2: 999 | Z2: CLAS | AA2: 12-MAY-25 | AD2: 12-MAY-25 | AE2: 01-AUG-25 | AH2: 01-AUG-25 | AT2: Paquini, Rogelio | AU2: =IF($AT2="","",IFERROR(INDEX(InstructorMap!$B:$B, MATCH($AT2, InstructorMap!$A:$A, 0)),"")) | AV2: =IF($AT2="","",IFERROR(INDEX(InstructorMap!$C:$C, MATCH($AT2, InstructorMap!$A:$A, 0)),"")) | AW2: 100 | BH2: DSLE | BI2: 27-JAN-25 | BJ2: A | BL2: P | BO2: MOODL | BT2: 70 | BU2: 0 | BV2: 0 | BW2: Y | CF2: Y | CS2: 12 | CT2: 202531 | CU2: 1
H3: 850-02 | I3: 850 | J3: DSLE | K3: 680 | L3: 002 | N3: Field Practicum: | O3: Field Practicum:________ | R3: 0 | W3: 1-6 | Y3: 999 | Z3: CLAS | AA3: 12-MAY-25 | AD3: 12-MAY-25 | AE3: 01-AUG-25 | AH3: 01-AUG-25 | AT3: Paquini, Rogelio | AU3: =IF($AT3="","",IFERROR(INDEX(InstructorMap!$B:$B, MATCH($AT3, InstructorMap!$A:$A, 0)),"")) | AV3: =IF($AT3="","",IFERROR(INDEX(InstructorMap!$C:$C, MATCH($AT3, InstructorMap!$A:$A, 0)),"")) | AW3: 100 | BH3: DSLE | BI3: 27-JAN-25 | BJ3: A | BL3: P | BO3: MOODL | BT3: 70 | BU3: 0 | BV3: 0 | BW3: Y | CF3: Y | CS3: 12 | CT3: 202531 | CU3: 1
H4: 851-02 | I4: 851 | J4: DSLE | K4: 870 | L4: 101 | N4: Adv Studies: | R4: 0 | W4: 1-4 | X4: 3 | Y4: 999 | Z4: CLAS | AA4: 12-MAY-25 | AD4: 12-MAY-25 | AE4: 01-AUG-25 | AH4: 01-AUG-25 | AT4: Fraser, Jasmine J. | AU4: =IF($AT4="","",IFERROR(INDEX(InstructorMap!$B:$B, MATCH($AT4, InstructorMap!$A:$A, 0)),"")) | AV4: =IF($AT4="","",IFERROR(INDEX(InstructorMap!$C:$C, MATCH($AT4, InstructorMap!$A:$A, 0)),"")) | AW4: 100 | BH4: DSLE | BI4: 27-JAN-25 | BJ4: A | BK4: 3 | BL4: I | BO4: MOODL | BT4: 70 | BU4: 0 | BV4: 0 | BW4: Y | CF4: Y | CR4: IT | CS4: 12 | CT4: 202531 | CU4: 1
H5: 853-02 | I5: 853 | J5: DSLE | K5: 880 | L5: 101 | N5: PhD (DSLE) Prog Cont | O5: PhD (Rel Education) Prog Cont | R5: 0 | W5: 0 | Y5: 999 | Z5: CLAS | AA5: 12-MAY-25 | AD5: 12-MAY-25 | AE5: 01-AUG-25 | AH5: 01-AUG-25 | AT5: Fraser, Jasmine J. | AU5: =IF($AT5="","",IFERROR(INDEX(InstructorMap!$B:$B, MATCH($AT5, InstructorMap!$A:$A, 0)),"")) | AV5: =IF($AT5="","",IFERROR(INDEX(InstructorMap!$C:$C, MATCH($AT5, InstructorMap!$A:$A, 0)),"")) | AW5: 100 | BH5: DSLE | BI5: 27-JAN-25 | BJ5: A | BL5: I | BO5: MOODL | BT5: 70 | BU5: 0 | BV5: 0 | BW5: Y | CF5: Y | CS5: 12 | CT5: 202531 | CU5: 1
H6: 854-02 | I6: 854 | J6: DSLE | K6: 885 | L6: 001 | N6: Field Practicum: | O6: Field Practicum: | R6: 0 | W6: 1-5 | Y6: 999 | Z6: CLAS | AA6: 12-MAY-25 | AD6: 12-MAY-25 | AE6: 01-AUG-25 | AH6: 01-AUG-25 | AT6: Fraser, Jasmine J. | AU6: =IF($AT6="","",IFERROR(INDEX(InstructorMap!$B:$B, MATCH($AT6, InstructorMap!$A:$A, 0)),"")) | AV6: =IF($AT6="","",IFERROR(INDEX(InstructorMap!$C:$C, MATCH($AT6, InstructorMap!$A:$A, 0)),"")) | AW6: 100 | BH6: DSLE | BI6: 27-JAN-25 | BJ6: A | BL6: P | BO6: MOODL | BT6: 70 | BU6: 0 | BV6: 0 | BW6: Y | CF6: Y | CS6: 12 | CT6: 202531 | CU6: 1
H7: 857-02 | I7: 857 | J7: DSLE | K7: 994 | L7: 101 | N7: Dissertation:Literature Review | R7: 0 | W7: 1-3 | X7: 3 | Y7: 999 | Z7: CLAS | AA7: 12-MAY-25 | AD7: 12-MAY-25 | AE7: 01-AUG-25 | AH7: 01-AUG-25 | AT7: Fraser, Jasmine J. | AU7: =IF($AT7="","",IFERROR(INDEX(InstructorMap!$B:$B, MATCH($AT7, InstructorMap!$A:$A, 0)),"")) | AV7: =IF($AT7="","",IFERROR(INDEX(InstructorMap!$C:$C, MATCH($AT7, InstructorMap!$A:$A, 0)),"")) | AW7: 100 | BH7: DSLE | BI7: 27-JAN-25 | BJ7: A | BK7: 3 | BL7: I | BO7: MOODL | BQ7: FT | BT7: 70 | BU7: 0 | BV7: 0 | BW7: Y | CF7: Y | CS7: 12 | CT7: 202531 | CU7: 1
H8: 1180-02 | I8: 1180 | J8: DSLE | K8: 699 | L8: 101 | N8: Thesis | R8: 0 | W8: 1-3 | Y8: 999 | Z8: CLAS | AA8: 12-MAY-25 | AD8: 12-MAY-25 | AE8: 01-AUG-25 | AH8: 01-AUG-25 | AT8: Paquini, Rogelio | AU8: =IF($AT8="","",IFERROR(INDEX(InstructorMap!$B:$B, MATCH($AT8, InstructorMap!$A:$A, 0)),"")) | AV8: =IF($AT8="","",IFERROR(INDEX(InstructorMap!$C:$C, MATCH($AT8, InstructorMap!$A:$A, 0)),"")) | AW8: 100 | BH8: DSLE | BI8: 27-JAN-25 | BJ8: A | BL8: I | BO8: MOODL | BT8: 70 | BU8: 0 | BV8: 0 | BW8: Y | CF8: Y | CS8: 12 | CT8: 202531 | CU8: 1
H9: 2841-02 | I9: 2841 | J9: DSLE | K9: 660 | L9: 101 | N9: Field Practicum: MAYYAM | R9: 0 | W9: 1-6 | Y9: 999 | Z9: CLAS | AA9: 12-MAY-25 | AD9: 12-MAY-25 | AE9: 01-AUG-25 | AH9: 01-AUG-25 | AT9: Ward, Scott R. | AU9: =IF($AT9="","",IFERROR(INDEX(InstructorMap!$B:$B, MATCH($AT9, InstructorMap!$A:$A, 0)),"")) | AV9: =IF($AT9="","",IFERROR(INDEX(InstructorMap!$C:$C, MATCH($AT9, InstructorMap!$A:$A, 0)),"")) | AW9: 100 | BH9: DSLE | BI9: 27-JAN-25 | BJ9: A | BL9: P | BO9: MOODL | BT9: 70 | BU9: 0 | BV9: 0 | BW9: Y | CF9: Y | CR9: I | CS9: 12 | CT9: 202531 | CU9: 1
H10: 2871-02 | I10: 2871 | J10: DSLE | K10: 660 | L10: 102 | N10: Field Practicum: MAYYAM | R10: 0 | W10: 1-6 | Y10: 999 | Z10: CLAS | AA10: 12-MAY-25 | AD10: 12-MAY-25 | AE10: 01-AUG-25 | AH10: 01-AUG-25 | AT10: Paquini, Rogelio | AU10: =IF($AT10="","",IFERROR(INDEX(InstructorMap!$B:$B, MATCH($AT10, InstructorMap!$A:$A, 0)),"")) | AV10: =IF($AT10="","",IFERROR(INDEX(InstructorMap!$C:$C, MATCH($AT10, InstructorMap!$A:$A, 0)),"")) | AW10: 100 | BH10: DSLE | BI10: 27-JAN-25 | BJ10: A | BL10: P | BO10: MOODL | BT10: 70 | BU10: 0 | BV10: 0 | BW10: Y | CF10: Y | CR10: I | CS10: 12 | CT10: 202531 | CU10: 1
H11: 852-02 | I11: 852 | J11: DSLE | K11: 878 | L11: 001 | N11: Adv Scholarly & Prof Dev | O11: Adv Scholarly & Prof Dev | R11: 0 | W11: 0 | Y11: 999 | Z11: CLAS | AA11: 12-MAY-25 | AD11: 12-MAY-25 | AE11: 01-AUG-25 | AH11: 01-AUG-25 | AT11: Fraser, Jasmine J. | AU11: =IF($AT11="","",IFERROR(INDEX(InstructorMap!$B:$B, MATCH($AT11, InstructorMap!$A:$A, 0)),"")) | AV11: =IF($AT11="","",IFERROR(INDEX(InstructorMap!$C:$C, MATCH($AT11, InstructorMap!$A:$A, 0)),"")) | AW11: 100 | BH11: DSLE | BI11: 28-APR-25 | BJ11: A | BL11: A | BO11: MOODL | BT11: 70 | BU11: 1 | BV11: 0 | BW11: Y | CF11: Y | CS11: 12 | CT11: 202531 | CU11: 1
H12: 3402-02 | I12: 3402 | J12: DSLE | K12: 690 | L12: 001 | N12: Ind St: | O12: Ind St:Sprtl Nurtr f Chldrn | R12: 0 | W12: 1-3 | X12: 1 | Y12: 10 | Z12: CLAS | AA12: 12-MAY-25 | AD12: 12-MAY-25 | AE12: 01-AUG-25 | AH12: 01-AUG-25 | AT12: Joseph, Ainsworth E. | AU12: =IF($AT12="","",IFERROR(INDEX(InstructorMap!$B:$B, MATCH($AT12, InstructorMap!$A:$A, 0)),"")) | AV12: =IF($AT12="","",IFERROR(INDEX(InstructorMap!$C:$C, MATCH($AT12, InstructorMap!$A:$A, 0)),"")) | AW12: 100 | BH12: DSLE | BI12: 29-APR-25 | BJ12: A | BK12: 1 | BL12: I | BO12: MOODL | BT12: 70 | BU12: 1 | BV12: 0 | BW12: Y | CF12: Y | CR12: I | CS12: 12 | CT12: 202531 | CU12: 1
H13: 3297-02 | I13: 3297 | J13: DSLE | K13: 541 | L13: 001 | N13: Fndtns of Biblicl Spirituality | Q13: 322 | R13: 0 | W13: 2,3 | X13: 3 | Y13: 25 | Z13: CLAS | AA13: 12-MAY-25 | AD13: 18-MAY-25 | AE13: 22-MAY-25 | AH13: 01-AUG-25 | AI13: 0800 | AJ13: 1200 | AL13: M | AM13: T | AN13: W | AO13: R | AR13: 153 | AS13: Buller Hall [BUL] | AT13: Kidder, S Joseph | AU13: =IF($AT13="","",IFERROR(INDEX(InstructorMap!$B:$B, MATCH($AT13, InstructorMap!$A:$A, 0)),"")) | AV13: =IF($AT13="","",IFERROR(INDEX(InstructorMap!$C:$C, MATCH($AT13, InstructorMap!$A:$A, 0)),"")) | AW13: 100 | BH13: DSLE | BI13: 06-MAY-25 | BJ13: A | BK13: 3 | BL13: A | BO13: MOODL | BT13: 70 | BU13: 0 | BV13: 0 | BW13: Y | CF13: Y | CS13: 12 | CT13: 202531 | CU13: 1
H14: 3297-04 | I14: 3297 | J14: DSLE | K14: 541 | L14: 001 | N14: Fndtns of Biblicl Spirituality | Q14: 322 | R14: 0 | W14: 2,3 | X14: 3 | Y14: 25 | Z14: CLAS | AA14: 12-MAY-25 | AD14: 18-MAY-25 | AE14: 22-MAY-25 | AH14: 01-AUG-25 | AI14: 1400 | AJ14: 1730 | AL14: M | AM14: T | AN14: W | AO14: R | AR14: 153 | AS14: Buller Hall [BUL] | AT14: Kidder, S Joseph | AU14: =IF($AT14="","",IFERROR(INDEX(InstructorMap!$B:$B, MATCH($AT14, InstructorMap!$A:$A, 0)),"")) | AV14: =IF($AT14="","",IFERROR(INDEX(InstructorMap!$C:$C, MATCH($AT14, InstructorMap!$A:$A, 0)),"")) | AW14: 100 | BH14: DSLE | BI14: 06-MAY-25 | BJ14: A | BK14: 3 | BL14: A | BO14: MOODL | BT14: 70 | BU14: 0 | BV14: 0 | BW14: Y | CF14: Y | CS14: 12 | CT14: 202531 | CU14: 1
H15: 3297-06 | I15: 3297 | J15: DSLE | K15: 541 | L15: 001 | N15: Fndtns of Biblicl Spirituality | Q15: 322 | R15: 0 | W15: 2,3 | X15: 3 | Y15: 25 | Z15: POST | AA15: 12-MAY-25 | AD15: 23-MAY-25 | AE15: 01-AUG-25 | AH15: 01-AUG-25 | AT15: Kidder, S Joseph | AU15: =IF($AT15="","",IFERROR(INDEX(InstructorMap!$B:$B, MATCH($AT15, InstructorMap!$A:$A, 0)),"")) | AV15: =IF($AT15="","",IFERROR(INDEX(InstructorMap!$C:$C, MATCH($AT15, InstructorMap!$A:$A, 0)),"")) | AW15: 100 | BH15: DSLE | BI15: 06-MAY-25 | BJ15: A | BK15: 3 | BL15: A | BO15: MOODL | BT15: 70 | BU15: 0 | BV15: 0 | BW15: Y | CF15: Y | CS15: 12 | CT15: 202531 | CU15: 1
H16: 3297-08 | I16: 3297 | J16: DSLE | K16: 541 | L16: 001 | N16: Fndtns of Biblicl Spirituality | Q16: 322 | R16: 0 | W16: 2,3 | X16: 3 | Y16: 25 | Z16: PRE | AA16: 12-MAY-25 | AD16: 12-MAY-25 | AE16: 17-MAY-25 | AH16: 01-AUG-25 | AT16: Kidder, S Joseph | AU16: =IF($AT16="","",IFERROR(INDEX(InstructorMap!$B:$B, MATCH($AT16, InstructorMap!$A:$A, 0)),"")) | AV16: =IF($AT16="","",IFERROR(INDEX(InstructorMap!$C:$C, MATCH($AT16, InstructorMap!$A:$A, 0)),"")) | AW16: 100 | BH16: DSLE | BI16: 06-MAY-25 | BJ16: A | BK16: 3 | BL16: A | BO16: MOODL | BT16: 70 | BU16: 0 | BV16: 0 | BW16: Y | CF16: Y | CS16: 12 | CT16: 202531 | CU16: 1
H17: 2492-02 | I17: 2492 | J17: DSLE | K17: 664 | L17: 001 | N17: Advanced Campus Ministry | R17: 0 | W17: 3 | Y17: 10 | Z17: CLAS | AA17: 12-MAY-25 | AD17: 12-MAY-25 | AE17: 01-AUG-25 | AH17: 01-AUG-25 | AT17: Ramos, Israel | AU17: =IF($AT17="","",IFERROR(INDEX(InstructorMap!$B:$B, MATCH($AT17, InstructorMap!$A:$A, 0)),"")) | AV17: =IF($AT17="","",IFERROR(INDEX(InstructorMap!$C:$C, MATCH($AT17, InstructorMap!$A:$A, 0)),"")) | AW17: 100 | BH17: DSLE | BI17: 09-MAY-25 | BJ17: A | BL17: A | BO17: MOODL | BT17: 70 | BU17: 2 | BV17: 0 | BW17: Y | CF17: Y | CR17: I | CS17: 12 | CT17: 202531 | CU17: 1
H18: 3451-06 | I18: 3451 | J18: DSLE | K18: 607 | L18: 101 | N18: Intergenerational Ministry | O18: IndepStud:Intergenerationl Min | R18: 0 | V18: DO | W18: 2 | Y18: 5 | Z18: CLAS | AA18: 12-MAY-25 | AD18: 12-MAY-25 | AE18: 01-AUG-25 | AH18: 01-AUG-25 | AT18: Paquini, Rogelio | AU18: =IF($AT18="","",IFERROR(INDEX(InstructorMap!$B:$B, MATCH($AT18, InstructorMap!$A:$A, 0)),"")) | AV18: =IF($AT18="","",IFERROR(INDEX(InstructorMap!$C:$C, MATCH($AT18, InstructorMap!$A:$A, 0)),"")) | AW18: 100 | BB18: -922 | BC18: ESM1 | BD18: BILL | BE18: MA | BG18: 202531 | BH18: DSLE | BI18: 13-MAY-25 | BJ18: A | BL18: I | BO18: MOODL | BT18: 70 | BU18: 0 | BV18: 0 | BW18: Y | CF18: Y | CN18: 70 | CS18: 12 | CT18: 202531 | CU18: 1
H19: 3451-07 | I19: 3451 | J19: DSLE | K19: 607 | L19: 101 | N19: Intergenerational Ministry | O19: IndepStud:Intergenerationl Min | R19: 0 | V19: MA | W19: 2 | Y19: 5 | Z19: CLAS | AA19: 12-MAY-25 | AD19: 12-MAY-25 | AE19: 01-AUG-25 | AH19: 01-AUG-25 | AT19: Paquini, Rogelio | AU19: =IF($AT19="","",IFERROR(INDEX(InstructorMap!$B:$B, MATCH($AT19, InstructorMap!$A:$A, 0)),"")) | AV19: =IF($AT19="","",IFERROR(INDEX(InstructorMap!$C:$C, MATCH($AT19, InstructorMap!$A:$A, 0)),"")) | AW19: 100 | BB19: -633 | BC19: EAR2 | BD19: BILL | BE19: MA | BG19: 202531 | BH19: DSLE | BI19: 13-MAY-25 | BJ19: A | BL19: I | BO19: MOODL | BT19: 70 | BU19: 0 | BV19: 0 | BW19: Y | CF19: Y | CQ19: MAJOR | CS19: 12 | CT19: 202531 | CU19: 1
H20: 3451-08 | I20: 3451 | J20: DSLE | K20: 607 | L20: 101 | N20: Intergenerational Ministry | O20: IndepStud:Intergenerationl Min | R20: 0 | V20: MA | W20: 2 | Y20: 5 | Z20: CLAS | AA20: 12-MAY-25 | AD20: 12-MAY-25 | AE20: 01-AUG-25 | AH20: 01-AUG-25 | AT20: Paquini, Rogelio | AU20: =IF($AT20="","",IFERROR(INDEX(InstructorMap!$B:$B, MATCH($AT20, InstructorMap!$A:$A, 0)),"")) | AV20: =IF($AT20="","",IFERROR(INDEX(InstructorMap!$C:$C, MATCH($AT20, InstructorMap!$A:$A, 0)),"")) | AW20: 100 | BB20: -633 | BC20: ESM3 | BD20: BILL | BE20: MA | BG20: 202531 | BH20: DSLE | BI20: 13-MAY-25 | BJ20: A | BL20: I | BO20: MOODL | BT20: 70 | BU20: 0 | BV20: 0 | BW20: Y | CF20: Y | CO20: MSCID | CS20: 12 | CT20: 202531 | CU20: 1
H21: 3451-09 | I21: 3451 | J21: DSLE | K21: 607 | L21: 101 | N21: Intergenerational Ministry | O21: IndepStud:Intergenerationl Min | R21: 0 | V21: MA | W21: 2 | Y21: 5 | Z21: CLAS | AA21: 12-MAY-25 | AD21: 12-MAY-25 | AE21: 01-AUG-25 | AH21: 01-AUG-25 | AT21: Paquini, Rogelio | AU21: =IF($AT21="","",IFERROR(INDEX(InstructorMap!$B:$B, MATCH($AT21, InstructorMap!$A:$A, 0)),"")) | AV21: =IF($AT21="","",IFERROR(INDEX(InstructorMap!$C:$C, MATCH($AT21, InstructorMap!$A:$A, 0)),"")) | AW21: 100 | BB21: -633 | BC21: ESM4 | BD21: BILL | BE21: MA | BG21: 202531 | BH21: DSLE | BI21: 13-MAY-25 | BJ21: A | BL21: I | BO21: MOODL | BT21: 70 | BU21: 0 | BV21: 0 | BW21: Y | CF21: Y | CQ21: MAJOR | CS21: 12 | CT21: 202531 | CU21: 1
H22: 3451-10 | I22: 3451 | J22: DSLE | K22: 607 | L22: 101 | N22: Intergenerational Ministry | O22: IndepStud:Intergenerationl Min | R22: 0 | W22: 2 | Y22: 5 | Z22: CLAS | AA22: 12-MAY-25 | AD22: 12-MAY-25 | AE22: 01-AUG-25 | AH22: 01-AUG-25 | AT22: Paquini, Rogelio | AU22: =IF($AT22="","",IFERROR(INDEX(InstructorMap!$B:$B, MATCH($AT22, InstructorMap!$A:$A, 0)),"")) | AV22: =IF($AT22="","",IFERROR(INDEX(InstructorMap!$C:$C, MATCH($AT22, InstructorMap!$A:$A, 0)),"")) | AW22: 100 | BB22: 1267 | BC22: ESTM | BD22: BILL | BE22: MA | BG22: 202531 | BH22: DSLE | BI22: 13-MAY-25 | BJ22: A | BL22: I | BO22: MOODL | BT22: 70 | BU22: 0 | BV22: 0 | BW22: Y | CF22: Y | CS22: 12 | CT22: 202531 | CU22: 1
H23: 3452-02 | I23: 3452 | J23: DSLE | K23: 656 | L23: 101 | N23: Counseling Youth & Young Adult | O23: Ind St:Counseling Youth & Y Ad | R23: 0 | W23: 2,3 | X23: 2 | Y23: 5 | Z23: CLAS | AA23: 12-MAY-25 | AD23: 12-MAY-25 | AE23: 01-AUG-25 | AH23: 01-AUG-25 | AT23: Joseph, Ainsworth E. | AU23: =IF($AT23="","",IFERROR(INDEX(InstructorMap!$B:$B, MATCH($AT23, InstructorMap!$A:$A, 0)),"")) | AV23: =IF($AT23="","",IFERROR(INDEX(InstructorMap!$C:$C, MATCH($AT23, InstructorMap!$A:$A, 0)),"")) | AW23: 100 | BH23: DSLE | BI23: 13-MAY-25 | BJ23: A | BK23: 2 | BL23: I | BO23: MOODL | BT23: 70 | BU23: 1 | BV23: 0 | BW23: Y | CF23: Y | CS23: 12 | CT23: 202531 | CU23: 1
H24: 3453-02 | I24: 3453 | J24: DSLE | K24: 652 | L24: 999 | N24: Personal & Fam Finance | R24: 7 | U24: ASYNC | V24: FP | W24: 3 | Y24: 0 | AA24: 12-MAY-25 | AH24: 01-AUG-25 | AT24: NAME NOT FOUND FOR PIDM: | AU24: =IF($AT24="","",IFERROR(INDEX(InstructorMap!$B:$B, MATCH($AT24, InstructorMap!$A:$A, 0)),"")) | AV24: =IF($AT24="","",IFERROR(INDEX(InstructorMap!$C:$C, MATCH($AT24, InstructorMap!$A:$A, 0)),"")) | BB24: 160 | BC24: ES12 | BD24: BILL | BE24: FP | BG24: 202531 | BH24: DSLE | BI24: 19-MAY-25 | BJ24: A | BL24: N | BO24: MOODL | BT24: 70 | BU24: 0 | BV24: 0 | CF24: Y | CS24: 12 | CT24: 202531 | CU24: 1
H25: 2008-02 | I25: 2008 | J25: DSLE | K25: 995 | L25: 101 | N25: Doctoral Dissertation | R25: 0 | W25: 1-13 | Y25: 999 | Z25: CLAS | AA25: 12-MAY-25 | AD25: 12-MAY-25 | AE25: 01-AUG-25 | AH25: 01-AUG-25 | AT25: Fraser, Jasmine J. | AU25: =IF($AT25="","",IFERROR(INDEX(InstructorMap!$B:$B, MATCH($AT25, InstructorMap!$A:$A, 0)),"")) | AV25: =IF($AT25="","",IFERROR(INDEX(InstructorMap!$C:$C, MATCH($AT25, InstructorMap!$A:$A, 0)),"")) | AW25: 100 | BH25: DSLE | BI25: 03-JUN-25 | BJ25: A | BL25: I | BO25: MOODL | BQ25: FT | BT25: 70 | BU25: 4 | BV25: 0 | BW25: Y | CF25: Y | CS25: 12 | CT25: 202531 | CU25: 1
H26: 2394-02 | I26: 2394 | J26: DSLE | K26: 503 | L26: 998 | N26: Marriage, Fam&Interprsnl Reltn | Q26: 086 | R26: 7 | U26: SYNC | W26: 2,3 | Y26: 10 | Z26: WEB | AA26: 09-JUN-25 | AD26: 09-JUN-25 | AE26: 03-JUL-25 | AH26: 03-JUL-25 | AI26: 1330 | AJ26: 1520 | AL26: M | AM26: T | AN26: W | AO26: R | AT26: Joseph, Ainsworth E. | AU26: =IF($AT26="","",IFERROR(INDEX(InstructorMap!$B:$B, MATCH($AT26, InstructorMap!$A:$A, 0)),"")) | AV26: =IF($AT26="","",IFERROR(INDEX(InstructorMap!$C:$C, MATCH($AT26, InstructorMap!$A:$A, 0)),"")) | AW26: 100 | BH26: DSLE | BI26: 10-JUN-25 | BJ26: A | BL26: N | BO26: MOODL | BT26: 70 | BU26: 6 | BV26: 0 | BW26: Y | CF26: Y | CS26: 4 | CT26: 202531 | CU26: 3
H27: 2252-02 | I27: 2252 | J27: DSLE | K27: 503 | L27: 001 | N27: Marriage, Fam&Interprsnl Reltn | Q27: 086 | R27: 0 | W27: 2,3 | Y27: 25 | Z27: CLAS | AA27: 09-JUN-25 | AD27: 09-JUN-25 | AE27: 03-JUL-25 | AH27: 03-JUL-25 | AI27: 1330 | AJ27: 1520 | AL27: M | AM27: T | AN27: W | AO27: R | AR27: 120 | AS27: Seminary Building [SEM] | AT27: Joseph, Ainsworth E. | AU27: =IF($AT27="","",IFERROR(INDEX(InstructorMap!$B:$B, MATCH($AT27, InstructorMap!$A:$A, 0)),"")) | AV27: =IF($AT27="","",IFERROR(INDEX(InstructorMap!$C:$C, MATCH($AT27, InstructorMap!$A:$A, 0)),"")) | AW27: 100 | BH27: DSLE | BI27: 25-JUN-25 | BJ27: A | BL27: A | BO27: MOODL | BT27: 70 | BU27: 11 | BV27: 0 | BW27: Y | BX27: O | CF27: Y | CS27: 4 | CT27: 202531 | CU27: 3

Sheet GSEM
A1: Don {not in Banner} | B1: Mismatching {not in Banner} | C1: Dept/Prog Admin {not in Banner} | D1: Mona {not in Banner} | E1: Karen {not in Banner} | F1: DONE {not in Banner} | G1: Notes {not in Banner} | H1: CRN sorted {not in Banner} | I1: CRN | J1: Subject | K1: Course Number {Crse Num} | L1: Course Section {Seq Crse Num} | M1: Program {not in Banner} | N1: Catalog Title | O1: Section Title | P1: Crosslist Details {not in Banner} | Q1: X Lst | R1: Campus {Ssasect Campus} | S1: Campus Restriction {Camp Restr CC} | T1: Schedule Type {not in Banner} | U1: Instruction Method {Inst Method} | V1: Level {Level SC} | W1: Credit Catalog {Cat Crs} | X1: Credits {Sect Crs} | Y1: Enrollment Cap {Max Enrl} | Z1: Meeting Type | AA1: Semester Start Date {Soaterm Start Date} | AB1: Pre-work Start Date {not in Banner} | AC1: Pre-work End Date {not in Banner} | AD1: Course Start Date {Meet Start Date} | AE1: Course End Date {Meet End Date} | AF1: Post-work Start Date {not in Banner} | AG1: Post-work End Date {not in Banner} | AH1: Semester End Date {Soaterm End Date} | AI1: Course Beginning Time {Meet Beg Time} | AJ1: Course Ending Time {Meet End Time} | AK1: SUN | AL1: MON | AM1: TUE | AN1: WED | AO1: THU | AP1: FRI | AQ1: SAT | AR1: Room {Meet Room} | AS1: Building {Meet Bldg} | AT1: Instructor Name {Instr Name} | AU1: Instructor Email {Instr Email} | AV1: Instructor ID {Instr ID} | AW1: % Responsibility | AX1: load/contract {not in Banner} | AY1: costs per credit {not in Banner} | AZ1: total costs {not in Banner} | BA1: account to be charged {not in Banner} | BB1: Fee Amount {Fees Amt} | BC1: Fee Code {Detl Code} | BD1: Fee Type | BE1: Fee Level | BF1: Fee Ind | BG1: Fee Term | BH1: SEM Department {Scacrse Dept} | BI1: Activity Date | BJ1: Status | BK1: Bill Hrs | BL1: Sect Sch Type | BM1: Prerequisites {Preq Areas} | BN1: Link Ind | BO1: Integration Code | BP1: Link Conn | BQ1: Crs Attr | BR1: Comments | BS1: Major Restr | BT1: Scacrse College | BU1: Enrolled | BV1: Waitlist Capacity | BW1: Primary Ind | BX1: Override | BY1: 1st Date Reg Opens | BZ1: Last Date Reg Opens | CA1: OL Range From Date | CB1: OL Range To Date | CC1: OL Numb Units | CD1: OL Duration Code | CE1: Grade Mode | CF1: Gradable Ind | CG1: Tuit Waiver | CH1: Course Override {Meet Override} | CI1: Lvl Res Ind | CJ1: Cmp Res Ind | CK1: Rate Code | CL1: Cohort Code | CM1: St Attr Code | CN1: Coll SC | CO1: DegC SC | CP1: Prog SC | CQ1: FOS Type | CR1: Special Approval {Special Apvl} | CS1: Weeks | CT1: Term Code | CU1: Part-Of-Term | CV1: Camp SC
H2: 663-02 | I2: 663 | J2: GSEM | K2: 844 | L2: 103 | N2: PhD-ThD Diss Prop Prep | O2: PhD-ThD Diss Prop Prep | R2: 0 | W2: 0 | Y2: 999 | Z2: CLAS | AA2: 12-MAY-25 | AD2: 12-MAY-25 | AE2: 01-AUG-25 | AH2: 01-AUG-25 | AT2: Fraser, Jasmine J. | AU2: =IF($AT2="","",IFERROR(INDEX(InstructorMap!$B:$B, MATCH($AT2, InstructorMap!$A:$A, 0)),"")) | AV2: =IF($AT2="","",IFERROR(INDEX(InstructorMap!$C:$C, MATCH($AT2, InstructorMap!$A:$A, 0)),"")) | AW2: 100 | BH2: GSEM | BI2: 27-JAN-25 | BJ2: A | BL2: I | BO2: MOODL | BQ2: FT | BT2: 70 | BU2: 0 | BV2: 0 | BW2: Y | CF2: Y | CS2: 12 | CT2: 202531 | CU2: 1
H3: 665-02 | I3: 665 | J3: GSEM | K3: 885 | L3: 103 | N3: PhD-ThD Comp Exams | O3: PhD-ThD Comp Exams | R3: 0 | W3: 0 | Y3: 30 | Z3: CLAS | AA3: 12-MAY-25 | AD3: 12-MAY-25 | AE3: 01-AUG-25 | AH3: 01-AUG-25 | AT3: Fraser, Jasmine J. | AU3: =IF($AT3="","",IFERROR(INDEX(InstructorMap!$B:$B, MATCH($AT3, InstructorMap!$A:$A, 0)),"")) | AV3: =IF($AT3="","",IFERROR(INDEX(InstructorMap!$C:$C, MATCH($AT3, InstructorMap!$A:$A, 0)),"")) | AW3: 100 | BH3: GSEM | BI3: 27-JAN-25 | BJ3: A | BL3: I | BO3: MOODL | BQ3: FT | BT3: 70 | BU3: 0 | BV3: 0 | BW3: Y | CF3: Y | CS3: 12 | CT3: 202531 | CU3: 1
H4: 666-02 | I4: 666 | J4: GSEM | K4: 888 | L4: 103 | N4: Doctoral Degr Continuation | O4: Doctoral Degr Continuation | R4: 0 | W4: 0 | Y4: 30 | Z4: CLAS | AA4: 12-MAY-25 | AD4: 12-MAY-25 | AE4: 01-AUG-25 | AH4: 01-AUG-25 | AT4: Fraser, Jasmine J. | AU4: =IF($AT4="","",IFERROR(INDEX(InstructorMap!$B:$B, MATCH($AT4, InstructorMap!$A:$A, 0)),"")) | AV4: =IF($AT4="","",IFERROR(INDEX(InstructorMap!$C:$C, MATCH($AT4, InstructorMap!$A:$A, 0)),"")) | AW4: 100 | BH4: GSEM | BI4: 27-JAN-25 | BJ4: A | BL4: I | BO4: MOODL | BQ4: FT | BT4: 70 | BU4: 0 | BV4: 0 | BW4: Y | CF4: Y | CS4: 12 | CT4: 202531 | CU4: 1
H5: 667-02 | I5: 667 | J5: GSEM | K5: 995 | L5: 103 | N5: PhD-ThD Dissertation | O5: PhD-ThD Dissertation | R5: 0 | W5: 1-12 | Y5: 30 | Z5: CLAS | AA5: 12-MAY-25 | AD5: 12-MAY-25 | AE5: 01-AUG-25 | AH5: 01-AUG-25 | AT5: Fraser, Jasmine J. | AU5: =IF($AT5="","",IFERROR(INDEX(InstructorMap!$B:$B, MATCH($AT5, InstructorMap!$A:$A, 0)),"")) | AV5: =IF($AT5="","",IFERROR(INDEX(InstructorMap!$C:$C, MATCH($AT5, InstructorMap!$A:$A, 0)),"")) | AW5: 100 | BH5: GSEM | BI5: 27-JAN-25 | BJ5: A | BL5: I | BO5: MOODL | BQ5: FT | BT5: 70 | BU5: 0 | BV5: 0 | BW5: Y | CF5: Y | CS5: 12 | CT5: 202531 | CU5: 1
H6: 668-02 | I6: 668 | J6: GSEM | K6: 898 | L6: 001 | N6: Postdoctoral Research Project | O6: Postdoctoral Research Project | R6: 0 | W6: 4,5 | Y6: 999 | Z6: CLAS | AA6: 12-MAY-25 | AD6: 12-MAY-25 | AE6: 01-AUG-25 | AH6: 01-AUG-25 | AT6: Kuhn, Wagner | AU6: =IF($AT6="","",IFERROR(INDEX(InstructorMap!$B:$B, MATCH($AT6, InstructorMap!$A:$A, 0)),"")) | AV6: =IF($AT6="","",IFERROR(INDEX(InstructorMap!$C:$C, MATCH($AT6, InstructorMap!$A:$A, 0)),"")) | AW6: 100 | BH6: GSEM | BI6: 27-JAN-25 | BJ6: A | BL6: I | BO6: MOODL | BT6: 70 | BU6: 0 | BV6: 0 | BW6: Y | CF6: Y | CS6: 12 | CT6: 202531 | CU6: 1
H7: 669-02 | I7: 669 | J7: GSEM | K7: 990 | L7: 101 | N7: Postdoctoral Seminar | R7: 0 | W7: 3,4 | Y7: 999 | Z7: CLAS | AA7: 12-MAY-25 | AD7: 12-MAY-25 | AE7: 01-AUG-25 | AH7: 01-AUG-25 | AT7: Kuhn, Wagner | AU7: =IF($AT7="","",IFERROR(INDEX(InstructorMap!$B:$B, MATCH($AT7, InstructorMap!$A:$A, 0)),"")) | AV7: =IF($AT7="","",IFERROR(INDEX(InstructorMap!$C:$C, MATCH($AT7, InstructorMap!$A:$A, 0)),"")) | AW7: 100 | BH7: GSEM | BI7: 27-JAN-25 | BJ7: A | BL7: M | BO7: MOODL | BT7: 70 | BU7: 0 | BV7: 0 | BW7: Y | CF7: Y | CS7: 12 | CT7: 202531 | CU7: 1
H8: 672-02 | I8: 672 | J8: GSEM | K8: 885 | L8: 101 | N8: PhD-ThD Comp Exams | O8: PhD-ThD Comp Exams | R8: 0 | W8: 0 | Y8: 30 | Z8: CLAS | AA8: 12-MAY-25 | AD8: 12-MAY-25 | AE8: 01-AUG-25 | AH8: 01-AUG-25 | AT8: Reeve, John W. | AU8: =IF($AT8="","",IFERROR(INDEX(InstructorMap!$B:$B, MATCH($AT8, InstructorMap!$A:$A, 0)),"")) | AV8: =IF($AT8="","",IFERROR(INDEX(InstructorMap!$C:$C, MATCH($AT8, InstructorMap!$A:$A, 0)),"")) | AW8: 100 | BH8: GSEM | BI8: 27-JAN-25 | BJ8: A | BL8: I | BO8: MOODL | BQ8: FT | BT8: 70 | BU8: 0 | BV8: 0 | BW8: Y | CF8: Y | CS8: 12 | CT8: 202531 | CU8: 1
H9: 676-02 | I9: 676 | J9: GSEM | K9: 695 | L9: 101 | N9: Research Project | O9: Research Project | R9: 0 | W9: 2,3 | Y9: 999 | Z9: CLAS | AA9: 12-MAY-25 | AD9: 12-MAY-25 | AE9: 01-AUG-25 | AH9: 01-AUG-25 | AT9: Vine, Cedric E. | AU9: =IF($AT9="","",IFERROR(INDEX(InstructorMap!$B:$B, MATCH($AT9, InstructorMap!$A:$A, 0)),"")) | AV9: =IF($AT9="","",IFERROR(INDEX(InstructorMap!$C:$C, MATCH($AT9, InstructorMap!$A:$A, 0)),"")) | AW9: 100 | BH9: GSEM | BI9: 27-JAN-25 | BJ9: A | BL9: I | BO9: MOODL | BT9: 70 | BU9: 0 | BV9: 0 | BW9: Y | CF9: Y | CS9: 12 | CT9: 202531 | CU9: 1
H10: 678-02 | I10: 678 | J10: GSEM | K10: 844 | L10: 102 | N10: PhD-ThD Diss Prop Prep | O10: PhD-ThD Diss Prop Prep | R10: 0 | W10: 0 | Y10: 20 | Z10: CLAS | AA10: 12-MAY-25 | AD10: 12-MAY-25 | AE10: 01-AUG-25 | AH10: 01-AUG-25 | AT10: Younker, Randall W. | AU10: =IF($AT10="","",IFERROR(INDEX(InstructorMap!$B:$B, MATCH($AT10, InstructorMap!$A:$A, 0)),"")) | AV10: =IF($AT10="","",IFERROR(INDEX(InstructorMap!$C:$C, MATCH($AT10, InstructorMap!$A:$A, 0)),"")) | AW10: 100 | BH10: GSEM | BI10: 27-JAN-25 | BJ10: A | BL10: I | BO10: MOODL | BQ10: FT | BT10: 70 | BU10: 0 | BV10: 0 | BW10: Y | CF10: Y | CS10: 12 | CT10: 202531 | CU10: 1
H11: 679-02 | I11: 679 | J11: GSEM | K11: 880 | L11: 102 | N11: Prep for Comprehensive Exams | O11: Prep for Comprehensive Exams | R11: 0 | W11: 0 | Y11: 999 | Z11: CLAS | AA11: 12-MAY-25 | AD11: 12-MAY-25 | AE11: 01-AUG-25 | AH11: 01-AUG-25 | AT11: Younker, Randall W. | AU11: =IF($AT11="","",IFERROR(INDEX(InstructorMap!$B:$B, MATCH($AT11, InstructorMap!$A:$A, 0)),"")) | AV11: =IF($AT11="","",IFERROR(INDEX(InstructorMap!$C:$C, MATCH($AT11, InstructorMap!$A:$A, 0)),"")) | AW11: 100 | BH11: GSEM | BI11: 27-JAN-25 | BJ11: A | BL11: I | BO11: MOODL | BQ11: FT | BT11: 70 | BU11: 0 | BV11: 0 | BW11: Y | CF11: Y | CS11: 12 | CT11: 202531 | CU11: 1
H12: 680-02 | I12: 680 | J12: GSEM | K12: 885 | L12: 102 | N12: PhD-ThD Comp Exams | O12: PhD-ThD Comp Exams | R12: 0 | W12: 0 | Y12: 30 | Z12: CLAS | AA12: 12-MAY-25 | AD12: 12-MAY-25 | AE12: 01-AUG-25 | AH12: 01-AUG-25 | AT12: Younker, Randall W. | AU12: =IF($AT12="","",IFERROR(INDEX(InstructorMap!$B:$B, MATCH($AT12, InstructorMap!$A:$A, 0)),"")) | AV12: =IF($AT12="","",IFERROR(INDEX(InstructorMap!$C:$C, MATCH($AT12, InstructorMap!$A:$A, 0)),"")) | AW12: 100 | BH12: GSEM | BI12: 27-JAN-25 | BJ12: A | BL12: I | BO12: MOODL | BQ12: FT | BT12: 70 | BU12: 0 | BV12: 0 | BW12: Y | CF12: Y | CS12: 12 | CT12: 202531 | CU12: 1
H13: 682-02 | I13: 682 | J13: GSEM | K13: 995 | L13: 102 | N13: PhD-ThD Dissertation | O13: PhD-ThD Dissertation | R13: 0 | W13: 1-12 | Y13: 30 | Z13: CLAS | AA13: 12-MAY-25 | AD13: 12-MAY-25 | AE13: 01-AUG-25 | AH13: 01-AUG-25 | AT13: Younker, Randall W. | AU13: =IF($AT13="","",IFERROR(INDEX(InstructorMap!$B:$B, MATCH($AT13, InstructorMap!$A:$A, 0)),"")) | AV13: =IF($AT13="","",IFERROR(INDEX(InstructorMap!$C:$C, MATCH($AT13, InstructorMap!$A:$A, 0)),"")) | AW13: 100 | BH13: GSEM | BI13: 27-JAN-25 | BJ13: A | BL13: I | BO13: MOODL | BQ13: FT | BT13: 70 | BU13: 0 | BV13: 0 | BW13: Y | CF13: Y | CS13: 12 | CT13: 202531 | CU13: 1
H14: 741-02 | I14: 741 | J14: GSEM | K14: 680 | L14: 999 | N14: Masters Comprehensive Exam | R14: 7 | V14: FP | W14: 0 | Y14: 999 | Z14: CLAS | AA14: 12-MAY-25 | AD14: 12-MAY-25 | AE14: 01-AUG-25 | AH14: 01-AUG-25 | AT14: Vine, Cedric E. | AU14: =IF($AT14="","",IFERROR(INDEX(InstructorMap!$B:$B, MATCH($AT14, InstructorMap!$A:$A, 0)),"")) | AV14: =IF($AT14="","",IFERROR(INDEX(InstructorMap!$C:$C, MATCH($AT14, InstructorMap!$A:$A, 0)),"")) | AW14: 100 | BB14: 160 | BC14: ES12 | BD14: BILL | BE14: MA | BG14: 202531 | BH14: GSEM | BI14: 27-JAN-25 | BJ14: A | BL14: I | BO14: MOODL | BQ14: FT | BT14: 70 | BU14: 0 | BV14: 0 | BW14: Y | CF14: Y | CS14: 12 | CT14: 202531 | CU14: 1
H15: 742-02 | I15: 742 | J15: GSEM | K15: 688 | L15: 999 | N15: Master's Degree Contin | R15: 7 | W15: 0 | Y15: 999 | Z15: CLAS | AA15: 12-MAY-25 | AD15: 12-MAY-25 | AE15: 01-AUG-25 | AH15: 01-AUG-25 | AT15: Vine, Cedric E. | AU15: =IF($AT15="","",IFERROR(INDEX(InstructorMap!$B:$B, MATCH($AT15, InstructorMap!$A:$A, 0)),"")) | AV15: =IF($AT15="","",IFERROR(INDEX(InstructorMap!$C:$C, MATCH($AT15, InstructorMap!$A:$A, 0)),"")) | AW15: 100 | BH15: GSEM | BI15: 27-JAN-25 | BJ15: A | BL15: I | BO15: MOODL | BQ15: FT | BT15: 70 | BU15: 0 | BV15: 0 | BW15: Y | CF15: Y | CS15: 12 | CT15: 202531 | CU15: 1
H16: 743-02 | I16: 743 | J16: GSEM | K16: 695 | L16: 999 | N16: Research Project | R16: 7 | W16: 2,3 | Y16: 999 | Z16: CLAS | AA16: 12-MAY-25 | AD16: 12-MAY-25 | AE16: 01-AUG-25 | AH16: 01-AUG-25 | AT16: Vine, Cedric E. | AU16: =IF($AT16="","",IFERROR(INDEX(InstructorMap!$B:$B, MATCH($AT16, InstructorMap!$A:$A, 0)),"")) | AV16: =IF($AT16="","",IFERROR(INDEX(InstructorMap!$C:$C, MATCH($AT16, InstructorMap!$A:$A, 0)),"")) | AW16: 100 | BH16: GSEM | BI16: 27-JAN-25 | BJ16: A | BL16: I | BO16: MOODL | BT16: 70 | BU16: 0 | BV16: 0 | BW16: Y | CF16: Y | CS16: 12 | CT16: 202531 | CU16: 1
H17: 744-02 | I17: 744 | J17: GSEM | K17: 697 | L17: 999 | N17: Thesis for MA Degree | R17: 7 | W17: 1-10 | Y17: 999 | Z17: CLAS | AA17: 12-MAY-25 | AD17: 12-MAY-25 | AE17: 01-AUG-25 | AH17: 01-AUG-25 | AT17: Vine, Cedric E. | AU17: =IF($AT17="","",IFERROR(INDEX(InstructorMap!$B:$B, MATCH($AT17, InstructorMap!$A:$A, 0)),"")) | AV17: =IF($AT17="","",IFERROR(INDEX(InstructorMap!$C:$C, MATCH($AT17, InstructorMap!$A:$A, 0)),"")) | AW17: 100 | BH17: GSEM | BI17: 21-APR-25 | BJ17: A | BL17: I | BO17: MOODL | BQ17: FT | BT17: 70 | BU17: 1 | BV17: 0 | BW17: Y | CF17: Y | CS17: 12 | CT17: 202531 | CU17: 1
H18: 448-02 | I18: 448 | J18: GSEM | K18: 678 | L18: 040 | N18: Church History Study Tour | R18: 0 | U18: TOUR | W18: 1-8 | Y18: 30 | Z18: POST | AA18: 09-JUN-25 | AD18: 23-JUN-25 | AE18: 01-AUG-25 | AH18: 01-AUG-25 | AT18: Burton, Kevin M. | AU18: =IF($AT18="","",IFERROR(INDEX(InstructorMap!$B:$B, MATCH($AT18, InstructorMap!$A:$A, 0)),"")) | AV18: =IF($AT18="","",IFERROR(INDEX(InstructorMap!$C:$C, MATCH($AT18, InstructorMap!$A:$A, 0)),"")) | AW18: 100 | BH18: GSEM | BI18: 25-APR-25 | BJ18: A | BL18: BL | BN18: T1 | BO18: MOODL | BQ18: TOUR | BT18: 70 | BU18: 0 | BV18: 0 | BW18: Y | BX18: O | CF18: Y | CS18: 4 | CT18: 202531 | CU18: Q
H19: 448-04 | I19: 448 | J19: GSEM | K19: 678 | L19: 040 | N19: Church History Study Tour | R19: 0 | U19: TOUR | W19: 1-8 | Y19: 30 | Z19: TOUR | AA19: 09-JUN-25 | AD19: 09-JUN-25 | AE19: 22-JUN-25 | AH19: 01-AUG-25 | AT19: Burton, Kevin M. | AU19: =IF($AT19="","",IFERROR(INDEX(InstructorMap!$B:$B, MATCH($AT19, InstructorMap!$A:$A, 0)),"")) | AV19: =IF($AT19="","",IFERROR(INDEX(InstructorMap!$C:$C, MATCH($AT19, InstructorMap!$A:$A, 0)),"")) | AW19: 100 | BH19: GSEM | BI19: 25-APR-25 | BJ19: A | BL19: BL | BN19: T1 | BO19: MOODL | BQ19: TOUR | BT19: 70 | BU19: 0 | BV19: 0 | BW19: Y | BX19: O | CF19: Y | CS19: 4 | CT19: 202531 | CU19: Q
H20: 681-02 | I20: 681 | J20: GSEM | K20: 888 | L20: 102 | N20: Doctoral Degr Continuation | O20: Doctoral Degr Continuation | R20: 0 | W20: 0 | Y20: 30 | Z20: CLAS | AA20: 12-MAY-25 | AD20: 12-MAY-25 | AE20: 01-AUG-25 | AH20: 01-AUG-25 | AT20: Younker, Randall W. | AU20: =IF($AT20="","",IFERROR(INDEX(InstructorMap!$B:$B, MATCH($AT20, InstructorMap!$A:$A, 0)),"")) | AV20: =IF($AT20="","",IFERROR(INDEX(InstructorMap!$C:$C, MATCH($AT20, InstructorMap!$A:$A, 0)),"")) | AW20: 100 | BH20: GSEM | BI20: 29-APR-25 | BJ20: A | BL20: I | BO20: MOODL | BQ20: FT | BT20: 70 | BU20: 1 | BV20: 0 | BW20: Y | CF20: Y | CS20: 12 | CT20: 202531 | CU20: 1
H21: 670-02 | I21: 670 | J21: GSEM | K21: 844 | L21: 101 | N21: PhD-ThD Diss Prop Prep | O21: PhD-ThD Diss Prop Prep | R21: 0 | W21: 0 | Y21: 30 | Z21: CLAS | AA21: 12-MAY-25 | AD21: 12-MAY-25 | AE21: 01-AUG-25 | AH21: 01-AUG-25 | AT21: Reeve, John W. | AU21: =IF($AT21="","",IFERROR(INDEX(InstructorMap!$B:$B, MATCH($AT21, InstructorMap!$A:$A, 0)),"")) | AV21: =IF($AT21="","",IFERROR(INDEX(InstructorMap!$C:$C, MATCH($AT21, InstructorMap!$A:$A, 0)),"")) | AW21: 100 | BH21: GSEM | BI21: 30-APR-25 | BJ21: A | BL21: I | BO21: MOODL | BQ21: FT | BT21: 70 | BU21: 3 | BV21: 0 | BW21: Y | CF21: Y | CS21: 12 | CT21: 202531 | CU21: 1
H22: 3368-03 | I22: 3368 | J22: GSEM | K22: 628 | L22: 998 | N22: Grt Controversy, Cov, Law, Sab | Q22: 328 | R22: 7 | U22: SYNC | V22: FP | W22: 2,3 | X22: 3 | Y22: 15 | Z22: WEB | AA22: 07-JUL-25 | AD22: 07-JUL-25 | AE22: 01-AUG-25 | AH22: 01-AUG-25 | AI22: 0830 | AJ22: 1120 | AL22: M | AM22: T | AN22: W | AO22: R | AT22: Rodrigues, Adriani M. | AU22: =IF($AT22="","",IFERROR(INDEX(InstructorMap!$B:$B, MATCH($AT22, InstructorMap!$A:$A, 0)),"")) | AV22: =IF($AT22="","",IFERROR(INDEX(InstructorMap!$C:$C, MATCH($AT22, InstructorMap!$A:$A, 0)),"")) | AW22: 100 | BB22: 160 | BC22: ES12 | BD22: BILL | BE22: FP | BG22: 202531 | BH22: GSEM | BI22: 04-MAY-25 | BJ22: A | BK22: 3 | BL22: N | BO22: MOODL | BT22: 70 | BU22: 4 | BV22: 0 | BW22: Y | BX22: O | CF22: Y | CS22: 4 | CT22: 202531 | CU22: Q | CV22: 0
H23: 3368-04 | I23: 3368 | J23: GSEM | K23: 628 | L23: 998 | N23: Grt Controversy, Cov, Law, Sab | Q23: 328 | R23: 7 | U23: SYNC | V23: FP | W23: 2,3 | X23: 3 | Y23: 15 | Z23: WEB | AA23: 07-JUL-25 | AD23: 07-JUL-25 | AE23: 01-AUG-25 | AH23: 01-AUG-25 | AI23: 0830 | AJ23: 1120 | AL23: M | AM23: T | AN23: W | AO23: R | AT23: Rodrigues, Adriani M. | AU23: =IF($AT23="","",IFERROR(INDEX(InstructorMap!$B:$B, MATCH($AT23, InstructorMap!$A:$A, 0)),"")) | AV23: =IF($AT23="","",IFERROR(INDEX(InstructorMap!$C:$C, MATCH($AT23, InstructorMap!$A:$A, 0)),"")) | AW23: 100 | BB23: 160 | BC23: ES12 | BD23: BILL | BE23: FP | BG23: 202531 | BH23: GSEM | BI23: 04-MAY-25 | BJ23: A | BK23: 3 | BL23: N | BO23: MOODL | BT23: 70 | BU23: 4 | BV23: 0 | BW23: Y | BX23: O | CF23: Y | CS23: 4 | CT23: 202531 | CU23: Q | CV23: 7
H24: 674-02 | I24: 674 | J24: GSEM | K24: 995 | L24: 101 | N24: PhD-ThD Dissertation | O24: PhD-ThD Dissertation | R24: 0 | W24: 1-12 | Y24: 30 | Z24: CLAS | AA24: 12-MAY-25 | AD24: 12-MAY-25 | AE24: 01-AUG-25 | AH24: 01-AUG-25 | AT24: Reeve, John W. | AU24: =IF($AT24="","",IFERROR(INDEX(InstructorMap!$B:$B, MATCH($AT24, InstructorMap!$A:$A, 0)),"")) | AV24: =IF($AT24="","",IFERROR(INDEX(InstructorMap!$C:$C, MATCH($AT24, InstructorMap!$A:$A, 0)),"")) | AW24: 100 | BH24: GSEM | BI24: 05-MAY-25 | BJ24: A | BL24: I | BO24: MOODL | BQ24: FT | BT24: 70 | BU24: 1 | BV24: 0 | BW24: Y | CF24: Y | CS24: 12 | CT24: 202531 | CU24: 1
H25: 675-02 | I25: 675 | J25: GSEM | K25: 688 | L25: 101 | N25: Master's Degree Contin | O25: Master's Degree Contin | R25: 0 | W25: 0 | Y25: 999 | Z25: CLAS | AA25: 12-MAY-25 | AD25: 12-MAY-25 | AE25: 01-AUG-25 | AH25: 01-AUG-25 | AT25: Vine, Cedric E. | AU25: =IF($AT25="","",IFERROR(INDEX(InstructorMap!$B:$B, MATCH($AT25, InstructorMap!$A:$A, 0)),"")) | AV25: =IF($AT25="","",IFERROR(INDEX(InstructorMap!$C:$C, MATCH($AT25, InstructorMap!$A:$A, 0)),"")) | AW25: 100 | BB25: 929 | BC25: ESCF | BD25: FLAT | BG25: 202531 | BH25: GSEM | BI25: 06-MAY-25 | BJ25: A | BL25: I | BO25: MOODL | BQ25: FT | BT25: 70 | BU25: 1 | BV25: 0 | BW25: Y | CF25: Y | CS25: 12 | CT25: 202531 | CU25: 1
H26: 677-02 | I26: 677 | J26: GSEM | K26: 697 | L26: 101 | N26: Thesis for MA Degree | O26: MA Thesis | R26: 0 | S26: 0 | W26: 1-10 | Y26: 999 | Z26: CLAS | AA26: 12-MAY-25 | AD26: 12-MAY-25 | AE26: 01-AUG-25 | AH26: 01-AUG-25 | AT26: Vine, Cedric E. | AU26: =IF($AT26="","",IFERROR(INDEX(InstructorMap!$B:$B, MATCH($AT26, InstructorMap!$A:$A, 0)),"")) | AV26: =IF($AT26="","",IFERROR(INDEX(InstructorMap!$C:$C, MATCH($AT26, InstructorMap!$A:$A, 0)),"")) | AW26: 100 | BH26: GSEM | BI26: 07-MAY-25 | BJ26: A | BL26: I | BO26: MOODL | BQ26: FT | BT26: 70 | BU26: 1 | BV26: 0 | BW26: Y | CF26: Y | CS26: 12 | CT26: 202531 | CU26: 1
H27: 677-04 | I27: 677 | J27: GSEM | K27: 697 | L27: 101 | N27: Thesis for MA Degree | O27: MA Thesis | R27: 0 | S27: Z | W27: 1-10 | Y27: 999 | Z27: CLAS | AA27: 12-MAY-25 | AD27: 12-MAY-25 | AE27: 01-AUG-25 | AH27: 01-AUG-25 | AT27: Vine, Cedric E. | AU27: =IF($AT27="","",IFERROR(INDEX(InstructorMap!$B:$B, MATCH($AT27, InstructorMap!$A:$A, 0)),"")) | AV27: =IF($AT27="","",IFERROR(INDEX(InstructorMap!$C:$C, MATCH($AT27, InstructorMap!$A:$A, 0)),"")) | AW27: 100 | BH27: GSEM | BI27: 07-MAY-25 | BJ27: A | BL27: I | BO27: MOODL | BQ27: FT | BT27: 70 | BU27: 1 | BV27: 0 | BW27: Y | CF27: Y | CS27: 12 | CT27: 202531 | CU27: 1
H28: 677-06 | I28: 677 | J28: GSEM | K28: 697 | L28: 101 | N28: Thesis for MA Degree | O28: MA Thesis | R28: 0 | S28: ZOM | W28: 1-10 | Y28: 999 | Z28: CLAS | AA28: 12-MAY-25 | AD28: 12-MAY-25 | AE28: 01-AUG-25 | AH28: 01-AUG-25 | AT28: Vine, Cedric E. | AU28: =IF($AT28="","",IFERROR(INDEX(InstructorMap!$B:$B, MATCH($AT28, InstructorMap!$A:$A, 0)),"")) | AV28: =IF($AT28="","",IFERROR(INDEX(InstructorMap!$C:$C, MATCH($AT28, InstructorMap!$A:$A, 0)),"")) | AW28: 100 | BH28: GSEM | BI28: 07-MAY-25 | BJ28: A | BL28: I | BO28: MOODL | BQ28: FT | BT28: 70 | BU28: 1 | BV28: 0 | BW28: Y | CF28: Y | CS28: 12 | CT28: 202531 | CU28: 1
H29: 664-02 | I29: 664 | J29: GSEM | K29: 880 | L29: 103 | N29: Prep for Comprehensive Exams | O29: Prep for Comprehensive Exams | R29: 0 | W29: 0 | Y29: 999 | Z29: CLAS | AA29: 12-MAY-25 | AD29: 12-MAY-25 | AE29: 01-AUG-25 | AH29: 01-AUG-25 | AT29: Fraser, Jasmine J. | AU29: =IF($AT29="","",IFERROR(INDEX(InstructorMap!$B:$B, MATCH($AT29, InstructorMap!$A:$A, 0)),"")) | AV29: =IF($AT29="","",IFERROR(INDEX(InstructorMap!$C:$C, MATCH($AT29, InstructorMap!$A:$A, 0)),"")) | AW29: 100 | BH29: GSEM | BI29: 12-MAY-25 | BJ29: A | BL29: I | BO29: MOODL | BQ29: FT | BT29: 70 | BU29: 1 | BV29: 0 | BW29: Y | CF29: Y | CS29: 12 | CT29: 202531 | CU29: 1
H30: 3371-03 | I30: 3371 | J30: GSEM | K30: 628 | L30: 995 | N30: Grt Controversy, Cov, Law, Sab | Q30: 329 | R30: 7 | U30: ASYNC | V30: FP | W30: 2,3 | X30: 3 | Y30: 30 | Z30: WEB | AA30: 12-MAY-25 | AD30: 12-MAY-25 | AE30: 01-AUG-25 | AH30: 01-AUG-25 | AT30: Davidson, Richard M. | AU30: =IF($AT30="","",IFERROR(INDEX(InstructorMap!$B:$B, MATCH($AT30, InstructorMap!$A:$A, 0)),"")) | AV30: =IF($AT30="","",IFERROR(INDEX(InstructorMap!$C:$C, MATCH($AT30, InstructorMap!$A:$A, 0)),"")) | AW30: 100 | BB30: 160 | BC30: ES12 | BD30: BILL | BE30: FP | BG30: 202531 | BH30: GSEM | BI30: 13-MAY-25 | BJ30: A | BK30: 3 | BL30: N | BO30: MOODL | BQ30: SYTH | BT30: 70 | BU30: 5 | BV30: 0 | BW30: Y | BX30: O | CF30: Y | CS30: 12 | CT30: 202531 | CU30: 1 | CV30: 0
H31: 3371-04 | I31: 3371 | J31: GSEM | K31: 628 | L31: 995 | N31: Grt Controversy, Cov, Law, Sab | Q31: 329 | R31: 7 | U31: ASYNC | V31: FP | W31: 2,3 | X31: 3 | Y31: 30 | Z31: WEB | AA31: 12-MAY-25 | AD31: 12-MAY-25 | AE31: 01-AUG-25 | AH31: 01-AUG-25 | AT31: Davidson, Richard M. | AU31: =IF($AT31="","",IFERROR(INDEX(InstructorMap!$B:$B, MATCH($AT31, InstructorMap!$A:$A, 0)),"")) | AV31: =IF($AT31="","",IFERROR(INDEX(InstructorMap!$C:$C, MATCH($AT31, InstructorMap!$A:$A, 0)),"")) | AW31: 100 | BB31: 160 | BC31: ES12 | BD31: BILL | BE31: FP | BG31: 202531 | BH31: GSEM | BI31: 13-MAY-25 | BJ31: A | BK31: 3 | BL31: N | BO31: MOODL | BQ31: SYTH | BT31: 70 | BU31: 5 | BV31: 0 | BW31: Y | BX31: O | CF31: Y | CS31: 12 | CT31: 202531 | CU31: 1 | CV31: 7
H32: 3370-03 | I32: 3370 | J32: GSEM | K32: 628 | L32: 996 | N32: Grt Controversy, Cov, Law, Sab | Q32: 329 | R32: 7 | U32: ASYNC | V32: FP | W32: 2,3 | X32: 3 | Y32: 30 | Z32: WEB | AA32: 12-MAY-25 | AD32: 12-MAY-25 | AE32: 01-AUG-25 | AH32: 01-AUG-25 | AT32: Davidson, Richard M. | AU32: =IF($AT32="","",IFERROR(INDEX(InstructorMap!$B:$B, MATCH($AT32, InstructorMap!$A:$A, 0)),"")) | AV32: =IF($AT32="","",IFERROR(INDEX(InstructorMap!$C:$C, MATCH($AT32, InstructorMap!$A:$A, 0)),"")) | AW32: 100 | BB32: 160 | BC32: ES12 | BD32: BILL | BE32: FP | BG32: 202531 | BH32: GSEM | BI32: 15-MAY-25 | BJ32: A | BK32: 3 | BL32: N | BO32: MOODL | BT32: 70 | BU32: 4 | BV32: 0 | BW32: Y | BX32: O | CF32: Y | CS32: 12 | CT32: 202531 | CU32: 1 | CV32: 0
H33: 3370-04 | I33: 3370 | J33: GSEM | K33: 628 | L33: 996 | N33: Grt Controversy, Cov, Law, Sab | Q33: 329 | R33: 7 | U33: ASYNC | V33: FP | W33: 2,3 | X33: 3 | Y33: 30 | Z33: WEB | AA33: 12-MAY-25 | AD33: 12-MAY-25 | AE33: 01-AUG-25 | AH33: 01-AUG-25 | AT33: Davidson, Richard M. | AU33: =IF($AT33="","",IFERROR(INDEX(InstructorMap!$B:$B, MATCH($AT33, InstructorMap!$A:$A, 0)),"")) | AV33: =IF($AT33="","",IFERROR(INDEX(InstructorMap!$C:$C, MATCH($AT33, InstructorMap!$A:$A, 0)),"")) | AW33: 100 | BB33: 160 | BC33: ES12 | BD33: BILL | BE33: FP | BG33: 202531 | BH33: GSEM | BI33: 15-MAY-25 | BJ33: A | BK33: 3 | BL33: N | BO33: MOODL | BT33: 70 | BU33: 4 | BV33: 0 | BW33: Y | BX33: O | CF33: Y | CS33: 12 | CT33: 202531 | CU33: 1 | CV33: 7
H34: 671-02 | I34: 671 | J34: GSEM | K34: 880 | L34: 101 | N34: Prep for Comprehensive Exams | O34: Prep for Comprehensive Exams | R34: 0 | W34: 0 | Y34: 999 | Z34: CLAS | AA34: 12-MAY-25 | AD34: 12-MAY-25 | AE34: 01-AUG-25 | AH34: 01-AUG-25 | AT34: Reeve, John W. | AU34: =IF($AT34="","",IFERROR(INDEX(InstructorMap!$B:$B, MATCH($AT34, InstructorMap!$A:$A, 0)),"")) | AV34: =IF($AT34="","",IFERROR(INDEX(InstructorMap!$C:$C, MATCH($AT34, InstructorMap!$A:$A, 0)),"")) | AW34: 100 | BH34: GSEM | BI34: 20-MAY-25 | BJ34: A | BL34: I | BO34: MOODL | BQ34: FT | BT34: 70 | BU34: 3 | BV34: 0 | BW34: Y | CF34: Y | CS34: 12 | CT34: 202531 | CU34: 1
H35: 3298-03 | I35: 3298 | J35: GSEM | K35: 520 | L35: 999 | N35: Methods in Biblical & Theo Res | R35: 7 | U35: ASYNC | V35: FP | W35: 2 | Y35: 25 | Z35: WEB | AA35: 12-MAY-25 | AD35: 12-MAY-25 | AE35: 01-AUG-25 | AH35: 01-AUG-25 | AT35: Reeve, John W. | AU35: =IF($AT35="","",IFERROR(INDEX(InstructorMap!$B:$B, MATCH($AT35, InstructorMap!$A:$A, 0)),"")) | AV35: =IF($AT35="","",IFERROR(INDEX(InstructorMap!$C:$C, MATCH($AT35, InstructorMap!$A:$A, 0)),"")) | AW35: 100 | BB35: 160 | BC35: ES12 | BD35: BILL | BE35: FP | BG35: 202531 | BH35: GSEM | BI35: 21-MAY-25 | BJ35: A | BL35: N | BO35: MOODL | BT35: 70 | BU35: 4 | BV35: 0 | BW35: Y | CF35: Y | CS35: 12 | CT35: 202531 | CU35: 1 | CV35: 0
H36: 3298-04 | I36: 3298 | J36: GSEM | K36: 520 | L36: 999 | N36: Methods in Biblical & Theo Res | R36: 7 | U36: ASYNC | V36: FP | W36: 2 | Y36: 25 | Z36: WEB | AA36: 12-MAY-25 | AD36: 12-MAY-25 | AE36: 01-AUG-25 | AH36: 01-AUG-25 | AT36: Reeve, John W. | AU36: =IF($AT36="","",IFERROR(INDEX(InstructorMap!$B:$B, MATCH($AT36, InstructorMap!$A:$A, 0)),"")) | AV36: =IF($AT36="","",IFERROR(INDEX(InstructorMap!$C:$C, MATCH($AT36, InstructorMap!$A:$A, 0)),"")) | AW36: 100 | BB36: 160 | BC36: ES12 | BD36: BILL | BE36: FP | BG36: 202531 | BH36: GSEM | BI36: 21-MAY-25 | BJ36: A | BL36: N | BO36: MOODL | BT36: 70 | BU36: 4 | BV36: 0 | BW36: Y | CF36: Y | CS36: 12 | CT36: 202531 | CU36: 1 | CV36: 7
H37: 3366-02 | I37: 3366 | J37: GSEM | K37: 628 | L37: 002 | N37: Grt Controversy, Cov, Law, Sab | Q37: 328 | R37: 0 | W37: 2,3 | X37: 3 | Y37: 30 | Z37: CLAS | AA37: 07-JUL-25 | AD37: 07-JUL-25 | AE37: 01-AUG-25 | AH37: 01-AUG-25 | AI37: 0830 | AJ37: 1120 | AL37: M | AM37: T | AN37: W | AO37: R | AR37: S120 | AS37: Seminary Building [SEM] | AT37: Rodrigues, Adriani M. | AU37: =IF($AT37="","",IFERROR(INDEX(InstructorMap!$B:$B, MATCH($AT37, InstructorMap!$A:$A, 0)),"")) | AV37: =IF($AT37="","",IFERROR(INDEX(InstructorMap!$C:$C, MATCH($AT37, InstructorMap!$A:$A, 0)),"")) | AW37: 100 | BH37: GSEM | BI37: 26-MAY-25 | BJ37: A | BK37: 3 | BL37: A | BO37: MOODL | BT37: 70 | BU37: 5 | BV37: 0 | BW37: Y | BX37: O | CF37: Y | CH37: O | CS37: 4 | CT37: 202531 | CU37: Q
H38: 3299-02 | I38: 3299 | J38: GSEM | K38: 678 | L38: 041 | N38: Church History Study Tour | R38: 0 | U38: TOUR | W38: 1-8 | Y38: 25 | Z38: POST | AA38: 07-JUL-25 | AD38: 28-JUL-25 | AE38: 01-AUG-25 | AH38: 01-AUG-25 | AT38: O'Reggio, Trevor E. | AU38: =IF($AT38="","",IFERROR(INDEX(InstructorMap!$B:$B, MATCH($AT38, InstructorMap!$A:$A, 0)),"")) | AV38: =IF($AT38="","",IFERROR(INDEX(InstructorMap!$C:$C, MATCH($AT38, InstructorMap!$A:$A, 0)),"")) | AW38: 100 | BH38: GSEM | BI38: 27-MAY-25 | BJ38: A | BL38: BL | BO38: MOODL | BQ38: TOUR | BT38: 70 | BU38: 5 | BV38: 0 | BW38: Y | CF38: Y | CS38: 4 | CT38: 202531 | CU38: Q
H39: 3299-04 | I39: 3299 | J39: GSEM | K39: 678 | L39: 041 | N39: Church History Study Tour | R39: 0 | U39: TOUR | W39: 1-8 | Y39: 25 | Z39: PRE | AA39: 07-JUL-25 | AD39: 07-JUL-25 | AE39: 19-JUL-25 | AH39: 01-AUG-25 | AT39: O'Reggio, Trevor E. | AU39: =IF($AT39="","",IFERROR(INDEX(InstructorMap!$B:$B, MATCH($AT39, InstructorMap!$A:$A, 0)),"")) | AV39: =IF($AT39="","",IFERROR(INDEX(InstructorMap!$C:$C, MATCH($AT39, InstructorMap!$A:$A, 0)),"")) | AW39: 100 | BH39: GSEM | BI39: 27-MAY-25 | BJ39: A | BL39: BL | BO39: MOODL | BQ39: TOUR | BT39: 70 | BU39: 5 | BV39: 0 | BW39: Y | CF39: Y | CS39: 4 | CT39: 202531 | CU39: Q
H40: 3299-06 | I40: 3299 | J40: GSEM | K40: 678 | L40: 041 | N40: Church History Study Tour | R40: 0 | U40: TOUR | W40: 1-8 | Y40: 25 | Z40: TOUR | AA40: 07-JUL-25 | AD40: 20-JUL-25 | AE40: 27-JUL-25 | AH40: 01-AUG-25 | AT40: O'Reggio, Trevor E. | AU40: =IF($AT40="","",IFERROR(INDEX(InstructorMap!$B:$B, MATCH($AT40, InstructorMap!$A:$A, 0)),"")) | AV40: =IF($AT40="","",IFERROR(INDEX(InstructorMap!$C:$C, MATCH($AT40, InstructorMap!$A:$A, 0)),"")) | AW40: 100 | BH40: GSEM | BI40: 27-MAY-25 | BJ40: A | BL40: BL | BO40: MOODL | BQ40: TOUR | BT40: 70 | BU40: 5 | BV40: 0 | BW40: Y | CF40: Y | CS40: 4 | CT40: 202531 | CU40: Q
H41: 3369-03 | I41: 3369 | J41: GSEM | K41: 628 | L41: 999 | N41: Grt Controversy, Cov, Law, Sab | Q41: 329 | R41: 7 | U41: ASYNC | V41: FP | W41: 2,3 | X41: 2 | Y41: 30 | Z41: WEB | AA41: 12-MAY-25 | AD41: 12-MAY-25 | AE41: 01-AUG-25 | AH41: 01-AUG-25 | AT41: Davidson, Richard M. | AU41: =IF($AT41="","",IFERROR(INDEX(InstructorMap!$B:$B, MATCH($AT41, InstructorMap!$A:$A, 0)),"")) | AV41: =IF($AT41="","",IFERROR(INDEX(InstructorMap!$C:$C, MATCH($AT41, InstructorMap!$A:$A, 0)),"")) | AW41: 100 | BB41: 160 | BC41: ES12 | BD41: BILL | BE41: FP | BG41: 202531 | BH41: GSEM | BI41: 02-JUN-25 | BJ41: A | BK41: 2 | BL41: N | BO41: MOODL | BT41: 70 | BU41: 10 | BV41: 0 | BW41: Y | CF41: Y | CS41: 12 | CT41: 202531 | CU41: 1 | CV41: 0
H42: 3369-04 | I42: 3369 | J42: GSEM | K42: 628 | L42: 999 | N42: Grt Controversy, Cov, Law, Sab | Q42: 329 | R42: 7 | U42: ASYNC | V42: FP | W42: 2,3 | X42: 2 | Y42: 30 | Z42: WEB | AA42: 12-MAY-25 | AD42: 12-MAY-25 | AE42: 01-AUG-25 | AH42: 01-AUG-25 | AT42: Davidson, Richard M. | AU42: =IF($AT42="","",IFERROR(INDEX(InstructorMap!$B:$B, MATCH($AT42, InstructorMap!$A:$A, 0)),"")) | AV42: =IF($AT42="","",IFERROR(INDEX(InstructorMap!$C:$C, MATCH($AT42, InstructorMap!$A:$A, 0)),"")) | AW42: 100 | BB42: 160 | BC42: ES12 | BD42: BILL | BE42: FP | BG42: 202531 | BH42: GSEM | BI42: 02-JUN-25 | BJ42: A | BK42: 2 | BL42: N | BO42: MOODL | BT42: 70 | BU42: 10 | BV42: 0 | BW42: Y | CF42: Y | CS42: 12 | CT42: 202531 | CU42: 1 | CV42: 7
H43: 673-02 | I43: 673 | J43: GSEM | K43: 888 | L43: 101 | N43: Doctoral Degr Continuation | O43: Doctoral Degr Continuation | R43: 0 | W43: 0 | Y43: 30 | Z43: CLAS | AA43: 12-MAY-25 | AD43: 12-MAY-25 | AE43: 01-AUG-25 | AH43: 01-AUG-25 | AT43: Reeve, John W. | AU43: =IF($AT43="","",IFERROR(INDEX(InstructorMap!$B:$B, MATCH($AT43, InstructorMap!$A:$A, 0)),"")) | AV43: =IF($AT43="","",IFERROR(INDEX(InstructorMap!$C:$C, MATCH($AT43, InstructorMap!$A:$A, 0)),"")) | AW43: 100 | BH43: GSEM | BI43: 03-JUN-25 | BJ43: A | BL43: I | BO43: MOODL | BQ43: FT | BT43: 70 | BU43: 2 | BV43: 0 | BW43: Y | CF43: Y | CS43: 12 | CT43: 202531 | CU43: 1
H44: 709-03 | I44: 709 | J44: GSEM | K44: 530 | L44: 999 | N44: Doctrine of the Sanctuary | R44: 7 | U44: ASYNC | V44: FP | W44: 2,3 | Y44: 40 | Z44: WEB | AA44: 12-MAY-25 | AD44: 12-MAY-25 | AE44: 01-AUG-25 | AH44: 01-AUG-25 | AT44: Skinner, Jerome L. | AU44: =IF($AT44="","",IFERROR(INDEX(InstructorMap!$B:$B, MATCH($AT44, InstructorMap!$A:$A, 0)),"")) | AV44: =IF($AT44="","",IFERROR(INDEX(InstructorMap!$C:$C, MATCH($AT44, InstructorMap!$A:$A, 0)),"")) | AW44: 100 | BB44: 160 | BC44: ES12 | BD44: BILL | BE44: FP | BG44: 202531 | BH44: GSEM | BI44: 06-JUN-25 | BJ44: A | BL44: N | BO44: MOODL | BT44: 70 | BU44: 24 | BV44: 0 | BW44: Y | CF44: Y | CS44: 12 | CT44: 202531 | CU44: 1 | CV44: 0
H45: 709-04 | I45: 709 | J45: GSEM | K45: 530 | L45: 999 | N45: Doctrine of the Sanctuary | R45: 7 | U45: ASYNC | V45: FP | W45: 2,3 | Y45: 40 | Z45: WEB | AA45: 12-MAY-25 | AD45: 12-MAY-25 | AE45: 01-AUG-25 | AH45: 01-AUG-25 | AT45: Skinner, Jerome L. | AU45: =IF($AT45="","",IFERROR(INDEX(InstructorMap!$B:$B, MATCH($AT45, InstructorMap!$A:$A, 0)),"")) | AV45: =IF($AT45="","",IFERROR(INDEX(InstructorMap!$C:$C, MATCH($AT45, InstructorMap!$A:$A, 0)),"")) | AW45: 100 | BB45: 160 | BC45: ES12 | BD45: BILL | BE45: FP | BG45: 202531 | BH45: GSEM | BI45: 06-JUN-25 | BJ45: A | BL45: N | BO45: MOODL | BT45: 70 | BU45: 24 | BV45: 0 | BW45: Y | CF45: Y | CS45: 12 | CT45: 202531 | CU45: 1 | CV45: 7
H46: 3367-03 | I46: 3367 | J46: GSEM | K46: 628 | L46: 997 | N46: Grt Controversy, Cov, Law, Sab | Q46: 328 | R46: 7 | U46: SYNC | V46: FP | W46: 2,3 | X46: 2 | Y46: 15 | Z46: WEB | AA46: 07-JUL-25 | AD46: 07-JUL-25 | AE46: 01-AUG-25 | AH46: 01-AUG-25 | AI46: 0830 | AJ46: 1120 | AL46: M | AM46: T | AN46: W | AO46: R | AT46: Rodrigues, Adriani M. | AU46: =IF($AT46="","",IFERROR(INDEX(InstructorMap!$B:$B, MATCH($AT46, InstructorMap!$A:$A, 0)),"")) | AV46: =IF($AT46="","",IFERROR(INDEX(InstructorMap!$C:$C, MATCH($AT46, InstructorMap!$A:$A, 0)),"")) | AW46: 100 | BB46: 160 | BC46: ES12 | BD46: BILL | BE46: FP | BG46: 202531 | BH46: GSEM | BI46: 12-JUN-25 | BJ46: A | BK46: 2 | BL46: N | BO46: MOODL | BT46: 70 | BU46: 0 | BV46: 0 | BW46: Y | BX46: O | CF46: Y | CS46: 4 | CT46: 202531 | CU46: Q | CV46: 0
H47: 3367-04 | I47: 3367 | J47: GSEM | K47: 628 | L47: 997 | N47: Grt Controversy, Cov, Law, Sab | Q47: 328 | R47: 7 | U47: SYNC | V47: FP | W47: 2,3 | X47: 2 | Y47: 15 | Z47: WEB | AA47: 07-JUL-25 | AD47: 07-JUL-25 | AE47: 01-AUG-25 | AH47: 01-AUG-25 | AI47: 0830 | AJ47: 1120 | AL47: M | AM47: T | AN47: W | AO47: R | AT47: Rodrigues, Adriani M. | AU47: =IF($AT47="","",IFERROR(INDEX(InstructorMap!$B:$B, MATCH($AT47, InstructorMap!$A:$A, 0)),"")) | AV47: =IF($AT47="","",IFERROR(INDEX(InstructorMap!$C:$C, MATCH($AT47, InstructorMap!$A:$A, 0)),"")) | AW47: 100 | BB47: 160 | BC47: ES12 | BD47: BILL | BE47: FP | BG47: 202531 | BH47: GSEM | BI47: 12-JUN-25 | BJ47: A | BK47: 2 | BL47: N | BO47: MOODL | BT47: 70 | BU47: 0 | BV47: 0 | BW47: Y | BX47: O | CF47: Y | CS47: 4 | CT47: 202531 | CU47: Q | CV47: 7
H48: 1223-02 | I48: 1223 | J48: GSEM | K48: 670 | L48: 040 | N48: Guided Study Tour Bible Lands | R48: 0 | U48: TOUR | W48: 1-4 | Y48: 30 | Z48: POST | AA48: 04-MAY-25 | AD48: 19-MAY-25 | AE48: 01-AUG-25 | AH48: 01-AUG-25 | AT48: Gregor, Paul Z. | AU48: =IF($AT48="","",IFERROR(INDEX(InstructorMap!$B:$B, MATCH($AT48, InstructorMap!$A:$A, 0)),"")) | AV48: =IF($AT48="","",IFERROR(INDEX(InstructorMap!$C:$C, MATCH($AT48, InstructorMap!$A:$A, 0)),"")) | AW48: 100 | BH48: GSEM | BI48: 19-JUN-25 | BJ48: A | BL48: BL | BO48: MOODL | BQ48: TOUR | BT48: 70 | BU48: 9 | BV48: 0 | BW48: Y | CF48: Y | CS48: 12 | CT48: 202531 | CU48: 1
H49: 1223-04 | I49: 1223 | J49: GSEM | K49: 670 | L49: 040 | N49: Guided Study Tour Bible Lands | R49: 0 | U49: TOUR | W49: 1-4 | Y49: 30 | Z49: TOUR | AA49: 04-MAY-25 | AD49: 04-MAY-25 | AE49: 18-MAY-25 | AH49: 01-AUG-25 | AT49: Gregor, Paul Z. | AU49: =IF($AT49="","",IFERROR(INDEX(InstructorMap!$B:$B, MATCH($AT49, InstructorMap!$A:$A, 0)),"")) | AV49: =IF($AT49="","",IFERROR(INDEX(InstructorMap!$C:$C, MATCH($AT49, InstructorMap!$A:$A, 0)),"")) | AW49: 100 | BH49: GSEM | BI49: 19-JUN-25 | BJ49: A | BL49: BL | BO49: MOODL | BQ49: TOUR | BT49: 70 | BU49: 9 | BV49: 0 | BW49: Y | CF49: Y | CS49: 12 | CT49: 202531 | CU49: 1
H50: 3057-02 | I50: 3057 | J50: GSEM | K50: 990 | L50: 102 | N50: Postdoctoral Seminar | Q50: 104 | R50: 0 | W50: 3,4 | X50: 3 | Y50: 1 | Z50: CLAS | AA50: 07-JUL-25 | AD50: 07-JUL-25 | AE50: 01-AUG-25 | AH50: 01-AUG-25 | AI50: 1430 | AJ50: 1620 | AR50: S120 | AS50: Seminary Building [SEM] | AT50: Gane, Roy E. | AU50: =IF($AT50="","",IFERROR(INDEX(InstructorMap!$B:$B, MATCH($AT50, InstructorMap!$A:$A, 0)),"")) | AV50: =IF($AT50="","",IFERROR(INDEX(InstructorMap!$C:$C, MATCH($AT50, InstructorMap!$A:$A, 0)),"")) | AW50: 100 | BH50: GSEM | BI50: 27-JUN-25 | BJ50: A | BK50: 3 | BL50: M | BO50: MOODL | BT50: 70 | BU50: 1 | BV50: 0 | BW50: Y | CF50: Y | CS50: 4 | CT50: 202531 | CU50: Q
H51: 2204-02 | I51: 2204 | J51: GSEM | K51: 505 | L51: 102 | N51: Colloquium: | O51: Coll: NAD Summit on Abuse | R51: 7 | U51: WEB | W51: 0 | Y51: 999 | Z51: WEB | AD51: 03-FEB-25 | AE51: 01-AUG-25 | AT51: Gaton, Roy G. | AU51: =IF($AT51="","",IFERROR(INDEX(InstructorMap!$B:$B, MATCH($AT51, InstructorMap!$A:$A, 0)),"")) | AV51: =IF($AT51="","",IFERROR(INDEX(InstructorMap!$C:$C, MATCH($AT51, InstructorMap!$A:$A, 0)),"")) | AW51: 100 | BH51: GSEM | BI51: 30-JUN-25 | BJ51: A | BL51: I | BO51: MOODL | BT51: 70 | BU51: 17 | BV51: 0 | BW51: Y | BY51: 03-FEB-25 | BZ51: 01-AUG-25 | CA51: 03-FEB-25 | CB51: 01-AUG-25 | CC51: 1 | CD51: DAYS | CF51: Y | CT51: 202531
H52: 3365-02 | I52: 3365 | J52: GSEM | K52: 628 | L52: 001 | N52: Grt Controversy, Cov, Law, Sab | Q52: 328 | R52: 0 | W52: 2,3 | X52: 2 | Y52: 30 | Z52: CLAS | AA52: 07-JUL-25 | AD52: 07-JUL-25 | AE52: 01-AUG-25 | AH52: 01-AUG-25 | AI52: 0830 | AJ52: 1120 | AL52: M | AM52: T | AN52: W | AO52: R | AR52: S120 | AS52: Seminary Building [SEM] | AT52: Rodrigues, Adriani M. | AU52: =IF($AT52="","",IFERROR(INDEX(InstructorMap!$B:$B, MATCH($AT52, InstructorMap!$A:$A, 0)),"")) | AV52: =IF($AT52="","",IFERROR(INDEX(InstructorMap!$C:$C, MATCH($AT52, InstructorMap!$A:$A, 0)),"")) | AW52: 100 | BH52: GSEM | BI52: 08-JUL-25 | BJ52: A | BK52: 2 | BL52: A | BO52: MOODL | BT52: 70 | BU52: 8 | BV52: 0 | BW52: Y | BX52: O | CF52: Y | CH52: O | CS52: 4 | CT52: 202531 | CU52: Q
H53: 2827-02 | I53: 2827 | J53: GSEM | K53: 505 | L53: 103 | N53: Colloquium: | O53: Colloquium: Church Security | R53: 7 | U53: WEB | W53: 0 | Y53: 999 | Z53: WEB | AD53: 03-FEB-25 | AE53: 01-AUG-25 | AT53: Coralie, Alain G. | AU53: =IF($AT53="","",IFERROR(INDEX(InstructorMap!$B:$B, MATCH($AT53, InstructorMap!$A:$A, 0)),"")) | AV53: =IF($AT53="","",IFERROR(INDEX(InstructorMap!$C:$C, MATCH($AT53, InstructorMap!$A:$A, 0)),"")) | AW53: 100 | BH53: GSEM | BI53: 09-JUL-25 | BJ53: A | BL53: I | BO53: MOODL | BT53: 70 | BU53: 14 | BV53: 0 | BW53: Y | BY53: 03-FEB-25 | BZ53: 01-AUG-25 | CA53: 03-FEB-25 | CB53: 01-AUG-25 | CC53: 1 | CD53: DAYS | CF53: Y | CT53: 202531
H54: 2005-02 | I54: 2005 | J54: GSEM | K54: 505 | L54: 101 | N54: Colloquium: | O54: Coll: Master Guide Toolbox | R54: 7 | U54: WEB | W54: 0 | Y54: 999 | Z54: WEB | AD54: 03-FEB-25 | AE54: 01-AUG-25 | AT54: Paquini, Rogelio | AU54: =IF($AT54="","",IFERROR(INDEX(InstructorMap!$B:$B, MATCH($AT54, InstructorMap!$A:$A, 0)),"")) | AV54: =IF($AT54="","",IFERROR(INDEX(InstructorMap!$C:$C, MATCH($AT54, InstructorMap!$A:$A, 0)),"")) | AW54: 100 | BH54: GSEM | BI54: 17-JUL-25 | BJ54: A | BL54: I | BO54: MOODL | BT54: 70 | BU54: 3 | BV54: 0 | BW54: Y | BY54: 03-FEB-25 | BZ54: 01-AUG-25 | CA54: 03-FEB-25 | CB54: 01-AUG-25 | CC54: 1 | CD54: DAYS | CF54: Y | CT54: 202531

Sheet MSSN
A1: Don {not in Banner} | B1: Mismatching {not in Banner} | C1: Dept/Prog Admin {not in Banner} | D1: Mona {not in Banner} | E1: Karen {not in Banner} | F1: DONE {not in Banner} | G1: Notes {not in Banner} | H1: CRN sorted {not in Banner} | I1: CRN | J1: Subject | K1: Course Number {Crse Num} | L1: Course Section {Seq Crse Num} | M1: Program {not in Banner} | N1: Catalog Title | O1: Section Title | P1: Crosslist Details {not in Banner} | Q1: X Lst | R1: Campus {Ssasect Campus} | S1: Campus Restriction {Camp Restr CC} | T1: Schedule Type {not in Banner} | U1: Instruction Method {Inst Method} | V1: Level {Level SC} | W1: Credit Catalog {Cat Crs} | X1: Credits {Sect Crs} | Y1: Enrollment Cap {Max Enrl} | Z1: Meeting Type | AA1: Semester Start Date {Soaterm Start Date} | AB1: Pre-work Start Date {not in Banner} | AC1: Pre-work End Date {not in Banner} | AD1: Course Start Date {Meet Start Date} | AE1: Course End Date {Meet End Date} | AF1: Post-work Start Date {not in Banner} | AG1: Post-work End Date {not in Banner} | AH1: Semester End Date {Soaterm End Date} | AI1: Course Beginning Time {Meet Beg Time} | AJ1: Course Ending Time {Meet End Time} | AK1: SUN | AL1: MON | AM1: TUE | AN1: WED | AO1: THU | AP1: FRI | AQ1: SAT | AR1: Room {Meet Room} | AS1: Building {Meet Bldg} | AT1: Instructor Name {Instr Name} | AU1: Instructor Email {Instr Email} | AV1: Instructor ID {Instr ID} | AW1: % Responsibility | AX1: load/contract {not in Banner} | AY1: costs per credit {not in Banner} | AZ1: total costs {not in Banner} | BA1: account to be charged {not in Banner} | BB1: Fee Amount {Fees Amt} | BC1: Fee Code {Detl Code} | BD1: Fee Type | BE1: Fee Level | BF1: Fee Ind | BG1: Fee Term | BH1: SEM Department {Scacrse Dept} | BI1: Activity Date | BJ1: Status | BK1: Bill Hrs | BL1: Sect Sch Type | BM1: Prerequisites {Preq Areas} | BN1: Link Ind | BO1: Integration Code | BP1: Link Conn | BQ1: Crs Attr | BR1: Comments | BS1: Major Restr | BT1: Scacrse College | BU1: Enrolled | BV1: Waitlist Capacity | BW1: Primary Ind | BX1: Override | BY1: 1st Date Reg Opens | BZ1: Last Date Reg Opens | CA1: OL Range From Date | CB1: OL Range To Date | CC1: OL Numb Units | CD1: OL Duration Code | CE1: Grade Mode | CF1: Gradable Ind | CG1: Tuit Waiver | CH1: Course Override {Meet Override} | CI1: Lvl Res Ind | CJ1: Cmp Res Ind | CK1: Rate Code | CL1: Cohort Code | CM1: St Attr Code | CN1: Coll SC | CO1: DegC SC | CP1: Prog SC | CQ1: FOS Type | CR1: Special Approval {Special Apvl} | CS1: Weeks | CT1: Term Code | CU1: Part-Of-Term | CV1: Camp SC
H2: 2793-02 | I2: 2793 | J2: MSSN | K2: 890 | L2: 101 | N2: Directed Rdgs Mission Studies | O2: Directed Rdgs | R2: 0 | W2: 2-12 | Y2: 999 | Z2: CLAS | AA2: 12-MAY-25 | AD2: 12-MAY-25 | AE2: 01-AUG-25 | AH2: 01-AUG-25 | AT2: Cincala, Petr | AU2: =IF($AT2="","",IFERROR(INDEX(InstructorMap!$B:$B, MATCH($AT2, InstructorMap!$A:$A, 0)),"")) | AV2: =IF($AT2="","",IFERROR(INDEX(InstructorMap!$C:$C, MATCH($AT2, InstructorMap!$A:$A, 0)),"")) | AW2: 100 | BH2: WMIS | BI2: 21-FEB-25 | BJ2: A | BL2: I | BO2: MOODL | BT2: 70 | BU2: 0 | BV2: 0 | BW2: Y | CF2: Y | CS2: 12 | CT2: 202531 | CU2: 1
H3: 2293-02 | I3: 2293 | J3: MSSN | K3: 827 | L3: 001 | N3: Sem History of Mission | Q3: 044 | R3: 0 | W3: 3 | Y3: 15 | Z3: CLAS | AA3: 09-JUN-25 | AD3: 09-JUN-25 | AE3: 03-JUL-25 | AH3: 03-JUL-25 | AI3: 0830 | AJ3: 1120 | AL3: M | AM3: T | AN3: W | AO3: R | AR3: N110 | AS3: Seminary Building [SEM] | AT3: Tompkins, Andrew J. | AU3: =IF($AT3="","",IFERROR(INDEX(InstructorMap!$B:$B, MATCH($AT3, InstructorMap!$A:$A, 0)),"")) | AV3: =IF($AT3="","",IFERROR(INDEX(InstructorMap!$C:$C, MATCH($AT3, InstructorMap!$A:$A, 0)),"")) | AW3: 100 | BH3: WMIS | BI3: 14-APR-25 | BJ3: A | BL3: M | BO3: MOODL | BT3: 70 | BU3: 0 | BV3: 0 | BW3: Y | BX3: O | CF3: Y | CH3: O | CS3: 4 | CT3: 202531 | CU3: 3
H4: 3316-02 | I4: 3316 | J4: MSSN | K4: 505 | L4: 040 | N4: Christn Respns to Human Needs | R4: 0 | U4: TOUR | W4: 2,3 | X4: 3 | Y4: 40 | Z4: TOUR | AA4: 12-MAY-25 | AD4: 12-MAY-25 | AE4: 06-JUN-25 | AH4: 06-JUN-25 | AT4: Dementyev, Vadim | AU4: =IF($AT4="","",IFERROR(INDEX(InstructorMap!$B:$B, MATCH($AT4, InstructorMap!$A:$A, 0)),"")) | AV4: =IF($AT4="","",IFERROR(INDEX(InstructorMap!$C:$C, MATCH($AT4, InstructorMap!$A:$A, 0)),"")) | AW4: 100 | BH4: WMIS | BI4: 27-MAY-25 | BJ4: A | BK4: 3 | BL4: A | BO4: MOODL | BT4: 70 | BU4: 14 | BV4: 0 | BW4: Y | CF4: Y | CS4: 4 | CT4: 202531 | CU4: 2
H5: 765-02 | I5: 765 | J5: MSSN | K5: 888 | L5: 001 | N5: DIS Dissertation Continuation | R5: 0 | W5: 0 | Y5: 20 | Z5: CLAS | AA5: 12-MAY-25 | AD5: 12-MAY-25 | AE5: 01-AUG-25 | AH5: 01-AUG-25 | AT5: Cincala, Petr | AU5: =IF($AT5="","",IFERROR(INDEX(InstructorMap!$B:$B, MATCH($AT5, InstructorMap!$A:$A, 0)),"")) | AV5: =IF($AT5="","",IFERROR(INDEX(InstructorMap!$C:$C, MATCH($AT5, InstructorMap!$A:$A, 0)),"")) | AW5: 100 | BH5: WMIS | BI5: 02-JUN-25 | BJ5: A | BL5: I | BO5: MOODL | BQ5: FT | BT5: 70 | BU5: 3 | BV5: 0 | BW5: Y | CF5: Y | CS5: 12 | CT5: 202531 | CU5: 1
H6: 3184-02 | I6: 3184 | J6: MSSN | K6: 835 | L6: 001 | N6: Urban Context Mission/Ministry | R6: 0 | U6: INTEN | W6: 3,4 | X6: 4 | Y6: 18 | Z6: CLAS | AD6: 27-MAY-25 | AE6: 06-JUN-25 | AI6: 0800 | AJ6: 1700 | AS6: Seminary Building [SEM] | AT6: Krause, Gary D. | AU6: =IF($AT6="","",IFERROR(INDEX(InstructorMap!$B:$B, MATCH($AT6, InstructorMap!$A:$A, 0)),"")) | AV6: =IF($AT6="","",IFERROR(INDEX(InstructorMap!$C:$C, MATCH($AT6, InstructorMap!$A:$A, 0)),"")) | AW6: 100 | BH6: WMIS | BI6: 03-JUN-25 | BJ6: A | BK6: 4 | BL6: A | BO6: MOODL | BT6: 70 | BU6: 10 | BV6: 0 | BW6: Y | BY6: 03-FEB-25 | BZ6: 11-MAY-25 | CA6: 12-MAY-25 | CB6: 12-MAY-25 | CC6: 290 | CD6: DAYS | CF6: Y | CT6: 202531
H7: 3184-04 | I7: 3184 | J7: MSSN | K7: 835 | L7: 001 | N7: Urban Context Mission/Ministry | R7: 0 | U7: INTEN | W7: 3,4 | X7: 4 | Y7: 18 | Z7: POST | AD7: 07-JUN-25 | AE7: 25-FEB-26 | AT7: Krause, Gary D. | AU7: =IF($AT7="","",IFERROR(INDEX(InstructorMap!$B:$B, MATCH($AT7, InstructorMap!$A:$A, 0)),"")) | AV7: =IF($AT7="","",IFERROR(INDEX(InstructorMap!$C:$C, MATCH($AT7, InstructorMap!$A:$A, 0)),"")) | AW7: 100 | BH7: WMIS | BI7: 03-JUN-25 | BJ7: A | BK7: 4 | BL7: A | BO7: MOODL | BT7: 70 | BU7: 10 | BV7: 0 | BW7: Y | BY7: 03-FEB-25 | BZ7: 11-MAY-25 | CA7: 12-MAY-25 | CB7: 12-MAY-25 | CC7: 290 | CD7: DAYS | CF7: Y | CT7: 202531
H8: 3184-06 | I8: 3184 | J8: MSSN | K8: 835 | L8: 001 | N8: Urban Context Mission/Ministry | R8: 0 | U8: INTEN | W8: 3,4 | X8: 4 | Y8: 18 | Z8: PRE | AD8: 12-MAY-25 | AE8: 26-MAY-25 | AT8: Krause, Gary D. | AU8: =IF($AT8="","",IFERROR(INDEX(InstructorMap!$B:$B, MATCH($AT8, InstructorMap!$A:$A, 0)),"")) | AV8: =IF($AT8="","",IFERROR(INDEX(InstructorMap!$C:$C, MATCH($AT8, InstructorMap!$A:$A, 0)),"")) | AW8: 100 | BH8: WMIS | BI8: 03-JUN-25 | BJ8: A | BK8: 4 | BL8: A | BO8: MOODL | BT8: 70 | BU8: 10 | BV8: 0 | BW8: Y | BY8: 03-FEB-25 | BZ8: 11-MAY-25 | CA8: 12-MAY-25 | CB8: 12-MAY-25 | CC8: 290 | CD8: DAYS | CF8: Y | CT8: 202531
H9: 524-02 | I9: 524 | J9: MSSN | K9: 840 | L9: 001 | N9: Research Methods in Miss&Min | R9: 0 | U9: INTEN | W9: 2,3 | X9: 3 | Y9: 18 | Z9: CLAS | AD9: 27-MAY-25 | AE9: 04-JUN-25 | AI9: 0800 | AJ9: 1400 | AR9: S215 | AS9: Seminary Building [SEM] | AT9: Sanou, Boubakar | AU9: =IF($AT9="","",IFERROR(INDEX(InstructorMap!$B:$B, MATCH($AT9, InstructorMap!$A:$A, 0)),"")) | AV9: =IF($AT9="","",IFERROR(INDEX(InstructorMap!$C:$C, MATCH($AT9, InstructorMap!$A:$A, 0)),"")) | AW9: 100 | BH9: WMIS | BI9: 04-JUN-25 | BJ9: A | BK9: 3 | BL9: A | BO9: MOODL | BT9: 70 | BU9: 7 | BV9: 0 | BW9: Y | BY9: 03-FEB-25 | BZ9: 11-MAY-25 | CA9: 12-MAY-25 | CB9: 12-MAY-25 | CC9: 290 | CD9: DAYS | CF9: Y | CT9: 202531
H10: 524-04 | I10: 524 | J10: MSSN | K10: 840 | L10: 001 | N10: Research Methods in Miss&Min | R10: 0 | U10: INTEN | W10: 2,3 | X10: 3 | Y10: 18 | Z10: POST | AD10: 05-JUN-25 | AE10: 25-FEB-26 | AT10: Sanou, Boubakar | AU10: =IF($AT10="","",IFERROR(INDEX(InstructorMap!$B:$B, MATCH($AT10, InstructorMap!$A:$A, 0)),"")) | AV10: =IF($AT10="","",IFERROR(INDEX(InstructorMap!$C:$C, MATCH($AT10, InstructorMap!$A:$A, 0)),"")) | AW10: 100 | BH10: WMIS | BI10: 04-JUN-25 | BJ10: A | BK10: 3 | BL10: A | BO10: MOODL | BT10: 70 | BU10: 7 | BV10: 0 | BW10: Y | BY10: 03-FEB-25 | BZ10: 11-MAY-25 | CA10: 12-MAY-25 | CB10: 12-MAY-25 | CC10: 290 | CD10: DAYS | CF10: Y | CT10: 202531
H11: 524-06 | I11: 524 | J11: MSSN | K11: 840 | L11: 001 | N11: Research Methods in Miss&Min | R11: 0 | U11: INTEN | W11: 2,3 | X11: 3 | Y11: 18 | Z11: PRE | AD11: 12-MAY-25 | AE11: 26-MAY-25 | AT11: Sanou, Boubakar | AU11: =IF($AT11="","",IFERROR(INDEX(InstructorMap!$B:$B, MATCH($AT11, InstructorMap!$A:$A, 0)),"")) | AV11: =IF($AT11="","",IFERROR(INDEX(InstructorMap!$C:$C, MATCH($AT11, InstructorMap!$A:$A, 0)),"")) | AW11: 100 | BH11: WMIS | BI11: 04-JUN-25 | BJ11: A | BK11: 3 | BL11: A | BO11: MOODL | BT11: 70 | BU11: 7 | BV11: 0 | BW11: Y | BY11: 03-FEB-25 | BZ11: 11-MAY-25 | CA11: 12-MAY-25 | CB11: 12-MAY-25 | CC11: 290 | CD11: DAYS | CF11: Y | CT11: 202531
H12: 2395-02 | I12: 2395 | J12: MSSN | K12: 676 | L12: 998 | N12: Hist of Christian Mission | Q12: 044 | R12: 7 | U12: SYNC | W12: 2,3 | X12: 3 | Y12: 10 | Z12: CLAS | AA12: 09-JUN-25 | AD12: 09-JUN-25 | AE12: 03-JUL-25 | AH12: 03-JUL-25 | AI12: 0830 | AJ12: 1120 | AL12: M | AM12: T | AN12: W | AO12: R | AT12: Tompkins, Andrew J. | AU12: =IF($AT12="","",IFERROR(INDEX(InstructorMap!$B:$B, MATCH($AT12, InstructorMap!$A:$A, 0)),"")) | AV12: =IF($AT12="","",IFERROR(INDEX(InstructorMap!$C:$C, MATCH($AT12, InstructorMap!$A:$A, 0)),"")) | AW12: 100 | BH12: WMIS | BI12: 12-JUN-25 | BJ12: A | BK12: 3 | BL12: N | BO12: MOODL | BT12: 70 | BU12: 8 | BV12: 0 | BW12: Y | BX12: O | CF12: Y | CS12: 4 | CT12: 202531 | CU12: 3
H13: 3188-02 | I13: 3188 | J13: MSSN | K13: 806 | L13: 001 | N13: Bib Theo&Spiritl Found Mssn | R13: 0 | U13: INTEN | W13: 5,6 | X13: 5 | Y13: 18 | Z13: CLAS | AD13: 05-JUN-25 | AE13: 20-JUN-25 | AI13: 0800 | AJ13: 1700 | AR13: S215 | AS13: Seminary Building [SEM] | AT13: Drumi, Iurii N. | AU13: =IF($AT13="","",IFERROR(INDEX(InstructorMap!$B:$B, MATCH($AT13, InstructorMap!$A:$A, 0)),"")) | AV13: =IF($AT13="","",IFERROR(INDEX(InstructorMap!$C:$C, MATCH($AT13, InstructorMap!$A:$A, 0)),"")) | AW13: 50 | BH13: WMIS | BI13: 13-JUN-25 | BJ13: A | BK13: 5 | BL13: A | BO13: MOODL | BT13: 70 | BU13: 9 | BV13: 0 | BW13: Y | BY13: 03-FEB-25 | BZ13: 11-MAY-25 | CA13: 12-MAY-25 | CB13: 12-MAY-25 | CC13: 290 | CD13: DAYS | CF13: Y | CT13: 202531
H14: 3188-04 | I14: 3188 | J14: MSSN | K14: 806 | L14: 001 | N14: Bib Theo&Spiritl Found Mssn | R14: 0 | U14: INTEN | W14: 5,6 | X14: 5 | Y14: 18 | Z14: POST | AD14: 21-JUN-25 | AE14: 25-FEB-26 | AT14: Drumi, Iurii N. | AU14: =IF($AT14="","",IFERROR(INDEX(InstructorMap!$B:$B, MATCH($AT14, InstructorMap!$A:$A, 0)),"")) | AV14: =IF($AT14="","",IFERROR(INDEX(InstructorMap!$C:$C, MATCH($AT14, InstructorMap!$A:$A, 0)),"")) | AW14: 50 | BH14: WMIS | BI14: 13-JUN-25 | BJ14: A | BK14: 5 | BL14: A | BO14: MOODL | BT14: 70 | BU14: 9 | BV14: 0 | BW14: Y | BY14: 03-FEB-25 | BZ14: 11-MAY-25 | CA14: 12-MAY-25 | CB14: 12-MAY-25 | CC14: 290 | CD14: DAYS | CF14: Y | CT14: 202531
H15: 3188-06 | I15: 3188 | J15: MSSN | K15: 806 | L15: 001 | N15: Bib Theo&Spiritl Found Mssn | R15: 0 | U15: INTEN | W15: 5,6 | X15: 5 | Y15: 18 | Z15: PRE | AD15: 12-MAY-25 | AE15: 04-JUN-25 | AT15: Drumi, Iurii N. | AU15: =IF($AT15="","",IFERROR(INDEX(InstructorMap!$B:$B, MATCH($AT15, InstructorMap!$A:$A, 0)),"")) | AV15: =IF($AT15="","",IFERROR(INDEX(InstructorMap!$C:$C, MATCH($AT15, InstructorMap!$A:$A, 0)),"")) | AW15: 50 | BH15: WMIS | BI15: 13-JUN-25 | BJ15: A | BK15: 5 | BL15: A | BO15: MOODL | BT15: 70 | BU15: 9 | BV15: 0 | BW15: Y | BY15: 03-FEB-25 | BZ15: 11-MAY-25 | CA15: 12-MAY-25 | CB15: 12-MAY-25 | CC15: 290 | CD15: DAYS | CF15: Y | CT15: 202531
H16: 3189-02 | I16: 3189 | J16: MSSN | K16: 837 | L16: 001 | N16: History of Mission | R16: 0 | U16: INTEN | W16: 3 | Y16: 18 | Z16: CLAS | AD16: 23-JUN-25 | AE16: 01-JUL-25 | AR16: S215 | AS16: Seminary Building [SEM] | AT16: Tompkins, Andrew J. | AU16: =IF($AT16="","",IFERROR(INDEX(InstructorMap!$B:$B, MATCH($AT16, InstructorMap!$A:$A, 0)),"")) | AV16: =IF($AT16="","",IFERROR(INDEX(InstructorMap!$C:$C, MATCH($AT16, InstructorMap!$A:$A, 0)),"")) | AW16: 100 | BH16: WMIS | BI16: 13-JUN-25 | BJ16: A | BL16: A | BO16: MOODL | BT16: 70 | BU16: 10 | BV16: 0 | BW16: Y | BY16: 03-FEB-25 | BZ16: 11-MAY-25 | CA16: 12-MAY-25 | CB16: 12-MAY-25 | CC16: 290 | CD16: DAYS | CF16: Y | CT16: 202531
H17: 3189-04 | I17: 3189 | J17: MSSN | K17: 837 | L17: 001 | N17: History of Mission | R17: 0 | U17: INTEN | W17: 3 | Y17: 18 | Z17: POST | AD17: 02-JUL-25 | AE17: 25-FEB-26 | AT17: Tompkins, Andrew J. | AU17: =IF($AT17="","",IFERROR(INDEX(InstructorMap!$B:$B, MATCH($AT17, InstructorMap!$A:$A, 0)),"")) | AV17: =IF($AT17="","",IFERROR(INDEX(InstructorMap!$C:$C, MATCH($AT17, InstructorMap!$A:$A, 0)),"")) | AW17: 100 | BH17: WMIS | BI17: 13-JUN-25 | BJ17: A | BL17: A | BO17: MOODL | BT17: 70 | BU17: 10 | BV17: 0 | BW17: Y | BY17: 03-FEB-25 | BZ17: 11-MAY-25 | CA17: 12-MAY-25 | CB17: 12-MAY-25 | CC17: 290 | CD17: DAYS | CF17: Y | CT17: 202531
H18: 3189-06 | I18: 3189 | J18: MSSN | K18: 837 | L18: 001 | N18: History of Mission | R18: 0 | U18: INTEN | W18: 3 | Y18: 18 | Z18: PRE | AD18: 12-MAY-25 | AE18: 22-JUN-25 | AT18: Tompkins, Andrew J. | AU18: =IF($AT18="","",IFERROR(INDEX(InstructorMap!$B:$B, MATCH($AT18, InstructorMap!$A:$A, 0)),"")) | AV18: =IF($AT18="","",IFERROR(INDEX(InstructorMap!$C:$C, MATCH($AT18, InstructorMap!$A:$A, 0)),"")) | AW18: 100 | BH18: WMIS | BI18: 13-JUN-25 | BJ18: A | BL18: A | BO18: MOODL | BT18: 70 | BU18: 10 | BV18: 0 | BW18: Y | BY18: 03-FEB-25 | BZ18: 11-MAY-25 | CA18: 12-MAY-25 | CB18: 12-MAY-25 | CC18: 290 | CD18: DAYS | CF18: Y | CT18: 202531
H19: 520-02 | I19: 520 | J19: MSSN | K19: 854 | L19: 001 | N19: Research Design in Mission | R19: 0 | U19: INTEN | W19: 3 | Y19: 18 | Z19: CLAS | AD19: 27-MAY-25 | AE19: 04-JUN-25 | AI19: 0800 | AJ19: 1400 | AR19: N108 | AS19: Seminary Building [SEM] | AT19: Cincala, Petr | AU19: =IF($AT19="","",IFERROR(INDEX(InstructorMap!$B:$B, MATCH($AT19, InstructorMap!$A:$A, 0)),"")) | AV19: =IF($AT19="","",IFERROR(INDEX(InstructorMap!$C:$C, MATCH($AT19, InstructorMap!$A:$A, 0)),"")) | AW19: 100 | BH19: WMIS | BI19: 13-JUN-25 | BJ19: A | BL19: A | BO19: MOODL | BT19: 70 | BU19: 4 | BV19: 0 | BW19: Y | BY19: 03-FEB-25 | BZ19: 11-MAY-25 | CA19: 12-MAY-25 | CB19: 12-MAY-25 | CC19: 290 | CD19: DAYS | CF19: Y | CT19: 202531
H20: 520-04 | I20: 520 | J20: MSSN | K20: 854 | L20: 001 | N20: Research Design in Mission | R20: 0 | U20: INTEN | W20: 3 | Y20: 18 | Z20: POST | AD20: 05-JUN-25 | AE20: 25-FEB-26 | AT20: Cincala, Petr | AU20: =IF($AT20="","",IFERROR(INDEX(InstructorMap!$B:$B, MATCH($AT20, InstructorMap!$A:$A, 0)),"")) | AV20: =IF($AT20="","",IFERROR(INDEX(InstructorMap!$C:$C, MATCH($AT20, InstructorMap!$A:$A, 0)),"")) | AW20: 100 | BH20: WMIS | BI20: 13-JUN-25 | BJ20: A | BL20: A | BO20: MOODL | BT20: 70 | BU20: 4 | BV20: 0 | BW20: Y | BY20: 03-FEB-25 | BZ20: 11-MAY-25 | CA20: 12-MAY-25 | CB20: 12-MAY-25 | CC20: 290 | CD20: DAYS | CF20: Y | CT20: 202531
H21: 520-06 | I21: 520 | J21: MSSN | K21: 854 | L21: 001 | N21: Research Design in Mission | R21: 0 | U21: INTEN | W21: 3 | Y21: 18 | Z21: PRE | AD21: 12-MAY-25 | AE21: 26-MAY-25 | AT21: Cincala, Petr | AU21: =IF($AT21="","",IFERROR(INDEX(InstructorMap!$B:$B, MATCH($AT21, InstructorMap!$A:$A, 0)),"")) | AV21: =IF($AT21="","",IFERROR(INDEX(InstructorMap!$C:$C, MATCH($AT21, InstructorMap!$A:$A, 0)),"")) | AW21: 100 | BH21: WMIS | BI21: 13-JUN-25 | BJ21: A | BL21: A | BO21: MOODL | BT21: 70 | BU21: 4 | BV21: 0 | BW21: Y | BY21: 03-FEB-25 | BZ21: 11-MAY-25 | CA21: 12-MAY-25 | CB21: 12-MAY-25 | CC21: 290 | CD21: DAYS | CF21: Y | CT21: 202531
H22: 3186-02 | I22: 3186 | J22: MSSN | K22: 870 | L22: 001 | N22: Disciplshp&Worldvw Transfrmatn | R22: 0 | U22: INTEN | W22: 3,4 | X22: 3 | Y22: 18 | Z22: CLAS | AD22: 18-JUN-25 | AE22: 01-JUL-25 | AI22: 0800 | AJ22: 1700 | AS22: Seminary Building [SEM] | AT22: Sanou, Boubakar | AU22: =IF($AT22="","",IFERROR(INDEX(InstructorMap!$B:$B, MATCH($AT22, InstructorMap!$A:$A, 0)),"")) | AV22: =IF($AT22="","",IFERROR(INDEX(InstructorMap!$C:$C, MATCH($AT22, InstructorMap!$A:$A, 0)),"")) | AW22: 100 | BH22: WMIS | BI22: 13-JUN-25 | BJ22: A | BK22: 3 | BL22: A | BO22: MOODL | BT22: 70 | BU22: 12 | BV22: 0 | BW22: Y | BY22: 03-FEB-25 | BZ22: 11-MAY-25 | CA22: 12-MAY-25 | CB22: 12-MAY-25 | CC22: 290 | CD22: DAYS | CF22: Y | CT22: 202531
H23: 3186-04 | I23: 3186 | J23: MSSN | K23: 870 | L23: 001 | N23: Disciplshp&Worldvw Transfrmatn | R23: 0 | U23: INTEN | W23: 3,4 | X23: 3 | Y23: 18 | Z23: POST | AD23: 02-JUL-25 | AE23: 25-FEB-26 | AT23: Sanou, Boubakar | AU23: =IF($AT23="","",IFERROR(INDEX(InstructorMap!$B:$B, MATCH($AT23, InstructorMap!$A:$A, 0)),"")) | AV23: =IF($AT23="","",IFERROR(INDEX(InstructorMap!$C:$C, MATCH($AT23, InstructorMap!$A:$A, 0)),"")) | AW23: 100 | BH23: WMIS | BI23: 13-JUN-25 | BJ23: A | BK23: 3 | BL23: A | BO23: MOODL | BT23: 70 | BU23: 12 | BV23: 0 | BW23: Y | BY23: 03-FEB-25 | BZ23: 11-MAY-25 | CA23: 12-MAY-25 | CB23: 12-MAY-25 | CC23: 290 | CD23: DAYS | CF23: Y | CT23: 202531
H24: 3186-06 | I24: 3186 | J24: MSSN | K24: 870 | L24: 001 | N24: Disciplshp&Worldvw Transfrmatn | R24: 0 | U24: INTEN | W24: 3,4 | X24: 3 | Y24: 18 | Z24: PRE | AD24: 12-MAY-25 | AE24: 17-JUN-25 | AT24: Sanou, Boubakar | AU24: =IF($AT24="","",IFERROR(INDEX(InstructorMap!$B:$B, MATCH($AT24, InstructorMap!$A:$A, 0)),"")) | AV24: =IF($AT24="","",IFERROR(INDEX(InstructorMap!$C:$C, MATCH($AT24, InstructorMap!$A:$A, 0)),"")) | AW24: 100 | BH24: WMIS | BI24: 13-JUN-25 | BJ24: A | BK24: 3 | BL24: A | BO24: MOODL | BT24: 70 | BU24: 12 | BV24: 0 | BW24: Y | BY24: 03-FEB-25 | BZ24: 11-MAY-25 | CA24: 12-MAY-25 | CB24: 12-MAY-25 | CC24: 290 | CD24: DAYS | CF24: Y | CT24: 202531
H25: 3185-02 | I25: 3185 | J25: MSSN | K25: 805 | L25: 001 | N25: Current Issues in Mission | R25: 0 | U25: INTEN | W25: 3,4 | X25: 3 | Y25: 18 | Z25: CLAS | AD25: 09-JUN-25 | AE25: 17-JUN-25 | AI25: 0800 | AJ25: 1700 | AR25: N310 | AS25: Seminary Building [SEM] | AT25: Drumi, Iurii N. | AU25: =IF($AT25="","",IFERROR(INDEX(InstructorMap!$B:$B, MATCH($AT25, InstructorMap!$A:$A, 0)),"")) | AV25: =IF($AT25="","",IFERROR(INDEX(InstructorMap!$C:$C, MATCH($AT25, InstructorMap!$A:$A, 0)),"")) | AW25: 34 | BH25: WMIS | BI25: 13-JUN-25 | BJ25: A | BK25: 3 | BL25: A | BO25: MOODL | BT25: 70 | BU25: 10 | BV25: 0 | BW25: Y | BY25: 03-FEB-25 | BZ25: 11-MAY-25 | CA25: 12-MAY-25 | CB25: 12-MAY-25 | CC25: 290 | CD25: DAYS | CF25: Y | CT25: 202531
H26: 3185-04 | I26: 3185 | J26: MSSN | K26: 805 | L26: 001 | N26: Current Issues in Mission | R26: 0 | U26: INTEN | W26: 3,4 | X26: 3 | Y26: 18 | Z26: POST | AD26: 18-JUN-25 | AE26: 25-FEB-26 | AT26: Drumi, Iurii N. | AU26: =IF($AT26="","",IFERROR(INDEX(InstructorMap!$B:$B, MATCH($AT26, InstructorMap!$A:$A, 0)),"")) | AV26: =IF($AT26="","",IFERROR(INDEX(InstructorMap!$C:$C, MATCH($AT26, InstructorMap!$A:$A, 0)),"")) | AW26: 34 | BH26: WMIS | BI26: 13-JUN-25 | BJ26: A | BK26: 3 | BL26: A | BO26: MOODL | BT26: 70 | BU26: 10 | BV26: 0 | BW26: Y | BY26: 03-FEB-25 | BZ26: 11-MAY-25 | CA26: 12-MAY-25 | CB26: 12-MAY-25 | CC26: 290 | CD26: DAYS | CF26: Y | CT26: 202531
H27: 3185-06 | I27: 3185 | J27: MSSN | K27: 805 | L27: 001 | N27: Current Issues in Mission | R27: 0 | U27: INTEN | W27: 3,4 | X27: 3 | Y27: 18 | Z27: PRE | AD27: 12-MAY-25 | AE27: 08-JUN-25 | AT27: Drumi, Iurii N. | AU27: =IF($AT27="","",IFERROR(INDEX(InstructorMap!$B:$B, MATCH($AT27, InstructorMap!$A:$A, 0)),"")) | AV27: =IF($AT27="","",IFERROR(INDEX(InstructorMap!$C:$C, MATCH($AT27, InstructorMap!$A:$A, 0)),"")) | AW27: 34 | BH27: WMIS | BI27: 13-JUN-25 | BJ27: A | BK27: 3 | BL27: A | BO27: MOODL | BT27: 70 | BU27: 10 | BV27: 0 | BW27: Y | BY27: 03-FEB-25 | BZ27: 11-MAY-25 | CA27: 12-MAY-25 | CB27: 12-MAY-25 | CC27: 290 | CD27: DAYS | CF27: Y | CT27: 202531
H28: 2865-02 | I28: 2865 | J28: MSSN | K28: 890 | L28: 102 | N28: Directed Rdgs Mission Studies | O28: Directed Rdgs | R28: 0 | W28: 2-12 | X28: 3 | Y28: 1 | Z28: CLAS | AA28: 12-MAY-25 | AD28: 12-MAY-25 | AE28: 01-AUG-25 | AH28: 01-AUG-25 | AT28: Tompkins, Andrew J. | AU28: =IF($AT28="","",IFERROR(INDEX(InstructorMap!$B:$B, MATCH($AT28, InstructorMap!$A:$A, 0)),"")) | AV28: =IF($AT28="","",IFERROR(INDEX(InstructorMap!$C:$C, MATCH($AT28, InstructorMap!$A:$A, 0)),"")) | AW28: 100 | BH28: WMIS | BI28: 13-JUN-25 | BJ28: A | BK28: 3 | BL28: I | BO28: MOODL | BT28: 70 | BU28: 1 | BV28: 0 | BW28: Y | CF28: Y | CS28: 12 | CT28: 202531 | CU28: 1
H29: 517-02 | I29: 517 | J29: MSSN | K29: 546 | L29: 001 | N29: Mission in Cultrl&Rlgs Contxt | R29: 0 | W29: 3 | Y29: 35 | Z29: CLAS | AA29: 09-JUN-25 | AD29: 09-JUN-25 | AE29: 03-JUL-25 | AH29: 03-JUL-25 | AI29: 0830 | AJ29: 1120 | AL29: M | AM29: T | AN29: W | AO29: R | AR29: S340 | AS29: Seminary Building [SEM] | AT29: Sanou, Boubakar | AU29: =IF($AT29="","",IFERROR(INDEX(InstructorMap!$B:$B, MATCH($AT29, InstructorMap!$A:$A, 0)),"")) | AV29: =IF($AT29="","",IFERROR(INDEX(InstructorMap!$C:$C, MATCH($AT29, InstructorMap!$A:$A, 0)),"")) | AW29: 100 | BH29: WMIS | BI29: 20-JUN-25 | BJ29: A | BL29: A | BO29: MOODL | BT29: 70 | BU29: 25 | BV29: 0 | BW29: Y | BX29: O | CF29: Y | CH29: O | CS29: 4 | CT29: 202531 | CU29: Q
H30: 519-02 | I30: 519 | J30: MSSN | K30: 676 | L30: 001 | N30: Hist of Christian Mission | Q30: 044 | R30: 0 | W30: 2,3 | X30: 3 | Y30: 15 | Z30: CLAS | AA30: 09-JUN-25 | AD30: 09-JUN-25 | AE30: 03-JUL-25 | AH30: 03-JUL-25 | AI30: 0830 | AJ30: 1120 | AL30: M | AM30: T | AN30: W | AO30: R | AR30: N110 | AS30: Seminary Building [SEM] | AT30: Tompkins, Andrew J. | AU30: =IF($AT30="","",IFERROR(INDEX(InstructorMap!$B:$B, MATCH($AT30, InstructorMap!$A:$A, 0)),"")) | AV30: =IF($AT30="","",IFERROR(INDEX(InstructorMap!$C:$C, MATCH($AT30, InstructorMap!$A:$A, 0)),"")) | AW30: 100 | BH30: WMIS | BI30: 25-JUN-25 | BJ30: A | BK30: 3 | BL30: A | BO30: MOODL | BT30: 70 | BU30: 6 | BV30: 0 | BW30: Y | BX30: O | CF30: Y | CS30: 4 | CT30: 202531 | CU30: 3
H31: 3549-02 | I31: 3549 | J31: MSSN | K31: 897 | L31: 101 | N31: Ind St: | O31: Ind St: Urban Context MSSN | R31: 0 | W31: 1-3 | X31: 3 | Y31: 1 | Z31: CLAS | AA31: 12-MAY-25 | AD31: 12-MAY-25 | AE31: 01-AUG-25 | AH31: 01-AUG-25 | AT31: Krause, Gary D. | AU31: =IF($AT31="","",IFERROR(INDEX(InstructorMap!$B:$B, MATCH($AT31, InstructorMap!$A:$A, 0)),"")) | AV31: =IF($AT31="","",IFERROR(INDEX(InstructorMap!$C:$C, MATCH($AT31, InstructorMap!$A:$A, 0)),"")) | AW31: 50 | BH31: WMIS | BI31: 27-JUN-25 | BJ31: A | BK31: 3 | BL31: I | BO31: MOODL | BT31: 70 | BU31: 1 | BV31: 0 | BW31: Y | CF31: Y | CS31: 12 | CT31: 202531 | CU31: 1
H32: 516-02 | I32: 516 | J32: MSSN | K32: 899 | L32: 001 | N32: DIS Dissertation | R32: 0 | W32: 1-6 | Y32: 20 | Z32: CLAS | AA32: 12-MAY-25 | AD32: 12-MAY-25 | AE32: 01-AUG-25 | AH32: 01-AUG-25 | AT32: Cincala, Petr | AU32: =IF($AT32="","",IFERROR(INDEX(InstructorMap!$B:$B, MATCH($AT32, InstructorMap!$A:$A, 0)),"")) | AV32: =IF($AT32="","",IFERROR(INDEX(InstructorMap!$C:$C, MATCH($AT32, InstructorMap!$A:$A, 0)),"")) | AW32: 100 | BH32: WMIS | BI32: 27-JUN-25 | BJ32: A | BL32: I | BO32: MOODL | BQ32: FT | BT32: 70 | BU32: 3 | BV32: 0 | BW32: Y | CF32: Y | CS32: 12 | CT32: 202531 | CU32: 1
H33: 764-02 | I33: 764 | J33: MSSN | K33: 695 | L33: 001 | N33: Topics: | O33: Top:Healing&Deliverance in Mss | R33: 0 | W33: 1-6 | X33: 3 | Y33: 35 | Z33: CLAS | AA33: 07-JUL-25 | AD33: 07-JUL-25 | AE33: 01-AUG-25 | AH33: 01-AUG-25 | AI33: 1330 | AJ33: 1620 | AL33: M | AM33: T | AN33: W | AO33: R | AR33: N110 | AS33: Seminary Building [SEM] | AT33: Bauer, Bruce L. | AU33: =IF($AT33="","",IFERROR(INDEX(InstructorMap!$B:$B, MATCH($AT33, InstructorMap!$A:$A, 0)),"")) | AV33: =IF($AT33="","",IFERROR(INDEX(InstructorMap!$C:$C, MATCH($AT33, InstructorMap!$A:$A, 0)),"")) | AW33: 100 | BH33: WMIS | BI33: 01-JUL-25 | BJ33: A | BK33: 3 | BL33: A | BO33: MOODL | BT33: 70 | BU33: 14 | BV33: 0 | BW33: Y | CF33: Y | CH33: O | CS33: 4 | CT33: 202531 | CU33: Q
H34: 3109-02 | I34: 3109 | J34: MSSN | K34: 655 | L34: 101 | N34: ICISF Certification for Crisis | R34: 0 | W34: 1 | Y34: 30 | Z34: CLAS | AA34: 09-JUN-25 | AD34: 09-JUN-25 | AE34: 24-JUN-25 | AH34: 24-JUN-25 | AL34: M | AT34: Kwon, Sung K. | AU34: =IF($AT34="","",IFERROR(INDEX(InstructorMap!$B:$B, MATCH($AT34, InstructorMap!$A:$A, 0)),"")) | AV34: =IF($AT34="","",IFERROR(INDEX(InstructorMap!$C:$C, MATCH($AT34, InstructorMap!$A:$A, 0)),"")) | AW34: 50 | BB34: 130 | BC34: ES30 | BD34: FLAT | BG34: 202531 | BH34: WMIS | BI34: 03-JUL-25 | BJ34: A | BL34: M | BO34: MOODL | BT34: 70 | BU34: 9 | BV34: 0 | BW34: Y | CF34: Y | CS34: 3 | CT34: 202531 | CU34: 3
H35: 3163-02 | I35: 3163 | J35: MSSN | K35: 584 | L35: 040 | N35: Prep for Cross-Cultrl Workers | R35: 0 | U35: INTEN | W35: 2-4 | Y35: 999 | Z35: CLAS | AD35: 09-JUN-25 | AE35: 06-SEP-25 | AT35: Osindo, Oscar | AU35: =IF($AT35="","",IFERROR(INDEX(InstructorMap!$B:$B, MATCH($AT35, InstructorMap!$A:$A, 0)),"")) | AV35: =IF($AT35="","",IFERROR(INDEX(InstructorMap!$C:$C, MATCH($AT35, InstructorMap!$A:$A, 0)),"")) | AW35: 100 | BH35: WMIS | BI35: 27-APR-26 | BJ35: A | BK35: 3 | BL35: BL | BO35: MOODL | BT35: 70 | BU35: 34 | BV35: 0 | BW35: Y | BY35: 03-FEB-25 | BZ35: 09-JUN-25 | CA35: 09-JUN-25 | CB35: 09-JUN-25 | CC35: 90 | CD35: DAYS | CE35: T | CF35: Y | CT35: 202531
H36: 3582-02 | I36: 3582 | J36: MSSN | K36: 584 | L36: 140 | N36: Prep for Cross-Cultrl Workers | R36: 0 | U36: INTEN | W36: 2-4 | Y36: 999 | Z36: CLAS | AD36: 18-AUG-25 | AE36: 15-NOV-25 | AT36: Osindo, Oscar | AU36: =IF($AT36="","",IFERROR(INDEX(InstructorMap!$B:$B, MATCH($AT36, InstructorMap!$A:$A, 0)),"")) | AV36: =IF($AT36="","",IFERROR(INDEX(InstructorMap!$C:$C, MATCH($AT36, InstructorMap!$A:$A, 0)),"")) | AW36: 100 | BH36: WMIS | BI36: 04-JUN-26 | BJ36: A | BL36: BL | BO36: MOODL | BT36: 70 | BU36: 23 | BV36: 0 | BW36: Y | BY36: 03-FEB-25 | BZ36: 18-AUG-25 | CA36: 18-AUG-25 | CB36: 18-AUG-25 | CC36: 90 | CD36: DAYS | CF36: Y | CT36: 202531

Sheet NTST
A1: Don {not in Banner} | B1: Mismatching {not in Banner} | C1: Dept/Prog Admin {not in Banner} | D1: Mona {not in Banner} | E1: Karen {not in Banner} | F1: DONE {not in Banner} | G1: Notes {not in Banner} | H1: CRN sorted {not in Banner} | I1: CRN | J1: Subject | K1: Course Number {Crse Num} | L1: Course Section {Seq Crse Num} | M1: Program {not in Banner} | N1: Catalog Title | O1: Section Title | P1: Crosslist Details {not in Banner} | Q1: X Lst | R1: Campus {Ssasect Campus} | S1: Campus Restriction {Camp Restr CC} | T1: Schedule Type {not in Banner} | U1: Instruction Method {Inst Method} | V1: Level {Level SC} | W1: Credit Catalog {Cat Crs} | X1: Credits {Sect Crs} | Y1: Enrollment Cap {Max Enrl} | Z1: Meeting Type | AA1: Semester Start Date {Soaterm Start Date} | AB1: Pre-work Start Date {not in Banner} | AC1: Pre-work End Date {not in Banner} | AD1: Course Start Date {Meet Start Date} | AE1: Course End Date {Meet End Date} | AF1: Post-work Start Date {not in Banner} | AG1: Post-work End Date {not in Banner} | AH1: Semester End Date {Soaterm End Date} | AI1: Course Beginning Time {Meet Beg Time} | AJ1: Course Ending Time {Meet End Time} | AK1: SUN | AL1: MON | AM1: TUE | AN1: WED | AO1: THU | AP1: FRI | AQ1: SAT | AR1: Room {Meet Room} | AS1: Building {Meet Bldg} | AT1: Instructor Name {Instr Name} | AU1: Instructor Email {Instr Email} | AV1: Instructor ID {Instr ID} | AW1: % Responsibility | AX1: load/contract {not in Banner} | AY1: costs per credit {not in Banner} | AZ1: total costs {not in Banner} | BA1: account to be charged {not in Banner} | BB1: Fee Amount {Fees Amt} | BC1: Fee Code {Detl Code} | BD1: Fee Type | BE1: Fee Level | BF1: Fee Ind | BG1: Fee Term | BH1: SEM Department {Scacrse Dept} | BI1: Activity Date | BJ1: Status | BK1: Bill Hrs | BL1: Sect Sch Type | BM1: Prerequisites {Preq Areas} | BN1: Link Ind | BO1: Integration Code | BP1: Link Conn | BQ1: Crs Attr | BR1: Comments | BS1: Major Restr | BT1: Scacrse College | BU1: Enrolled | BV1: Waitlist Capacity | BW1: Primary Ind | BX1: Override | BY1: 1st Date Reg Opens | BZ1: Last Date Reg Opens | CA1: OL Range From Date | CB1: OL Range To Date | CC1: OL Numb Units | CD1: OL Duration Code | CE1: Grade Mode | CF1: Gradable Ind | CG1: Tuit Waiver | CH1: Course Override {Meet Override} | CI1: Lvl Res Ind | CJ1: Cmp Res Ind | CK1: Rate Code | CL1: Cohort Code | CM1: St Attr Code | CN1: Coll SC | CO1: DegC SC | CP1: Prog SC | CQ1: FOS Type | CR1: Special Approval {Special Apvl} | CS1: Weeks | CT1: Term Code | CU1: Part-Of-Term | CV1: Camp SC
H2: 331-02 | I2: 331 | J2: NTST | K2: 690 | L2: 101 | N2: Ind St: | R2: 0 | W2: 1-4 | Y2: 999 | Z2: CLAS | AA2: 12-MAY-25 | AD2: 12-MAY-25 | AE2: 01-AUG-25 | AH2: 01-AUG-25 | AT2: Choi, Phuichun R. | AU2: =IF($AT2="","",IFERROR(INDEX(InstructorMap!$B:$B, MATCH($AT2, InstructorMap!$A:$A, 0)),"")) | AV2: =IF($AT2="","",IFERROR(INDEX(InstructorMap!$C:$C, MATCH($AT2, InstructorMap!$A:$A, 0)),"")) | AW2: 100 | BH2: NTST | BI2: 27-JAN-25 | BJ2: A | BL2: I | BO2: MOODL | BT2: 70 | BU2: 0 | BV2: 0 | BW2: Y | CF2: Y | CR2: IT | CS2: 12 | CT2: 202531 | CU2: 1
H3: 333-02 | I3: 333 | J3: NTST | K3: 690 | L3: 103 | N3: Ind St: | R3: 0 | W3: 1-4 | Y3: 999 | Z3: CLAS | AA3: 12-MAY-25 | AD3: 12-MAY-25 | AE3: 01-AUG-25 | AH3: 01-AUG-25 | AT3: Johnston, Robert M. | AU3: =IF($AT3="","",IFERROR(INDEX(InstructorMap!$B:$B, MATCH($AT3, InstructorMap!$A:$A, 0)),"")) | AV3: =IF($AT3="","",IFERROR(INDEX(InstructorMap!$C:$C, MATCH($AT3, InstructorMap!$A:$A, 0)),"")) | AW3: 100 | BH3: NTST | BI3: 27-JAN-25 | BJ3: A | BL3: I | BO3: MOODL | BT3: 70 | BU3: 0 | BV3: 0 | BW3: Y | CF3: Y | CR3: IT | CS3: 12 | CT3: 202531 | CU3: 1
H4: 334-02 | I4: 334 | J4: NTST | K4: 690 | L4: 105 | N4: Ind St: | R4: 0 | W4: 1-4 | Y4: 999 | Z4: CLAS | AA4: 12-MAY-25 | AD4: 12-MAY-25 | AE4: 01-AUG-25 | AH4: 01-AUG-25 | AT4: Shepherd, Thomas R. | AU4: =IF($AT4="","",IFERROR(INDEX(InstructorMap!$B:$B, MATCH($AT4, InstructorMap!$A:$A, 0)),"")) | AV4: =IF($AT4="","",IFERROR(INDEX(InstructorMap!$C:$C, MATCH($AT4, InstructorMap!$A:$A, 0)),"")) | AW4: 100 | BH4: NTST | BI4: 27-JAN-25 | BJ4: A | BL4: I | BO4: MOODL | BT4: 70 | BU4: 0 | BV4: 0 | BW4: Y | CF4: Y | CR4: IT | CS4: 12 | CT4: 202531 | CU4: 1
H5: 337-02 | I5: 337 | J5: NTST | K5: 890 | L5: 101 | N5: Directed Rdg in New Testament | R5: 0 | W5: 1-8 | Y5: 999 | Z5: CLAS | AA5: 12-MAY-25 | AD5: 12-MAY-25 | AE5: 01-AUG-25 | AH5: 01-AUG-25 | AT5: Choi, Phuichun R. | AU5: =IF($AT5="","",IFERROR(INDEX(InstructorMap!$B:$B, MATCH($AT5, InstructorMap!$A:$A, 0)),"")) | AV5: =IF($AT5="","",IFERROR(INDEX(InstructorMap!$C:$C, MATCH($AT5, InstructorMap!$A:$A, 0)),"")) | AW5: 100 | BH5: NTST | BI5: 27-JAN-25 | BJ5: A | BL5: I | BO5: MOODL | BT5: 70 | BU5: 0 | BV5: 0 | BW5: Y | CF5: Y | CR5: IT | CS5: 12 | CT5: 202531 | CU5: 1
H6: 338-02 | I6: 338 | J6: NTST | K6: 890 | L6: 102 | N6: Directed Rdg in New Testament | R6: 0 | W6: 1-8 | Y6: 999 | Z6: CLAS | AA6: 12-MAY-25 | AD6: 12-MAY-25 | AE6: 01-AUG-25 | AH6: 01-AUG-25 | AT6: Cortez, Felix H. | AU6: =IF($AT6="","",IFERROR(INDEX(InstructorMap!$B:$B, MATCH($AT6, InstructorMap!$A:$A, 0)),"")) | AV6: =IF($AT6="","",IFERROR(INDEX(InstructorMap!$C:$C, MATCH($AT6, InstructorMap!$A:$A, 0)),"")) | AW6: 100 | BH6: NTST | BI6: 27-JAN-25 | BJ6: A | BL6: I | BO6: MOODL | BT6: 70 | BU6: 0 | BV6: 0 | BW6: Y | CF6: Y | CR6: IT | CS6: 12 | CT6: 202531 | CU6: 1
H7: 339-02 | I7: 339 | J7: NTST | K7: 890 | L7: 103 | N7: Directed Rdg in New Testament | R7: 0 | W7: 1-8 | Y7: 999 | Z7: CLAS | AA7: 12-MAY-25 | AD7: 12-MAY-25 | AE7: 01-AUG-25 | AH7: 01-AUG-25 | AT7: Johnston, Robert M. | AU7: =IF($AT7="","",IFERROR(INDEX(InstructorMap!$B:$B, MATCH($AT7, InstructorMap!$A:$A, 0)),"")) | AV7: =IF($AT7="","",IFERROR(INDEX(InstructorMap!$C:$C, MATCH($AT7, InstructorMap!$A:$A, 0)),"")) | AW7: 100 | BH7: NTST | BI7: 27-JAN-25 | BJ7: A | BL7: I | BO7: MOODL | BT7: 70 | BU7: 0 | BV7: 0 | BW7: Y | CF7: Y | CR7: IT | CS7: 12 | CT7: 202531 | CU7: 1
H8: 340-02 | I8: 340 | J8: NTST | K8: 890 | L8: 105 | N8: Directed Rdg in New Testament | R8: 0 | W8: 1-8 | Y8: 999 | Z8: CLAS | AA8: 12-MAY-25 | AD8: 12-MAY-25 | AE8: 01-AUG-25 | AH8: 01-AUG-25 | AT8: Shepherd, Thomas R. | AU8: =IF($AT8="","",IFERROR(INDEX(InstructorMap!$B:$B, MATCH($AT8, InstructorMap!$A:$A, 0)),"")) | AV8: =IF($AT8="","",IFERROR(INDEX(InstructorMap!$C:$C, MATCH($AT8, InstructorMap!$A:$A, 0)),"")) | AW8: 100 | BH8: NTST | BI8: 27-JAN-25 | BJ8: A | BL8: I | BO8: MOODL | BT8: 70 | BU8: 0 | BV8: 0 | BW8: Y | CF8: Y | CR8: IT | CS8: 12 | CT8: 202531 | CU8: 1
H9: 341-02 | I9: 341 | J9: NTST | K9: 890 | L9: 106 | N9: Directed Rdg in New Testament | R9: 0 | W9: 1-8 | Y9: 999 | Z9: CLAS | AA9: 12-MAY-25 | AD9: 12-MAY-25 | AE9: 01-AUG-25 | AH9: 01-AUG-25 | AT9: Stefanovic, Ranko | AU9: =IF($AT9="","",IFERROR(INDEX(InstructorMap!$B:$B, MATCH($AT9, InstructorMap!$A:$A, 0)),"")) | AV9: =IF($AT9="","",IFERROR(INDEX(InstructorMap!$C:$C, MATCH($AT9, InstructorMap!$A:$A, 0)),"")) | AW9: 100 | BH9: NTST | BI9: 27-JAN-25 | BJ9: A | BL9: I | BO9: MOODL | BT9: 70 | BU9: 0 | BV9: 0 | BW9: Y | CF9: Y | CR9: IT | CS9: 12 | CT9: 202531 | CU9: 1
H10: 344-02 | I10: 344 | J10: NTST | K10: 897 | L10: 102 | N10: Ind. Study: | R10: 0 | W10: 1-3 | Y10: 999 | Z10: CLAS | AA10: 12-MAY-25 | AD10: 12-MAY-25 | AE10: 01-AUG-25 | AH10: 01-AUG-25 | AT10: Cortez, Felix H. | AU10: =IF($AT10="","",IFERROR(INDEX(InstructorMap!$B:$B, MATCH($AT10, InstructorMap!$A:$A, 0)),"")) | AV10: =IF($AT10="","",IFERROR(INDEX(InstructorMap!$C:$C, MATCH($AT10, InstructorMap!$A:$A, 0)),"")) | AW10: 100 | BH10: NTST | BI10: 27-JAN-25 | BJ10: A | BL10: I | BO10: MOODL | BT10: 70 | BU10: 0 | BV10: 0 | BW10: Y | CF10: Y | CR10: IT | CS10: 12 | CT10: 202531 | CU10: 1
H11: 345-02 | I11: 345 | J11: NTST | K11: 897 | L11: 103 | N11: Ind. Study: | R11: 0 | W11: 1-3 | Y11: 999 | Z11: CLAS | AA11: 12-MAY-25 | AD11: 12-MAY-25 | AE11: 01-AUG-25 | AH11: 01-AUG-25 | AT11: Johnston, Robert M. | AU11: =IF($AT11="","",IFERROR(INDEX(InstructorMap!$B:$B, MATCH($AT11, InstructorMap!$A:$A, 0)),"")) | AV11: =IF($AT11="","",IFERROR(INDEX(InstructorMap!$C:$C, MATCH($AT11, InstructorMap!$A:$A, 0)),"")) | AW11: 100 | BH11: NTST | BI11: 27-JAN-25 | BJ11: A | BL11: I | BO11: MOODL | BT11: 70 | BU11: 0 | BV11: 0 | BW11: Y | CF11: Y | CR11: IT | CS11: 12 | CT11: 202531 | CU11: 1
H12: 346-02 | I12: 346 | J12: NTST | K12: 897 | L12: 105 | N12: Ind. Study: | R12: 0 | W12: 1-3 | Y12: 999 | Z12: CLAS | AA12: 12-MAY-25 | AD12: 12-MAY-25 | AE12: 01-AUG-25 | AH12: 01-AUG-25 | AT12: Shepherd, Thomas R. | AU12: =IF($AT12="","",IFERROR(INDEX(InstructorMap!$B:$B, MATCH($AT12, InstructorMap!$A:$A, 0)),"")) | AV12: =IF($AT12="","",IFERROR(INDEX(InstructorMap!$C:$C, MATCH($AT12, InstructorMap!$A:$A, 0)),"")) | AW12: 100 | BH12: NTST | BI12: 27-JAN-25 | BJ12: A | BL12: I | BO12: MOODL | BT12: 70 | BU12: 0 | BV12: 0 | BW12: Y | CF12: Y | CR12: IT | CS12: 12 | CT12: 202531 | CU12: 1
H13: 347-02 | I13: 347 | J13: NTST | K13: 897 | L13: 106 | N13: Ind. Study: | R13: 0 | W13: 1-3 | Y13: 999 | Z13: CLAS | AA13: 12-MAY-25 | AD13: 12-MAY-25 | AE13: 01-AUG-25 | AH13: 01-AUG-25 | AT13: Stefanovic, Ranko | AU13: =IF($AT13="","",IFERROR(INDEX(InstructorMap!$B:$B, MATCH($AT13, InstructorMap!$A:$A, 0)),"")) | AV13: =IF($AT13="","",IFERROR(INDEX(InstructorMap!$C:$C, MATCH($AT13, InstructorMap!$A:$A, 0)),"")) | AW13: 100 | BH13: NTST | BI13: 27-JAN-25 | BJ13: A | BL13: I | BO13: MOODL | BT13: 70 | BU13: 0 | BV13: 0 | BW13: Y | CF13: Y | CR13: IT | CS13: 12 | CT13: 202531 | CU13: 1
... H15: 343-02 | I15: 343 | J15: NTST | K15: 897 | L15: 101 | N15: Ind. Study: | R15: 0 | W15: 1-3 | Y15: 999 | Z15: CLAS | AA15: 12-MAY-25 | AD15: 12-MAY-25 | AE15: 01-AUG-25 | AH15: 01-AUG-25 | AT15: Choi, Phuichun R. | AU15: =IF($AT15="","",IFERROR(INDEX(InstructorMap!$B:$B, MATCH($AT15, InstructorMap!$A:$A, 0)),"")) | AV15: =IF($AT15="","",IFERROR(INDEX(InstructorMap!$C:$C, MATCH($AT15, InstructorMap!$A:$A, 0)),"")) | AW15: 100 | BH15: NTST | BI15: 28-MAR-25 | BJ15: A | BL15: I | BO15: MOODL | BT15: 70 | BU15: 0 | BV15: 0 | BW15: Y | CF15: Y | CR15: IT | CS15: 12 | CT15: 202531 | CU15: 1
H16: 357-02 | I16: 357 | J16: NTST | K16: 885 | L16: 003 | N16: Topics in | O16: Topics in Greco-Roman World | Q16: 009 | R16: 0 | W16: 1-3 | X16: 3 | Y16: 15 | Z16: CLAS | AA16: 07-JUL-25 | AD16: 07-JUL-25 | AE16: 01-AUG-25 | AH16: 01-AUG-25 | AI16: 1330 | AJ16: 1520 | AL16: M | AM16: T | AN16: W | AO16: R | AR16: N150 | AS16: Seminary Building [SEM] | AT16: Vine, Cedric E. | AU16: =IF($AT16="","",IFERROR(INDEX(InstructorMap!$B:$B, MATCH($AT16, InstructorMap!$A:$A, 0)),"")) | AV16: =IF($AT16="","",IFERROR(INDEX(InstructorMap!$C:$C, MATCH($AT16, InstructorMap!$A:$A, 0)),"")) | AW16: 100 | BH16: NTST | BI16: 18-APR-25 | BJ16: A | BK16: 3 | BL16: A | BO16: MOODL | BT16: 70 | BU16: 0 | BV16: 0 | BW16: Y | BX16: O | CF16: Y | CH16: O | CS16: 4 | CT16: 202531 | CU16: Q
H17: 336-02 | I17: 336 | J17: NTST | K17: 690 | L17: 107 | N17: Ind St: | O17: Ind St: Greco Roman World | Q17: 009 | R17: 0 | W17: 1-4 | Y17: 999 | Z17: CLAS | AA17: 12-MAY-25 | AD17: 12-MAY-25 | AE17: 01-AUG-25 | AH17: 01-AUG-25 | AT17: Vine, Cedric E. | AU17: =IF($AT17="","",IFERROR(INDEX(InstructorMap!$B:$B, MATCH($AT17, InstructorMap!$A:$A, 0)),"")) | AV17: =IF($AT17="","",IFERROR(INDEX(InstructorMap!$C:$C, MATCH($AT17, InstructorMap!$A:$A, 0)),"")) | AW17: 100 | BH17: NTST | BI17: 21-APR-25 | BJ17: A | BL17: I | BO17: MOODL | BT17: 70 | BU17: 0 | BV17: 0 | BW17: Y | CF17: Y | CR17: IT | CS17: 12 | CT17: 202531 | CU17: 1
H18: 342-02 | I18: 342 | J18: NTST | K18: 890 | L18: 107 | N18: Directed Rdg in New Testament | R18: 0 | W18: 1-8 | Y18: 999 | Z18: CLAS | AA18: 12-MAY-25 | AD18: 12-MAY-25 | AE18: 01-AUG-25 | AH18: 01-AUG-25 | AT18: Vine, Cedric E. | AU18: =IF($AT18="","",IFERROR(INDEX(InstructorMap!$B:$B, MATCH($AT18, InstructorMap!$A:$A, 0)),"")) | AV18: =IF($AT18="","",IFERROR(INDEX(InstructorMap!$C:$C, MATCH($AT18, InstructorMap!$A:$A, 0)),"")) | AW18: 100 | BH18: NTST | BI18: 24-APR-25 | BJ18: A | BL18: I | BO18: MOODL | BT18: 70 | BU18: 1 | BV18: 0 | BW18: Y | CF18: Y | CR18: IT | CS18: 12 | CT18: 202531 | CU18: 1
H19: 329-02 | I19: 329 | J19: NTST | K19: 551 | L19: 006 | N19: Beginning Greek | R19: 0 | U19: EXAM | W19: 0,2 | X19: 0 | Y19: 999 | Z19: CLAS | AA19: 12-MAY-25 | AD19: 12-MAY-25 | AE19: 01-AUG-25 | AH19: 01-AUG-25 | AT19: Vine, Cedric E. | AU19: =IF($AT19="","",IFERROR(INDEX(InstructorMap!$B:$B, MATCH($AT19, InstructorMap!$A:$A, 0)),"")) | AV19: =IF($AT19="","",IFERROR(INDEX(InstructorMap!$C:$C, MATCH($AT19, InstructorMap!$A:$A, 0)),"")) | AW19: 100 | BH19: NTST | BI19: 08-MAY-25 | BJ19: A | BK19: 0 | BL19: EA | BO19: MOODL | BT19: 70 | BU19: 1 | BV19: 0 | BW19: Y | CE19: X | CF19: Y | CR19: I | CS19: 12 | CT19: 202531 | CU19: 1
H20: 330-02 | I20: 330 | J20: NTST | K20: 552 | L20: 006 | N20: Intermediate Greek | R20: 0 | U20: EXAM | W20: 0-3 | X20: 0 | Y20: 999 | Z20: CLAS | AA20: 12-MAY-25 | AD20: 12-MAY-25 | AE20: 01-AUG-25 | AH20: 01-AUG-25 | AT20: Vine, Cedric E. | AU20: =IF($AT20="","",IFERROR(INDEX(InstructorMap!$B:$B, MATCH($AT20, InstructorMap!$A:$A, 0)),"")) | AV20: =IF($AT20="","",IFERROR(INDEX(InstructorMap!$C:$C, MATCH($AT20, InstructorMap!$A:$A, 0)),"")) | AW20: 100 | BH20: NTST | BI20: 08-MAY-25 | BJ20: A | BK20: 0 | BL20: EA | BO20: MOODL | BT20: 70 | BU20: 1 | BV20: 0 | BW20: Y | CE20: X | CF20: Y | CR20: I | CS20: 12 | CT20: 202531 | CU20: 1
H21: 2462-02 | I21: 2462 | J21: NTST | K21: 885 | L21: 004 | N21: Topics in | O21: Top:AdvSt Paulne Wrt:Romans | Q21: 061 | R21: 0 | W21: 1-3 | X21: 3 | Y21: 999 | Z21: CLAS | AA21: 09-JUN-25 | AD21: 09-JUN-25 | AE21: 04-JUL-25 | AH21: 04-JUL-25 | AI21: 0830 | AJ21: 1120 | AL21: M | AM21: T | AN21: W | AO21: R | AR21: S120 | AS21: Seminary Building [SEM] | AT21: Choi, Phuichun R. | AU21: =IF($AT21="","",IFERROR(INDEX(InstructorMap!$B:$B, MATCH($AT21, InstructorMap!$A:$A, 0)),"")) | AV21: =IF($AT21="","",IFERROR(INDEX(InstructorMap!$C:$C, MATCH($AT21, InstructorMap!$A:$A, 0)),"")) | AW21: 100 | BH21: NTST | BI21: 09-MAY-25 | BJ21: A | BK21: 3 | BL21: A | BO21: MOODL | BT21: 70 | BU21: 1 | BV21: 0 | BW21: Y | BX21: O | CF21: Y | CH21: O | CS21: 4 | CT21: 202531 | CU21: 3
H22: 335-02 | I22: 335 | J22: NTST | K22: 690 | L22: 106 | N22: Ind St: | O22: Ind St: Holy Spirit in the NT | R22: 0 | W22: 1-4 | Y22: 999 | Z22: CLAS | AA22: 12-MAY-25 | AD22: 12-MAY-25 | AE22: 01-AUG-25 | AH22: 01-AUG-25 | AT22: Stefanovic, Ranko | AU22: =IF($AT22="","",IFERROR(INDEX(InstructorMap!$B:$B, MATCH($AT22, InstructorMap!$A:$A, 0)),"")) | AV22: =IF($AT22="","",IFERROR(INDEX(InstructorMap!$C:$C, MATCH($AT22, InstructorMap!$A:$A, 0)),"")) | AW22: 100 | BH22: NTST | BI22: 09-MAY-25 | BJ22: A | BL22: I | BO22: MOODL | BT22: 70 | BU22: 1 | BV22: 0 | BW22: Y | CF22: Y | CR22: I | CS22: 12 | CT22: 202531 | CU22: 1
H23: 351-02 | I23: 351 | J23: NTST | K23: 885 | L23: 001 | N23: Topics in | O23: Topics in Romans | Q23: 061 | R23: 0 | W23: 1-3 | X23: 3 | Y23: 10 | Z23: CLAS | AA23: 09-JUN-25 | AD23: 09-JUN-25 | AE23: 04-JUL-25 | AH23: 04-JUL-25 | AI23: 0830 | AJ23: 1120 | AL23: M | AM23: T | AN23: W | AO23: R | AR23: S120 | AS23: Seminary Building [SEM] | AT23: Choi, Phuichun R. | AU23: =IF($AT23="","",IFERROR(INDEX(InstructorMap!$B:$B, MATCH($AT23, InstructorMap!$A:$A, 0)),"")) | AV23: =IF($AT23="","",IFERROR(INDEX(InstructorMap!$C:$C, MATCH($AT23, InstructorMap!$A:$A, 0)),"")) | AW23: 100 | BH23: NTST | BI23: 11-MAY-25 | BJ23: A | BK23: 3 | BL23: A | BO23: MOODL | BT23: 70 | BU23: 1 | BV23: 0 | BW23: Y | BX23: O | CF23: Y | CH23: O | CS23: 4 | CT23: 202531 | CU23: 3
H24: 3397-03 | I24: 3397 | J24: NTST | K24: 668 | L24: 998 | N24: New Testament Ethics | Q24: 339 | R24: 7 | U24: SYNC | V24: FP | W24: 2,3 | X24: 3 | Y24: 10 | Z24: CLAS | AA24: 12-MAY-25 | AD24: 12-MAY-25 | AE24: 06-JUN-25 | AH24: 25-JUN-25 | AI24: 1330 | AJ24: 1720 | AT24: Gallos, Erhard H. | AU24: =IF($AT24="","",IFERROR(INDEX(InstructorMap!$B:$B, MATCH($AT24, InstructorMap!$A:$A, 0)),"")) | AV24: =IF($AT24="","",IFERROR(INDEX(InstructorMap!$C:$C, MATCH($AT24, InstructorMap!$A:$A, 0)),"")) | AW24: 100 | BB24: 160 | BC24: ES12 | BD24: BILL | BE24: FP | BG24: 202531 | BH24: NTST | BI24: 13-MAY-25 | BJ24: A | BK24: 3 | BL24: N | BM24: P-NTST668 | BO24: MOODL | BQ24: NTTH,THEO | BT24: 70 | BU24: 2 | BV24: 0 | BW24: Y | CF24: Y | CS24: 4 | CT24: 202531 | CU24: 2 | CV24: 0
H25: 3397-04 | I25: 3397 | J25: NTST | K25: 668 | L25: 998 | N25: New Testament Ethics | Q25: 339 | R25: 7 | U25: SYNC | V25: FP | W25: 2,3 | X25: 3 | Y25: 10 | Z25: CLAS | AA25: 12-MAY-25 | AD25: 12-MAY-25 | AE25: 06-JUN-25 | AH25: 25-JUN-25 | AI25: 1330 | AJ25: 1720 | AT25: Gallos, Erhard H. | AU25: =IF($AT25="","",IFERROR(INDEX(InstructorMap!$B:$B, MATCH($AT25, InstructorMap!$A:$A, 0)),"")) | AV25: =IF($AT25="","",IFERROR(INDEX(InstructorMap!$C:$C, MATCH($AT25, InstructorMap!$A:$A, 0)),"")) | AW25: 100 | BB25: 160 | BC25: ES12 | BD25: BILL | BE25: FP | BG25: 202531 | BH25: NTST | BI25: 13-MAY-25 | BJ25: A | BK25: 3 | BL25: N | BM25: P-NTST668 | BO25: MOODL | BQ25: NTTH,THEO | BT25: 70 | BU25: 2 | BV25: 0 | BW25: Y | CF25: Y | CS25: 4 | CT25: 202531 | CU25: 2 | CV25: 7
H26: 3301-02 | I26: 3301 | J26: NTST | K26: 668 | L26: 001 | N26: New Testament Ethics | Q26: 339 | R26: 0 | W26: 2,3 | X26: 3 | Y26: 35 | Z26: CLAS | AA26: 12-MAY-25 | AD26: 12-MAY-25 | AE26: 06-JUN-25 | AH26: 25-JUN-25 | AT26: Gallos, Erhard H. | AU26: =IF($AT26="","",IFERROR(INDEX(InstructorMap!$B:$B, MATCH($AT26, InstructorMap!$A:$A, 0)),"")) | AV26: =IF($AT26="","",IFERROR(INDEX(InstructorMap!$C:$C, MATCH($AT26, InstructorMap!$A:$A, 0)),"")) | AW26: 100 | BH26: NTST | BI26: 14-MAY-25 | BJ26: A | BK26: 3 | BL26: A | BM26: P-NTST668 | BO26: MOODL | BQ26: NTTH,THEO | BT26: 70 | BU26: 5 | BV26: 0 | BW26: Y | CF26: Y | CG26: N | CS26: 4 | CT26: 202531 | CU26: 2
H27: 2704-02 | I27: 2704 | J27: NTST | K27: 634 | L27: 040 | N27: Theology of Pauline Epistles | R27: 0 | U27: TOUR | W27: 2,3 | X27: 3 | Y27: 999 | Z27: POST | AA27: 12-MAY-25 | AD27: 12-MAY-25 | AE27: 06-JUN-25 | AH27: 06-JUN-25 | AT27: Choi, Phuichun R. | AU27: =IF($AT27="","",IFERROR(INDEX(InstructorMap!$B:$B, MATCH($AT27, InstructorMap!$A:$A, 0)),"")) | AV27: =IF($AT27="","",IFERROR(INDEX(InstructorMap!$C:$C, MATCH($AT27, InstructorMap!$A:$A, 0)),"")) | AW27: 100 | BH27: NTST | BI27: 14-MAY-25 | BJ27: A | BK27: 3 | BL27: A | BO27: MOODL | BQ27: NTTH,PAUL,THEO | BT27: 70 | BU27: 0 | BV27: 0 | BW27: Y | CF27: Y | CS27: 4 | CT27: 202531 | CU27: 2
H28: 2704-04 | I28: 2704 | J28: NTST | K28: 634 | L28: 040 | N28: Theology of Pauline Epistles | R28: 0 | U28: TOUR | W28: 2,3 | X28: 3 | Y28: 999 | Z28: PRE | AA28: 12-MAY-25 | AD28: 12-MAY-25 | AE28: 06-JUN-25 | AH28: 06-JUN-25 | AT28: Choi, Phuichun R. | AU28: =IF($AT28="","",IFERROR(INDEX(InstructorMap!$B:$B, MATCH($AT28, InstructorMap!$A:$A, 0)),"")) | AV28: =IF($AT28="","",IFERROR(INDEX(InstructorMap!$C:$C, MATCH($AT28, InstructorMap!$A:$A, 0)),"")) | AW28: 100 | BH28: NTST | BI28: 14-MAY-25 | BJ28: A | BK28: 3 | BL28: A | BO28: MOODL | BQ28: NTTH,PAUL,THEO | BT28: 70 | BU28: 0 | BV28: 0 | BW28: Y | CF28: Y | CS28: 4 | CT28: 202531 | CU28: 2
H29: 2704-06 | I29: 2704 | J29: NTST | K29: 634 | L29: 040 | N29: Theology of Pauline Epistles | R29: 0 | U29: TOUR | W29: 2,3 | X29: 3 | Y29: 999 | Z29: TOUR | AA29: 12-MAY-25 | AD29: 12-MAY-25 | AE29: 06-JUN-25 | AH29: 06-JUN-25 | AT29: Choi, Phuichun R. | AU29: =IF($AT29="","",IFERROR(INDEX(InstructorMap!$B:$B, MATCH($AT29, InstructorMap!$A:$A, 0)),"")) | AV29: =IF($AT29="","",IFERROR(INDEX(InstructorMap!$C:$C, MATCH($AT29, InstructorMap!$A:$A, 0)),"")) | AW29: 100 | BH29: NTST | BI29: 14-MAY-25 | BJ29: A | BK29: 3 | BL29: A | BO29: MOODL | BQ29: NTTH,PAUL,THEO | BT29: 70 | BU29: 0 | BV29: 0 | BW29: Y | CF29: Y | CS29: 4 | CT29: 202531 | CU29: 2
H30: 3406-02 | I30: 3406 | J30: NTST | K30: 695 | L30: 040 | N30: Top in NT Backgrounds | R30: 0 | U30: TOUR | W30: 2,3 | Y30: 25 | Z30: CLAS | AA30: 04-MAY-25 | AD30: 04-MAY-25 | AE30: 18-MAY-25 | AH30: 18-MAY-25 | AT30: Choi, Phuichun R. | AU30: =IF($AT30="","",IFERROR(INDEX(InstructorMap!$B:$B, MATCH($AT30, InstructorMap!$A:$A, 0)),"")) | AV30: =IF($AT30="","",IFERROR(INDEX(InstructorMap!$C:$C, MATCH($AT30, InstructorMap!$A:$A, 0)),"")) | AW30: 100 | BH30: NTST | BI30: 14-MAY-25 | BJ30: A | BL30: A | BO30: MOODL | BQ30: NTBG | BT30: 70 | BU30: 12 | BV30: 0 | BW30: Y | CF30: Y | CS30: 4 | CT30: 202531 | CU30: 2
H31: 349-02 | I31: 349 | J31: NTST | K31: 551 | L31: 001 | N31: Beginning Greek | Q31: 087 | R31: 0 | W31: 0,2 | X31: 2 | Y31: 25 | Z31: CLAS | AA31: 12-MAY-25 | AD31: 12-MAY-25 | AE31: 06-JUN-25 | AH31: 06-JUN-25 | AI31: 0830 | AJ31: 1120 | AL31: M | AM31: T | AN31: W | AO31: R | AR31: S120 | AS31: Seminary Building [SEM] | AT31: Vine, Cedric E. | AU31: =IF($AT31="","",IFERROR(INDEX(InstructorMap!$B:$B, MATCH($AT31, InstructorMap!$A:$A, 0)),"")) | AV31: =IF($AT31="","",IFERROR(INDEX(InstructorMap!$C:$C, MATCH($AT31, InstructorMap!$A:$A, 0)),"")) | AW31: 100 | BH31: NTST | BI31: 14-MAY-25 | BJ31: A | BK31: 2 | BL31: A | BO31: MOODL | BT31: 70 | BU31: 25 | BV31: 0 | BW31: Y | BX31: O | CF31: Y | CH31: O | CS31: 4 | CT31: 202531 | CU31: 2
H32: 360-02 | I32: 360 | J32: NTST | K32: 538 | L32: 999 | N32: Studies in Hebrews | R32: 7 | U32: ASYNC | V32: FP | W32: 2,3 | Y32: 25 | Z32: WEB | AA32: 12-MAY-25 | AD32: 12-MAY-25 | AE32: 01-AUG-25 | AH32: 01-AUG-25 | AT32: Huss, Rajan P. | AU32: =IF($AT32="","",IFERROR(INDEX(InstructorMap!$B:$B, MATCH($AT32, InstructorMap!$A:$A, 0)),"")) | AV32: =IF($AT32="","",IFERROR(INDEX(InstructorMap!$C:$C, MATCH($AT32, InstructorMap!$A:$A, 0)),"")) | AW32: 100 | BB32: 160 | BC32: ES12 | BD32: BILL | BE32: MA | BG32: 202531 | BH32: NTST | BI32: 19-MAY-25 | BJ32: A | BL32: N | BO32: MOODL | BT32: 70 | BU32: 5 | BV32: 0 | BW32: Y | CF32: Y | CS32: 12 | CT32: 202531 | CU32: 1
H33: 361-03 | I33: 361 | J33: NTST | K33: 539 | L33: 999 | N33: Readings in Revelation | R33: 7 | U33: ASYNC | V33: FP | W33: 2,3 | Y33: 25 | Z33: WEB | AA33: 12-MAY-25 | AD33: 12-MAY-25 | AE33: 01-AUG-25 | AH33: 01-AUG-25 | AT33: Kondrat, Stanislav | AU33: =IF($AT33="","",IFERROR(INDEX(InstructorMap!$B:$B, MATCH($AT33, InstructorMap!$A:$A, 0)),"")) | AV33: =IF($AT33="","",IFERROR(INDEX(InstructorMap!$C:$C, MATCH($AT33, InstructorMap!$A:$A, 0)),"")) | AW33: 100 | BB33: 160 | BC33: ES12 | BD33: BILL | BE33: FP | BG33: 202531 | BH33: NTST | BI33: 21-MAY-25 | BJ33: A | BL33: N | BO33: MOODL | BT33: 70 | BU33: 8 | BV33: 0 | BW33: Y | CF33: Y | CS33: 12 | CT33: 202531 | CU33: 1 | CV33: 0
H34: 361-04 | I34: 361 | J34: NTST | K34: 539 | L34: 999 | N34: Readings in Revelation | R34: 7 | U34: ASYNC | V34: FP | W34: 2,3 | Y34: 25 | Z34: WEB | AA34: 12-MAY-25 | AD34: 12-MAY-25 | AE34: 01-AUG-25 | AH34: 01-AUG-25 | AT34: Kondrat, Stanislav | AU34: =IF($AT34="","",IFERROR(INDEX(InstructorMap!$B:$B, MATCH($AT34, InstructorMap!$A:$A, 0)),"")) | AV34: =IF($AT34="","",IFERROR(INDEX(InstructorMap!$C:$C, MATCH($AT34, InstructorMap!$A:$A, 0)),"")) | AW34: 100 | BB34: 160 | BC34: ES12 | BD34: BILL | BE34: FP | BG34: 202531 | BH34: NTST | BI34: 21-MAY-25 | BJ34: A | BL34: N | BO34: MOODL | BT34: 70 | BU34: 8 | BV34: 0 | BW34: Y | CF34: Y | CS34: 12 | CT34: 202531 | CU34: 1 | CV34: 7
H35: 2397-03 | I35: 2397 | J35: NTST | K35: 552 | L35: 998 | N35: Intermediate Greek | Q35: 088 | R35: 7 | U35: SYNC | V35: FP | W35: 0-3 | X35: 3 | Y35: 10 | Z35: WEB | AA35: 09-JUN-25 | AD35: 09-JUN-25 | AE35: 04-JUL-25 | AH35: 04-JUL-25 | AI35: 0830 | AJ35: 1120 | AL35: M | AM35: T | AN35: W | AO35: R | AT35: Vine, Cedric E. | AU35: =IF($AT35="","",IFERROR(INDEX(InstructorMap!$B:$B, MATCH($AT35, InstructorMap!$A:$A, 0)),"")) | AV35: =IF($AT35="","",IFERROR(INDEX(InstructorMap!$C:$C, MATCH($AT35, InstructorMap!$A:$A, 0)),"")) | AW35: 100 | BB35: 160 | BC35: ES12 | BD35: BILL | BE35: FP | BG35: 202531 | BH35: NTST | BI35: 22-MAY-25 | BJ35: A | BK35: 3 | BL35: N | BO35: MOODL | BT35: 70 | BU35: 3 | BV35: 0 | BW35: Y | BX35: O | CF35: Y | CS35: 4 | CT35: 202531 | CU35: 3 | CV35: 0
H36: 2397-04 | I36: 2397 | J36: NTST | K36: 552 | L36: 998 | N36: Intermediate Greek | Q36: 088 | R36: 7 | U36: SYNC | V36: FP | W36: 0-3 | X36: 3 | Y36: 10 | Z36: WEB | AA36: 09-JUN-25 | AD36: 09-JUN-25 | AE36: 04-JUL-25 | AH36: 04-JUL-25 | AI36: 0830 | AJ36: 1120 | AL36: M | AM36: T | AN36: W | AO36: R | AT36: Vine, Cedric E. | AU36: =IF($AT36="","",IFERROR(INDEX(InstructorMap!$B:$B, MATCH($AT36, InstructorMap!$A:$A, 0)),"")) | AV36: =IF($AT36="","",IFERROR(INDEX(InstructorMap!$C:$C, MATCH($AT36, InstructorMap!$A:$A, 0)),"")) | AW36: 100 | BB36: 160 | BC36: ES12 | BD36: BILL | BE36: FP | BG36: 202531 | BH36: NTST | BI36: 22-MAY-25 | BJ36: A | BK36: 3 | BL36: N | BO36: MOODL | BT36: 70 | BU36: 3 | BV36: 0 | BW36: Y | BX36: O | CF36: Y | CS36: 4 | CT36: 202531 | CU36: 3 | CV36: 7
H37: 2396-03 | I37: 2396 | J37: NTST | K37: 551 | L37: 998 | N37: Beginning Greek | Q37: 087 | R37: 7 | U37: SYNC | V37: FP | W37: 0,2 | X37: 2 | Y37: 10 | Z37: WEB | AA37: 12-MAY-25 | AD37: 12-MAY-25 | AE37: 06-JUN-25 | AH37: 06-JUN-25 | AI37: 0830 | AJ37: 1120 | AL37: M | AM37: T | AN37: W | AO37: R | AT37: Vine, Cedric E. | AU37: =IF($AT37="","",IFERROR(INDEX(InstructorMap!$B:$B, MATCH($AT37, InstructorMap!$A:$A, 0)),"")) | AV37: =IF($AT37="","",IFERROR(INDEX(InstructorMap!$C:$C, MATCH($AT37, InstructorMap!$A:$A, 0)),"")) | AW37: 100 | BB37: 160 | BC37: ES12 | BD37: BILL | BE37: FP | BG37: 202531 | BH37: NTST | BI37: 29-MAY-25 | BJ37: A | BK37: 2 | BL37: N | BO37: MOODL | BT37: 70 | BU37: 3 | BV37: 0 | BW37: Y | BX37: O | CF37: Y | CS37: 4 | CT37: 202531 | CU37: 2 | CV37: 0
H38: 2396-04 | I38: 2396 | J38: NTST | K38: 551 | L38: 998 | N38: Beginning Greek | Q38: 087 | R38: 7 | U38: SYNC | V38: FP | W38: 0,2 | X38: 2 | Y38: 10 | Z38: WEB | AA38: 12-MAY-25 | AD38: 12-MAY-25 | AE38: 06-JUN-25 | AH38: 06-JUN-25 | AI38: 0830 | AJ38: 1120 | AL38: M | AM38: T | AN38: W | AO38: R | AT38: Vine, Cedric E. | AU38: =IF($AT38="","",IFERROR(INDEX(InstructorMap!$B:$B, MATCH($AT38, InstructorMap!$A:$A, 0)),"")) | AV38: =IF($AT38="","",IFERROR(INDEX(InstructorMap!$C:$C, MATCH($AT38, InstructorMap!$A:$A, 0)),"")) | AW38: 100 | BB38: 160 | BC38: ES12 | BD38: BILL | BE38: FP | BG38: 202531 | BH38: NTST | BI38: 29-MAY-25 | BJ38: A | BK38: 2 | BL38: N | BO38: MOODL | BT38: 70 | BU38: 3 | BV38: 0 | BW38: Y | BX38: O | CF38: Y | CS38: 4 | CT38: 202531 | CU38: 2 | CV38: 7
H39: 2398-03 | I39: 2398 | J39: NTST | K39: 658 | L39: 998 | N39: Adv Studies Pauline Wrtg: | O39: Adv St Pauline Wrtg: Romans | Q39: 061 | R39: 7 | U39: SYNC | V39: FP | W39: 2,3 | X39: 3 | Y39: 5 | Z39: CLAS | AA39: 09-JUN-25 | AD39: 09-JUN-25 | AE39: 04-JUL-25 | AH39: 04-JUL-25 | AI39: 0830 | AJ39: 1120 | AL39: M | AM39: T | AN39: W | AO39: R | AT39: Choi, Phuichun R. | AU39: =IF($AT39="","",IFERROR(INDEX(InstructorMap!$B:$B, MATCH($AT39, InstructorMap!$A:$A, 0)),"")) | AV39: =IF($AT39="","",IFERROR(INDEX(InstructorMap!$C:$C, MATCH($AT39, InstructorMap!$A:$A, 0)),"")) | AW39: 100 | BB39: 160 | BC39: ES12 | BD39: BILL | BE39: FP | BG39: 202531 | BH39: NTST | BI39: 08-JUN-25 | BJ39: A | BK39: 3 | BL39: N | BM39: P-NTST658 | BO39: MOODL | BQ39: EXEG | BT39: 70 | BU39: 5 | BV39: 0 | BW39: Y | BX39: O | CF39: Y | CS39: 4 | CT39: 202531 | CU39: 3 | CV39: 0
H40: 2398-04 | I40: 2398 | J40: NTST | K40: 658 | L40: 998 | N40: Adv Studies Pauline Wrtg: | O40: Adv St Pauline Wrtg: Romans | Q40: 061 | R40: 7 | U40: SYNC | V40: FP | W40: 2,3 | X40: 3 | Y40: 5 | Z40: CLAS | AA40: 09-JUN-25 | AD40: 09-JUN-25 | AE40: 04-JUL-25 | AH40: 04-JUL-25 | AI40: 0830 | AJ40: 1120 | AL40: M | AM40: T | AN40: W | AO40: R | AT40: Choi, Phuichun R. | AU40: =IF($AT40="","",IFERROR(INDEX(InstructorMap!$B:$B, MATCH($AT40, InstructorMap!$A:$A, 0)),"")) | AV40: =IF($AT40="","",IFERROR(INDEX(InstructorMap!$C:$C, MATCH($AT40, InstructorMap!$A:$A, 0)),"")) | AW40: 100 | BB40: 160 | BC40: ES12 | BD40: BILL | BE40: FP | BG40: 202531 | BH40: NTST | BI40: 08-JUN-25 | BJ40: A | BK40: 3 | BL40: N | BM40: P-NTST658 | BO40: MOODL | BQ40: EXEG | BT40: 70 | BU40: 5 | BV40: 0 | BW40: Y | BX40: O | CF40: Y | CS40: 4 | CT40: 202531 | CU40: 3 | CV40: 7
H41: 352-02 | I41: 352 | J41: NTST | K41: 552 | L41: 001 | N41: Intermediate Greek | Q41: 088 | R41: 0 | W41: 0-3 | X41: 3 | Y41: 25 | Z41: CLAS | AA41: 09-JUN-25 | AD41: 09-JUN-25 | AE41: 04-JUL-25 | AH41: 04-JUL-25 | AI41: 0830 | AJ41: 1120 | AL41: M | AM41: T | AN41: W | AO41: R | AR41: N150 | AS41: Seminary Building [SEM] | AT41: Vine, Cedric E. | AU41: =IF($AT41="","",IFERROR(INDEX(InstructorMap!$B:$B, MATCH($AT41, InstructorMap!$A:$A, 0)),"")) | AV41: =IF($AT41="","",IFERROR(INDEX(InstructorMap!$C:$C, MATCH($AT41, InstructorMap!$A:$A, 0)),"")) | AW41: 100 | BH41: NTST | BI41: 09-JUN-25 | BJ41: A | BK41: 3 | BL41: A | BO41: MOODL | BT41: 70 | BU41: 20 | BV41: 0 | BW41: Y | BX41: O | CF41: Y | CS41: 4 | CT41: 202531 | CU41: 3
H42: 3302-02 | I42: 3302 | J42: NTST | K42: 630 | L42: 040 | N42: Theology of Synoptic Gospels | R42: 0 | W42: 2,3 | X42: 3 | Y42: 25 | Z42: POST | AA42: 04-MAY-25 | AD42: 19-MAY-25 | AE42: 06-JUN-25 | AH42: 06-JUN-25 | AT42: Choi, Phuichun R. | AU42: =IF($AT42="","",IFERROR(INDEX(InstructorMap!$B:$B, MATCH($AT42, InstructorMap!$A:$A, 0)),"")) | AV42: =IF($AT42="","",IFERROR(INDEX(InstructorMap!$C:$C, MATCH($AT42, InstructorMap!$A:$A, 0)),"")) | AW42: 100 | BH42: NTST | BI42: 19-JUN-25 | BJ42: A | BK42: 3 | BL42: A | BO42: MOODL | BQ42: NTTH,SYNG,THEO | BT42: 70 | BU42: 13 | BV42: 0 | BW42: Y | CF42: Y | CS42: 4 | CT42: 202531 | CU42: 2
H43: 3302-04 | I43: 3302 | J43: NTST | K43: 630 | L43: 040 | N43: Theology of Synoptic Gospels | R43: 0 | W43: 2,3 | X43: 3 | Y43: 25 | Z43: TOUR | AA43: 04-MAY-25 | AD43: 04-MAY-25 | AE43: 18-MAY-25 | AH43: 06-JUN-25 | AT43: Choi, Phuichun R. | AU43: =IF($AT43="","",IFERROR(INDEX(InstructorMap!$B:$B, MATCH($AT43, InstructorMap!$A:$A, 0)),"")) | AV43: =IF($AT43="","",IFERROR(INDEX(InstructorMap!$C:$C, MATCH($AT43, InstructorMap!$A:$A, 0)),"")) | AW43: 100 | BH43: NTST | BI43: 19-JUN-25 | BJ43: A | BK43: 3 | BL43: A | BO43: MOODL | BQ43: NTTH,SYNG,THEO | BT43: 70 | BU43: 13 | BV43: 0 | BW43: Y | CF43: Y | CS43: 4 | CT43: 202531 | CU43: 2
H44: 356-02 | I44: 356 | J44: NTST | K44: 680 | L44: 001 | N44: Greco-Roman World | Q44: 009 | R44: 0 | W44: 2,3 | Y44: 35 | Z44: CLAS | AA44: 07-JUL-25 | AD44: 07-JUL-25 | AE44: 01-AUG-25 | AH44: 01-AUG-25 | AI44: 1330 | AJ44: 1520 | AL44: M | AM44: T | AN44: W | AO44: R | AR44: N150 | AS44: Seminary Building [SEM] | AT44: Vine, Cedric E. | AU44: =IF($AT44="","",IFERROR(INDEX(InstructorMap!$B:$B, MATCH($AT44, InstructorMap!$A:$A, 0)),"")) | AV44: =IF($AT44="","",IFERROR(INDEX(InstructorMap!$C:$C, MATCH($AT44, InstructorMap!$A:$A, 0)),"")) | AW44: 100 | BH44: NTST | BI44: 06-JUL-25 | BJ44: A | BL44: A | BO44: MOODL | BQ44: ARHA,CLAS,JEWS,NTBG | BT44: 70 | BU44: 13 | BV44: 0 | BW44: Y | BX44: O | CF44: Y | CS44: 4 | CT44: 202531 | CU44: Q
H45: 3300-02 | I45: 3300 | J45: NTST | K45: 530 | L45: 001 | N45: Intro to Revelation | Q45: 323 | R45: 0 | W45: 2 | Y45: 30 | Z45: CLAS | AA45: 07-JUL-25 | AD45: 07-JUL-25 | AE45: 01-AUG-25 | AH45: 01-AUG-25 | AI45: 0830 | AJ45: 1020 | AL45: M | AM45: T | AN45: W | AO45: R | AR45: N235 | AS45: Seminary Building [SEM] | AT45: Stefanovic, Ranko | AU45: =IF($AT45="","",IFERROR(INDEX(InstructorMap!$B:$B, MATCH($AT45, InstructorMap!$A:$A, 0)),"")) | AV45: =IF($AT45="","",IFERROR(INDEX(InstructorMap!$C:$C, MATCH($AT45, InstructorMap!$A:$A, 0)),"")) | AW45: 100 | BH45: NTST | BI45: 09-JUL-25 | BJ45: A | BL45: A | BO45: MOODL | BT45: 70 | BU45: 3 | BV45: 0 | BW45: Y | CF45: Y | CH45: O | CS45: 4 | CT45: 202531 | CU45: Q
H46: 350-02 | I46: 350 | J46: NTST | K46: 658 | L46: 001 | N46: Adv Studies Pauline Wrtg: | O46: Adv St Pauline Wrtg: Romans | Q46: 061 | R46: 0 | W46: 2,3 | X46: 3 | Y46: 20 | Z46: CLAS | AA46: 09-JUN-25 | AD46: 09-JUN-25 | AE46: 04-JUL-25 | AH46: 04-JUL-25 | AI46: 0830 | AJ46: 1120 | AL46: M | AM46: T | AN46: W | AO46: R | AR46: S120 | AS46: Seminary Building [SEM] | AT46: Choi, Phuichun R. | AU46: =IF($AT46="","",IFERROR(INDEX(InstructorMap!$B:$B, MATCH($AT46, InstructorMap!$A:$A, 0)),"")) | AV46: =IF($AT46="","",IFERROR(INDEX(InstructorMap!$C:$C, MATCH($AT46, InstructorMap!$A:$A, 0)),"")) | AW46: 100 | BH46: NTST | BI46: 14-JUL-25 | BJ46: A | BK46: 3 | BL46: A | BM46: P-NTST658 | BO46: MOODL | BQ46: EXEG | BT46: 70 | BU46: 7 | BV46: 0 | BW46: Y | BX46: O | CF46: Y | CH46: O | CS46: 4 | CT46: 202531 | CU46: 3
H47: 2399-03 | I47: 2399 | J47: NTST | K47: 680 | L47: 998 | N47: Greco-Roman World | Q47: 009 | R47: 7 | U47: SYNC | V47: FP | W47: 2,3 | Y47: 15 | Z47: WEB | AA47: 07-JUL-25 | AD47: 07-JUL-25 | AE47: 01-AUG-25 | AH47: 01-AUG-25 | AI47: 1330 | AJ47: 1520 | AL47: M | AM47: T | AN47: W | AO47: R | AT47: Vine, Cedric E. | AU47: =IF($AT47="","",IFERROR(INDEX(InstructorMap!$B:$B, MATCH($AT47, InstructorMap!$A:$A, 0)),"")) | AV47: =IF($AT47="","",IFERROR(INDEX(InstructorMap!$C:$C, MATCH($AT47, InstructorMap!$A:$A, 0)),"")) | AW47: 100 | BB47: 160 | BC47: ES12 | BD47: BILL | BE47: FP | BG47: 202531 | BH47: NTST | BI47: 31-JUL-25 | BJ47: A | BL47: N | BO47: MOODL | BQ47: ARHA,CLAS,JEWS,NTBG | BT47: 70 | BU47: 12 | BV47: 0 | BW47: Y | CF47: Y | CS47: 4 | CT47: 202531 | CU47: Q | CV47: 0
H48: 2399-04 | I48: 2399 | J48: NTST | K48: 680 | L48: 998 | N48: Greco-Roman World | Q48: 009 | R48: 7 | U48: SYNC | V48: FP | W48: 2,3 | Y48: 15 | Z48: WEB | AA48: 07-JUL-25 | AD48: 07-JUL-25 | AE48: 01-AUG-25 | AH48: 01-AUG-25 | AI48: 1330 | AJ48: 1520 | AL48: M | AM48: T | AN48: W | AO48: R | AT48: Vine, Cedric E. | AU48: =IF($AT48="","",IFERROR(INDEX(InstructorMap!$B:$B, MATCH($AT48, InstructorMap!$A:$A, 0)),"")) | AV48: =IF($AT48="","",IFERROR(INDEX(InstructorMap!$C:$C, MATCH($AT48, InstructorMap!$A:$A, 0)),"")) | AW48: 100 | BB48: 160 | BC48: ES12 | BD48: BILL | BE48: FP | BG48: 202531 | BH48: NTST | BI48: 31-JUL-25 | BJ48: A | BL48: N | BO48: MOODL | BQ48: ARHA,CLAS,JEWS,NTBG | BT48: 70 | BU48: 12 | BV48: 0 | BW48: Y | CF48: Y | CS48: 4 | CT48: 202531 | CU48: Q | CV48: 7
H49: 2789-03 | I49: 2789 | J49: NTST | K49: 530 | L49: 998 | N49: Intro to Revelation | Q49: 323 | R49: 7 | U49: SYNC | V49: FP | W49: 2 | Y49: 20 | Z49: WEB | AA49: 07-JUL-25 | AD49: 07-JUL-25 | AE49: 01-AUG-25 | AH49: 01-AUG-25 | AI49: 0830 | AJ49: 1020 | AL49: M | AM49: T | AN49: W | AO49: R | AT49: Stefanovic, Ranko | AU49: =IF($AT49="","",IFERROR(INDEX(InstructorMap!$B:$B, MATCH($AT49, InstructorMap!$A:$A, 0)),"")) | AV49: =IF($AT49="","",IFERROR(INDEX(InstructorMap!$C:$C, MATCH($AT49, InstructorMap!$A:$A, 0)),"")) | AW49: 100 | BB49: 160 | BC49: ES12 | BD49: BILL | BE49: FP | BG49: 202531 | BH49: NTST | BI49: 31-JUL-25 | BJ49: A | BL49: N | BO49: MOODL | BT49: 70 | BU49: 3 | BV49: 0 | BW49: Y | BX49: O | CF49: Y | CS49: 4 | CT49: 202531 | CU49: Q | CV49: 0
H50: 2789-04 | I50: 2789 | J50: NTST | K50: 530 | L50: 998 | N50: Intro to Revelation | Q50: 323 | R50: 7 | U50: SYNC | V50: FP | W50: 2 | Y50: 20 | Z50: WEB | AA50: 07-JUL-25 | AD50: 07-JUL-25 | AE50: 01-AUG-25 | AH50: 01-AUG-25 | AI50: 0830 | AJ50: 1020 | AL50: M | AM50: T | AN50: W | AO50: R | AT50: Stefanovic, Ranko | AU50: =IF($AT50="","",IFERROR(INDEX(InstructorMap!$B:$B, MATCH($AT50, InstructorMap!$A:$A, 0)),"")) | AV50: =IF($AT50="","",IFERROR(INDEX(InstructorMap!$C:$C, MATCH($AT50, InstructorMap!$A:$A, 0)),"")) | AW50: 100 | BB50: 160 | BC50: ES12 | BD50: BILL | BE50: FP | BG50: 202531 | BH50: NTST | BI50: 31-JUL-25 | BJ50: A | BL50: N | BO50: MOODL | BT50: 70 | BU50: 3 | BV50: 0 | BW50: Y | BX50: O | CF50: Y | CS50: 4 | CT50: 202531 | CU50: Q | CV50: 7

Sheet OTST
A1: Don {not in Banner} | B1: Mismatching {not in Banner} | C1: Dept/Prog Admin {not in Banner} | D1: Mona {not in Banner} | E1: Karen {not in Banner} | F1: DONE {not in Banner} | G1: Notes {not in Banner} | H1: CRN sorted {not in Banner} | I1: CRN | J1: Subject | K1: Course Number {Crse Num} | L1: Course Section {Seq Crse Num} | M1: Program {not in Banner} | N1: Catalog Title | O1: Section Title | P1: Crosslist Details {not in Banner} | Q1: X Lst | R1: Campus {Ssasect Campus} | S1: Campus Restriction {Camp Restr CC} | T1: Schedule Type {not in Banner} | U1: Instruction Method {Inst Method} | V1: Level {Level SC} | W1: Credit Catalog {Cat Crs} | X1: Credits {Sect Crs} | Y1: Enrollment Cap {Max Enrl} | Z1: Meeting Type | AA1: Semester Start Date {Soaterm Start Date} | AB1: Pre-work Start Date {not in Banner} | AC1: Pre-work End Date {not in Banner} | AD1: Course Start Date {Meet Start Date} | AE1: Course End Date {Meet End Date} | AF1: Post-work Start Date {not in Banner} | AG1: Post-work End Date {not in Banner} | AH1: Semester End Date {Soaterm End Date} | AI1: Course Beginning Time {Meet Beg Time} | AJ1: Course Ending Time {Meet End Time} | AK1: SUN | AL1: MON | AM1: TUE | AN1: WED | AO1: THU | AP1: FRI | AQ1: SAT | AR1: Room {Meet Room} | AS1: Building {Meet Bldg} | AT1: Instructor Name {Instr Name} | AU1: Instructor Email {Instr Email} | AV1: Instructor ID {Instr ID} | AW1: % Responsibility | AX1: load/contract {not in Banner} | AY1: costs per credit {not in Banner} | AZ1: total costs {not in Banner} | BA1: account to be charged {not in Banner} | BB1: Fee Amount {Fees Amt} | BC1: Fee Code {Detl Code} | BD1: Fee Type | BE1: Fee Level | BF1: Fee Ind | BG1: Fee Term | BH1: SEM Department {Scacrse Dept} | BI1: Activity Date | BJ1: Status | BK1: Bill Hrs | BL1: Sect Sch Type | BM1: Prerequisites {Preq Areas} | BN1: Link Ind | BO1: Integration Code | BP1: Link Conn | BQ1: Crs Attr | BR1: Comments | BS1: Major Restr | BT1: Scacrse College | BU1: Enrolled | BV1: Waitlist Capacity | BW1: Primary Ind | BX1: Override | BY1: 1st Date Reg Opens | BZ1: Last Date Reg Opens | CA1: OL Range From Date | CB1: OL Range To Date | CC1: OL Numb Units | CD1: OL Duration Code | CE1: Grade Mode | CF1: Gradable Ind | CG1: Tuit Waiver | CH1: Course Override {Meet Override} | CI1: Lvl Res Ind | CJ1: Cmp Res Ind | CK1: Rate Code | CL1: Cohort Code | CM1: St Attr Code | CN1: Coll SC | CO1: DegC SC | CP1: Prog SC | CQ1: FOS Type | CR1: Special Approval {Special Apvl} | CS1: Weeks | CT1: Term Code | CU1: Part-Of-Term | CV1: Camp SC
H2: 2270-02 | I2: 2270 | J2: OTST | K2: 940 | L2: 102 | N2: Sem Adv OT Exegesis | Q2: 089 | R2: 0 | W2: 3 | Y2: 999 | Z2: CLAS | AA2: 07-JUL-25 | AD2: 07-JUL-25 | AE2: 01-AUG-25 | AH2: 01-AUG-25 | AI2: 0830 | AJ2: 1020 | AL2: M | AM2: T | AN2: W | AO2: R | AR2: N110 | AS2: Seminary Building [SEM] | AT2: Gane, Roy E. | AU2: =IF($AT2="","",IFERROR(INDEX(InstructorMap!$B:$B, MATCH($AT2, InstructorMap!$A:$A, 0)),"")) | AV2: =IF($AT2="","",IFERROR(INDEX(InstructorMap!$C:$C, MATCH($AT2, InstructorMap!$A:$A, 0)),"")) | AW2: 100 | BH2: OTST | BI2: 27-JAN-25 | BJ2: A | BL2: M | BM2: P-OTST940 | BO2: MOODL | BQ2: EXEG | BT2: 70 | BU2: 0 | BV2: 0 | BW2: Y | BX2: O | CF2: Y | CH2: O | CS2: 4 | CT2: 202531 | CU2: Q
H3: 2271-02 | I3: 2271 | J3: OTST | K3: 945 | L3: 101 | N3: Sem in Biblical Theology | Q3: 104 | R3: 0 | W3: 3 | Y3: 20 | Z3: CLAS | AA3: 07-JUL-25 | AD3: 07-JUL-25 | AE3: 01-AUG-25 | AH3: 01-AUG-25 | AI3: 1430 | AJ3: 1620 | AL3: M | AM3: T | AN3: W | AO3: R | AR3: S120 | AS3: Seminary Building [SEM] | AT3: Gane, Roy E. | AU3: =IF($AT3="","",IFERROR(INDEX(InstructorMap!$B:$B, MATCH($AT3, InstructorMap!$A:$A, 0)),"")) | AV3: =IF($AT3="","",IFERROR(INDEX(InstructorMap!$C:$C, MATCH($AT3, InstructorMap!$A:$A, 0)),"")) | AW3: 100 | BH3: OTST | BI3: 27-JAN-25 | BJ3: A | BL3: M | BO3: MOODL | BQ3: THEO | BT3: 70 | BU3: 0 | BV3: 0 | BW3: Y | BX3: O | CF3: Y | CH3: O | CS3: 4 | CT3: 202531 | CU3: Q
H4: 2301-02 | I4: 2301 | J4: OTST | K4: 895 | L4: 040 | N4: Independent Study: | O4: Ind Sty: OT Backgrounds | R4: 0 | U4: TOUR | W4: 1-3 | X4: 3 | Y4: 999 | Z4: POST | AA4: 12-MAY-25 | AD4: 12-MAY-25 | AE4: 01-AUG-25 | AH4: 01-AUG-25 | AT4: Davidson, Richard M. | AU4: =IF($AT4="","",IFERROR(INDEX(InstructorMap!$B:$B, MATCH($AT4, InstructorMap!$A:$A, 0)),"")) | AV4: =IF($AT4="","",IFERROR(INDEX(InstructorMap!$C:$C, MATCH($AT4, InstructorMap!$A:$A, 0)),"")) | AW4: 100 | BH4: OTST | BI4: 27-JAN-25 | BJ4: A | BK4: 3 | BL4: I | BO4: MOODL | BT4: 70 | BU4: 0 | BV4: 0 | BW4: Y | CF4: Y | CS4: 12 | CT4: 202531 | CU4: 1
H5: 2301-04 | I5: 2301 | J5: OTST | K5: 895 | L5: 040 | N5: Independent Study: | O5: Ind Sty: OT Backgrounds | R5: 0 | U5: TOUR | W5: 1-3 | X5: 3 | Y5: 999 | Z5: PRE | AA5: 12-MAY-25 | AD5: 12-MAY-25 | AE5: 01-AUG-25 | AH5: 01-AUG-25 | AT5: Davidson, Richard M. | AU5: =IF($AT5="","",IFERROR(INDEX(InstructorMap!$B:$B, MATCH($AT5, InstructorMap!$A:$A, 0)),"")) | AV5: =IF($AT5="","",IFERROR(INDEX(InstructorMap!$C:$C, MATCH($AT5, InstructorMap!$A:$A, 0)),"")) | AW5: 100 | BH5: OTST | BI5: 27-JAN-25 | BJ5: A | BK5: 3 | BL5: I | BO5: MOODL | BT5: 70 | BU5: 0 | BV5: 0 | BW5: Y | CF5: Y | CS5: 12 | CT5: 202531 | CU5: 1
H6: 2301-06 | I6: 2301 | J6: OTST | K6: 895 | L6: 040 | N6: Independent Study: | O6: Ind Sty: OT Backgrounds | R6: 0 | U6: TOUR | W6: 1-3 | X6: 3 | Y6: 999 | Z6: TOUR | AA6: 12-MAY-25 | AD6: 12-MAY-25 | AE6: 01-AUG-25 | AH6: 01-AUG-25 | AT6: Davidson, Richard M. | AU6: =IF($AT6="","",IFERROR(INDEX(InstructorMap!$B:$B, MATCH($AT6, InstructorMap!$A:$A, 0)),"")) | AV6: =IF($AT6="","",IFERROR(INDEX(InstructorMap!$C:$C, MATCH($AT6, InstructorMap!$A:$A, 0)),"")) | AW6: 100 | BH6: OTST | BI6: 27-JAN-25 | BJ6: A | BK6: 3 | BL6: I | BO6: MOODL | BT6: 70 | BU6: 0 | BV6: 0 | BW6: Y | CF6: Y | CS6: 12 | CT6: 202531 | CU6: 1
H7: 2302-02 | I7: 2302 | J7: OTST | K7: 895 | L7: 041 | N7: Independent Study: | O7: Ind Sty: OT Archaeology | R7: 0 | U7: TOUR | W7: 1-3 | X7: 3 | Y7: 999 | Z7: POST | AA7: 12-MAY-25 | AD7: 12-MAY-25 | AE7: 01-AUG-25 | AH7: 01-AUG-25 | AT7: Davidson, Richard M. | AU7: =IF($AT7="","",IFERROR(INDEX(InstructorMap!$B:$B, MATCH($AT7, InstructorMap!$A:$A, 0)),"")) | AV7: =IF($AT7="","",IFERROR(INDEX(InstructorMap!$C:$C, MATCH($AT7, InstructorMap!$A:$A, 0)),"")) | AW7: 100 | BH7: OTST | BI7: 27-JAN-25 | BJ7: A | BK7: 3 | BL7: I | BO7: MOODL | BT7: 70 | BU7: 0 | BV7: 0 | BW7: Y | CF7: Y | CS7: 12 | CT7: 202531 | CU7: 1
H8: 2302-04 | I8: 2302 | J8: OTST | K8: 895 | L8: 041 | N8: Independent Study: | O8: Ind Sty: OT Archaeology | R8: 0 | U8: TOUR | W8: 1-3 | X8: 3 | Y8: 999 | Z8: PRE | AA8: 12-MAY-25 | AD8: 12-MAY-25 | AE8: 01-AUG-25 | AH8: 01-AUG-25 | AT8: Davidson, Richard M. | AU8: =IF($AT8="","",IFERROR(INDEX(InstructorMap!$B:$B, MATCH($AT8, InstructorMap!$A:$A, 0)),"")) | AV8: =IF($AT8="","",IFERROR(INDEX(InstructorMap!$C:$C, MATCH($AT8, InstructorMap!$A:$A, 0)),"")) | AW8: 100 | BH8: OTST | BI8: 27-JAN-25 | BJ8: A | BK8: 3 | BL8: I | BO8: MOODL | BT8: 70 | BU8: 0 | BV8: 0 | BW8: Y | CF8: Y | CS8: 12 | CT8: 202531 | CU8: 1
H9: 2302-06 | I9: 2302 | J9: OTST | K9: 895 | L9: 041 | N9: Independent Study: | O9: Ind Sty: OT Archaeology | R9: 0 | U9: TOUR | W9: 1-3 | X9: 3 | Y9: 999 | Z9: TOUR | AA9: 12-MAY-25 | AD9: 12-MAY-25 | AE9: 01-AUG-25 | AH9: 01-AUG-25 | AT9: Davidson, Richard M. | AU9: =IF($AT9="","",IFERROR(INDEX(InstructorMap!$B:$B, MATCH($AT9, InstructorMap!$A:$A, 0)),"")) | AV9: =IF($AT9="","",IFERROR(INDEX(InstructorMap!$C:$C, MATCH($AT9, InstructorMap!$A:$A, 0)),"")) | AW9: 100 | BH9: OTST | BI9: 27-JAN-25 | BJ9: A | BK9: 3 | BL9: I | BO9: MOODL | BT9: 70 | BU9: 0 | BV9: 0 | BW9: Y | CF9: Y | CS9: 12 | CT9: 202531 | CU9: 1
H10: 2702-02 | I10: 2702 | J10: OTST | K10: 945 | L10: 102 | N10: Sem in Biblical Theology | Q10: 104 | R10: 7 | W10: 3 | Y10: 20 | Z10: WEB | AA10: 07-JUL-25 | AD10: 07-JUL-25 | AE10: 01-AUG-25 | AH10: 01-AUG-25 | AI10: 1430 | AJ10: 1620 | AL10: M | AM10: T | AN10: W | AO10: R | AT10: Gane, Roy E. | AU10: =IF($AT10="","",IFERROR(INDEX(InstructorMap!$B:$B, MATCH($AT10, InstructorMap!$A:$A, 0)),"")) | AV10: =IF($AT10="","",IFERROR(INDEX(InstructorMap!$C:$C, MATCH($AT10, InstructorMap!$A:$A, 0)),"")) | AW10: 100 | BH10: OTST | BI10: 27-JAN-25 | BJ10: A | BL10: M | BO10: MOODL | BQ10: THEO | BT10: 70 | BU10: 0 | BV10: 0 | BW10: Y | BX10: O | CF10: Y | CS10: 4 | CT10: 202531 | CU10: Q
H11: 2859-02 | I11: 2859 | J11: OTST | K11: 895 | L11: 001 | N11: Independent Study: | O11: IndSt:Sacrif Trms in Leviticus | R11: 0 | W11: 1-3 | X11: 3 | Y11: 999 | Z11: CLAS | AA11: 12-MAY-25 | AD11: 12-MAY-25 | AE11: 01-AUG-25 | AH11: 01-AUG-25 | AT11: Gane, Roy E. | AU11: =IF($AT11="","",IFERROR(INDEX(InstructorMap!$B:$B, MATCH($AT11, InstructorMap!$A:$A, 0)),"")) | AV11: =IF($AT11="","",IFERROR(INDEX(InstructorMap!$C:$C, MATCH($AT11, InstructorMap!$A:$A, 0)),"")) | AW11: 100 | BH11: OTST | BI11: 27-JAN-25 | BJ11: A | BK11: 3 | BL11: I | BO11: MOODL | BT11: 70 | BU11: 0 | BV11: 0 | BW11: Y | CF11: Y | CR11: I | CS11: 12 | CT11: 202531 | CU11: 1
H12: 2860-02 | I12: 2860 | J12: OTST | K12: 890 | L12: 001 | N12: Directed Rdg in Old Testmt | O12: DirRg:Ancnt Israelite Sacrifcs | R12: 0 | W12: 1-6 | X12: 3 | Y12: 999 | Z12: CLAS | AA12: 12-MAY-25 | AD12: 12-MAY-25 | AE12: 01-AUG-25 | AH12: 01-AUG-25 | AT12: Gane, Roy E. | AU12: =IF($AT12="","",IFERROR(INDEX(InstructorMap!$B:$B, MATCH($AT12, InstructorMap!$A:$A, 0)),"")) | AV12: =IF($AT12="","",IFERROR(INDEX(InstructorMap!$C:$C, MATCH($AT12, InstructorMap!$A:$A, 0)),"")) | AW12: 100 | BH12: OTST | BI12: 27-JAN-25 | BJ12: A | BK12: 3 | BL12: I | BO12: MOODL | BT12: 70 | BU12: 0 | BV12: 0 | BW12: Y | CF12: Y | CS12: 12 | CT12: 202531 | CU12: 1
H13: 3374-02 | I13: 3374 | J13: OTST | K13: 940 | L13: 998 | N13: Sem Adv OT Exegesis | O13: Psalms/Wisdom Literature | Q13: 330 | R13: 7 | U13: SYNC | W13: 3 | Y13: 5 | Z13: WEB | AA13: 09-JUN-25 | AD13: 09-JUN-25 | AE13: 04-JUL-25 | AH13: 04-JUL-25 | AI13: 1330 | AJ13: 1520 | AL13: M | AM13: T | AN13: W | AO13: R | AT13: Skinner, Jerome L. | AU13: =IF($AT13="","",IFERROR(INDEX(InstructorMap!$B:$B, MATCH($AT13, InstructorMap!$A:$A, 0)),"")) | AV13: =IF($AT13="","",IFERROR(INDEX(InstructorMap!$C:$C, MATCH($AT13, InstructorMap!$A:$A, 0)),"")) | AW13: 100 | BH13: OTST | BI13: 16-APR-25 | BJ13: A | BL13: N | BM13: P-OTST940 | BO13: MOODL | BQ13: EXEG | BT13: 70 | BU13: 0 | BV13: 0 | BW13: Y | BX13: O | CF13: Y | CS13: 4 | CT13: 202531 | CU13: 3
H14: 3375-02 | I14: 3375 | J14: OTST | K14: 940 | L14: 001 | N14: Sem Adv OT Exegesis | O14: Psalms/Wisdom Literature | Q14: 330 | R14: 0 | W14: 3 | Y14: 20 | Z14: CLAS | AA14: 09-JUN-25 | AD14: 09-JUN-25 | AE14: 04-JUL-25 | AH14: 04-JUL-25 | AI14: 1330 | AJ14: 1520 | AL14: M | AM14: T | AN14: W | AO14: R | AR14: N335 | AS14: Seminary Building [SEM] | AT14: Skinner, Jerome L. | AU14: =IF($AT14="","",IFERROR(INDEX(InstructorMap!$B:$B, MATCH($AT14, InstructorMap!$A:$A, 0)),"")) | AV14: =IF($AT14="","",IFERROR(INDEX(InstructorMap!$C:$C, MATCH($AT14, InstructorMap!$A:$A, 0)),"")) | AW14: 100 | BB14: 1471 | BC14: ESTD | BD14: BILL | BE14: DO | BG14: 202531 | BH14: OTST | BI14: 16-APR-25 | BJ14: A | BL14: A | BM14: P-OTST940 | BO14: MOODL | BQ14: EXEG | BT14: 70 | BU14: 0 | BV14: 0 | BW14: Y | BX14: O | CF14: Y | CS14: 4 | CT14: 202531 | CU14: 3
H15: 3373-02 | I15: 3373 | J15: OTST | K15: 940 | L15: 101 | N15: Sem Adv OT Exegesis | Q15: 089 | R15: 0 | W15: 3 | Y15: 20 | Z15: CLAS | AA15: 07-JUL-25 | AD15: 07-JUL-25 | AE15: 01-AUG-25 | AH15: 01-AUG-25 | AI15: 0830 | AJ15: 1120 | AL15: M | AM15: T | AN15: W | AO15: R | AR15: N110 | AS15: Seminary Building [SEM] | AT15: Gane, Roy E. | AU15: =IF($AT15="","",IFERROR(INDEX(InstructorMap!$B:$B, MATCH($AT15, InstructorMap!$A:$A, 0)),"")) | AV15: =IF($AT15="","",IFERROR(INDEX(InstructorMap!$C:$C, MATCH($AT15, InstructorMap!$A:$A, 0)),"")) | AW15: 100 | BB15: 1471 | BC15: ESTD | BD15: BILL | BE15: DO | BG15: 202531 | BH15: OTST | BI15: 16-APR-25 | BJ15: A | BL15: M | BM15: P-OTST940 | BO15: MOODL | BQ15: EXEG | BT15: 70 | BU15: 0 | BV15: 0 | BW15: Y | BX15: O | CF15: Y | CH15: O | CS15: 4 | CT15: 202531 | CU15: Q
H16: 3376-02 | I16: 3376 | J16: OTST | K16: 690 | L16: 101 | N16: Ind St: | R16: 0 | W16: 1-3 | Y16: 999 | Z16: CLAS | AA16: 12-MAY-25 | AD16: 12-MAY-25 | AE16: 01-AUG-25 | AH16: 01-AUG-25 | AT16: Davidson, Richard M. | AU16: =IF($AT16="","",IFERROR(INDEX(InstructorMap!$B:$B, MATCH($AT16, InstructorMap!$A:$A, 0)),"")) | AV16: =IF($AT16="","",IFERROR(INDEX(InstructorMap!$C:$C, MATCH($AT16, InstructorMap!$A:$A, 0)),"")) | AW16: 100 | BH16: OTST | BI16: 16-APR-25 | BJ16: A | BL16: I | BO16: MOODL | BT16: 70 | BU16: 0 | BV16: 0 | BW16: Y | CF16: Y | CS16: 12 | CT16: 202531 | CU16: 1
H17: 3378-02 | I17: 3378 | J17: OTST | K17: 690 | L17: 103 | N17: Ind St: | R17: 0 | W17: 1-3 | Y17: 999 | Z17: CLAS | AA17: 12-MAY-25 | AD17: 12-MAY-25 | AE17: 01-AUG-25 | AH17: 01-AUG-25 | AT17: Glanz, Oliver | AU17: =IF($AT17="","",IFERROR(INDEX(InstructorMap!$B:$B, MATCH($AT17, InstructorMap!$A:$A, 0)),"")) | AV17: =IF($AT17="","",IFERROR(INDEX(InstructorMap!$C:$C, MATCH($AT17, InstructorMap!$A:$A, 0)),"")) | AW17: 100 | BH17: OTST | BI17: 16-APR-25 | BJ17: A | BL17: I | BO17: MOODL | BT17: 70 | BU17: 0 | BV17: 0 | BW17: Y | CF17: Y | CS17: 12 | CT17: 202531 | CU17: 1
H18: 3380-02 | I18: 3380 | J18: OTST | K18: 690 | L18: 105 | N18: Ind St: | R18: 0 | W18: 1-3 | Y18: 999 | Z18: CLAS | AA18: 12-MAY-25 | AD18: 12-MAY-25 | AE18: 01-AUG-25 | AH18: 01-AUG-25 | AT18: Olariu, Daniel | AU18: =IF($AT18="","",IFERROR(INDEX(InstructorMap!$B:$B, MATCH($AT18, InstructorMap!$A:$A, 0)),"")) | AV18: =IF($AT18="","",IFERROR(INDEX(InstructorMap!$C:$C, MATCH($AT18, InstructorMap!$A:$A, 0)),"")) | AW18: 100 | BH18: OTST | BI18: 16-APR-25 | BJ18: A | BL18: I | BO18: MOODL | BT18: 70 | BU18: 0 | BV18: 0 | BW18: Y | CF18: Y | CS18: 12 | CT18: 202531 | CU18: 1
H19: 3381-02 | I19: 3381 | J19: OTST | K19: 690 | L19: 106 | N19: Ind St: | R19: 0 | W19: 1-3 | Y19: 999 | Z19: CLAS | AA19: 12-MAY-25 | AD19: 12-MAY-25 | AE19: 01-AUG-25 | AH19: 01-AUG-25 | AT19: Ray, Paul J. | AU19: =IF($AT19="","",IFERROR(INDEX(InstructorMap!$B:$B, MATCH($AT19, InstructorMap!$A:$A, 0)),"")) | AV19: =IF($AT19="","",IFERROR(INDEX(InstructorMap!$C:$C, MATCH($AT19, InstructorMap!$A:$A, 0)),"")) | AW19: 100 | BH19: OTST | BI19: 16-APR-25 | BJ19: A | BL19: I | BO19: MOODL | BT19: 70 | BU19: 0 | BV19: 0 | BW19: Y | CF19: Y | CS19: 12 | CT19: 202531 | CU19: 1
H20: 3382-02 | I20: 3382 | J20: OTST | K20: 690 | L20: 107 | N20: Ind St: | R20: 0 | W20: 1-3 | Y20: 999 | Z20: CLAS | AA20: 12-MAY-25 | AD20: 12-MAY-25 | AE20: 01-AUG-25 | AH20: 01-AUG-25 | AT20: Skinner, Jerome L. | AU20: =IF($AT20="","",IFERROR(INDEX(InstructorMap!$B:$B, MATCH($AT20, InstructorMap!$A:$A, 0)),"")) | AV20: =IF($AT20="","",IFERROR(INDEX(InstructorMap!$C:$C, MATCH($AT20, InstructorMap!$A:$A, 0)),"")) | AW20: 100 | BH20: OTST | BI20: 16-APR-25 | BJ20: A | BL20: I | BO20: MOODL | BT20: 70 | BU20: 0 | BV20: 0 | BW20: Y | CF20: Y | CS20: 12 | CT20: 202531 | CU20: 1
H21: 3383-02 | I21: 3383 | J21: OTST | K21: 690 | L21: 108 | N21: Ind St: | R21: 0 | W21: 1-3 | Y21: 999 | Z21: CLAS | AA21: 12-MAY-25 | AD21: 12-MAY-25 | AE21: 01-AUG-25 | AH21: 01-AUG-25 | AT21: Younker, Randall W. | AU21: =IF($AT21="","",IFERROR(INDEX(InstructorMap!$B:$B, MATCH($AT21, InstructorMap!$A:$A, 0)),"")) | AV21: =IF($AT21="","",IFERROR(INDEX(InstructorMap!$C:$C, MATCH($AT21, InstructorMap!$A:$A, 0)),"")) | AW21: 100 | BH21: OTST | BI21: 16-APR-25 | BJ21: A | BL21: I | BO21: MOODL | BT21: 70 | BU21: 0 | BV21: 0 | BW21: Y | CF21: Y | CS21: 12 | CT21: 202531 | CU21: 1
H22: 843-02 | I22: 843 | J22: ANEA | K22: 630 | L22: 041 | N22: Archaeological Field Work | Q22: 128 | R22: 0 | U22: TOUR | W22: 1-8 | Y22: 30 | Z22: POST | AA22: 12-MAY-25 | AD22: 10-JUN-25 | AE22: 01-AUG-25 | AH22: 01-AUG-25 | AT22: Gregor, Paul Z. | AU22: =IF($AT22="","",IFERROR(INDEX(InstructorMap!$B:$B, MATCH($AT22, InstructorMap!$A:$A, 0)),"")) | AV22: =IF($AT22="","",IFERROR(INDEX(InstructorMap!$C:$C, MATCH($AT22, InstructorMap!$A:$A, 0)),"")) | AW22: 100 | BH22: OTST | BI22: 17-APR-25 | BJ22: A | BL22: A | BO22: MOODL | BT22: 70 | BU22: 0 | BV22: 0 | BW22: Y | CF22: Y | CS22: 12 | CT22: 202531 | CU22: 1
H23: 843-04 | I23: 843 | J23: ANEA | K23: 630 | L23: 041 | N23: Archaeological Field Work | Q23: 128 | R23: 0 | U23: TOUR | W23: 1-8 | Y23: 30 | Z23: TOUR | AA23: 12-MAY-25 | AD23: 12-MAY-25 | AE23: 09-JUN-25 | AH23: 01-AUG-25 | AT23: Gregor, Paul Z. | AU23: =IF($AT23="","",IFERROR(INDEX(InstructorMap!$B:$B, MATCH($AT23, InstructorMap!$A:$A, 0)),"")) | AV23: =IF($AT23="","",IFERROR(INDEX(InstructorMap!$C:$C, MATCH($AT23, InstructorMap!$A:$A, 0)),"")) | AW23: 100 | BH23: OTST | BI23: 17-APR-25 | BJ23: A | BL23: A | BO23: MOODL | BT23: 70 | BU23: 0 | BV23: 0 | BW23: Y | CF23: Y | CS23: 12 | CT23: 202531 | CU23: 1
H24: 2835-02 | I24: 2835 | J24: ANEA | K24: 630 | L24: 042 | N24: Archaeological Field Work | Q24: 336 | R24: 0 | U24: TOUR | W24: 1-8 | Y24: 30 | Z24: POST | AA24: 17-JUN-25 | AD24: 05-JUL-25 | AE24: 01-AUG-25 | AH24: 01-AUG-25 | AT24: Younker, Randall W. | AU24: =IF($AT24="","",IFERROR(INDEX(InstructorMap!$B:$B, MATCH($AT24, InstructorMap!$A:$A, 0)),"")) | AV24: =IF($AT24="","",IFERROR(INDEX(InstructorMap!$C:$C, MATCH($AT24, InstructorMap!$A:$A, 0)),"")) | AW24: 100 | BH24: OTST | BI24: 17-APR-25 | BJ24: A | BL24: A | BO24: MOODL | BT24: 70 | BU24: 0 | BV24: 0 | BW24: Y | CF24: Y | CS24: 8 | CT24: 202531 | CU24: W
H25: 2835-04 | I25: 2835 | J25: ANEA | K25: 630 | L25: 042 | N25: Archaeological Field Work | Q25: 336 | R25: 0 | U25: TOUR | W25: 1-8 | Y25: 30 | Z25: TOUR | AA25: 17-JUN-25 | AD25: 17-JUN-25 | AE25: 04-JUL-25 | AH25: 01-AUG-25 | AT25: Younker, Randall W. | AU25: =IF($AT25="","",IFERROR(INDEX(InstructorMap!$B:$B, MATCH($AT25, InstructorMap!$A:$A, 0)),"")) | AV25: =IF($AT25="","",IFERROR(INDEX(InstructorMap!$C:$C, MATCH($AT25, InstructorMap!$A:$A, 0)),"")) | AW25: 100 | BH25: OTST | BI25: 17-APR-25 | BJ25: A | BL25: A | BO25: MOODL | BT25: 70 | BU25: 0 | BV25: 0 | BW25: Y | CF25: Y | CS25: 8 | CT25: 202531 | CU25: W
H26: 2261-02 | I26: 2261 | J26: OTST | K26: 510 | L26: 040 | N26: Archaeology and the Bible | Q26: 126 | R26: 0 | U26: TOUR | W26: 2,3 | Y26: 30 | Z26: POST | AA26: 04-MAY-25 | AD26: 19-MAY-25 | AE26: 01-AUG-25 | AH26: 01-AUG-25 | AT26: Gregor, Paul Z. | AU26: =IF($AT26="","",IFERROR(INDEX(InstructorMap!$B:$B, MATCH($AT26, InstructorMap!$A:$A, 0)),"")) | AV26: =IF($AT26="","",IFERROR(INDEX(InstructorMap!$C:$C, MATCH($AT26, InstructorMap!$A:$A, 0)),"")) | AW26: 100 | BH26: OTST | BI26: 17-APR-25 | BJ26: A | BL26: A | BO26: MOODL | BT26: 70 | BU26: 0 | BV26: 0 | BW26: Y | CF26: Y | CS26: 12 | CT26: 202531 | CU26: 1
H27: 2261-04 | I27: 2261 | J27: OTST | K27: 510 | L27: 040 | N27: Archaeology and the Bible | Q27: 126 | R27: 0 | U27: TOUR | W27: 2,3 | Y27: 30 | Z27: TOUR | AA27: 04-MAY-25 | AD27: 04-MAY-25 | AE27: 18-MAY-25 | AH27: 01-AUG-25 | AT27: Gregor, Paul Z. | AU27: =IF($AT27="","",IFERROR(INDEX(InstructorMap!$B:$B, MATCH($AT27, InstructorMap!$A:$A, 0)),"")) | AV27: =IF($AT27="","",IFERROR(INDEX(InstructorMap!$C:$C, MATCH($AT27, InstructorMap!$A:$A, 0)),"")) | AW27: 100 | BH27: OTST | BI27: 17-APR-25 | BJ27: A | BL27: A | BO27: MOODL | BT27: 70 | BU27: 0 | BV27: 0 | BW27: Y | CF27: Y | CS27: 12 | CT27: 202531 | CU27: 1
H28: 2701-02 | I28: 2701 | J28: OTST | K28: 940 | L28: 104 | N28: Sem Adv OT Exegesis | Q28: 331 | R28: 7 | W28: 3 | Y28: 10 | Z28: WEB | AA28: 07-JUL-25 | AD28: 07-JUL-25 | AE28: 01-AUG-25 | AH28: 01-AUG-25 | AI28: 1330 | AJ28: 1520 | AL28: M | AM28: T | AN28: W | AO28: R | AT28: Skinner, Jerome L. | AU28: =IF($AT28="","",IFERROR(INDEX(InstructorMap!$B:$B, MATCH($AT28, InstructorMap!$A:$A, 0)),"")) | AV28: =IF($AT28="","",IFERROR(INDEX(InstructorMap!$C:$C, MATCH($AT28, InstructorMap!$A:$A, 0)),"")) | AW28: 100 | BH28: OTST | BI28: 18-APR-25 | BJ28: A | BL28: M | BM28: P-OTST940 | BO28: MOODL | BQ28: EXEG | BT28: 70 | BU28: 0 | BV28: 0 | BW28: Y | CF28: Y | CS28: 4 | CT28: 202531 | CU28: Q
H29: 3415-02 | I29: 3415 | J29: OTST | K29: 695 | L29: 040 | N29: Dir St: | R29: 0 | W29: 1-3 | Y29: 0 | AA29: 12-MAY-25 | AH29: 01-AUG-25 | AT29: NAME NOT FOUND FOR PIDM: | AU29: =IF($AT29="","",IFERROR(INDEX(InstructorMap!$B:$B, MATCH($AT29, InstructorMap!$A:$A, 0)),"")) | AV29: =IF($AT29="","",IFERROR(INDEX(InstructorMap!$C:$C, MATCH($AT29, InstructorMap!$A:$A, 0)),"")) | BH29: OTST | BI29: 23-APR-25 | BJ29: A | BL29: A | BO29: MOODL | BT29: 70 | BU29: 0 | BV29: 0 | CF29: Y | CS29: 12 | CT29: 202531 | CU29: 1
H30: 2699-02 | I30: 2699 | J30: OTST | K30: 945 | L30: 040 | N30: Sem in Biblical Theology | Q30: 333 | R30: 0 | U30: TOUR | W30: 3 | Y30: 30 | Z30: CLAS | AA30: 04-MAY-25 | AD30: 19-MAY-25 | AE30: 01-AUG-25 | AH30: 01-AUG-25 | AT30: Gregor, Paul Z. | AU30: =IF($AT30="","",IFERROR(INDEX(InstructorMap!$B:$B, MATCH($AT30, InstructorMap!$A:$A, 0)),"")) | AV30: =IF($AT30="","",IFERROR(INDEX(InstructorMap!$C:$C, MATCH($AT30, InstructorMap!$A:$A, 0)),"")) | AW30: 100 | BH30: OTST | BI30: 27-APR-25 | BJ30: A | BL30: M | BO30: MOODL | BQ30: THEO | BT30: 70 | BU30: 1 | BV30: 0 | BW30: Y | CF30: Y | CS30: 12 | CT30: 202531 | CU30: 1
H31: 2699-04 | I31: 2699 | J31: OTST | K31: 945 | L31: 040 | N31: Sem in Biblical Theology | Q31: 333 | R31: 0 | U31: TOUR | W31: 3 | Y31: 30 | Z31: TOUR | AA31: 04-MAY-25 | AD31: 04-MAY-25 | AE31: 18-MAY-25 | AH31: 01-AUG-25 | AT31: Gregor, Paul Z. | AU31: =IF($AT31="","",IFERROR(INDEX(InstructorMap!$B:$B, MATCH($AT31, InstructorMap!$A:$A, 0)),"")) | AV31: =IF($AT31="","",IFERROR(INDEX(InstructorMap!$C:$C, MATCH($AT31, InstructorMap!$A:$A, 0)),"")) | AW31: 100 | BH31: OTST | BI31: 27-APR-25 | BJ31: A | BL31: M | BO31: MOODL | BQ31: THEO | BT31: 70 | BU31: 1 | BV31: 0 | BW31: Y | CF31: Y | CS31: 12 | CT31: 202531 | CU31: 1
H32: 3379-02 | I32: 3379 | J32: OTST | K32: 690 | L32: 104 | N32: Ind St: | R32: 0 | W32: 1-3 | Y32: 999 | Z32: CLAS | AA32: 12-MAY-25 | AD32: 12-MAY-25 | AE32: 01-AUG-25 | AH32: 01-AUG-25 | AT32: Gregor, Paul Z. | AU32: =IF($AT32="","",IFERROR(INDEX(InstructorMap!$B:$B, MATCH($AT32, InstructorMap!$A:$A, 0)),"")) | AV32: =IF($AT32="","",IFERROR(INDEX(InstructorMap!$C:$C, MATCH($AT32, InstructorMap!$A:$A, 0)),"")) | AW32: 100 | BH32: OTST | BI32: 05-MAY-25 | BJ32: A | BL32: I | BO32: MOODL | BT32: 70 | BU32: 1 | BV32: 0 | BW32: Y | CF32: Y | CS32: 12 | CT32: 202531 | CU32: 1
H33: 2838-02 | I33: 2838 | J33: ANEA | K33: 830 | L33: 042 | N33: Adv Arch Field Work | Q33: 336 | R33: 0 | U33: TOUR | W33: 1-9 | Y33: 30 | Z33: POST | AA33: 17-JUN-25 | AD33: 05-JUL-25 | AE33: 01-AUG-25 | AH33: 01-AUG-25 | AT33: Younker, Randall W. | AU33: =IF($AT33="","",IFERROR(INDEX(InstructorMap!$B:$B, MATCH($AT33, InstructorMap!$A:$A, 0)),"")) | AV33: =IF($AT33="","",IFERROR(INDEX(InstructorMap!$C:$C, MATCH($AT33, InstructorMap!$A:$A, 0)),"")) | AW33: 100 | BH33: OTST | BI33: 09-MAY-25 | BJ33: A | BL33: P | BM33: P-ANEA830 | BO33: MOODL | BT33: 70 | BU33: 1 | BV33: 0 | BW33: Y | CF33: Y | CS33: 8 | CT33: 202531 | CU33: W
H34: 2838-04 | I34: 2838 | J34: ANEA | K34: 830 | L34: 042 | N34: Adv Arch Field Work | Q34: 336 | R34: 0 | U34: TOUR | W34: 1-9 | Y34: 30 | Z34: TOUR | AA34: 17-JUN-25 | AD34: 17-JUN-25 | AE34: 04-JUL-25 | AH34: 01-AUG-25 | AT34: Younker, Randall W. | AU34: =IF($AT34="","",IFERROR(INDEX(InstructorMap!$B:$B, MATCH($AT34, InstructorMap!$A:$A, 0)),"")) | AV34: =IF($AT34="","",IFERROR(INDEX(InstructorMap!$C:$C, MATCH($AT34, InstructorMap!$A:$A, 0)),"")) | AW34: 100 | BH34: OTST | BI34: 09-MAY-25 | BJ34: A | BL34: P | BM34: P-ANEA830 | BO34: MOODL | BT34: 70 | BU34: 1 | BV34: 0 | BW34: Y | CF34: Y | CS34: 8 | CT34: 202531 | CU34: W
H35: 2696-02 | I35: 2696 | J35: OTST | K35: 628 | L35: 001 | N35: Meth OT Exegesis (Hebw) | R35: 0 | W35: 2,3 | Y35: 20 | Z35: CLAS | AA35: 12-MAY-25 | AD35: 12-MAY-25 | AE35: 06-JUN-25 | AH35: 06-JUN-25 | AI35: 0830 | AJ35: 1120 | AL35: M | AM35: T | AN35: W | AO35: R | AR35: N150 | AS35: Seminary Building [SEM] | AT35: Skinner, Jerome L. | AU35: =IF($AT35="","",IFERROR(INDEX(InstructorMap!$B:$B, MATCH($AT35, InstructorMap!$A:$A, 0)),"")) | AV35: =IF($AT35="","",IFERROR(INDEX(InstructorMap!$C:$C, MATCH($AT35, InstructorMap!$A:$A, 0)),"")) | AW35: 100 | BH35: OTST | BI35: 09-MAY-25 | BJ35: A | BL35: A | BM35: P-OTST552 | BO35: MOODL | BQ35: EXEG | BT35: 70 | BU35: 8 | BV35: 0 | BW35: Y | BX35: O | CF35: Y | CS35: 4 | CT35: 202531 | CU35: 2
