Workbook

Sheet CHIS
A1: Don {not in Banner} | B1: Mismatching {not in Banner} | C1: Dept/Prog Admin {not in Banner} | D1: Mona {not in Banner} | E1: Karen {not in Banner} | F1: DONE {not in Banner} | G1: Notes {not in Banner} | H1: CRN sorted {not in Banner} | I1: CRN | J1: Attribute {not in Banner} | K1: Subject | L1: Course Number {Crse Num} | M1: Course Section {Seq Crse Num} | N1: Program {not in Banner} | O1: Catalog Title | P1: Section Title | Q1: Crosslist Details {not in Banner} | R1: X Lst | S1: Campus {Ssasect Campus} | T1: Campus Restriction {Camp Restr CC} | U1: Schedule Type {not in Banner} | V1: Instruction Method {Inst Method} | W1: Level {Level SC} | X1: Part-Of-Term | Y1: Credit Catalog {Cat Crs} | Z1: Credits {Sect Crs} | AA1: Faculty Load / Contract Credits {not in Banner} | AB1: Enrollment Cap {Max Enrl} | AC1: Meeting Type | AD1: Semester Start Date {Soaterm Start Date} | AE1: Pre-work Start Date {not in Banner} | AF1: Pre-work End Date {not in Banner} | AG1: pre-work # of weeks {not in Banner} | AH1: pre-work hours/week {not in Banner} | AI1: pre-work hours/period {not in Banner} | AJ1: Intensive Period Start Date {Meet Start Date} | AK1: Intensive Period End Date {Meet End Date} | AL1: intensive # of weeks {not in Banner} | AM1: intensive hours/week {not in Banner} | AN1: intensive hours/period {not in Banner} | AO1: Post-work Start Date {not in Banner} | AP1: Post-work End Date {not in Banner} | AQ1: post-work # of weeks {not in Banner} | AR1: post-work hours/week {not in Banner} | AS1: post-work hours/period {not in Banner} | AT1: sum of weeks (for check) {not in Banner} | AU1: total contract hours {not in Banner} | AV1: Semester End Date {Soaterm End Date} | AW1: Course Beginning Time {Meet Beg Time} | AX1: Course Ending Time {Meet End Time} | AY1: SUN | AZ1: MON | BA1: TUE | BB1: WED | BC1: THU | BD1: FRI | BE1: SAT | BF1: Weeks | BG1: Fiscal Year {not in Banner} | BH1: Semester {not in Banner} | BI1: Room {Meet Room} | BJ1: Building {Meet Bldg} | BK1: Instructor Name {Instr Name} | BL1: Instructor Email {Instr Email} | BM1: Instructor ID {Instr ID} | BN1: Remote Employee {not in Banner} | BO1: % Responsibility | BP1: load/contract {not in Banner} | BQ1: Reason for Contract {not in Banner} | BR1: costs per credit {not in Banner} | BS1: total costs {not in Banner} | BT1: dept budget {not in Banner} | BU1: account to be charged {not in Banner} | BV1: SEM Department {Scacrse Dept} | BW1: dean email | BX1: VP finance email | BY1: HR email | BZ1: Fee Amount {Fees Amt} | CA1: Fee Code {Detl Code} | CB1: Fee Type | CC1: Fee Level | CD1: Fee Ind | CE1: Fee Term | CF1: Activity Date | CG1: Status | CH1: Bill Hrs | CI1: Sect Sch Type | CJ1: Prerequisites {Preq Areas} | CK1: Link Ind | CL1: Integration Code | CM1: Link Conn | CN1: Crs Attr | CO1: Comments | CP1: Major Restr | CQ1: Scacrse College | CR1: Enrolled | CS1: Waitlist Capacity | CT1: Primary Ind | CU1: Override | CV1: 1st Date Reg Opens | CW1: Last Date Reg Opens | CX1: OL Range From Date | CY1: OL Range To Date | CZ1: OL Numb Units | DA1: OL Duration Code | DB1: Grade Mode | DC1: Gradable Ind | DD1: Tuit Waiver | DE1: Course Override {Meet Override} | DF1: Lvl Res Ind | DG1: Cmp Res Ind | DH1: Rate Code | DI1: Cohort Code | DJ1: St Attr Code | DK1: Coll SC | DL1: DegC SC | DM1: Prog SC | DN1: FOS Type | DO1: Special Approval {Special Apvl} | DP1: Term Code | DQ1: Camp SC
A2: FALSE | B2: FALSE | C2: FALSE | D2: FALSE | E2: FALSE | F2: FALSE | H2: 2221-02 | I2: 2221 | K2: CHIS | L2: 885 | M2: 040 | O2: =IFERROR(INDEX(_courses_lookup!$C:$C,MATCH(K2&L2,_courses_lookup!$E:$E,0)),"") -> Topics in | P2: =IFERROR(INDEX(_courses_lookup!$D:$D,MATCH(K2&L2,_courses_lookup!$E:$E,0)),"") -> Topics: Dev of SDA Theology | S2: 0 | V2: TOUR | X2: Q | Y2: 1-3 | AB2: 45 | AC2: POST | AD2: 07-JUL-25 | AG2: =IF(AND(AE2<>"",AF2<>""),ROUNDUP((AF2-AE2)/7,0),"") | AI2: =IFERROR(IF(AG2*AH2=0,"",AG2*AH2),"") | AJ2: 28-JUL-25 | AK2: 01-AUG-25 | AL2: =IF(AND(AJ2<>"",AK2<>""),ROUNDUP((AK2-AJ2)/7,0),"") -> 1 | AN2: =IFERROR(IF(AL2*AM2=0,"",AL2*AM2),"") | AQ2: =IF(AND(AO2<>"",AP2<>""),ROUNDUP((AP2-AO2)/7,0),"") | AR2: =IFERROR(IF((AU2-(AI2+AN2))/AQ2=0,"",ROUNDUP((AU2-(AI2+AN2))/AQ2,0)),"") | AS2: =IFERROR(IF((AU2-(AI2+AN2))=0,"",(AU2-(AI2+AN2))),"") | AT2: =IF(AND(AG2="",AQ2=""),AL2,IF(SUM(AG2,AL2,AQ2)=0,"",SUM(AG2,AL2,AQ2))) -> 1 | AV2: 01-AUG-25 | BF2: 4 | BG2: =IF(AD2="","",YEAR(AD2)+IF(MONTH(AD2)>=5,1,0)) -> 2026 | BH2: =IF(AD2="","",IF(AND(MONTH(AD2)=8,DAY(AD2)>=15),"Fall",IF(MONTH(AD2)>8,"Fall",IF(MONTH(AD2)=5,"Summer",IF(MONTH(AD2)=1,"Spring",""))))) | BK2: Burton, Kevin M. | BL2: =IFERROR(INDEX(_names_lookup!$C:$C,MATCH(BK2,_names_lookup!$A:$A,0)),"") -> burtonk@andrews.edu | BM2: =IFERROR(INDEX(_names_lookup!$B:$B,MATCH(BK2,_names_lookup!$A:$A,0)),"") -> 000148286 | BO2: 100 | BS2: =IFERROR(IF(BR2*AA2=0,"",BR2*AA2),"") | BV2: CHIS | CF2: 27-MAR-25 | CG2: A | CI2: A | CL2: MOODL | CQ2: 70 | CR2: 0 | CS2: 0 | CT2: Y | DC2: Y | DP2: 202531
A3: FALSE | B3: FALSE | C3: FALSE | D3: FALSE | E3: FALSE | F3: FALSE | H3: 2221-04 | I3: 2221 | K3: CHIS | L3: 885 | M3: 040 | O3: =IFERROR(INDEX(_courses_lookup!$C:$C,MATCH(K3&L3,_courses_lookup!$E:$E,0)),"") -> Topics in | P3: =IFERROR(INDEX(_courses_lookup!$D:$D,MATCH(K3&L3,_courses_lookup!$E:$E,0)),"") -> Topics: Dev of SDA Theology | S3: 0 | V3: TOUR | X3: Q | Y3: 1-3 | AB3: 45 | AC3: PRE | AD3: 07-JUL-25 | AG3: =IF(AND(AE3<>"",AF3<>""),ROUNDUP((AF3-AE3)/7,0),"") | AI3: =IFERROR(IF(AG3*AH3=0,"",AG3*AH3),"") | AJ3: 07-JUL-25 | AK3: 19-JUL-25 | AL3: =IF(AND(AJ3<>"",AK3<>""),ROUNDUP((AK3-AJ3)/7,0),"") -> 2 | AN3: =IFERROR(IF(AL3*AM3=0,"",AL3*AM3),"") | AQ3: =IF(AND(AO3<>"",AP3<>""),ROUNDUP((AP3-AO3)/7,0),"") | AR3: =IFERROR(IF((AU3-(AI3+AN3))/AQ3=0,"",ROUNDUP((AU3-(AI3+AN3))/AQ3,0)),"") | AS3: =IFERROR(IF((AU3-(AI3+AN3))=0,"",(AU3-(AI3+AN3))),"") | AT3: =IF(AND(AG3="",AQ3=""),AL3,IF(SUM(AG3,AL3,AQ3)=0,"",SUM(AG3,AL3,AQ3))) -> 2 | AV3: 01-AUG-25 | BF3: 4 | BG3: =IF(AD3="","",YEAR(AD3)+IF(MONTH(AD3)>=5,1,0)) -> 2026 | BH3: =IF(AD3="","",IF(AND(MONTH(AD3)=8,DAY(AD3)>=15),"Fall",IF(MONTH(AD3)>8,"Fall",IF(MONTH(AD3)=5,"Summer",IF(MONTH(AD3)=1,"Spring",""))))) | BK3: Burton, Kevin M. | BL3: =IFERROR(INDEX(_names_lookup!$C:$C,MATCH(BK3,_names_lookup!$A:$A,0)),"") -> burtonk@andrews.edu | BM3: =IFERROR(INDEX(_names_lookup!$B:$B,MATCH(BK3,_names_lookup!$A:$A,0)),"") -> 000148286 | BO3: 100 | BS3: =IFERROR(IF(BR3*AA3=0,"",BR3*AA3),"") | BV3: CHIS | CF3: 27-MAR-25 | CG3: A | CI3: A | CL3: MOODL | CQ3: 70 | CR3: 0 | CS3: 0 | CT3: Y | DC3: Y | DP3: 202531
A4: FALSE | B4: FALSE | C4: FALSE | D4: FALSE | E4: FALSE | F4: FALSE | H4: 2221-06 | I4: 2221 | K4: CHIS | L4: 885 | M4: 040 | O4: =IFERROR(INDEX(_courses_lookup!$C:$C,MATCH(K4&L4,_courses_lookup!$E:$E,0)),"") -> Topics in | P4: =IFERROR(INDEX(_courses_lookup!$D:$D,MATCH(K4&L4,_courses_lookup!$E:$E,0)),"") -> Topics: Dev of SDA Theology | S4: 0 | V4: TOUR | X4: Q | Y4: 1-3 | AB4: 45 | AC4: TOUR | AD4: 07-JUL-25 | AG4: =IF(AND(AE4<>"",AF4<>""),ROUNDUP((AF4-AE4)/7,0),"") | AI4: =IFERROR(IF(AG4*AH4=0,"",AG4*AH4),"") | AJ4: 20-JUL-25 | AK4: 27-JUL-25 | AL4: =IF(AND(AJ4<>"",AK4<>""),ROUNDUP((AK4-AJ4)/7,0),"") -> 1 | AN4: =IFERROR(IF(AL4*AM4=0,"",AL4*AM4),"") | AQ4: =IF(AND(AO4<>"",AP4<>""),ROUNDUP((AP4-AO4)/7,0),"") | AR4: =IFERROR(IF((AU4-(AI4+AN4))/AQ4=0,"",ROUNDUP((AU4-(AI4+AN4))/AQ4,0)),"") | AS4: =IFERROR(IF((AU4-(AI4+AN4))=0,"",(AU4-(AI4+AN4))),"") | AT4: =IF(AND(AG4="",AQ4=""),AL4,IF(SUM(AG4,AL4,AQ4)=0,"",SUM(AG4,AL4,AQ4))) -> 1 | AV4: 01-AUG-25 | BF4: 4 | BG4: =IF(AD4="","",YEAR(AD4)+IF(MONTH(AD4)>=5,1,0)) -> 2026 | BH4: =IF(AD4="","",IF(AND(MONTH(AD4)=8,DAY(AD4)>=15),"Fall",IF(MONTH(AD4)>8,"Fall",IF(MONTH(AD4)=5,"Summer",IF(MONTH(AD4)=1,"Spring",""))))) | BK4: Burton, Kevin M. | BL4: =IFERROR(INDEX(_names_lookup!$C:$C,MATCH(BK4,_names_lookup!$A:$A,0)),"") -> burtonk@andrews.edu | BM4: =IFERROR(INDEX(_names_lookup!$B:$B,MATCH(BK4,_names_lookup!$A:$A,0)),"") -> 000148286 | BO4: 100 | BS4: =IFERROR(IF(BR4*AA4=0,"",BR4*AA4),"") | BV4: CHIS | CF4: 27-MAR-25 | CG4: A | CI4: A | CL4: MOODL | CQ4: 70 | CR4: 0 | CS4: 0 | CT4: Y | DC4: Y | DP4: 202531
A5: FALSE | B5: FALSE | C5: FALSE | D5: FALSE | E5: FALSE | F5: FALSE | H5: 2852-02 | I5: 2852 | K5: CHIS | L5: 890 | M5: 101 | O5: =IFERROR(INDEX(_courses_lookup!$C:$C,MATCH(K5&L5,_courses_lookup!$E:$E,0)),"") -> Directed Rdg in Church History | P5: =IFERROR(INDEX(_courses_lookup!$D:$D,MATCH(K5&L5,_courses_lookup!$E:$E,0)),"") -> 0 | S5: 0 | X5: 1 | Y5: 1-6 | AB5: 999 | AC5: CLAS | AD5: 12-MAY-25 | AG5: =IF(AND(AE5<>"",AF5<>""),ROUNDUP((AF5-AE5)/7,0),"") | AI5: =IFERROR(IF(AG5*AH5=0,"",AG5*AH5),"") | AJ5: 12-MAY-25 | AK5: 01-AUG-25 | AL5: =IF(AND(AJ5<>"",AK5<>""),ROUNDUP((AK5-AJ5)/7,0),"") -> 12 | AN5: =IFERROR(IF(AL5*AM5=0,"",AL5*AM5),"") | AQ5: =IF(AND(AO5<>"",AP5<>""),ROUNDUP((AP5-AO5)/7,0),"") | AR5: =IFERROR(IF((AU5-(AI5+AN5))/AQ5=0,"",ROUNDUP((AU5-(AI5+AN5))/AQ5,0)),"") | AS5: =IFERROR(IF((AU5-(AI5+AN5))=0,"",(AU5-(AI5+AN5))),"") | AT5: =IF(AND(AG5="",AQ5=""),AL5,IF(SUM(AG5,AL5,AQ5)=0,"",SUM(AG5,AL5,AQ5))) -> 12 | AV5: 01-AUG-25 | BF5: 12 | BG5: =IF(AD5="","",YEAR(AD5)+IF(MONTH(AD5)>=5,1,0)) -> 2026 | BH5: =IF(AD5="","",IF(AND(MONTH(AD5)=8,DAY(AD5)>=15),"Fall",IF(MONTH(AD5)>8,"Fall",IF(MONTH(AD5)=5,"Summer",IF(MONTH(AD5)=1,"Spring",""))))) -> Summer | BK5: Kaiser, Denis | BL5: =IFERROR(INDEX(_names_lookup!$C:$C,MATCH(BK5,_names_lookup!$A:$A,0)),"") -> denis@andrews.edu | BM5: =IFERROR(INDEX(_names_lookup!$B:$B,MATCH(BK5,_names_lookup!$A:$A,0)),"") -> 000134382 | BO5: 100 | BS5: =IFERROR(IF(BR5*AA5=0,"",BR5*AA5),"") | BV5: CHIS | CF5: 27-MAR-25 | CG5: A | CI5: I | CL5: MOODL | CQ5: 70 | CR5: 0 | CS5: 0 | CT5: Y | DC5: Y | DO5: IT | DP5: 202531
A6: FALSE | B6: FALSE | C6: FALSE | D6: FALSE | E6: FALSE | F6: FALSE | H6: 2879-02 | I6: 2879 | K6: CHIS | L6: 890 | M6: 102 | O6: =IFERROR(INDEX(_courses_lookup!$C:$C,MATCH(K6&L6,_courses_lookup!$E:$E,0)),"") -> Directed Rdg in Church History | P6: =IFERROR(INDEX(_courses_lookup!$D:$D,MATCH(K6&L6,_courses_lookup!$E:$E,0)),"") -> 0 | S6: 0 | X6: 1 | Y6: 1-6 | AB6: 999 | AC6: CLAS | AD6: 12-MAY-25 | AG6: =IF(AND(AE6<>"",AF6<>""),ROUNDUP((AF6-AE6)/7,0),"") | AI6: =IFERROR(IF(AG6*AH6=0,"",AG6*AH6),"") | AJ6: 12-MAY-25 | AK6: 01-AUG-25 | AL6: =IF(AND(AJ6<>"",AK6<>""),ROUNDUP((AK6-AJ6)/7,0),"") -> 12 | AN6: =IFERROR(IF(AL6*AM6=0,"",AL6*AM6),"") | AQ6: =IF(AND(AO6<>"",AP6<>""),ROUNDUP((AP6-AO6)/7,0),"") | AR6: =IFERROR(IF((AU6-(AI6+AN6))/AQ6=0,"",ROUNDUP((AU6-(AI6+AN6))/AQ6,0)),"") | AS6: =IFERROR(IF((AU6-(AI6+AN6))=0,"",(AU6-(AI6+AN6))),"") | AT6: =IF(AND(AG6="",AQ6=""),AL6,IF(SUM(AG6,AL6,AQ6)=0,"",SUM(AG6,AL6,AQ6))) -> 12 | AV6: 01-AUG-25 | BF6: 12 | BG6: =IF(AD6="","",YEAR(AD6)+IF(MONTH(AD6)>=5,1,0)) -> 2026 | BH6: =IF(AD6="","",IF(AND(MONTH(AD6)=8,DAY(AD6)>=15),"Fall",IF(MONTH(AD6)>8,"Fall",IF(MONTH(AD6)=5,"Summer",IF(MONTH(AD6)=1,"Spring",""))))) -> Summer | BK6: O'Reggio, Trevor E. | BL6: =IFERROR(INDEX(_names_lookup!$C:$C,MATCH(BK6,_names_lookup!$A:$A,0)),"") -> toreggio@andrews.edu | BM6: =IFERROR(INDEX(_names_lookup!$B:$B,MATCH(BK6,_names_lookup!$A:$A,0)),"") -> 000035762 | BO6: 100 | BS6: =IFERROR(IF(BR6*AA6=0,"",BR6*AA6),"") | BV6: CHIS | CF6: 27-MAR-25 | CG6: A | CI6: I | CL6: MOODL | CQ6: 70 | CR6: 0 | CS6: 0 | CT6: Y | DC6: Y | DO6: IT | DP6: 202531
A7: FALSE | B7: FALSE | C7: FALSE | D7: FALSE | E7: FALSE | F7: FALSE | H7: 2509-02 | I7: 2509 | K7: CHIS | L7: 891 | M7: 101 | O7: =IFERROR(INDEX(_courses_lookup!$C:$C,MATCH(K7&L7,_courses_lookup!$E:$E,0)),"") -> Ind St: | P7: =IFERROR(INDEX(_courses_lookup!$D:$D,MATCH(K7&L7,_courses_lookup!$E:$E,0)),"") -> Ind St:Church History | S7: 0 | X7: 1 | Y7: 1-3 | AB7: 999 | AC7: CLAS | AD7: 12-MAY-25 | AG7: =IF(AND(AE7<>"",AF7<>""),ROUNDUP((AF7-AE7)/7,0),"") | AI7: =IFERROR(IF(AG7*AH7=0,"",AG7*AH7),"") | AJ7: 13-MAY-25 | AK7: 01-AUG-25 | AL7: =IF(AND(AJ7<>"",AK7<>""),ROUNDUP((AK7-AJ7)/7,0),"") -> 12 | AN7: =IFERROR(IF(AL7*AM7=0,"",AL7*AM7),"") | AQ7: =IF(AND(AO7<>"",AP7<>""),ROUNDUP((AP7-AO7)/7,0),"") | AR7: =IFERROR(IF((AU7-(AI7+AN7))/AQ7=0,"",ROUNDUP((AU7-(AI7+AN7))/AQ7,0)),"") | AS7: =IFERROR(IF((AU7-(AI7+AN7))=0,"",(AU7-(AI7+AN7))),"") | AT7: =IF(AND(AG7="",AQ7=""),AL7,IF(SUM(AG7,AL7,AQ7)=0,"",SUM(AG7,AL7,AQ7))) -> 12 | AV7: 01-AUG-25 | BF7: 12 | BG7: =IF(AD7="","",YEAR(AD7)+IF(MONTH(AD7)>=5,1,0)) -> 2026 | BH7: =IF(AD7="","",IF(AND(MONTH(AD7)=8,DAY(AD7)>=15),"Fall",IF(MONTH(AD7)>8,"Fall",IF(MONTH(AD7)=5,"Summer",IF(MONTH(AD7)=1,"Spring",""))))) -> Summer | BK7: Reeve, John W. | BL7: =IFERROR(INDEX(_names_lookup!$C:$C,MATCH(BK7,_names_lookup!$A:$A,0)),"") -> jreeve@andrews.edu | BM7: =IFERROR(INDEX(_names_lookup!$B:$B,MATCH(BK7,_names_lookup!$A:$A,0)),"") -> 000049018 | BO7: 100 | BS7: =IFERROR(IF(BR7*AA7=0,"",BR7*AA7),"") | BV7: CHIS | CF7: 27-MAR-25 | CG7: A | CI7: I | CL7: MOODL | CQ7: 70 | CR7: 0 | CS7: 0 | CT7: Y | DC7: Y | DO7: IT | DP7: 202531
A8: FALSE | B8: FALSE | C8: FALSE | D8: FALSE | E8: FALSE | F8: FALSE | H8: 2580-02 | I8: 2580 | K8: CHIS | L8: 891 | M8: 102 | O8: =IFERROR(INDEX(_courses_lookup!$C:$C,MATCH(K8&L8,_courses_lookup!$E:$E,0)),"") -> Ind St: | P8: =IFERROR(INDEX(_courses_lookup!$D:$D,MATCH(K8&L8,_courses_lookup!$E:$E,0)),"") -> Ind St:Church History | S8: 0 | X8: 1 | Y8: 1-3 | AB8: 999 | AC8: CLAS | AD8: 12-MAY-25 | AG8: =IF(AND(AE8<>"",AF8<>""),ROUNDUP((AF8-AE8)/7,0),"") | AI8: =IFERROR(IF(AG8*AH8=0,"",AG8*AH8),"") | AJ8: 12-MAY-25 | AK8: 01-AUG-25 | AL8: =IF(AND(AJ8<>"",AK8<>""),ROUNDUP((AK8-AJ8)/7,0),"") -> 12 | AN8: =IFERROR(IF(AL8*AM8=0,"",AL8*AM8),"") | AQ8: =IF(AND(AO8<>"",AP8<>""),ROUNDUP((AP8-AO8)/7,0),"") | AR8: =IFERROR(IF((AU8-(AI8+AN8))/AQ8=0,"",ROUNDUP((AU8-(AI8+AN8))/AQ8,0)),"") | AS8: =IFERROR(IF((AU8-(AI8+AN8))=0,"",(AU8-(AI8+AN8))),"") | AT8: =IF(AND(AG8="",AQ8=""),AL8,IF(SUM(AG8,AL8,AQ8)=0,"",SUM(AG8,AL8,AQ8))) -> 12 | AV8: 01-AUG-25 | BF8: 12 | BG8: =IF(AD8="","",YEAR(AD8)+IF(MONTH(AD8)>=5,1,0)) -> 2026 | BH8: =IF(AD8="","",IF(AND(MONTH(AD8)=8,DAY(AD8)>=15),"Fall",IF(MONTH(AD8)>8,"Fall",IF(MONTH(AD8)=5,"Summer",IF(MONTH(AD8)=1,"Spring",""))))) -> Summer | BK8: Burton, Kevin M. | BL8: =IFERROR(INDEX(_names_lookup!$C:$C,MATCH(BK8,_names_lookup!$A:$A,0)),"") -> burtonk@andrews.edu | BM8: =IFERROR(INDEX(_names_lookup!$B:$B,MATCH(BK8,_names_lookup!$A:$A,0)),"") -> 000148286 | BO8: 100 | BS8: =IFERROR(IF(BR8*AA8=0,"",BR8*AA8),"") | BV8: CHIS | CF8: 27-MAR-25 | CG8: A | CI8: I | CL8: MOODL | CQ8: 70 | CR8: 0 | CS8: 0 | CT8: Y | DC8: Y | DO8: IT | DP8: 202531
A9: FALSE | B9: FALSE | C9: FALSE | D9: FALSE | E9: FALSE | F9: FALSE | H9: 2612-02 | I9: 2612 | K9: CHIS | L9: 891 | M9: 103 | O9: =IFERROR(INDEX(_courses_lookup!$C:$C,MATCH(K9&L9,_courses_lookup!$E:$E,0)),"") -> Ind St: | P9: =IFERROR(INDEX(_courses_lookup!$D:$D,MATCH(K9&L9,_courses_lookup!$E:$E,0)),"") -> Ind St:Church History | S9: 0 | X9: 1 | Y9: 1-3 | AB9: 5 | AC9: CLAS | AD9: 12-MAY-25 | AG9: =IF(AND(AE9<>"",AF9<>""),ROUNDUP((AF9-AE9)/7,0),"") | AI9: =IFERROR(IF(AG9*AH9=0,"",AG9*AH9),"") | AJ9: 12-MAY-25 | AK9: 01-AUG-25 | AL9: =IF(AND(AJ9<>"",AK9<>""),ROUNDUP((AK9-AJ9)/7,0),"") -> 12 | AN9: =IFERROR(IF(AL9*AM9=0,"",AL9*AM9),"") | AQ9: =IF(AND(AO9<>"",AP9<>""),ROUNDUP((AP9-AO9)/7,0),"") | AR9: =IFERROR(IF((AU9-(AI9+AN9))/AQ9=0,"",ROUNDUP((AU9-(AI9+AN9))/AQ9,0)),"") | AS9: =IFERROR(IF((AU9-(AI9+AN9))=0,"",(AU9-(AI9+AN9))),"") | AT9: =IF(AND(AG9="",AQ9=""),AL9,IF(SUM(AG9,AL9,AQ9)=0,"",SUM(AG9,AL9,AQ9))) -> 12 | AV9: 01-AUG-25 | BF9: 12 | BG9: =IF(AD9="","",YEAR(AD9)+IF(MONTH(AD9)>=5,1,0)) -> 2026 | BH9: =IF(AD9="","",IF(AND(MONTH(AD9)=8,DAY(AD9)>=15),"Fall",IF(MONTH(AD9)>8,"Fall",IF(MONTH(AD9)=5,"Summer",IF(MONTH(AD9)=1,"Spring",""))))) -> Summer | BK9: Burton, Kevin M. | BL9: =IFERROR(INDEX(_names_lookup!$C:$C,MATCH(BK9,_names_lookup!$A:$A,0)),"") -> burtonk@andrews.edu | BM9: =IFERROR(INDEX(_names_lookup!$B:$B,MATCH(BK9,_names_lookup!$A:$A,0)),"") -> 000148286 | BO9: 100 | BS9: =IFERROR(IF(BR9*AA9=0,"",BR9*AA9),"") | BV9: CHIS | CF9: 27-MAR-25 | CG9: A | CI9: I | CL9: MOODL | CQ9: 70 | CR9: 0 | CS9: 0 | CT9: Y | DC9: Y | DO9: IT | DP9: 202531
A10: FALSE | B10: FALSE | C10: FALSE | D10: FALSE | E10: FALSE | F10: FALSE | H10: 2220-02 | I10: 2220 | K10: CHIS | L10: 685 | M10: 040 | O10: =IFERROR(INDEX(_courses_lookup!$C:$C,MATCH(K10&L10,_courses_lookup!$E:$E,0)),"") -> Studies in Church History | P10: =IFERROR(INDEX(_courses_lookup!$D:$D,MATCH(K10&L10,_courses_lookup!$E:$E,0)),"") -> 0 | R10: 321 | S10: 0 | V10: TOUR | X10: Q | Y10: 2,3 | Z10: 2 | AB10: 45 | AC10: POST | AD10: 07-JUL-25 | AG10: =IF(AND(AE10<>"",AF10<>""),ROUNDUP((AF10-AE10)/7,0),"") | AI10: =IFERROR(IF(AG10*AH10=0,"",AG10*AH10),"") | AJ10: 28-JUL-25 | AK10: 01-AUG-25 | AL10: =IF(AND(AJ10<>"",AK10<>""),ROUNDUP((AK10-AJ10)/7,0),"") -> 1 | AN10: =IFERROR(IF(AL10*AM10=0,"",AL10*AM10),"") | AQ10: =IF(AND(AO10<>"",AP10<>""),ROUNDUP((AP10-AO10)/7,0),"") | AR10: =IFERROR(IF((AU10-(AI10+AN10))/AQ10=0,"",ROUNDUP((AU10-(AI10+AN10))/AQ10,0)),"") | AS10: =IFERROR(IF((AU10-(AI10+AN10))=0,"",(AU10-(AI10+AN10))),"") | AT10: =IF(AND(AG10="",AQ10=""),AL10,IF(SUM(AG10,AL10,AQ10)=0,"",SUM(AG10,AL10,AQ10))) -> 1 | AV10: 01-AUG-25 | BF10: 4 | BG10: =IF(AD10="","",YEAR(AD10)+IF(MONTH(AD10)>=5,1,0)) -> 2026 | BH10: =IF(AD10="","",IF(AND(MONTH(AD10)=8,DAY(AD10)>=15),"Fall",IF(MONTH(AD10)>8,"Fall",IF(MONTH(AD10)=5,"Summer",IF(MONTH(AD10)=1,"Spring",""))))) | BK10: Burton, Kevin M. | BL10: =IFERROR(INDEX(_names_lookup!$C:$C,MATCH(BK10,_names_lookup!$A:$A,0)),"") -> burtonk@andrews.edu | BM10: =IFERROR(INDEX(_names_lookup!$B:$B,MATCH(BK10,_names_lookup!$A:$A,0)),"") -> 000148286 | BO10: 100 | BS10: =IFERROR(IF(BR10*AA10=0,"",BR10*AA10),"") | BV10: CHIS | CF10: 24-APR-25 | CG10: A | CH10: 2 | CI10: BL | CL10: MOODL | CQ10: 70 | CR10: 0 | CS10: 0 | CT10: Y | DC10: Y | DP10: 202531
A11: FALSE | B11: FALSE | C11: FALSE | D11: FALSE | E11: FALSE | F11: FALSE | H11: 2220-04 | I11: 2220 | K11: CHIS | L11: 685 | M11: 040 | O11: =IFERROR(INDEX(_courses_lookup!$C:$C,MATCH(K11&L11,_courses_lookup!$E:$E,0)),"") -> Studies in Church History | P11: =IFERROR(INDEX(_courses_lookup!$D:$D,MATCH(K11&L11,_courses_lookup!$E:$E,0)),"") -> 0 | R11: 321 | S11: 0 | V11: TOUR | X11: Q | Y11: 2,3 | Z11: 2 | AB11: 45 | AC11: PRE | AD11: 07-JUL-25 | AG11: =IF(AND(AE11<>"",AF11<>""),ROUNDUP((AF11-AE11)/7,0),"") | AI11: =IFERROR(IF(AG11*AH11=0,"",AG11*AH11),"") | AJ11: 07-JUL-25 | AK11: 19-JUL-25 | AL11: =IF(AND(AJ11<>"",AK11<>""),ROUNDUP((AK11-AJ11)/7,0),"") -> 2 | AN11: =IFERROR(IF(AL11*AM11=0,"",AL11*AM11),"") | AQ11: =IF(AND(AO11<>"",AP11<>""),ROUNDUP((AP11-AO11)/7,0),"") | AR11: =IFERROR(IF((AU11-(AI11+AN11))/AQ11=0,"",ROUNDUP((AU11-(AI11+AN11))/AQ11,0)),"") | AS11: =IFERROR(IF((AU11-(AI11+AN11))=0,"",(AU11-(AI11+AN11))),"") | AT11: =IF(AND(AG11="",AQ11=""),AL11,IF(SUM(AG11,AL11,AQ11)=0,"",SUM(AG11,AL11,AQ11))) -> 2 | AV11: 01-AUG-25 | BF11: 4 | BG11: =IF(AD11="","",YEAR(AD11)+IF(MONTH(AD11)>=5,1,0)) -> 2026 | BH11: =IF(AD11="","",IF(AND(MONTH(AD11)=8,DAY(AD11)>=15),"Fall",IF(MONTH(AD11)>8,"Fall",IF(MONTH(AD11)=5,"Summer",IF(MONTH(AD11)=1,"Spring",""))))) | BK11: Burton, Kevin M. | BL11: =IFERROR(INDEX(_names_lookup!$C:$C,MATCH(BK11,_names_lookup!$A:$A,0)),"") -> burtonk@andrews.edu | BM11: =IFERROR(INDEX(_names_lookup!$B:$B,MATCH(BK11,_names_lookup!$A:$A,0)),"") -> 000148286 | BO11: 100 | BS11: =IFERROR(IF(BR11*AA11=0,"",BR11*AA11),"") | BV11: CHIS | CF11: 24-APR-25 | CG11: A | CH11: 2 | CI11: BL | CL11: MOODL | CQ11: 70 | CR11: 0 | CS11: 0 | CT11: Y | DC11: Y | DP11: 202531
A12: FALSE | B12: FALSE | C12: FALSE | D12: FALSE | E12: FALSE | F12: FALSE | H12: 2220-06 | I12: 2220 | K12: CHIS | L12: 685 | M12: 040 | O12: =IFERROR(INDEX(_courses_lookup!$C:$C,MATCH(K12&L12,_courses_lookup!$E:$E,0)),"") -> Studies in Church History | P12: =IFERROR(INDEX(_courses_lookup!$D:$D,MATCH(K12&L12,_courses_lookup!$E:$E,0)),"") -> 0 | R12: 321 | S12: 0 | V12: TOUR | X12: Q | Y12: 2,3 | Z12: 2 | AB12: 45 | AC12: TOUR | AD12: 07-JUL-25 | AG12: =IF(AND(AE12<>"",AF12<>""),ROUNDUP((AF12-AE12)/7,0),"") | AI12: =IFERROR(IF(AG12*AH12=0,"",AG12*AH12),"") | AJ12: 20-JUL-25 | AK12: 27-JUL-25 | AL12: =IF(AND(AJ12<>"",AK12<>""),ROUNDUP((AK12-AJ12)/7,0),"") -> 1 | AN12: =IFERROR(IF(AL12*AM12=0,"",AL12*AM12),"") | AQ12: =IF(AND(AO12<>"",AP12<>""),ROUNDUP((AP12-AO12)/7,0),"") | AR12: =IFERROR(IF((AU12-(AI12+AN12))/AQ12=0,"",ROUNDUP((AU12-(AI12+AN12))/AQ12,0)),"") | AS12: =IFERROR(IF((AU12-(AI12+AN12))=0,"",(AU12-(AI12+AN12))),"") | AT12: =IF(AND(AG12="",AQ12=""),AL12,IF(SUM(AG12,AL12,AQ12)=0,"",SUM(AG12,AL12,AQ12))) -> 1 | AV12: 01-AUG-25 | BF12: 4 | BG12: =IF(AD12="","",YEAR(AD12)+IF(MONTH(AD12)>=5,1,0)) -> 2026 | BH12: =IF(AD12="","",IF(AND(MONTH(AD12)=8,DAY(AD12)>=15),"Fall",IF(MONTH(AD12)>8,"Fall",IF(MONTH(AD12)=5,"Summer",IF(MONTH(AD12)=1,"Spring",""))))) | BK12: Burton, Kevin M. | BL12: =IFERROR(INDEX(_names_lookup!$C:$C,MATCH(BK12,_names_lookup!$A:$A,0)),"") -> burtonk@andrews.edu | BM12: =IFERROR(INDEX(_names_lookup!$B:$B,MATCH(BK12,_names_lookup!$A:$A,0)),"") -> 000148286 | BO12: 100 | BS12: =IFERROR(IF(BR12*AA12=0,"",BR12*AA12),"") | BV12: CHIS | CF12: 24-APR-25 | CG12: A | CH12: 2 | CI12: BL | CL12: MOODL | CQ12: 70 | CR12: 0 | CS12: 0 | CT12: Y | DC12: Y | DP12: 202531
A13: FALSE | B13: FALSE | C13: FALSE | D13: FALSE | E13: FALSE | F13: FALSE | H13: 3262-02 | I13: 3262 | K13: CHIS | L13: 507 | M13: 041 | O13: =IFERROR(INDEX(_courses_lookup!$C:$C,MATCH(K13&L13,_courses_lookup!$E:$E,0)),"") -> Church History 1500 to Present | P13: =IFERROR(INDEX(_courses_lookup!$D:$D,MATCH(K13&L13,_courses_lookup!$E:$E,0)),"") -> 0 | S13: 0 | V13: TOUR | X13: W | Y13: 2,3 | Z13: 2 | AB13: 25 | AC13: CLAS | AD13: 09-JUN-25 | AG13: =IF(AND(AE13<>"",AF13<>""),ROUNDUP((AF13-AE13)/7,0),"") | AI13: =IFERROR(IF(AG13*AH13=0,"",AG13*AH13),"") | AJ13: 23-JUN-25 | AK13: 31-JUL-25 | AL13: =IF(AND(AJ13<>"",AK13<>""),ROUNDUP((AK13-AJ13)/7,0),"") -> 6 | AN13: =IFERROR(IF(AL13*AM13=0,"",AL13*AM13),"") | AQ13: =IF(AND(AO13<>"",AP13<>""),ROUNDUP((AP13-AO13)/7,0),"") | AR13: =IFERROR(IF((AU13-(AI13+AN13))/AQ13=0,"",ROUNDUP((AU13-(AI13+AN13))/AQ13,0)),"") | AS13: =IFERROR(IF((AU13-(AI13+AN13))=0,"",(AU13-(AI13+AN13))),"") | AT13: =IF(AND(AG13="",AQ13=""),AL13,IF(SUM(AG13,AL13,AQ13)=0,"",SUM(AG13,AL13,AQ13))) -> 6 | AV13: 01-AUG-25 | BF13: 8 | BG13: =IF(AD13="","",YEAR(AD13)+IF(MONTH(AD13)>=5,1,0)) -> 2026 | BH13: =IF(AD13="","",IF(AND(MONTH(AD13)=8,DAY(AD13)>=15),"Fall",IF(MONTH(AD13)>8,"Fall",IF(MONTH(AD13)=5,"Summer",IF(MONTH(AD13)=1,"Spring",""))))) | BK13: O'Reggio, Trevor E. | BL13: =IFERROR(INDEX(_names_lookup!$C:$C,MATCH(BK13,_names_lookup!$A:$A,0)),"") -> toreggio@andrews.edu | BM13: =IFERROR(INDEX(_names_lookup!$B:$B,MATCH(BK13,_names_lookup!$A:$A,0)),"") -> 000035762 | BO13: 100 | BS13: =IFERROR(IF(BR13*AA13=0,"",BR13*AA13),"") | BV13: CHIS | CF13: 28-APR-25 | CG13: A | CH13: 2 | CI13: BL | CL13: MOODL | CN13: TOUR | CQ13: 70 | CR13: 4 | CS13: 0 | CT13: Y | DC13: Y | DP13: 202531
A14: FALSE | B14: FALSE | C14: FALSE | D14: FALSE | E14: FALSE | F14: FALSE | H14: 3262-04 | I14: 3262 | K14: CHIS | L14: 507 | M14: 041 | O14: =IFERROR(INDEX(_courses_lookup!$C:$C,MATCH(K14&L14,_courses_lookup!$E:$E,0)),"") -> Church History 1500 to Present | P14: =IFERROR(INDEX(_courses_lookup!$D:$D,MATCH(K14&L14,_courses_lookup!$E:$E,0)),"") -> 0 | S14: 0 | V14: TOUR | X14: W | Y14: 2,3 | Z14: 2 | AB14: 25 | AC14: TOUR | AD14: 09-JUN-25 | AG14: =IF(AND(AE14<>"",AF14<>""),ROUNDUP((AF14-AE14)/7,0),"") | AI14: =IFERROR(IF(AG14*AH14=0,"",AG14*AH14),"") | AJ14: 09-JUN-25 | AK14: 22-JUN-25 | AL14: =IF(AND(AJ14<>"",AK14<>""),ROUNDUP((AK14-AJ14)/7,0),"") -> 2 | AN14: =IFERROR(IF(AL14*AM14=0,"",AL14*AM14),"") | AQ14: =IF(AND(AO14<>"",AP14<>""),ROUNDUP((AP14-AO14)/7,0),"") | AR14: =IFERROR(IF((AU14-(AI14+AN14))/AQ14=0,"",ROUNDUP((AU14-(AI14+AN14))/AQ14,0)),"") | AS14: =IFERROR(IF((AU14-(AI14+AN14))=0,"",(AU14-(AI14+AN14))),"") | AT14: =IF(AND(AG14="",AQ14=""),AL14,IF(SUM(AG14,AL14,AQ14)=0,"",SUM(AG14,AL14,AQ14))) -> 2 | AV14: 01-AUG-25 | BF14: 8 | BG14: =IF(AD14="","",YEAR(AD14)+IF(MONTH(AD14)>=5,1,0)) -> 2026 | BH14: =IF(AD14="","",IF(AND(MONTH(AD14)=8,DAY(AD14)>=15),"Fall",IF(MONTH(AD14)>8,"Fall",IF(MONTH(AD14)=5,"Summer",IF(MONTH(AD14)=1,"Spring",""))))) | BK14: O'Reggio, Trevor E. | BL14: =IFERROR(INDEX(_names_lookup!$C:$C,MATCH(BK14,_names_lookup!$A:$A,0)),"") -> toreggio@andrews.edu | BM14: =IFERROR(INDEX(_names_lookup!$B:$B,MATCH(BK14,_names_lookup!$A:$A,0)),"") -> 000035762 | BO14: 100 | BS14: =IFERROR(IF(BR14*AA14=0,"",BR14*AA14),"") | BV14: CHIS | CF14: 28-APR-25 | CG14: A | CH14: 2 | CI14: BL | CL14: MOODL | CN14: TOUR | CQ14: 70 | CR14: 4 | CS14: 0 | CT14: Y | DC14: Y | DP14: 202531
A15: FALSE | B15: FALSE | C15: FALSE | D15: FALSE | E15: FALSE | F15: FALSE | H15: 3279-02 | I15: 3279 | K15: CHIS | L15: 880 | M15: 042 | O15: =IFERROR(INDEX(_courses_lookup!$C:$C,MATCH(K15&L15,_courses_lookup!$E:$E,0)),"") -> Topics in Church History: | P15: =IFERROR(INDEX(_courses_lookup!$D:$D,MATCH(K15&L15,_courses_lookup!$E:$E,0)),"") -> Top in Chrch Hist:Early Church | R15: 316 | S15: 0 | X15: W | Y15: 1-3 | Z15: 3 | AB15: 25 | AC15: POST | AD15: 09-JUN-25 | AG15: =IF(AND(AE15<>"",AF15<>""),ROUNDUP((AF15-AE15)/7,0),"") | AI15: =IFERROR(IF(AG15*AH15=0,"",AG15*AH15),"") | AJ15: 23-JUN-25 | AK15: 31-JUL-25 | AL15: =IF(AND(AJ15<>"",AK15<>""),ROUNDUP((AK15-AJ15)/7,0),"") -> 6 | AN15: =IFERROR(IF(AL15*AM15=0,"",AL15*AM15),"") | AQ15: =IF(AND(AO15<>"",AP15<>""),ROUNDUP((AP15-AO15)/7,0),"") | AR15: =IFERROR(IF((AU15-(AI15+AN15))/AQ15=0,"",ROUNDUP((AU15-(AI15+AN15))/AQ15,0)),"") | AS15: =IFERROR(IF((AU15-(AI15+AN15))=0,"",(AU15-(AI15+AN15))),"") | AT15: =IF(AND(AG15="",AQ15=""),AL15,IF(SUM(AG15,AL15,AQ15)=0,"",SUM(AG15,AL15,AQ15))) -> 6 | AV15: 01-AUG-25 | BF15: 8 | BG15: =IF(AD15="","",YEAR(AD15)+IF(MONTH(AD15)>=5,1,0)) -> 2026 | BH15: =IF(AD15="","",IF(AND(MONTH(AD15)=8,DAY(AD15)>=15),"Fall",IF(MONTH(AD15)>8,"Fall",IF(MONTH(AD15)=5,"Summer",IF(MONTH(AD15)=1,"Spring",""))))) | BK15: O'Reggio, Trevor E. | BL15: =IFERROR(INDEX(_names_lookup!$C:$C,MATCH(BK15,_names_lookup!$A:$A,0)),"") -> toreggio@andrews.edu | BM15: =IFERROR(INDEX(_names_lookup!$B:$B,MATCH(BK15,_names_lookup!$A:$A,0)),"") -> 000035762 | BO15: 100 | BS15: =IFERROR(IF(BR15*AA15=0,"",BR15*AA15),"") | BV15: CHIS | CF15: 30-APR-25 | CG15: A | CH15: 3 | CI15: BL | CL15: MOODL | CQ15: 70 | CR15: 1 | CS15: 0 | CT15: Y | DC15: Y | DP15: 202531
A16: FALSE | B16: FALSE | C16: FALSE | D16: FALSE | E16: FALSE | F16: FALSE | H16: 3279-04 | I16: 3279 | K16: CHIS | L16: 880 | M16: 042 | O16: =IFERROR(INDEX(_courses_lookup!$C:$C,MATCH(K16&L16,_courses_lookup!$E:$E,0)),"") -> Topics in Church History: | P16: =IFERROR(INDEX(_courses_lookup!$D:$D,MATCH(K16&L16,_courses_lookup!$E:$E,0)),"") -> Top in Chrch Hist:Early Church | R16: 316 | S16: 0 | X16: W | Y16: 1-3 | Z16: 3 | AB16: 25 | AC16: TOUR | AD16: 09-JUN-25 | AG16: =IF(AND(AE16<>"",AF16<>""),ROUNDUP((AF16-AE16)/7,0),"") | AI16: =IFERROR(IF(AG16*AH16=0,"",AG16*AH16),"") | AJ16: 09-JUN-25 | AK16: 22-JUN-25 | AL16: =IF(AND(AJ16<>"",AK16<>""),ROUNDUP((AK16-AJ16)/7,0),"") -> 2 | AN16: =IFERROR(IF(AL16*AM16=0,"",AL16*AM16),"") | AQ16: =IF(AND(AO16<>"",AP16<>""),ROUNDUP((AP16-AO16)/7,0),"") | AR16: =IFERROR(IF((AU16-(AI16+AN16))/AQ16=0,"",ROUNDUP((AU16-(AI16+AN16))/AQ16,0)),"") | AS16: =IFERROR(IF((AU16-(AI16+AN16))=0,"",(AU16-(AI16+AN16))),"") | AT16: =IF(AND(AG16="",AQ16=""),AL16,IF(SUM(AG16,AL16,AQ16)=0,"",SUM(AG16,AL16,AQ16))) -> 2 | AV16: 01-AUG-25 | BF16: 8 | BG16: =IF(AD16="","",YEAR(AD16)+IF(MONTH(AD16)>=5,1,0)) -> 2026 | BH16: =IF(AD16="","",IF(AND(MONTH(AD16)=8,DAY(AD16)>=15),"Fall",IF(MONTH(AD16)>8,"Fall",IF(MONTH(AD16)=5,"Summer",IF(MONTH(AD16)=1,"Spring",""))))) | BK16: O'Reggio, Trevor E. | BL16: =IFERROR(INDEX(_names_lookup!$C:$C,MATCH(BK16,_names_lookup!$A:$A,0)),"") -> toreggio@andrews.edu | BM16: =IFERROR(INDEX(_names_lookup!$B:$B,MATCH(BK16,_names_lookup!$A:$A,0)),"") -> 000035762 | BO16: 100 | BS16: =IFERROR(IF(BR16*AA16=0,"",BR16*AA16),"") | BV16: CHIS | CF16: 30-APR-25 | CG16: A | CH16: 3 | CI16: BL | CL16: MOODL | CQ16: 70 | CR16: 1 | CS16: 0 | CT16: Y | DC16: Y | DP16: 202531
A17: FALSE | B17: FALSE | C17: FALSE | D17: FALSE | E17: FALSE | F17: FALSE | H17: 3294-02 | I17: 3294 | K17: CHIS | L17: 880 | M17: 041 | O17: =IFERROR(INDEX(_courses_lookup!$C:$C,MATCH(K17&L17,_courses_lookup!$E:$E,0)),"") -> Topics in Church History: | P17: =IFERROR(INDEX(_courses_lookup!$D:$D,MATCH(K17&L17,_courses_lookup!$E:$E,0)),"") -> Top in Chrch Hist:Early Church | R17: 327 | S17: 0 | V17: TOUR | X17: W | Y17: 1-3 | Z17: 3 | AB17: 25 | AC17: POST | AD17: 09-JUN-25 | AG17: =IF(AND(AE17<>"",AF17<>""),ROUNDUP((AF17-AE17)/7,0),"") | AI17: =IFERROR(IF(AG17*AH17=0,"",AG17*AH17),"") | AJ17: 23-JUN-25 | AK17: 01-AUG-25 | AL17: =IF(AND(AJ17<>"",AK17<>""),ROUNDUP((AK17-AJ17)/7,0),"") -> 6 | AN17: =IFERROR(IF(AL17*AM17=0,"",AL17*AM17),"") | AQ17: =IF(AND(AO17<>"",AP17<>""),ROUNDUP((AP17-AO17)/7,0),"") | AR17: =IFERROR(IF((AU17-(AI17+AN17))/AQ17=0,"",ROUNDUP((AU17-(AI17+AN17))/AQ17,0)),"") | AS17: =IFERROR(IF((AU17-(AI17+AN17))=0,"",(AU17-(AI17+AN17))),"") | AT17: =IF(AND(AG17="",AQ17=""),AL17,IF(SUM(AG17,AL17,AQ17)=0,"",SUM(AG17,AL17,AQ17))) -> 6 | AV17: 01-AUG-25 | BF17: 8 | BG17: =IF(AD17="","",YEAR(AD17)+IF(MONTH(AD17)>=5,1,0)) -> 2026 | BH17: =IF(AD17="","",IF(AND(MONTH(AD17)=8,DAY(AD17)>=15),"Fall",IF(MONTH(AD17)>8,"Fall",IF(MONTH(AD17)=5,"Summer",IF(MONTH(AD17)=1,"Spring",""))))) | BK17: Hernandez, Abner F. | BL17: =IFERROR(INDEX(_names_lookup!$C:$C,MATCH(BK17,_names_lookup!$A:$A,0)),"") -> abnerh@andrews.edu | BM17: =IFERROR(INDEX(_names_lookup!$B:$B,MATCH(BK17,_names_lookup!$A:$A,0)),"") -> 000149024 | BO17: 100 | BS17: =IFERROR(IF(BR17*AA17=0,"",BR17*AA17),"") | BV17: CHIS | CF17: 01-MAY-25 | CG17: A | CH17: 3 | CI17: BL | CL17: MOODL | CQ17: 70 | CR17: 1 | CS17: 0 | CT17: Y | DC17: Y | DP17: 202531
A18: FALSE | B18: FALSE | C18: FALSE | D18: FALSE | E18: FALSE | F18: FALSE | H18: 3294-04 | I18: 3294 | K18: CHIS | L18: 880 | M18: 041 | O18: =IFERROR(INDEX(_courses_lookup!$C:$C,MATCH(K18&L18,_courses_lookup!$E:$E,0)),"") -> Topics in Church History: | P18: =IFERROR(INDEX(_courses_lookup!$D:$D,MATCH(K18&L18,_courses_lookup!$E:$E,0)),"") -> Top in Chrch Hist:Early Church | R18: 327 | S18: 0 | V18: TOUR | X18: W | Y18: 1-3 | Z18: 3 | AB18: 25 | AC18: TOUR | AD18: 09-JUN-25 | AG18: =IF(AND(AE18<>"",AF18<>""),ROUNDUP((AF18-AE18)/7,0),"") | AI18: =IFERROR(IF(AG18*AH18=0,"",AG18*AH18),"") | AJ18: 09-JUN-25 | AK18: 22-JUN-25 | AL18: =IF(AND(AJ18<>"",AK18<>""),ROUNDUP((AK18-AJ18)/7,0),"") -> 2 | AN18: =IFERROR(IF(AL18*AM18=0,"",AL18*AM18),"") | AQ18: =IF(AND(AO18<>"",AP18<>""),ROUNDUP((AP18-AO18)/7,0),"") | AR18: =IFERROR(IF((AU18-(AI18+AN18))/AQ18=0,"",ROUNDUP((AU18-(AI18+AN18))/AQ18,0)),"") | AS18: =IFERROR(IF((AU18-(AI18+AN18))=0,"",(AU18-(AI18+AN18))),"") | AT18: =IF(AND(AG18="",AQ18=""),AL18,IF(SUM(AG18,AL18,AQ18)=0,"",SUM(AG18,AL18,AQ18))) -> 2 | AV18: 01-AUG-25 | BF18: 8 | BG18: =IF(AD18="","",YEAR(AD18)+IF(MONTH(AD18)>=5,1,0)) -> 2026 | BH18: =IF(AD18="","",IF(AND(MONTH(AD18)=8,DAY(AD18)>=15),"Fall",IF(MONTH(AD18)>8,"Fall",IF(MONTH(AD18)=5,"Summer",IF(MONTH(AD18)=1,"Spring",""))))) | BK18: Hernandez, Abner F. | BL18: =IFERROR(INDEX(_names_lookup!$C:$C,MATCH(BK18,_names_lookup!$A:$A,0)),"") -> abnerh@andrews.edu | BM18: =IFERROR(INDEX(_names_lookup!$B:$B,MATCH(BK18,_names_lookup!$A:$A,0)),"") -> 000149024 | BO18: 100 | BS18: =IFERROR(IF(BR18*AA18=0,"",BR18*AA18),"") | BV18: CHIS | CF18: 01-MAY-25 | CG18: A | CH18: 3 | CI18: BL | CL18: MOODL | CQ18: 70 | CR18: 1 | CS18: 0 | CT18: Y | DC18: Y | DP18: 202531
A19: FALSE | B19: FALSE | C19: FALSE | D19: FALSE | E19: FALSE | F19: FALSE | H19: 3421-02 | I19: 3421 | K19: CHIS | L19: 890 | M19: 003 | O19: =IFERROR(INDEX(_courses_lookup!$C:$C,MATCH(K19&L19,_courses_lookup!$E:$E,0)),"") -> Directed Rdg in Church History | P19: =IFERROR(INDEX(_courses_lookup!$D:$D,MATCH(K19&L19,_courses_lookup!$E:$E,0)),"") -> 0 | S19: 0 | X19: 1 | Y19: 1-6 | AB19: 999 | AC19: CLAS | AD19: 12-MAY-25 | AG19: =IF(AND(AE19<>"",AF19<>""),ROUNDUP((AF19-AE19)/7,0),"") | AI19: =IFERROR(IF(AG19*AH19=0,"",AG19*AH19),"") | AJ19: 12-MAY-25 | AK19: 01-AUG-25 | AL19: =IF(AND(AJ19<>"",AK19<>""),ROUNDUP((AK19-AJ19)/7,0),"") -> 12 | AN19: =IFERROR(IF(AL19*AM19=0,"",AL19*AM19),"") | AQ19: =IF(AND(AO19<>"",AP19<>""),ROUNDUP((AP19-AO19)/7,0),"") | AR19: =IFERROR(IF((AU19-(AI19+AN19))/AQ19=0,"",ROUNDUP((AU19-(AI19+AN19))/AQ19,0)),"") | AS19: =IFERROR(IF((AU19-(AI19+AN19))=0,"",(AU19-(AI19+AN19))),"") | AT19: =IF(AND(AG19="",AQ19=""),AL19,IF(SUM(AG19,AL19,AQ19)=0,"",SUM(AG19,AL19,AQ19))) -> 12 | AV19: 01-AUG-25 | BF19: 12 | BG19: =IF(AD19="","",YEAR(AD19)+IF(MONTH(AD19)>=5,1,0)) -> 2026 | BH19: =IF(AD19="","",IF(AND(MONTH(AD19)=8,DAY(AD19)>=15),"Fall",IF(MONTH(AD19)>8,"Fall",IF(MONTH(AD19)=5,"Summer",IF(MONTH(AD19)=1,"Spring",""))))) -> Summer | BK19: Burton, Kevin M. | BL19: =IFERROR(INDEX(_names_lookup!$C:$C,MATCH(BK19,_names_lookup!$A:$A,0)),"") -> burtonk@andrews.edu | BM19: =IFERROR(INDEX(_names_lookup!$B:$B,MATCH(BK19,_names_lookup!$A:$A,0)),"") -> 000148286 | BO19: 100 | BS19: =IFERROR(IF(BR19*AA19=0,"",BR19*AA19),"") | BV19: CHIS | CF19: 01-MAY-25 | CG19: A | CI19: I | CL19: MOODL | CQ19: 70 | CR19: 1 | CS19: 0 | CT19: Y | DC19: Y | DP19: 202531
A20: FALSE | B20: FALSE | C20: FALSE | D20: FALSE | E20: FALSE | F20: FALSE | H20: 3271-02 | I20: 3271 | K20: CHIS | L20: 640 | M20: 044 | O20: =IFERROR(INDEX(_courses_lookup!$C:$C,MATCH(K20&L20,_courses_lookup!$E:$E,0)),"") -> Reformation: | P20: =IFERROR(INDEX(_courses_lookup!$D:$D,MATCH(K20&L20,_courses_lookup!$E:$E,0)),"") -> 0 | R20: 327 | S20: 0 | X20: W | Y20: 2,3 | Z20: 3 | AB20: 25 | AC20: POST | AD20: 09-JUN-25 | AG20: =IF(AND(AE20<>"",AF20<>""),ROUNDUP((AF20-AE20)/7,0),"") | AI20: =IFERROR(IF(AG20*AH20=0,"",AG20*AH20),"") | AJ20: 23-JUN-25 | AK20: 01-AUG-25 | AL20: =IF(AND(AJ20<>"",AK20<>""),ROUNDUP((AK20-AJ20)/7,0),"") -> 6 | AN20: =IFERROR(IF(AL20*AM20=0,"",AL20*AM20),"") | AQ20: =IF(AND(AO20<>"",AP20<>""),ROUNDUP((AP20-AO20)/7,0),"") | AR20: =IFERROR(IF((AU20-(AI20+AN20))/AQ20=0,"",ROUNDUP((AU20-(AI20+AN20))/AQ20,0)),"") | AS20: =IFERROR(IF((AU20-(AI20+AN20))=0,"",(AU20-(AI20+AN20))),"") | AT20: =IF(AND(AG20="",AQ20=""),AL20,IF(SUM(AG20,AL20,AQ20)=0,"",SUM(AG20,AL20,AQ20))) -> 6 | AV20: 01-AUG-25 | BF20: 8 | BG20: =IF(AD20="","",YEAR(AD20)+IF(MONTH(AD20)>=5,1,0)) -> 2026 | BH20: =IF(AD20="","",IF(AND(MONTH(AD20)=8,DAY(AD20)>=15),"Fall",IF(MONTH(AD20)>8,"Fall",IF(MONTH(AD20)=5,"Summer",IF(MONTH(AD20)=1,"Spring",""))))) | BK20: Hernandez, Abner F. | BL20: =IFERROR(INDEX(_names_lookup!$C:$C,MATCH(BK20,_names_lookup!$A:$A,0)),"") -> abnerh@andrews.edu | BM20: =IFERROR(INDEX(_names_lookup!$B:$B,MATCH(BK20,_names_lookup!$A:$A,0)),"") -> 000149024 | BO20: 100 | BS20: =IFERROR(IF(BR20*AA20=0,"",BR20*AA20),"") | BV20: CHIS | CF20: 09-MAY-25 | CG20: A | CH20: 3 | CI20: BL | CL20: MOODL | CN20: CH1,REFM | CQ20: 70 | CR20: 1 | CS20: 0 | CT20: Y | DC20: Y | DP20: 202531
A21: FALSE | B21: FALSE | C21: FALSE | D21: FALSE | E21: FALSE | F21: FALSE | H21: 3271-04 | I21: 3271 | K21: CHIS | L21: 640 | M21: 044 | O21: =IFERROR(INDEX(_courses_lookup!$C:$C,MATCH(K21&L21,_courses_lookup!$E:$E,0)),"") -> Reformation: | P21: =IFERROR(INDEX(_courses_lookup!$D:$D,MATCH(K21&L21,_courses_lookup!$E:$E,0)),"") -> 0 | R21: 327 | S21: 0 | X21: W | Y21: 2,3 | Z21: 3 | AB21: 25 | AC21: TOUR | AD21: 09-JUN-25 | AG21: =IF(AND(AE21<>"",AF21<>""),ROUNDUP((AF21-AE21)/7,0),"") | AI21: =IFERROR(IF(AG21*AH21=0,"",AG21*AH21),"") | AJ21: 09-JUN-25 | AK21: 22-JUN-25 | AL21: =IF(AND(AJ21<>"",AK21<>""),ROUNDUP((AK21-AJ21)/7,0),"") -> 2 | AN21: =IFERROR(IF(AL21*AM21=0,"",AL21*AM21),"") | AQ21: =IF(AND(AO21<>"",AP21<>""),ROUNDUP((AP21-AO21)/7,0),"") | AR21: =IFERROR(IF((AU21-(AI21+AN21))/AQ21=0,"",ROUNDUP((AU21-(AI21+AN21))/AQ21,0)),"") | AS21: =IFERROR(IF((AU21-(AI21+AN21))=0,"",(AU21-(AI21+AN21))),"") | AT21: =IF(AND(AG21="",AQ21=""),AL21,IF(SUM(AG21,AL21,AQ21)=0,"",SUM(AG21,AL21,AQ21))) -> 2 | AV21: 01-AUG-25 | BF21: 8 | BG21: =IF(AD21="","",YEAR(AD21)+IF(MONTH(AD21)>=5,1,0)) -> 2026 | BH21: =IF(AD21="","",IF(AND(MONTH(AD21)=8,DAY(AD21)>=15),"Fall",IF(MONTH(AD21)>8,"Fall",IF(MONTH(AD21)=5,"Summer",IF(MONTH(AD21)=1,"Spring",""))))) | BK21: Hernandez, Abner F. | BL21: =IFERROR(INDEX(_names_lookup!$C:$C,MATCH(BK21,_names_lookup!$A:$A,0)),"") -> abnerh@andrews.edu | BM21: =IFERROR(INDEX(_names_lookup!$B:$B,MATCH(BK21,_names_lookup!$A:$A,0)),"") -> 000149024 | BO21: 100 | BS21: =IFERROR(IF(BR21*AA21=0,"",BR21*AA21),"") | BV21: CHIS | CF21: 09-MAY-25 | CG21: A | CH21: 3 | CI21: BL | CL21: MOODL | CN21: CH1,REFM | CQ21: 70 | CR21: 1 | CS21: 0 | CT21: Y | DC21: Y | DP21: 202531
H22: 3278-02 | I22: 3278 | K22: CHIS | L22: 685 | M22: 041 | O22: =IFERROR(INDEX(_courses_lookup!$C:$C,MATCH(K22&L22,_courses_lookup!$E:$E,0)),"") -> Studies in Church History | P22: =IFERROR(INDEX(_courses_lookup!$D:$D,MATCH(K22&L22,_courses_lookup!$E:$E,0)),"") -> 0 | R22: 321 | S22: 0 | X22: Q | Y22: 2,3 | Z22: 3 | AB22: 45 | AC22: POST | AD22: 07-JUL-25 | AG22: =IF(AND(AE22<>"",AF22<>""),ROUNDUP((AF22-AE22)/7,0),"") | AI22: =IFERROR(IF(AG22*AH22=0,"",AG22*AH22),"") | AJ22: 28-JUL-25 | AK22: 01-AUG-25 | AL22: =IF(AND(AJ22<>"",AK22<>""),ROUNDUP((AK22-AJ22)/7,0),"") -> 1 | AN22: =IFERROR(IF(AL22*AM22=0,"",AL22*AM22),"") | AQ22: =IF(AND(AO22<>"",AP22<>""),ROUNDUP((AP22-AO22)/7,0),"") | AR22: =IFERROR(IF((AU22-(AI22+AN22))/AQ22=0,"",ROUNDUP((AU22-(AI22+AN22))/AQ22,0)),"") | AS22: =IFERROR(IF((AU22-(AI22+AN22))=0,"",(AU22-(AI22+AN22))),"") | AT22: =IF(AND(AG22="",AQ22=""),AL22,IF(SUM(AG22,AL22,AQ22)=0,"",SUM(AG22,AL22,AQ22))) -> 1 | AV22: 01-AUG-25 | BF22: 4 | BG22: =IF(AD22="","",YEAR(AD22)+IF(MONTH(AD22)>=5,1,0)) -> 2026 | BH22: =IF(AD22="","",IF(AND(MONTH(AD22)=8,DAY(AD22)>=15),"Fall",IF(MONTH(AD22)>8,"Fall",IF(MONTH(AD22)=5,"Summer",IF(MONTH(AD22)=1,"Spring",""))))) | BK22: Burton, Kevin M. | BL22: =IFERROR(INDEX(_names_lookup!$C:$C,MATCH(BK22,_names_lookup!$A:$A,0)),"") -> burtonk@andrews.edu | BM22: =IFERROR(INDEX(_names_lookup!$B:$B,MATCH(BK22,_names_lookup!$A:$A,0)),"") -> 000148286 | BO22: 100 | BS22: =IFERROR(IF(BR22*AA22=0,"",BR22*AA22),"") | BV22: CHIS | CF22: 11-MAY-25 | CG22: A | CH22: 3 | CI22: BL | CL22: MOODL | CQ22: 70 | CR22: 0 | CS22: 0 | CT22: Y | DC22: Y | DP22: 202531
H23: 3278-04 | I23: 3278 | K23: CHIS | L23: 685 | M23: 041 | O23: =IFERROR(INDEX(_courses_lookup!$C:$C,MATCH(K23&L23,_courses_lookup!$E:$E,0)),"") -> Studies in Church History | P23: =IFERROR(INDEX(_courses_lookup!$D:$D,MATCH(K23&L23,_courses_lookup!$E:$E,0)),"") -> 0 | R23: 321 | S23: 0 | X23: Q | Y23: 2,3 | Z23: 3 | AB23: 45 | AC23: PRE | AD23: 07-JUL-25 | AG23: =IF(AND(AE23<>"",AF23<>""),ROUNDUP((AF23-AE23)/7,0),"") | AI23: =IFERROR(IF(AG23*AH23=0,"",AG23*AH23),"") | AJ23: 07-JUL-25 | AK23: 19-JUL-25 | AL23: =IF(AND(AJ23<>"",AK23<>""),ROUNDUP((AK23-AJ23)/7,0),"") -> 2 | AN23: =IFERROR(IF(AL23*AM23=0,"",AL23*AM23),"") | AQ23: =IF(AND(AO23<>"",AP23<>""),ROUNDUP((AP23-AO23)/7,0),"") | AR23: =IFERROR(IF((AU23-(AI23+AN23))/AQ23=0,"",ROUNDUP((AU23-(AI23+AN23))/AQ23,0)),"") | AS23: =IFERROR(IF((AU23-(AI23+AN23))=0,"",(AU23-(AI23+AN23))),"") | AT23: =IF(AND(AG23="",AQ23=""),AL23,IF(SUM(AG23,AL23,AQ23)=0,"",SUM(AG23,AL23,AQ23))) -> 2 | AV23: 01-AUG-25 | BF23: 4 | BG23: =IF(AD23="","",YEAR(AD23)+IF(MONTH(AD23)>=5,1,0)) -> 2026 | BH23: =IF(AD23="","",IF(AND(MONTH(AD23)=8,DAY(AD23)>=15),"Fall",IF(MONTH(AD23)>8,"Fall",IF(MONTH(AD23)=5,"Summer",IF(MONTH(AD23)=1,"Spring",""))))) | BK23: Burton, Kevin M. | BL23: =IFERROR(INDEX(_names_lookup!$C:$C,MATCH(BK23,_names_lookup!$A:$A,0)),"") -> burtonk@andrews.edu | BM23: =IFERROR(INDEX(_names_lookup!$B:$B,MATCH(BK23,_names_lookup!$A:$A,0)),"") -> 000148286 | BO23: 100 | BS23: =IFERROR(IF(BR23*AA23=0,"",BR23*AA23),"") | BV23: CHIS | CF23: 11-MAY-25 | CG23: A | CH23: 3 | CI23: BL | CL23: MOODL | CQ23: 70 | CR23: 0 | CS23: 0 | CT23: Y | DC23: Y | DP23: 202531
H24: 3278-06 | I24: 3278 | K24: CHIS | L24: 685 | M24: 041 | O24: =IFERROR(INDEX(_courses_lookup!$C:$C,MATCH(K24&L24,_courses_lookup!$E:$E,0)),"") -> Studies in Church History | P24: =IFERROR(INDEX(_courses_lookup!$D:$D,MATCH(K24&L24,_courses_lookup!$E:$E,0)),"") -> 0 | R24: 321 | S24: 0 | X24: Q | Y24: 2,3 | Z24: 3 | AB24: 45 | AC24: TOUR | AD24: 07-JUL-25 | AG24: =IF(AND(AE24<>"",AF24<>""),ROUNDUP((AF24-AE24)/7,0),"") | AI24: =IFERROR(IF(AG24*AH24=0,"",AG24*AH24),"") | AJ24: 20-JUL-25 | AK24: 27-JUL-25 | AL24: =IF(AND(AJ24<>"",AK24<>""),ROUNDUP((AK24-AJ24)/7,0),"") -> 1 | AN24: =IFERROR(IF(AL24*AM24=0,"",AL24*AM24),"") | AQ24: =IF(AND(AO24<>"",AP24<>""),ROUNDUP((AP24-AO24)/7,0),"") | AR24: =IFERROR(IF((AU24-(AI24+AN24))/AQ24=0,"",ROUNDUP((AU24-(AI24+AN24))/AQ24,0)),"") | AS24: =IFERROR(IF((AU24-(AI24+AN24))=0,"",(AU24-(AI24+AN24))),"") | AT24: =IF(AND(AG24="",AQ24=""),AL24,IF(SUM(AG24,AL24,AQ24)=0,"",SUM(AG24,AL24,AQ24))) -> 1 | AV24: 01-AUG-25 | BF24: 4 | BG24: =IF(AD24="","",YEAR(AD24)+IF(MONTH(AD24)>=5,1,0)) -> 2026 | BH24: =IF(AD24="","",IF(AND(MONTH(AD24)=8,DAY(AD24)>=15),"Fall",IF(MONTH(AD24)>8,"Fall",IF(MONTH(AD24)=5,"Summer",IF(MONTH(AD24)=1,"Spring",""))))) | BK24: Burton, Kevin M. | BL24: =IFERROR(INDEX(_names_lookup!$C:$C,MATCH(BK24,_names_lookup!$A:$A,0)),"") -> burtonk@andrews.edu | BM24: =IFERROR(INDEX(_names_lookup!$B:$B,MATCH(BK24,_names_lookup!$A:$A,0)),"") -> 000148286 | BO24: 100 | BS24: =IFERROR(IF(BR24*AA24=0,"",BR24*AA24),"") | BV24: CHIS | CF24: 11-MAY-25 | CG24: A | CH24: 3 | CI24: BL | CL24: MOODL | CQ24: 70 | CR24: 0 | CS24: 0 | CT24: Y | DC24: Y | DP24: 202531
H25: 2022-02 | I25: 2022 | K25: CHIS | L25: 690 | M25: 102 | O25: =IFERROR(INDEX(_courses_lookup!$C:$C,MATCH(K25&L25,_courses_lookup!$E:$E,0)),"") -> Ind St: | P25: =IFERROR(INDEX(_courses_lookup!$D:$D,MATCH(K25&L25,_courses_lookup!$E:$E,0)),"") -> 0 | S25: 0 | T25: 7 | X25: 1 | Y25: 1-3 | AB25: 999 | AC25: CLAS | AD25: 12-MAY-25 | AG25: =IF(AND(AE25<>"",AF25<>""),ROUNDUP((AF25-AE25)/7,0),"") | AI25: =IFERROR(IF(AG25*AH25=0,"",AG25*AH25),"") | AJ25: 12-MAY-25 | AK25: 01-AUG-25 | AL25: =IF(AND(AJ25<>"",AK25<>""),ROUNDUP((AK25-AJ25)/7,0),"") -> 12 | AN25: =IFERROR(IF(AL25*AM25=0,"",AL25*AM25),"") | AQ25: =IF(AND(AO25<>"",AP25<>""),ROUNDUP((AP25-AO25)/7,0),"") | AR25: =IFERROR(IF((AU25-(AI25+AN25))/AQ25=0,"",ROUNDUP((AU25-(AI25+AN25))/AQ25,0)),"") | AS25: =IFERROR(IF((AU25-(AI25+AN25))=0,"",(AU25-(AI25+AN25))),"") | AT25: =IF(AND(AG25="",AQ25=""),AL25,IF(SUM(AG25,AL25,AQ25)=0,"",SUM(AG25,AL25,AQ25))) -> 12 | AV25: 01-AUG-25 | BF25: 12 | BG25: =IF(AD25="","",YEAR(AD25)+IF(MONTH(AD25)>=5,1,0)) -> 2026 | BH25: =IF(AD25="","",IF(AND(MONTH(AD25)=8,DAY(AD25)>=15),"Fall",IF(MONTH(AD25)>8,"Fall",IF(MONTH(AD25)=5,"Summer",IF(MONTH(AD25)=1,"Spring",""))))) -> Summer | BK25: Hernandez, Abner F. | BL25: =IFERROR(INDEX(_names_lookup!$C:$C,MATCH(BK25,_names_lookup!$A:$A,0)),"") -> abnerh@andrews.edu | BM25: =IFERROR(INDEX(_names_lookup!$B:$B,MATCH(BK25,_names_lookup!$A:$A,0)),"") -> 000149024 | BO25: 100 | BS25: =IFERROR(IF(BR25*AA25=0,"",BR25*AA25),"") | BV25: CHIS | CF25: 12-MAY-25 | CG25: A | CI25: I | CL25: MOODL | CQ25: 70 | CR25: 0 | CS25: 0 | CT25: Y | DC25: Y | DO25: IT | DP25: 202531
H26: 3404-02 | I26: 3404 | K26: CHIS | L26: 690 | M26: 103 | O26: =IFERROR(INDEX(_courses_lookup!$C:$C,MATCH(K26&L26,_courses_lookup!$E:$E,0)),"") -> Ind St: | P26: =IFERROR(INDEX(_courses_lookup!$D:$D,MATCH(K26&L26,_courses_lookup!$E:$E,0)),"") -> 0 | S26: 0 | X26: 1 | Y26: 1-3 | Z26: 1 | AB26: 25 | AC26: CLAS | AD26: 12-MAY-25 | AG26: =IF(AND(AE26<>"",AF26<>""),ROUNDUP((AF26-AE26)/7,0),"") | AI26: =IFERROR(IF(AG26*AH26=0,"",AG26*AH26),"") | AJ26: 12-MAY-25 | AK26: 01-AUG-25 | AL26: =IF(AND(AJ26<>"",AK26<>""),ROUNDUP((AK26-AJ26)/7,0),"") -> 12 | AN26: =IFERROR(IF(AL26*AM26=0,"",AL26*AM26),"") | AQ26: =IF(AND(AO26<>"",AP26<>""),ROUNDUP((AP26-AO26)/7,0),"") | AR26: =IFERROR(IF((AU26-(AI26+AN26))/AQ26=0,"",ROUNDUP((AU26-(AI26+AN26))/AQ26,0)),"") | AS26: =IFERROR(IF((AU26-(AI26+AN26))=0,"",(AU26-(AI26+AN26))),"") | AT26: =IF(AND(AG26="",AQ26=""),AL26,IF(SUM(AG26,AL26,AQ26)=0,"",SUM(AG26,AL26,AQ26))) -> 12 | AV26: 01-AUG-25 | BF26: 12 | BG26: =IF(AD26="","",YEAR(AD26)+IF(MONTH(AD26)>=5,1,0)) -> 2026 | BH26: =IF(AD26="","",IF(AND(MONTH(AD26)=8,DAY(AD26)>=15),"Fall",IF(MONTH(AD26)>8,"Fall",IF(MONTH(AD26)=5,"Summer",IF(MONTH(AD26)=1,"Spring",""))))) -> Summer | BK26: Kaiser, Denis | BL26: =IFERROR(INDEX(_names_lookup!$C:$C,MATCH(BK26,_names_lookup!$A:$A,0)),"") -> denis@andrews.edu | BM26: =IFERROR(INDEX(_names_lookup!$B:$B,MATCH(BK26,_names_lookup!$A:$A,0)),"") -> 000134382 | BO26: 100 | BS26: =IFERROR(IF(BR26*AA26=0,"",BR26*AA26),"") | BV26: CHIS | CF26: 12-MAY-25 | CG26: A | CH26: 1 | CI26: I | CL26: MOODL | CQ26: 70 | CR26: 2 | CS26: 0 | CT26: Y | DC26: Y | DP26: 202531
H27: 3267-03 | I27: 3267 | K27: CHIS | L27: 624 | M27: 998 | O27: =IFERROR(INDEX(_courses_lookup!$C:$C,MATCH(K27&L27,_courses_lookup!$E:$E,0)),"") -> Issues in Ellen G White Stdies | P27: =IFERROR(INDEX(_courses_lookup!$D:$D,MATCH(K27&L27,_courses_lookup!$E:$E,0)),"") -> 0 | R27: 315 | S27: 7 | V27: SYNC | W27: FP | X27: 2 | Y27: 2,3 | Z27: 2 | AB27: 25 | AC27: CLAS | AD27: 12-MAY-25 | AG27: =IF(AND(AE27<>"",AF27<>""),ROUNDUP((AF27-AE27)/7,0),"") | AI27: =IFERROR(IF(AG27*AH27=0,"",AG27*AH27),"") | AJ27: 12-MAY-25 | AK27: 06-JUN-25 | AL27: =IF(AND(AJ27<>"",AK27<>""),ROUNDUP((AK27-AJ27)/7,0),"") -> 4 | AN27: =IFERROR(IF(AL27*AM27=0,"",AL27*AM27),"") | AQ27: =IF(AND(AO27<>"",AP27<>""),ROUNDUP((AP27-AO27)/7,0),"") | AR27: =IFERROR(IF((AU27-(AI27+AN27))/AQ27=0,"",ROUNDUP((AU27-(AI27+AN27))/AQ27,0)),"") | AS27: =IFERROR(IF((AU27-(AI27+AN27))=0,"",(AU27-(AI27+AN27))),"") | AT27: =IF(AND(AG27="",AQ27=""),AL27,IF(SUM(AG27,AL27,AQ27)=0,"",SUM(AG27,AL27,AQ27))) -> 4 | AV27: 06-JUN-25 | AW27: 1330 | AX27: 1520 | AZ27: M | BA27: T | BB27: W | BC27: R | BF27: 4 | BG27: =IF(AD27="","",YEAR(AD27)+IF(MONTH(AD27)>=5,1,0)) -> 2026 | BH27: =IF(AD27="","",IF(AND(MONTH(AD27)=8,DAY(AD27)>=15),"Fall",IF(MONTH(AD27)>8,"Fall",IF(MONTH(AD27)=5,"Summer",IF(MONTH(AD27)=1,"Spring",""))))) -> Summer | BK27: Garcia Zarate, Heber E. | BL27: =IFERROR(INDEX(_names_lookup!$C:$C,MATCH(BK27,_names_lookup!$A:$A,0)),"") -> heber@andrews.edu | BM27: =IFERROR(INDEX(_names_lookup!$B:$B,MATCH(BK27,_names_lookup!$A:$A,0)),"") -> 000147941 | BO27: 100 | BS27: =IFERROR(IF(BR27*AA27=0,"",BR27*AA27),"") | BV27: CHIS | BZ27: 160 | CA27: ES12 | CB27: BILL | CC27: FP | CE27: 202531 | CF27: 13-MAY-25 | CG27: A | CH27: 2 | CI27: A | CJ27: P-CHIS624 | CL27: MOODL | CQ27: 70 | CR27: 7 | CS27: 0 | CT27: Y | CU27: O | DC27: Y | DP27: 202531 | DQ27: 0
H28: 3267-04 | I28: 3267 | K28: CHIS | L28: 624 | M28: 998 | O28: =IFERROR(INDEX(_courses_lookup!$C:$C,MATCH(K28&L28,_courses_lookup!$E:$E,0)),"") -> Issues in Ellen G White Stdies | P28: =IFERROR(INDEX(_courses_lookup!$D:$D,MATCH(K28&L28,_courses_lookup!$E:$E,0)),"") -> 0 | R28: 315 | S28: 7 | V28: SYNC | W28: FP | X28: 2 | Y28: 2,3 | Z28: 2 | AB28: 25 | AC28: CLAS | AD28: 12-MAY-25 | AG28: =IF(AND(AE28<>"",AF28<>""),ROUNDUP((AF28-AE28)/7,0),"") | AI28: =IFERROR(IF(AG28*AH28=0,"",AG28*AH28),"") | AJ28: 12-MAY-25 | AK28: 06-JUN-25 | AL28: =IF(AND(AJ28<>"",AK28<>""),ROUNDUP((AK28-AJ28)/7,0),"") -> 4 | AN28: =IFERROR(IF(AL28*AM28=0,"",AL28*AM28),"") | AQ28: =IF(AND(AO28<>"",AP28<>""),ROUNDUP((AP28-AO28)/7,0),"") | AR28: =IFERROR(IF((AU28-(AI28+AN28))/AQ28=0,"",ROUNDUP((AU28-(AI28+AN28))/AQ28,0)),"") | AS28: =IFERROR(IF((AU28-(AI28+AN28))=0,"",(AU28-(AI28+AN28))),"") | AT28: =IF(AND(AG28="",AQ28=""),AL28,IF(SUM(AG28,AL28,AQ28)=0,"",SUM(AG28,AL28,AQ28))) -> 4 | AV28: 06-JUN-25 | AW28: 1330 | AX28: 1520 | AZ28: M | BA28: T | BB28: W | BC28: R | BF28: 4 | BG28: =IF(AD28="","",YEAR(AD28)+IF(MONTH(AD28)>=5,1,0)) -> 2026 | BH28: =IF(AD28="","",IF(AND(MONTH(AD28)=8,DAY(AD28)>=15),"Fall",IF(MONTH(AD28)>8,"Fall",IF(MONTH(AD28)=5,"Summer",IF(MONTH(AD28)=1,"Spring",""))))) -> Summer | BK28: Garcia Zarate, Heber E. | BL28: =IFERROR(INDEX(_names_lookup!$C:$C,MATCH(BK28,_names_lookup!$A:$A,0)),"") -> heber@andrews.edu | BM28: =IFERROR(INDEX(_names_lookup!$B:$B,MATCH(BK28,_names_lookup!$A:$A,0)),"") -> 000147941 | BO28: 100 | BS28: =IFERROR(IF(BR28*AA28=0,"",BR28*AA28),"") | BV28: CHIS | BZ28: 160 | CA28: ES12 | CB28: BILL | CC28: FP | CE28: 202531 | CF28: 13-MAY-25 | CG28: A | CH28: 2 | CI28: A | CJ28: P-CHIS624 | CL28: MOODL | CQ28: 70 | CR28: 7 | CS28: 0 | CT28: Y | CU28: O | DC28: Y | DP28: 202531 | DQ28: 7
H29: 3528-06 | I29: 3528 | K29: CHIS | L29: 690 | M29: 041 | O29: =IFERROR(INDEX(_courses_lookup!$C:$C,MATCH(K29&L29,_courses_lookup!$E:$E,0)),"") -> Ind St: | P29: =IFERROR(INDEX(_courses_lookup!$D:$D,MATCH(K29&L29,_courses_lookup!$E:$E,0)),"") -> 0 | S29: 0 | V29: TOUR | W29: DO | X29: 3 | Y29: 1-3 | Z29: 1 | AB29: 25 | AC29: POST | AD29: 09-JUN-25 | AG29: =IF(AND(AE29<>"",AF29<>""),ROUNDUP((AF29-AE29)/7,0),"") | AI29: =IFERROR(IF(AG29*AH29=0,"",AG29*AH29),"") | AJ29: 23-JUN-25 | AK29: 31-JUL-25 | AL29: =IF(AND(AJ29<>"",AK29<>""),ROUNDUP((AK29-AJ29)/7,0),"") -> 6 | AN29: =IFERROR(IF(AL29*AM29=0,"",AL29*AM29),"") | AQ29: =IF(AND(AO29<>"",AP29<>""),ROUNDUP((AP29-AO29)/7,0),"") | AR29: =IFERROR(IF((AU29-(AI29+AN29))/AQ29=0,"",ROUNDUP((AU29-(AI29+AN29))/AQ29,0)),"") | AS29: =IFERROR(IF((AU29-(AI29+AN29))=0,"",(AU29-(AI29+AN29))),"") | AT29: =IF(AND(AG29="",AQ29=""),AL29,IF(SUM(AG29,AL29,AQ29)=0,"",SUM(AG29,AL29,AQ29))) -> 6 | AV29: 31-JUL-25 | BF29: 4 | BG29: =IF(AD29="","",YEAR(AD29)+IF(MONTH(AD29)>=5,1,0)) -> 2026 | BH29: =IF(AD29="","",IF(AND(MONTH(AD29)=8,DAY(AD29)>=15),"Fall",IF(MONTH(AD29)>8,"Fall",IF(MONTH(AD29)=5,"Summer",IF(MONTH(AD29)=1,"Spring",""))))) | BK29: Hernandez, Abner F. | BL29: =IFERROR(INDEX(_names_lookup!$C:$C,MATCH(BK29,_names_lookup!$A:$A,0)),"") -> abnerh@andrews.edu | BM29: =IFERROR(INDEX(_names_lookup!$B:$B,MATCH(BK29,_names_lookup!$A:$A,0)),"") -> 000149024 | BO29: 100 | BS29: =IFERROR(IF(BR29*AA29=0,"",BR29*AA29),"") | BV29: CHIS | BZ29: -922 | CA29: ESM1 | CB29: BILL | CC29: MA | CE29: 202531 | CF29: 21-MAY-25 | CG29: A | CH29: 1 | CI29: I | CL29: MOODL | CQ29: 70 | CR29: 1 | CS29: 0 | CT29: Y | DC29: Y | DK29: 70 | DP29: 202531
H30: 3528-07 | I30: 3528 | K30: CHIS | L30: 690 | M30: 041 | O30: =IFERROR(INDEX(_courses_lookup!$C:$C,MATCH(K30&L30,_courses_lookup!$E:$E,0)),"") -> Ind St: | P30: =IFERROR(INDEX(_courses_lookup!$D:$D,MATCH(K30&L30,_courses_lookup!$E:$E,0)),"") -> 0 | S30: 0 | V30: TOUR | W30: MA | X30: 3 | Y30: 1-3 | Z30: 1 | AB30: 25 | AC30: POST | AD30: 09-JUN-25 | AG30: =IF(AND(AE30<>"",AF30<>""),ROUNDUP((AF30-AE30)/7,0),"") | AI30: =IFERROR(IF(AG30*AH30=0,"",AG30*AH30),"") | AJ30: 23-JUN-25 | AK30: 31-JUL-25 | AL30: =IF(AND(AJ30<>"",AK30<>""),ROUNDUP((AK30-AJ30)/7,0),"") -> 6 | AN30: =IFERROR(IF(AL30*AM30=0,"",AL30*AM30),"") | AQ30: =IF(AND(AO30<>"",AP30<>""),ROUNDUP((AP30-AO30)/7,0),"") | AR30: =IFERROR(IF((AU30-(AI30+AN30))/AQ30=0,"",ROUNDUP((AU30-(AI30+AN30))/AQ30,0)),"") | AS30: =IFERROR(IF((AU30-(AI30+AN30))=0,"",(AU30-(AI30+AN30))),"") | AT30: =IF(AND(AG30="",AQ30=""),AL30,IF(SUM(AG30,AL30,AQ30)=0,"",SUM(AG30,AL30,AQ30))) -> 6 | AV30: 31-JUL-25 | BF30: 4 | BG30: =IF(AD30="","",YEAR(AD30)+IF(MONTH(AD30)>=5,1,0)) -> 2026 | BH30: =IF(AD30="","",IF(AND(MONTH(AD30)=8,DAY(AD30)>=15),"Fall",IF(MONTH(AD30)>8,"Fall",IF(MONTH(AD30)=5,"Summer",IF(MONTH(AD30)=1,"Spring",""))))) | BK30: Hernandez, Abner F. | BL30: =IFERROR(INDEX(_names_lookup!$C:$C,MATCH(BK30,_names_lookup!$A:$A,0)),"") -> abnerh@andrews.edu | BM30: =IFERROR(INDEX(_names_lookup!$B:$B,MATCH(BK30,_names_lookup!$A:$A,0)),"") -> 000149024 | BO30: 100 | BS30: =IFERROR(IF(BR30*AA30=0,"",BR30*AA30),"") | BV30: CHIS | BZ30: -633 | CA30: EAR2 | CB30: BILL | CC30: MA | CE30: 202531 | CF30: 21-MAY-25 | CG30: A | CH30: 1 | CI30: I | CL30: MOODL | CQ30: 70 | CR30: 1 | CS30: 0 | CT30: Y | DC30: Y | DN30: MAJOR | DP30: 202531
H31: 3528-08 | I31: 3528 | K31: CHIS | L31: 690 | M31: 041 | O31: =IFERROR(INDEX(_courses_lookup!$C:$C,MATCH(K31&L31,_courses_lookup!$E:$E,0)),"") -> Ind St: | P31: =IFERROR(INDEX(_courses_lookup!$D:$D,MATCH(K31&L31,_courses_lookup!$E:$E,0)),"") -> 0 | S31: 0 | V31: TOUR | W31: MA | X31: 3 | Y31: 1-3 | Z31: 1 | AB31: 25 | AC31: POST | AD31: 09-JUN-25 | AG31: =IF(AND(AE31<>"",AF31<>""),ROUNDUP((AF31-AE31)/7,0),"") | AI31: =IFERROR(IF(AG31*AH31=0,"",AG31*AH31),"") | AJ31: 23-JUN-25 | AK31: 31-JUL-25 | AL31: =IF(AND(AJ31<>"",AK31<>""),ROUNDUP((AK31-AJ31)/7,0),"") -> 6 | AN31: =IFERROR(IF(AL31*AM31=0,"",AL31*AM31),"") | AQ31: =IF(AND(AO31<>"",AP31<>""),ROUNDUP((AP31-AO31)/7,0),"") | AR31: =IFERROR(IF((AU31-(AI31+AN31))/AQ31=0,"",ROUNDUP((AU31-(AI31+AN31))/AQ31,0)),"") | AS31: =IFERROR(IF((AU31-(AI31+AN31))=0,"",(AU31-(AI31+AN31))),"") | AT31: =IF(AND(AG31="",AQ31=""),AL31,IF(SUM(AG31,AL31,AQ31)=0,"",SUM(AG31,AL31,AQ31))) -> 6 | AV31: 31-JUL-25 | BF31: 4 | BG31: =IF(AD31="","",YEAR(AD31)+IF(MONTH(AD31)>=5,1,0)) -> 2026 | BH31: =IF(AD31="","",IF(AND(MONTH(AD31)=8,DAY(AD31)>=15),"Fall",IF(MONTH(AD31)>8,"Fall",IF(MONTH(AD31)=5,"Summer",IF(MONTH(AD31)=1,"Spring",""))))) | BK31: Hernandez, Abner F. | BL31: =IFERROR(INDEX(_names_lookup!$C:$C,MATCH(BK31,_names_lookup!$A:$A,0)),"") -> abnerh@andrews.edu | BM31: =IFERROR(INDEX(_names_lookup!$B:$B,MATCH(BK31,_names_lookup!$A:$A,0)),"") -> 000149024 | BO31: 100 | BS31: =IFERROR(IF(BR31*AA31=0,"",BR31*AA31),"") | BV31: CHIS | BZ31: -633 | CA31: ESM3 | CB31: BILL | CC31: MA | CE31: 202531 | CF31: 21-MAY-25 | CG31: A | CH31: 1 | CI31: I | CL31: MOODL | CQ31: 70 | CR31: 1 | CS31: 0 | CT31: Y | DC31: Y | DL31: MSCID | DP31: 202531
H32: 3528-09 | I32: 3528 | K32: CHIS | L32: 690 | M32: 041 | O32: =IFERROR(INDEX(_courses_lookup!$C:$C,MATCH(K32&L32,_courses_lookup!$E:$E,0)),"") -> Ind St: | P32: =IFERROR(INDEX(_courses_lookup!$D:$D,MATCH(K32&L32,_courses_lookup!$E:$E,0)),"") -> 0 | S32: 0 | V32: TOUR | W32: MA | X32: 3 | Y32: 1-3 | Z32: 1 | AB32: 25 | AC32: POST | AD32: 09-JUN-25 | AG32: =IF(AND(AE32<>"",AF32<>""),ROUNDUP((AF32-AE32)/7,0),"") | AI32: =IFERROR(IF(AG32*AH32=0,"",AG32*AH32),"") | AJ32: 23-JUN-25 | AK32: 31-JUL-25 | AL32: =IF(AND(AJ32<>"",AK32<>""),ROUNDUP((AK32-AJ32)/7,0),"") -> 6 | AN32: =IFERROR(IF(AL32*AM32=0,"",AL32*AM32),"") | AQ32: =IF(AND(AO32<>"",AP32<>""),ROUNDUP((AP32-AO32)/7,0),"") | AR32: =IFERROR(IF((AU32-(AI32+AN32))/AQ32=0,"",ROUNDUP((AU32-(AI32+AN32))/AQ32,0)),"") | AS32: =IFERROR(IF((AU32-(AI32+AN32))=0,"",(AU32-(AI32+AN32))),"") | AT32: =IF(AND(AG32="",AQ32=""),AL32,IF(SUM(AG32,AL32,AQ32)=0,"",SUM(AG32,AL32,AQ32))) -> 6 | AV32: 31-JUL-25 | BF32: 4 | BG32: =IF(AD32="","",YEAR(AD32)+IF(MONTH(AD32)>=5,1,0)) -> 2026 | BH32: =IF(AD32="","",IF(AND(MONTH(AD32)=8,DAY(AD32)>=15),"Fall",IF(MONTH(AD32)>8,"Fall",IF(MONTH(AD32)=5,"Summer",IF(MONTH(AD32)=1,"Spring",""))))) | BK32: Hernandez, Abner F. | BL32: =IFERROR(INDEX(_names_lookup!$C:$C,MATCH(BK32,_names_lookup!$A:$A,0)),"") -> abnerh@andrews.edu | BM32: =IFERROR(INDEX(_names_lookup!$B:$B,MATCH(BK32,_names_lookup!$A:$A,0)),"") -> 000149024 | BO32: 100 | BS32: =IFERROR(IF(BR32*AA32=0,"",BR32*AA32),"") | BV32: CHIS | BZ32: -633 | CA32: ESM4 | CB32: BILL | CC32: MA | CE32: 202531 | CF32: 21-MAY-25 | CG32: A | CH32: 1 | CI32: I | CL32: MOODL | CQ32: 70 | CR32: 1 | CS32: 0 | CT32: Y | DC32: Y | DN32: MAJOR | DP32: 202531
H33: 3528-10 | I33: 3528 | K33: CHIS | L33: 690 | M33: 041 | O33: =IFERROR(INDEX(_courses_lookup!$C:$C,MATCH(K33&L33,_courses_lookup!$E:$E,0)),"") -> Ind St: | P33: =IFERROR(INDEX(_courses_lookup!$D:$D,MATCH(K33&L33,_courses_lookup!$E:$E,0)),"") -> 0 | S33: 0 | V33: TOUR | X33: 3 | Y33: 1-3 | Z33: 1 | AB33: 25 | AC33: POST | AD33: 09-JUN-25 | AG33: =IF(AND(AE33<>"",AF33<>""),ROUNDUP((AF33-AE33)/7,0),"") | AI33: =IFERROR(IF(AG33*AH33=0,"",AG33*AH33),"") | AJ33: 23-JUN-25 | AK33: 31-JUL-25 | AL33: =IF(AND(AJ33<>"",AK33<>""),ROUNDUP((AK33-AJ33)/7,0),"") -> 6 | AN33: =IFERROR(IF(AL33*AM33=0,"",AL33*AM33),"") | AQ33: =IF(AND(AO33<>"",AP33<>""),ROUNDUP((AP33-AO33)/7,0),"") | AR33: =IFERROR(IF((AU33-(AI33+AN33))/AQ33=0,"",ROUNDUP((AU33-(AI33+AN33))/AQ33,0)),"") | AS33: =IFERROR(IF((AU33-(AI33+AN33))=0,"",(AU33-(AI33+AN33))),"") | AT33: =IF(AND(AG33="",AQ33=""),AL33,IF(SUM(AG33,AL33,AQ33)=0,"",SUM(AG33,AL33,AQ33))) -> 6 | AV33: 31-JUL-25 | BF33: 4 | BG33: =IF(AD33="","",YEAR(AD33)+IF(MONTH(AD33)>=5,1,0)) -> 2026 | BH33: =IF(AD33="","",IF(AND(MONTH(AD33)=8,DAY(AD33)>=15),"Fall",IF(MONTH(AD33)>8,"Fall",IF(MONTH(AD33)=5,"Summer",IF(MONTH(AD33)=1,"Spring",""))))) | BK33: Hernandez, Abner F. | BL33: =IFERROR(INDEX(_names_lookup!$C:$C,MATCH(BK33,_names_lookup!$A:$A,0)),"") -> abnerh@andrews.edu | BM33: =IFERROR(INDEX(_names_lookup!$B:$B,MATCH(BK33,_names_lookup!$A:$A,0)),"") -> 000149024 | BO33: 100 | BS33: =IFERROR(IF(BR33*AA33=0,"",BR33*AA33),"") | BV33: CHIS | BZ33: 1267 | CA33: ESTM | CB33: BILL | CC33: MA | CE33: 202531 | CF33: 21-MAY-25 | CG33: A | CH33: 1 | CI33: I | CL33: MOODL | CQ33: 70 | CR33: 1 | CS33: 0 | CT33: Y | DC33: Y | DP33: 202531
H34: 3528-16 | I34: 3528 | K34: CHIS | L34: 690 | M34: 041 | O34: =IFERROR(INDEX(_courses_lookup!$C:$C,MATCH(K34&L34,_courses_lookup!$E:$E,0)),"") -> Ind St: | P34: =IFERROR(INDEX(_courses_lookup!$D:$D,MATCH(K34&L34,_courses_lookup!$E:$E,0)),"") -> 0 | S34: 0 | V34: TOUR | W34: DO | X34: 3 | Y34: 1-3 | Z34: 1 | AB34: 25 | AC34: TOUR | AD34: 09-JUN-25 | AG34: =IF(AND(AE34<>"",AF34<>""),ROUNDUP((AF34-AE34)/7,0),"") | AI34: =IFERROR(IF(AG34*AH34=0,"",AG34*AH34),"") | AJ34: 09-JUN-25 | AK34: 22-JUN-25 | AL34: =IF(AND(AJ34<>"",AK34<>""),ROUNDUP((AK34-AJ34)/7,0),"") -> 2 | AN34: =IFERROR(IF(AL34*AM34=0,"",AL34*AM34),"") | AQ34: =IF(AND(AO34<>"",AP34<>""),ROUNDUP((AP34-AO34)/7,0),"") | AR34: =IFERROR(IF((AU34-(AI34+AN34))/AQ34=0,"",ROUNDUP((AU34-(AI34+AN34))/AQ34,0)),"") | AS34: =IFERROR(IF((AU34-(AI34+AN34))=0,"",(AU34-(AI34+AN34))),"") | AT34: =IF(AND(AG34="",AQ34=""),AL34,IF(SUM(AG34,AL34,AQ34)=0,"",SUM(AG34,AL34,AQ34))) -> 2 | AV34: 31-JUL-25 | BF34: 4 | BG34: =IF(AD34="","",YEAR(AD34)+IF(MONTH(AD34)>=5,1,0)) -> 2026 | BH34: =IF(AD34="","",IF(AND(MONTH(AD34)=8,DAY(AD34)>=15),"Fall",IF(MONTH(AD34)>8,"Fall",IF(MONTH(AD34)=5,"Summer",IF(MONTH(AD34)=1,"Spring",""))))) | BK34: Hernandez, Abner F. | BL34: =IFERROR(INDEX(_names_lookup!$C:$C,MATCH(BK34,_names_lookup!$A:$A,0)),"") -> abnerh@andrews.edu | BM34: =IFERROR(INDEX(_names_lookup!$B:$B,MATCH(BK34,_names_lookup!$A:$A,0)),"") -> 000149024 | BO34: 100 | BS34: =IFERROR(IF(BR34*AA34=0,"",BR34*AA34),"") | BV34: CHIS | BZ34: -922 | CA34: ESM1 | CB34: BILL | CC34: MA | CE34: 202531 | CF34: 21-MAY-25 | CG34: A | CH34: 1 | CI34: I | CL34: MOODL | CQ34: 70 | CR34: 1 | CS34: 0 | CT34: Y | DC34: Y | DK34: 70 | DP34: 202531
H35: 3528-17 | I35: 3528 | K35: CHIS | L35: 690 | M35: 041 | O35: =IFERROR(INDEX(_courses_lookup!$C:$C,MATCH(K35&L35,_courses_lookup!$E:$E,0)),"") -> Ind St: | P35: =IFERROR(INDEX(_courses_lookup!$D:$D,MATCH(K35&L35,_courses_lookup!$E:$E,0)),"") -> 0 | S35: 0 | V35: TOUR | W35: MA | X35: 3 | Y35: 1-3 | Z35: 1 | AB35: 25 | AC35: TOUR | AD35: 09-JUN-25 | AG35: =IF(AND(AE35<>"",AF35<>""),ROUNDUP((AF35-AE35)/7,0),"") | AI35: =IFERROR(IF(AG35*AH35=0,"",AG35*AH35),"") | AJ35: 09-JUN-25 | AK35: 22-JUN-25 | AL35: =IF(AND(AJ35<>"",AK35<>""),ROUNDUP((AK35-AJ35)/7,0),"") -> 2 | AN35: =IFERROR(IF(AL35*AM35=0,"",AL35*AM35),"") | AQ35: =IF(AND(AO35<>"",AP35<>""),ROUNDUP((AP35-AO35)/7,0),"") | AR35: =IFERROR(IF((AU35-(AI35+AN35))/AQ35=0,"",ROUNDUP((AU35-(AI35+AN35))/AQ35,0)),"") | AS35: =IFERROR(IF((AU35-(AI35+AN35))=0,"",(AU35-(AI35+AN35))),"") | AT35: =IF(AND(AG35="",AQ35=""),AL35,IF(SUM(AG35,AL35,AQ35)=0,"",SUM(AG35,AL35,AQ35))) -> 2 | AV35: 31-JUL-25 | BF35: 4 | BG35: =IF(AD35="","",YEAR(AD35)+IF(MONTH(AD35)>=5,1,0)) -> 2026 | BH35: =IF(AD35="","",IF(AND(MONTH(AD35)=8,DAY(AD35)>=15),"Fall",IF(MONTH(AD35)>8,"Fall",IF(MONTH(AD35)=5,"Summer",IF(MONTH(AD35)=1,"Spring",""))))) | BK35: Hernandez, Abner F. | BL35: =IFERROR(INDEX(_names_lookup!$C:$C,MATCH(BK35,_names_lookup!$A:$A,0)),"") -> abnerh@andrews.edu | BM35: =IFERROR(INDEX(_names_lookup!$B:$B,MATCH(BK35,_names_lookup!$A:$A,0)),"") -> 000149024 | BO35: 100 | BS35: =IFERROR(IF(BR35*AA35=0,"",BR35*AA35),"") | BV35: CHIS | BZ35: -633 | CA35: EAR2 | CB35: BILL | CC35: MA | CE35: 202531 | CF35: 21-MAY-25 | CG35: A | CH35: 1 | CI35: I | CL35: MOODL | CQ35: 70 | CR35: 1 | CS35: 0 | CT35: Y | DC35: Y | DN35: MAJOR | DP35: 202531
H36: 3528-18 | I36: 3528 | K36: CHIS | L36: 690 | M36: 041 | O36: =IFERROR(INDEX(_courses_lookup!$C:$C,MATCH(K36&L36,_courses_lookup!$E:$E,0)),"") -> Ind St: | P36: =IFERROR(INDEX(_courses_lookup!$D:$D,MATCH(K36&L36,_courses_lookup!$E:$E,0)),"") -> 0 | S36: 0 | V36: TOUR | W36: MA | X36: 3 | Y36: 1-3 | Z36: 1 | AB36: 25 | AC36: TOUR | AD36: 09-JUN-25 | AG36: =IF(AND(AE36<>"",AF36<>""),ROUNDUP((AF36-AE36)/7,0),"") | AI36: =IFERROR(IF(AG36*AH36=0,"",AG36*AH36),"") | AJ36: 09-JUN-25 | AK36: 22-JUN-25 | AL36: =IF(AND(AJ36<>"",AK36<>""),ROUNDUP((AK36-AJ36)/7,0),"") -> 2 | AN36: =IFERROR(IF(AL36*AM36=0,"",AL36*AM36),"") | AQ36: =IF(AND(AO36<>"",AP36<>""),ROUNDUP((AP36-AO36)/7,0),"") | AR36: =IFERROR(IF((AU36-(AI36+AN36))/AQ36=0,"",ROUNDUP((AU36-(AI36+AN36))/AQ36,0)),"") | AS36: =IFERROR(IF((AU36-(AI36+AN36))=0,"",(AU36-(AI36+AN36))),"") | AT36: =IF(AND(AG36="",AQ36=""),AL36,IF(SUM(AG36,AL36,AQ36)=0,"",SUM(AG36,AL36,AQ36))) -> 2 | AV36: 31-JUL-25 | BF36: 4 | BG36: =IF(AD36="","",YEAR(AD36)+IF(MONTH(AD36)>=5,1,0)) -> 2026 | BH36: =IF(AD36="","",IF(AND(MONTH(AD36)=8,DAY(AD36)>=15),"Fall",IF(MONTH(AD36)>8,"Fall",IF(MONTH(AD36)=5,"Summer",IF(MONTH(AD36)=1,"Spring",""))))) | BK36: Hernandez, Abner F. | BL36: =IFERROR(INDEX(_names_lookup!$C:$C,MATCH(BK36,_names_lookup!$A:$A,0)),"") -> abnerh@andrews.edu | BM36: =IFERROR(INDEX(_names_lookup!$B:$B,MATCH(BK36,_names_lookup!$A:$A,0)),"") -> 000149024 | BO36: 100 | BS36: =IFERROR(IF(BR36*AA36=0,"",BR36*AA36),"") | BV36: CHIS | BZ36: -633 | CA36: ESM3 | CB36: BILL | CC36: MA | CE36: 202531 | CF36: 21-MAY-25 | CG36: A | CH36: 1 | CI36: I | CL36: MOODL | CQ36: 70 | CR36: 1 | CS36: 0 | CT36: Y | DC36: Y | DL36: MSCID | DP36: 202531
H37: 3528-19 | I37: 3528 | K37: CHIS | L37: 690 | M37: 041 | O37: =IFERROR(INDEX(_courses_lookup!$C:$C,MATCH(K37&L37,_courses_lookup!$E:$E,0)),"") -> Ind St: | P37: =IFERROR(INDEX(_courses_lookup!$D:$D,MATCH(K37&L37,_courses_lookup!$E:$E,0)),"") -> 0 | S37: 0 | V37: TOUR | W37: MA | X37: 3 | Y37: 1-3 | Z37: 1 | AB37: 25 | AC37: TOUR | AD37: 09-JUN-25 | AG37: =IF(AND(AE37<>"",AF37<>""),ROUNDUP((AF37-AE37)/7,0),"") | AI37: =IFERROR(IF(AG37*AH37=0,"",AG37*AH37),"") | AJ37: 09-JUN-25 | AK37: 22-JUN-25 | AL37: =IF(AND(AJ37<>"",AK37<>""),ROUNDUP((AK37-AJ37)/7,0),"") -> 2 | AN37: =IFERROR(IF(AL37*AM37=0,"",AL37*AM37),"") | AQ37: =IF(AND(AO37<>"",AP37<>""),ROUNDUP((AP37-AO37)/7,0),"") | AR37: =IFERROR(IF((AU37-(AI37+AN37))/AQ37=0,"",ROUNDUP((AU37-(AI37+AN37))/AQ37,0)),"") | AS37: =IFERROR(IF((AU37-(AI37+AN37))=0,"",(AU37-(AI37+AN37))),"") | AT37: =IF(AND(AG37="",AQ37=""),AL37,IF(SUM(AG37,AL37,AQ37)=0,"",SUM(AG37,AL37,AQ37))) -> 2 | AV37: 31-JUL-25 | BF37: 4 | BG37: =IF(AD37="","",YEAR(AD37)+IF(MONTH(AD37)>=5,1,0)) -> 2026 | BH37: =IF(AD37="","",IF(AND(MONTH(AD37)=8,DAY(AD37)>=15),"Fall",IF(MONTH(AD37)>8,"Fall",IF(MONTH(AD37)=5,"Summer",IF(MONTH(AD37)=1,"Spring",""))))) | BK37: Hernandez, Abner F. | BL37: =IFERROR(INDEX(_names_lookup!$C:$C,MATCH(BK37,_names_lookup!$A:$A,0)),"") -> abnerh@andrews.edu | BM37: =IFERROR(INDEX(_names_lookup!$B:$B,MATCH(BK37,_names_lookup!$A:$A,0)),"") -> 000149024 | BO37: 100 | BS37: =IFERROR(IF(BR37*AA37=0,"",BR37*AA37),"") | BV37: CHIS | BZ37: -633 | CA37: ESM4 | CB37: BILL | CC37: MA | CE37: 202531 | CF37: 21-MAY-25 | CG37: A | CH37: 1 | CI37: I | CL37: MOODL | CQ37: 70 | CR37: 1 | CS37: 0 | CT37: Y | DC37: Y | DN37: MAJOR | DP37: 202531
H38: 3528-20 | I38: 3528 | K38: CHIS | L38: 690 | M38: 041 | O38: =IFERROR(INDEX(_courses_lookup!$C:$C,MATCH(K38&L38,_courses_lookup!$E:$E,0)),"") -> Ind St: | P38: =IFERROR(INDEX(_courses_lookup!$D:$D,MATCH(K38&L38,_courses_lookup!$E:$E,0)),"") -> 0 | S38: 0 | V38: TOUR | X38: 3 | Y38: 1-3 | Z38: 1 | AB38: 25 | AC38: TOUR | AD38: 09-JUN-25 | AG38: =IF(AND(AE38<>"",AF38<>""),ROUNDUP((AF38-AE38)/7,0),"") | AI38: =IFERROR(IF(AG38*AH38=0,"",AG38*AH38),"") | AJ38: 09-JUN-25 | AK38: 22-JUN-25 | AL38: =IF(AND(AJ38<>"",AK38<>""),ROUNDUP((AK38-AJ38)/7,0),"") -> 2 | AN38: =IFERROR(IF(AL38*AM38=0,"",AL38*AM38),"") | AQ38: =IF(AND(AO38<>"",AP38<>""),ROUNDUP((AP38-AO38)/7,0),"") | AR38: =IFERROR(IF((AU38-(AI38+AN38))/AQ38=0,"",ROUNDUP((AU38-(AI38+AN38))/AQ38,0)),"") | AS38: =IFERROR(IF((AU38-(AI38+AN38))=0,"",(AU38-(AI38+AN38))),"") | AT38: =IF(AND(AG38="",AQ38=""),AL38,IF(SUM(AG38,AL38,AQ38)=0,"",SUM(AG38,AL38,AQ38))) -> 2 | AV38: 31-JUL-25 | BF38: 4 | BG38: =IF(AD38="","",YEAR(AD38)+IF(MONTH(AD38)>=5,1,0)) -> 2026 | BH38: =IF(AD38="","",IF(AND(MONTH(AD38)=8,DAY(AD38)>=15),"Fall",IF(MONTH(AD38)>8,"Fall",IF(MONTH(AD38)=5,"Summer",IF(MONTH(AD38)=1,"Spring",""))))) | BK38: Hernandez, Abner F. | BL38: =IFERROR(INDEX(_names_lookup!$C:$C,MATCH(BK38,_names_lookup!$A:$A,0)),"") -> abnerh@andrews.edu | BM38: =IFERROR(INDEX(_names_lookup!$B:$B,MATCH(BK38,_names_lookup!$A:$A,0)),"") -> 000149024 | BO38: 100 | BS38: =IFERROR(IF(BR38*AA38=0,"",BR38*AA38),"") | BV38: CHIS | BZ38: 1267 | CA38: ESTM | CB38: BILL | CC38: MA | CE38: 202531 | CF38: 21-MAY-25 | CG38: A | CH38: 1 | CI38: I | CL38: MOODL | CQ38: 70 | CR38: 1 | CS38: 0 | CT38: Y | DC38: Y | DP38: 202531
H39: 3274-02 | I39: 3274 | K39: CHIS | L39: 674 | M39: 041 | O39: =IFERROR(INDEX(_courses_lookup!$C:$C,MATCH(K39&L39,_courses_lookup!$E:$E,0)),"") -> Development SDA Theology | P39: =IFERROR(INDEX(_courses_lookup!$D:$D,MATCH(K39&L39,_courses_lookup!$E:$E,0)),"") -> 0 | R39: 319 | S39: 0 | X39: W | Y39: 2,3 | Z39: 2 | AB39: 25 | AC39: POST | AD39: 09-JUN-25 | AG39: =IF(AND(AE39<>"",AF39<>""),ROUNDUP((AF39-AE39)/7,0),"") | AI39: =IFERROR(IF(AG39*AH39=0,"",AG39*AH39),"") | AJ39: 23-JUN-25 | AK39: 31-JUL-25 | AL39: =IF(AND(AJ39<>"",AK39<>""),ROUNDUP((AK39-AJ39)/7,0),"") -> 6 | AN39: =IFERROR(IF(AL39*AM39=0,"",AL39*AM39),"") | AQ39: =IF(AND(AO39<>"",AP39<>""),ROUNDUP((AP39-AO39)/7,0),"") | AR39: =IFERROR(IF((AU39-(AI39+AN39))/AQ39=0,"",ROUNDUP((AU39-(AI39+AN39))/AQ39,0)),"") | AS39: =IFERROR(IF((AU39-(AI39+AN39))=0,"",(AU39-(AI39+AN39))),"") | AT39: =IF(AND(AG39="",AQ39=""),AL39,IF(SUM(AG39,AL39,AQ39)=0,"",SUM(AG39,AL39,AQ39))) -> 6 | AV39: 01-AUG-25 | BF39: 8 | BG39: =IF(AD39="","",YEAR(AD39)+IF(MONTH(AD39)>=5,1,0)) -> 2026 | BH39: =IF(AD39="","",IF(AND(MONTH(AD39)=8,DAY(AD39)>=15),"Fall",IF(MONTH(AD39)>8,"Fall",IF(MONTH(AD39)=5,"Summer",IF(MONTH(AD39)=1,"Spring",""))))) | BK39: Hernandez, Abner F. | BL39: =IFERROR(INDEX(_names_lookup!$C:$C,MATCH(BK39,_names_lookup!$A:$A,0)),"") -> abnerh@andrews.edu | BM39: =IFERROR(INDEX(_names_lookup!$B:$B,MATCH(BK39,_names_lookup!$A:$A,0)),"") -> 000149024 | BO39: 100 | BS39: =IFERROR(IF(BR39*AA39=0,"",BR39*AA39),"") | BV39: CHIS | CF39: 27-MAY-25 | CG39: A | CH39: 2 | CI39: BL | CJ39: P-CHIS674 | CL39: MOODL | CN39: ADVN,THEO | CQ39: 70 | CR39: 0 | CS39: 0 | CT39: Y | DC39: Y | DP39: 202531
H40: 3274-04 | I40: 3274 | K40: CHIS | L40: 674 | M40: 041 | O40: =IFERROR(INDEX(_courses_lookup!$C:$C,MATCH(K40&L40,_courses_lookup!$E:$E,0)),"") -> Development SDA Theology | P40: =IFERROR(INDEX(_courses_lookup!$D:$D,MATCH(K40&L40,_courses_lookup!$E:$E,0)),"") -> 0 | R40: 319 | S40: 0 | X40: W | Y40: 2,3 | Z40: 2 | AB40: 25 | AC40: TOUR | AD40: 09-JUN-25 | AG40: =IF(AND(AE40<>"",AF40<>""),ROUNDUP((AF40-AE40)/7,0),"") | AI40: =IFERROR(IF(AG40*AH40=0,"",AG40*AH40),"") | AJ40: 09-JUN-25 | AK40: 22-JUN-25 | AL40: =IF(AND(AJ40<>"",AK40<>""),ROUNDUP((AK40-AJ40)/7,0),"") -> 2 | AN40: =IFERROR(IF(AL40*AM40=0,"",AL40*AM40),"") | AQ40: =IF(AND(AO40<>"",AP40<>""),ROUNDUP((AP40-AO40)/7,0),"") | AR40: =IFERROR(IF((AU40-(AI40+AN40))/AQ40=0,"",ROUNDUP((AU40-(AI40+AN40))/AQ40,0)),"") | AS40: =IFERROR(IF((AU40-(AI40+AN40))=0,"",(AU40-(AI40+AN40))),"") | AT40: =IF(AND(AG40="",AQ40=""),AL40,IF(SUM(AG40,AL40,AQ40)=0,"",SUM(AG40,AL40,AQ40))) -> 2 | AV40: 01-AUG-25 | BF40: 8 | BG40: =IF(AD40="","",YEAR(AD40)+IF(MONTH(AD40)>=5,1,0)) -> 2026 | BH40: =IF(AD40="","",IF(AND(MONTH(AD40)=8,DAY(AD40)>=15),"Fall",IF(MONTH(AD40)>8,"Fall",IF(MONTH(AD40)=5,"Summer",IF(MONTH(AD40)=1,"Spring",""))))) | BK40: Hernandez, Abner F. | BL40: =IFERROR(INDEX(_names_lookup!$C:$C,MATCH(BK40,_names_lookup!$A:$A,0)),"") -> abnerh@andrews.edu | BM40: =IFERROR(INDEX(_names_lookup!$B:$B,MATCH(BK40,_names_lookup!$A:$A,0)),"") -> 000149024 | BO40: 100 | BS40: =IFERROR(IF(BR40*AA40=0,"",BR40*AA40),"") | BV40: CHIS | CF40: 27-MAY-25 | CG40: A | CH40: 2 | CI40: BL | CJ40: P-CHIS674 | CL40: MOODL | CN40: ADVN,THEO | CQ40: 70 | CR40: 0 | CS40: 0 | CT40: Y | DC40: Y | DP40: 202531
H41: 3275-02 | I41: 3275 | K41: CHIS | L41: 674 | M41: 042 | O41: =IFERROR(INDEX(_courses_lookup!$C:$C,MATCH(K41&L41,_courses_lookup!$E:$E,0)),"") -> Development SDA Theology | P41: =IFERROR(INDEX(_courses_lookup!$D:$D,MATCH(K41&L41,_courses_lookup!$E:$E,0)),"") -> 0 | R41: 319 | S41: 0 | X41: W | Y41: 2,3 | Z41: 3 | AB41: 25 | AC41: POST | AD41: 09-JUN-25 | AG41: =IF(AND(AE41<>"",AF41<>""),ROUNDUP((AF41-AE41)/7,0),"") | AI41: =IFERROR(IF(AG41*AH41=0,"",AG41*AH41),"") | AJ41: 23-JUN-25 | AK41: 31-JUL-25 | AL41: =IF(AND(AJ41<>"",AK41<>""),ROUNDUP((AK41-AJ41)/7,0),"") -> 6 | AN41: =IFERROR(IF(AL41*AM41=0,"",AL41*AM41),"") | AQ41: =IF(AND(AO41<>"",AP41<>""),ROUNDUP((AP41-AO41)/7,0),"") | AR41: =IFERROR(IF((AU41-(AI41+AN41))/AQ41=0,"",ROUNDUP((AU41-(AI41+AN41))/AQ41,0)),"") | AS41: =IFERROR(IF((AU41-(AI41+AN41))=0,"",(AU41-(AI41+AN41))),"") | AT41: =IF(AND(AG41="",AQ41=""),AL41,IF(SUM(AG41,AL41,AQ41)=0,"",SUM(AG41,AL41,AQ41))) -> 6 | AV41: 01-AUG-25 | BF41: 8 | BG41: =IF(AD41="","",YEAR(AD41)+IF(MONTH(AD41)>=5,1,0)) -> 2026 | BH41: =IF(AD41="","",IF(AND(MONTH(AD41)=8,DAY(AD41)>=15),"Fall",IF(MONTH(AD41)>8,"Fall",IF(MONTH(AD41)=5,"Summer",IF(MONTH(AD41)=1,"Spring",""))))) | BK41: Hernandez, Abner F. | BL41: =IFERROR(INDEX(_names_lookup!$C:$C,MATCH(BK41,_names_lookup!$A:$A,0)),"") -> abnerh@andrews.edu | BM41: =IFERROR(INDEX(_names_lookup!$B:$B,MATCH(BK41,_names_lookup!$A:$A,0)),"") -> 000149024 | BO41: 100 | BS41: =IFERROR(IF(BR41*AA41=0,"",BR41*AA41),"") | BV41: CHIS | CF41: 27-MAY-25 | CG41: A | CH41: 3 | CI41: BL | CJ41: P-CHIS674 | CL41: MOODL | CN41: ADVN,THEO | CQ41: 70 | CR41: 9 | CS41: 0 | CT41: Y | DC41: Y | DP41: 202531
H42: 3275-04 | I42: 3275 | K42: CHIS | L42: 674 | M42: 042 | O42: =IFERROR(INDEX(_courses_lookup!$C:$C,MATCH(K42&L42,_courses_lookup!$E:$E,0)),"") -> Development SDA Theology | P42: =IFERROR(INDEX(_courses_lookup!$D:$D,MATCH(K42&L42,_courses_lookup!$E:$E,0)),"") -> 0 | R42: 319 | S42: 0 | X42: W | Y42: 2,3 | Z42: 3 | AB42: 25 | AC42: TOUR | AD42: 09-JUN-25 | AG42: =IF(AND(AE42<>"",AF42<>""),ROUNDUP((AF42-AE42)/7,0),"") | AI42: =IFERROR(IF(AG42*AH42=0,"",AG42*AH42),"") | AJ42: 09-JUN-25 | AK42: 22-JUN-25 | AL42: =IF(AND(AJ42<>"",AK42<>""),ROUNDUP((AK42-AJ42)/7,0),"") -> 2 | AN42: =IFERROR(IF(AL42*AM42=0,"",AL42*AM42),"") | AQ42: =IF(AND(AO42<>"",AP42<>""),ROUNDUP((AP42-AO42)/7,0),"") | AR42: =IFERROR(IF((AU42-(AI42+AN42))/AQ42=0,"",ROUNDUP((AU42-(AI42+AN42))/AQ42,0)),"") | AS42: =IFERROR(IF((AU42-(AI42+AN42))=0,"",(AU42-(AI42+AN42))),"") | AT42: =IF(AND(AG42="",AQ42=""),AL42,IF(SUM(AG42,AL42,AQ42)=0,"",SUM(AG42,AL42,AQ42))) -> 2 | AV42: 01-AUG-25 | BF42: 8 | BG42: =IF(AD42="","",YEAR(AD42)+IF(MONTH(AD42)>=5,1,0)) -> 2026 | BH42: =IF(AD42="","",IF(AND(MONTH(AD42)=8,DAY(AD42)>=15),"Fall",IF(MONTH(AD42)>8,"Fall",IF(MONTH(AD42)=5,"Summer",IF(MONTH(AD42)=1,"Spring",""))))) | BK42: Hernandez, Abner F. | BL42: =IFERROR(INDEX(_names_lookup!$C:$C,MATCH(BK42,_names_lookup!$A:$A,0)),"") -> abnerh@andrews.edu | BM42: =IFERROR(INDEX(_names_lookup!$B:$B,MATCH(BK42,_names_lookup!$A:$A,0)),"") -> 000149024 | BO42: 100 | BS42: =IFERROR(IF(BR42*AA42=0,"",BR42*AA42),"") | BV42: CHIS | CF42: 27-MAY-25 | CG42: A | CH42: 3 | CI42: BL | CJ42: P-CHIS674 | CL42: MOODL | CN42: ADVN,THEO | CQ42: 70 | CR42: 9 | CS42: 0 | CT42: Y | DC42: Y | DP42: 202531
H43: 3266-02 | I43: 3266 | K43: CHIS | L43: 624 | M43: 001 | O43: =IFERROR(INDEX(_courses_lookup!$C:$C,MATCH(K43&L43,_courses_lookup!$E:$E,0)),"") -> Issues in Ellen G White Stdies | P43: =IFERROR(INDEX(_courses_lookup!$D:$D,MATCH(K43&L43,_courses_lookup!$E:$E,0)),"") -> 0 | R43: 315 | S43: 0 | X43: 2 | Y43: 2,3 | Z43: 2 | AB43: 40 | AC43: CLAS | AD43: 12-MAY-25 | AG43: =IF(AND(AE43<>"",AF43<>""),ROUNDUP((AF43-AE43)/7,0),"") | AI43: =IFERROR(IF(AG43*AH43=0,"",AG43*AH43),"") | AJ43: 12-MAY-25 | AK43: 06-JUN-25 | AL43: =IF(AND(AJ43<>"",AK43<>""),ROUNDUP((AK43-AJ43)/7,0),"") -> 4 | AN43: =IFERROR(IF(AL43*AM43=0,"",AL43*AM43),"") | AQ43: =IF(AND(AO43<>"",AP43<>""),ROUNDUP((AP43-AO43)/7,0),"") | AR43: =IFERROR(IF((AU43-(AI43+AN43))/AQ43=0,"",ROUNDUP((AU43-(AI43+AN43))/AQ43,0)),"") | AS43: =IFERROR(IF((AU43-(AI43+AN43))=0,"",(AU43-(AI43+AN43))),"") | AT43: =IF(AND(AG43="",AQ43=""),AL43,IF(SUM(AG43,AL43,AQ43)=0,"",SUM(AG43,AL43,AQ43))) -> 4 | AV43: 06-JUN-25 | AW43: 1330 | AX43: 1520 | AZ43: M | BA43: T | BB43: W | BC43: R | BF43: 4 | BG43: =IF(AD43="","",YEAR(AD43)+IF(MONTH(AD43)>=5,1,0)) -> 2026 | BH43: =IF(AD43="","",IF(AND(MONTH(AD43)=8,DAY(AD43)>=15),"Fall",IF(MONTH(AD43)>8,"Fall",IF(MONTH(AD43)=5,"Summer",IF(MONTH(AD43)=1,"Spring",""))))) -> Summer | BI43: N150 | BJ43: Seminary Building [SEM] | BK43: Garcia Zarate, Heber E. | BL43: =IFERROR(INDEX(_names_lookup!$C:$C,MATCH(BK43,_names_lookup!$A:$A,0)),"") -> heber@andrews.edu | BM43: =IFERROR(INDEX(_names_lookup!$B:$B,MATCH(BK43,_names_lookup!$A:$A,0)),"") -> 000147941 | BO43: 100 | BS43: =IFERROR(IF(BR43*AA43=0,"",BR43*AA43),"") | BV43: CHIS | CF43: 28-MAY-25 | CG43: A | CH43: 2 | CI43: A | CJ43: P-CHIS624 | CL43: MOODL | CQ43: 70 | CR43: 16 | CS43: 0 | CT43: Y | CU43: O | DC43: Y | DE43: O | DP43: 202531
H44: 3270-02 | I44: 3270 | K44: CHIS | L44: 640 | M44: 043 | O44: =IFERROR(INDEX(_courses_lookup!$C:$C,MATCH(K44&L44,_courses_lookup!$E:$E,0)),"") -> Reformation: | P44: =IFERROR(INDEX(_courses_lookup!$D:$D,MATCH(K44&L44,_courses_lookup!$E:$E,0)),"") -> 0 | R44: 327 | S44: 0 | X44: W | Y44: 2,3 | Z44: 2 | AB44: 25 | AC44: POST | AD44: 09-JUN-25 | AG44: =IF(AND(AE44<>"",AF44<>""),ROUNDUP((AF44-AE44)/7,0),"") | AI44: =IFERROR(IF(AG44*AH44=0,"",AG44*AH44),"") | AJ44: 23-JUN-25 | AK44: 31-JUL-25 | AL44: =IF(AND(AJ44<>"",AK44<>""),ROUNDUP((AK44-AJ44)/7,0),"") -> 6 | AN44: =IFERROR(IF(AL44*AM44=0,"",AL44*AM44),"") | AQ44: =IF(AND(AO44<>"",AP44<>""),ROUNDUP((AP44-AO44)/7,0),"") | AR44: =IFERROR(IF((AU44-(AI44+AN44))/AQ44=0,"",ROUNDUP((AU44-(AI44+AN44))/AQ44,0)),"") | AS44: =IFERROR(IF((AU44-(AI44+AN44))=0,"",(AU44-(AI44+AN44))),"") | AT44: =IF(AND(AG44="",AQ44=""),AL44,IF(SUM(AG44,AL44,AQ44)=0,"",SUM(AG44,AL44,AQ44))) -> 6 | AV44: 01-AUG-25 | BF44: 8 | BG44: =IF(AD44="","",YEAR(AD44)+IF(MONTH(AD44)>=5,1,0)) -> 2026 | BH44: =IF(AD44="","",IF(AND(MONTH(AD44)=8,DAY(AD44)>=15),"Fall",IF(MONTH(AD44)>8,"Fall",IF(MONTH(AD44)=5,"Summer",IF(MONTH(AD44)=1,"Spring",""))))) | BK44: Hernandez, Abner F. | BL44: =IFERROR(INDEX(_names_lookup!$C:$C,MATCH(BK44,_names_lookup!$A:$A,0)),"") -> abnerh@andrews.edu | BM44: =IFERROR(INDEX(_names_lookup!$B:$B,MATCH(BK44,_names_lookup!$A:$A,0)),"") -> 000149024 | BO44: 100 | BS44: =IFERROR(IF(BR44*AA44=0,"",BR44*AA44),"") | BV44: CHIS | CF44: 29-MAY-25 | CG44: A | CH44: 2 | CI44: BL | CL44: MOODL | CN44: CH1,REFM | CQ44: 70 | CR44: 2 | CS44: 0 | CT44: Y | DC44: Y | DP44: 202531
H45: 3270-04 | I45: 3270 | K45: CHIS | L45: 640 | M45: 043 | O45: =IFERROR(INDEX(_courses_lookup!$C:$C,MATCH(K45&L45,_courses_lookup!$E:$E,0)),"") -> Reformation: | P45: =IFERROR(INDEX(_courses_lookup!$D:$D,MATCH(K45&L45,_courses_lookup!$E:$E,0)),"") -> 0 | R45: 327 | S45: 0 | X45: W | Y45: 2,3 | Z45: 2 | AB45: 25 | AC45: TOUR | AD45: 09-JUN-25 | AG45: =IF(AND(AE45<>"",AF45<>""),ROUNDUP((AF45-AE45)/7,0),"") | AI45: =IFERROR(IF(AG45*AH45=0,"",AG45*AH45),"") | AJ45: 09-JUN-25 | AK45: 22-JUN-25 | AL45: =IF(AND(AJ45<>"",AK45<>""),ROUNDUP((AK45-AJ45)/7,0),"") -> 2 | AN45: =IFERROR(IF(AL45*AM45=0,"",AL45*AM45),"") | AQ45: =IF(AND(AO45<>"",AP45<>""),ROUNDUP((AP45-AO45)/7,0),"") | AR45: =IFERROR(IF((AU45-(AI45+AN45))/AQ45=0,"",ROUNDUP((AU45-(AI45+AN45))/AQ45,0)),"") | AS45: =IFERROR(IF((AU45-(AI45+AN45))=0,"",(AU45-(AI45+AN45))),"") | AT45: =IF(AND(AG45="",AQ45=""),AL45,IF(SUM(AG45,AL45,AQ45)=0,"",SUM(AG45,AL45,AQ45))) -> 2 | AV45: 01-AUG-25 | BF45: 8 | BG45: =IF(AD45="","",YEAR(AD45)+IF(MONTH(AD45)>=5,1,0)) -> 2026 | BH45: =IF(AD45="","",IF(AND(MONTH(AD45)=8,DAY(AD45)>=15),"Fall",IF(MONTH(AD45)>8,"Fall",IF(MONTH(AD45)=5,"Summer",IF(MONTH(AD45)=1,"Spring",""))))) | BK45: Hernandez, Abner F. | BL45: =IFERROR(INDEX(_names_lookup!$C:$C,MATCH(BK45,_names_lookup!$A:$A,0)),"") -> abnerh@andrews.edu | BM45: =IFERROR(INDEX(_names_lookup!$B:$B,MATCH(BK45,_names_lookup!$A:$A,0)),"") -> 000149024 | BO45: 100 | BS45: =IFERROR(IF(BR45*AA45=0,"",BR45*AA45),"") | BV45: CHIS | CF45: 29-MAY-25 | CG45: A | CH45: 2 | CI45: BL | CL45: MOODL | CN45: CH1,REFM | CQ45: 70 | CR45: 2 | CS45: 0 | CT45: Y | DC45: Y | DP45: 202531
H46: 3268-02 | I46: 3268 | K46: CHIS | L46: 640 | M46: 041 | O46: =IFERROR(INDEX(_courses_lookup!$C:$C,MATCH(K46&L46,_courses_lookup!$E:$E,0)),"") -> Reformation: | P46: =IFERROR(INDEX(_courses_lookup!$D:$D,MATCH(K46&L46,_courses_lookup!$E:$E,0)),"") -> 0 | R46: 316 | S46: 0 | X46: W | Y46: 2,3 | Z46: 2 | AB46: 25 | AC46: POST | AD46: 09-JUN-25 | AG46: =IF(AND(AE46<>"",AF46<>""),ROUNDUP((AF46-AE46)/7,0),"") | AI46: =IFERROR(IF(AG46*AH46=0,"",AG46*AH46),"") | AJ46: 23-JUN-25 | AK46: 31-JUL-25 | AL46: =IF(AND(AJ46<>"",AK46<>""),ROUNDUP((AK46-AJ46)/7,0),"") -> 6 | AN46: =IFERROR(IF(AL46*AM46=0,"",AL46*AM46),"") | AQ46: =IF(AND(AO46<>"",AP46<>""),ROUNDUP((AP46-AO46)/7,0),"") | AR46: =IFERROR(IF((AU46-(AI46+AN46))/AQ46=0,"",ROUNDUP((AU46-(AI46+AN46))/AQ46,0)),"") | AS46: =IFERROR(IF((AU46-(AI46+AN46))=0,"",(AU46-(AI46+AN46))),"") | AT46: =IF(AND(AG46="",AQ46=""),AL46,IF(SUM(AG46,AL46,AQ46)=0,"",SUM(AG46,AL46,AQ46))) -> 6 | AV46: 01-AUG-25 | BF46: 8 | BG46: =IF(AD46="","",YEAR(AD46)+IF(MONTH(AD46)>=5,1,0)) -> 2026 | BH46: =IF(AD46="","",IF(AND(MONTH(AD46)=8,DAY(AD46)>=15),"Fall",IF(MONTH(AD46)>8,"Fall",IF(MONTH(AD46)=5,"Summer",IF(MONTH(AD46)=1,"Spring",""))))) | BK46: O'Reggio, Trevor E. | BL46: =IFERROR(INDEX(_names_lookup!$C:$C,MATCH(BK46,_names_lookup!$A:$A,0)),"") -> toreggio@andrews.edu | BM46: =IFERROR(INDEX(_names_lookup!$B:$B,MATCH(BK46,_names_lookup!$A:$A,0)),"") -> 000035762 | BO46: 100 | BS46: =IFERROR(IF(BR46*AA46=0,"",BR46*AA46),"") | BV46: CHIS | CF46: 29-MAY-25 | CG46: A | CH46: 2 | CI46: BL | CL46: MOODL | CN46: CH1,REFM | CQ46: 70 | CR46: 8 | CS46: 0 | CT46: Y | DC46: Y | DP46: 202531
H47: 3268-04 | I47: 3268 | K47: CHIS | L47: 640 | M47: 041 | O47: =IFERROR(INDEX(_courses_lookup!$C:$C,MATCH(K47&L47,_courses_lookup!$E:$E,0)),"") -> Reformation: | P47: =IFERROR(INDEX(_courses_lookup!$D:$D,MATCH(K47&L47,_courses_lookup!$E:$E,0)),"") -> 0 | R47: 316 | S47: 0 | X47: W | Y47: 2,3 | Z47: 2 | AB47: 25 | AC47: TOUR | AD47: 09-JUN-25 | AG47: =IF(AND(AE47<>"",AF47<>""),ROUNDUP((AF47-AE47)/7,0),"") | AI47: =IFERROR(IF(AG47*AH47=0,"",AG47*AH47),"") | AJ47: 09-JUN-25 | AK47: 22-JUN-25 | AL47: =IF(AND(AJ47<>"",AK47<>""),ROUNDUP((AK47-AJ47)/7,0),"") -> 2 | AN47: =IFERROR(IF(AL47*AM47=0,"",AL47*AM47),"") | AQ47: =IF(AND(AO47<>"",AP47<>""),ROUNDUP((AP47-AO47)/7,0),"") | AR47: =IFERROR(IF((AU47-(AI47+AN47))/AQ47=0,"",ROUNDUP((AU47-(AI47+AN47))/AQ47,0)),"") | AS47: =IFERROR(IF((AU47-(AI47+AN47))=0,"",(AU47-(AI47+AN47))),"") | AT47: =IF(AND(AG47="",AQ47=""),AL47,IF(SUM(AG47,AL47,AQ47)=0,"",SUM(AG47,AL47,AQ47))) -> 2 | AV47: 01-AUG-25 | BF47: 8 | BG47: =IF(AD47="","",YEAR(AD47)+IF(MONTH(AD47)>=5,1,0)) -> 2026 | BH47: =IF(AD47="","",IF(AND(MONTH(AD47)=8,DAY(AD47)>=15),"Fall",IF(MONTH(AD47)>8,"Fall",IF(MONTH(AD47)=5,"Summer",IF(MONTH(AD47)=1,"Spring",""))))) | BK47: O'Reggio, Trevor E. | BL47: =IFERROR(INDEX(_names_lookup!$C:$C,MATCH(BK47,_names_lookup!$A:$A,0)),"") -> toreggio@andrews.edu | BM47: =IFERROR(INDEX(_names_lookup!$B:$B,MATCH(BK47,_names_lookup!$A:$A,0)),"") -> 000035762 | BO47: 100 | BS47: =IFERROR(IF(BR47*AA47=0,"",BR47*AA47),"") | BV47: CHIS | CF47: 29-MAY-25 | CG47: A | CH47: 2 | CI47: BL | CL47: MOODL | CN47: CH1,REFM | CQ47: 70 | CR47: 8 | CS47: 0 | CT47: Y | DC47: Y | DP47: 202531
H48: 3261-02 | I48: 3261 | K48: CHIS | L48: 506 | M48: 041 | O48: =IFERROR(INDEX(_courses_lookup!$C:$C,MATCH(K48&L48,_courses_lookup!$E:$E,0)),"") -> Church History to 1500 | P48: =IFERROR(INDEX(_courses_lookup!$D:$D,MATCH(K48&L48,_courses_lookup!$E:$E,0)),"") -> 0 | S48: 0 | V48: TOUR | X48: W | Y48: 2,3 | Z48: 2 | AB48: 25 | AC48: POST | AD48: 09-JUN-25 | AG48: =IF(AND(AE48<>"",AF48<>""),ROUNDUP((AF48-AE48)/7,0),"") | AI48: =IFERROR(IF(AG48*AH48=0,"",AG48*AH48),"") | AJ48: 23-JUN-25 | AK48: 31-JUL-25 | AL48: =IF(AND(AJ48<>"",AK48<>""),ROUNDUP((AK48-AJ48)/7,0),"") -> 6 | AN48: =IFERROR(IF(AL48*AM48=0,"",AL48*AM48),"") | AQ48: =IF(AND(AO48<>"",AP48<>""),ROUNDUP((AP48-AO48)/7,0),"") | AR48: =IFERROR(IF((AU48-(AI48+AN48))/AQ48=0,"",ROUNDUP((AU48-(AI48+AN48))/AQ48,0)),"") | AS48: =IFERROR(IF((AU48-(AI48+AN48))=0,"",(AU48-(AI48+AN48))),"") | AT48: =IF(AND(AG48="",AQ48=""),AL48,IF(SUM(AG48,AL48,AQ48)=0,"",SUM(AG48,AL48,AQ48))) -> 6 | AV48: 01-AUG-25 | BF48: 8 | BG48: =IF(AD48="","",YEAR(AD48)+IF(MONTH(AD48)>=5,1,0)) -> 2026 | BH48: =IF(AD48="","",IF(AND(MONTH(AD48)=8,DAY(AD48)>=15),"Fall",IF(MONTH(AD48)>8,"Fall",IF(MONTH(AD48)=5,"Summer",IF(MONTH(AD48)=1,"Spring",""))))) | BK48: O'Reggio, Trevor E. | BL48: =IFERROR(INDEX(_names_lookup!$C:$C,MATCH(BK48,_names_lookup!$A:$A,0)),"") -> toreggio@andrews.edu | BM48: =IFERROR(INDEX(_names_lookup!$B:$B,MATCH(BK48,_names_lookup!$A:$A,0)),"") -> 000035762 | BO48: 100 | BS48: =IFERROR(IF(BR48*AA48=0,"",BR48*AA48),"") | BV48: CHIS | CF48: 01-JUN-25 | CG48: A | CH48: 2 | CI48: BL | CL48: MOODL | CN48: TOUR | CQ48: 70 | CR48: 5 | CS48: 0 | CT48: Y | DC48: Y | DP48: 202531
H49: 3261-04 | I49: 3261 | K49: CHIS | L49: 506 | M49: 041 | O49: =IFERROR(INDEX(_courses_lookup!$C:$C,MATCH(K49&L49,_courses_lookup!$E:$E,0)),"") -> Church History to 1500 | P49: =IFERROR(INDEX(_courses_lookup!$D:$D,MATCH(K49&L49,_courses_lookup!$E:$E,0)),"") -> 0 | S49: 0 | V49: TOUR | X49: W | Y49: 2,3 | Z49: 2 | AB49: 25 | AC49: TOUR | AD49: 09-JUN-25 | AG49: =IF(AND(AE49<>"",AF49<>""),ROUNDUP((AF49-AE49)/7,0),"") | AI49: =IFERROR(IF(AG49*AH49=0,"",AG49*AH49),"") | AJ49: 09-JUN-25 | AK49: 22-JUN-25 | AL49: =IF(AND(AJ49<>"",AK49<>""),ROUNDUP((AK49-AJ49)/7,0),"") -> 2 | AN49: =IFERROR(IF(AL49*AM49=0,"",AL49*AM49),"") | AQ49: =IF(AND(AO49<>"",AP49<>""),ROUNDUP((AP49-AO49)/7,0),"") | AR49: =IFERROR(IF((AU49-(AI49+AN49))/AQ49=0,"",ROUNDUP((AU49-(AI49+AN49))/AQ49,0)),"") | AS49: =IFERROR(IF((AU49-(AI49+AN49))=0,"",(AU49-(AI49+AN49))),"") | AT49: =IF(AND(AG49="",AQ49=""),AL49,IF(SUM(AG49,AL49,AQ49)=0,"",SUM(AG49,AL49,AQ49))) -> 2 | AV49: 01-AUG-25 | BF49: 8 | BG49: =IF(AD49="","",YEAR(AD49)+IF(MONTH(AD49)>=5,1,0)) -> 2026 | BH49: =IF(AD49="","",IF(AND(MONTH(AD49)=8,DAY(AD49)>=15),"Fall",IF(MONTH(AD49)>8,"Fall",IF(MONTH(AD49)=5,"Summer",IF(MONTH(AD49)=1,"Spring",""))))) | BK49: O'Reggio, Trevor E. | BL49: =IFERROR(INDEX(_names_lookup!$C:$C,MATCH(BK49,_names_lookup!$A:$A,0)),"") -> toreggio@andrews.edu | BM49: =IFERROR(INDEX(_names_lookup!$B:$B,MATCH(BK49,_names_lookup!$A:$A,0)),"") -> 000035762 | BO49: 100 | BS49: =IFERROR(IF(BR49*AA49=0,"",BR49*AA49),"") | BV49: CHIS | CF49: 01-JUN-25 | CG49: A | CH49: 2 | CI49: BL | CL49: MOODL | CN49: TOUR | CQ49: 70 | CR49: 5 | CS49: 0 | CT49: Y | DC49: Y | DP49: 202531
H50: 718-01 | I50: 718 | K50: CHIS | L50: 674 | M50: 999 | O50: =IFERROR(INDEX(_courses_lookup!$C:$C,MATCH(K50&L50,_courses_lookup!$E:$E,0)),"") -> Development SDA Theology | P50: =IFERROR(INDEX(_courses_lookup!$D:$D,MATCH(K50&L50,_courses_lookup!$E:$E,0)),"") -> 0 | R50: 028 | S50: 7 | V50: ASYNC | W50: FP | X50: 1 | Y50: 2,3 | Z50: 2 | AB50: 45 | AC50: WEB | AD50: 12-MAY-25 | AG50: =IF(AND(AE50<>"",AF50<>""),ROUNDUP((AF50-AE50)/7,0),"") | AI50: =IFERROR(IF(AG50*AH50=0,"",AG50*AH50),"") | AJ50: 12-MAY-25 | AK50: 01-AUG-25 | AL50: =IF(AND(AJ50<>"",AK50<>""),ROUNDUP((AK50-AJ50)/7,0),"") -> 12 | AN50: =IFERROR(IF(AL50*AM50=0,"",AL50*AM50),"") | AQ50: =IF(AND(AO50<>"",AP50<>""),ROUNDUP((AP50-AO50)/7,0),"") | AR50: =IFERROR(IF((AU50-(AI50+AN50))/AQ50=0,"",ROUNDUP((AU50-(AI50+AN50))/AQ50,0)),"") | AS50: =IFERROR(IF((AU50-(AI50+AN50))=0,"",(AU50-(AI50+AN50))),"") | AT50: =IF(AND(AG50="",AQ50=""),AL50,IF(SUM(AG50,AL50,AQ50)=0,"",SUM(AG50,AL50,AQ50))) -> 12 | AV50: 01-AUG-25 | BF50: 12 | BG50: =IF(AD50="","",YEAR(AD50)+IF(MONTH(AD50)>=5,1,0)) -> 2026 | BH50: =IF(AD50="","",IF(AND(MONTH(AD50)=8,DAY(AD50)>=15),"Fall",IF(MONTH(AD50)>8,"Fall",IF(MONTH(AD50)=5,"Summer",IF(MONTH(AD50)=1,"Spring",""))))) -> Summer | BK50: Burton, Kevin M. | BL50: =IFERROR(INDEX(_names_lookup!$C:$C,MATCH(BK50,_names_lookup!$A:$A,0)),"") -> burtonk@andrews.edu | BM50: =IFERROR(INDEX(_names_lookup!$B:$B,MATCH(BK50,_names_lookup!$A:$A,0)),"") -> 000148286 | BO50: 100 | BS50: =IFERROR(IF(BR50*AA50=0,"",BR50*AA50),"") | BV50: CHIS | BZ50: 160 | CA50: ES12 | CB50: BILL | CC50: FP | CE50: 202531 | CF50: 02-JUN-25 | CG50: A | CI50: N | CJ50: P-CHIS674 | CL50: MOODL | CN50: ADVN,THEO | CQ50: 70 | CR50: 3 | CS50: 0 | CT50: Y | DC50: Y | DP50: 202531 | DQ50: 0
H51: 718-02 | I51: 718 | K51: CHIS | L51: 674 | M51: 999 | O51: =IFERROR(INDEX(_courses_lookup!$C:$C,MATCH(K51&L51,_courses_lookup!$E:$E,0)),"") -> Development SDA Theology | P51: =IFERROR(INDEX(_courses_lookup!$D:$D,MATCH(K51&L51,_courses_lookup!$E:$E,0)),"") -> 0 | R51: 028 | S51: 7 | V51: ASYNC | W51: FP | X51: 1 | Y51: 2,3 | Z51: 2 | AB51: 45 | AC51: WEB | AD51: 12-MAY-25 | AG51: =IF(AND(AE51<>"",AF51<>""),ROUNDUP((AF51-AE51)/7,0),"") | AI51: =IFERROR(IF(AG51*AH51=0,"",AG51*AH51),"") | AJ51: 12-MAY-25 | AK51: 01-AUG-25 | AL51: =IF(AND(AJ51<>"",AK51<>""),ROUNDUP((AK51-AJ51)/7,0),"") -> 12 | AN51: =IFERROR(IF(AL51*AM51=0,"",AL51*AM51),"") | AQ51: =IF(AND(AO51<>"",AP51<>""),ROUNDUP((AP51-AO51)/7,0),"") | AR51: =IFERROR(IF((AU51-(AI51+AN51))/AQ51=0,"",ROUNDUP((AU51-(AI51+AN51))/AQ51,0)),"") | AS51: =IFERROR(IF((AU51-(AI51+AN51))=0,"",(AU51-(AI51+AN51))),"") | AT51: =IF(AND(AG51="",AQ51=""),AL51,IF(SUM(AG51,AL51,AQ51)=0,"",SUM(AG51,AL51,AQ51))) -> 12 | AV51: 01-AUG-25 | BF51: 12 | BG51: =IF(AD51="","",YEAR(AD51)+IF(MONTH(AD51)>=5,1,0)) -> 2026 | BH51: =IF(AD51="","",IF(AND(MONTH(AD51)=8,DAY(AD51)>=15),"Fall",IF(MONTH(AD51)>8,"Fall",IF(MONTH(AD51)=5,"Summer",IF(MONTH(AD51)=1,"Spring",""))))) -> Summer | BK51: Burton, Kevin M. | BL51: =IFERROR(INDEX(_names_lookup!$C:$C,MATCH(BK51,_names_lookup!$A:$A,0)),"") -> burtonk@andrews.edu | BM51: =IFERROR(INDEX(_names_lookup!$B:$B,MATCH(BK51,_names_lookup!$A:$A,0)),"") -> 000148286 | BO51: 100 | BS51: =IFERROR(IF(BR51*AA51=0,"",BR51*AA51),"") | BV51: CHIS | BZ51: 160 | CA51: ES12 | CB51: BILL | CC51: FP | CE51: 202531 | CF51: 02-JUN-25 | CG51: A | CI51: N | CJ51: P-CHIS674 | CL51: MOODL | CN51: ADVN,THEO | CQ51: 70 | CR51: 3 | CS51: 0 | CT51: Y | DC51: Y | DP51: 202531 | DQ51: 7
H52: 3269-02 | I52: 3269 | K52: CHIS | L52: 640 | M52: 042 | O52: =IFERROR(INDEX(_courses_lookup!$C:$C,MATCH(K52&L52,_courses_lookup!$E:$E,0)),"") -> Reformation: | P52: =IFERROR(INDEX(_courses_lookup!$D:$D,MATCH(K52&L52,_courses_lookup!$E:$E,0)),"") -> 0 | R52: 316 | S52: 0 | X52: W | Y52: 2,3 | Z52: 3 | AB52: 25 | AC52: POST | AD52: 09-JUN-25 | AG52: =IF(AND(AE52<>"",AF52<>""),ROUNDUP((AF52-AE52)/7,0),"") | AI52: =IFERROR(IF(AG52*AH52=0,"",AG52*AH52),"") | AJ52: 23-JUN-25 | AK52: 01-AUG-25 | AL52: =IF(AND(AJ52<>"",AK52<>""),ROUNDUP((AK52-AJ52)/7,0),"") -> 6 | AN52: =IFERROR(IF(AL52*AM52=0,"",AL52*AM52),"") | AQ52: =IF(AND(AO52<>"",AP52<>""),ROUNDUP((AP52-AO52)/7,0),"") | AR52: =IFERROR(IF((AU52-(AI52+AN52))/AQ52=0,"",ROUNDUP((AU52-(AI52+AN52))/AQ52,0)),"") | AS52: =IFERROR(IF((AU52-(AI52+AN52))=0,"",(AU52-(AI52+AN52))),"") | AT52: =IF(AND(AG52="",AQ52=""),AL52,IF(SUM(AG52,AL52,AQ52)=0,"",SUM(AG52,AL52,AQ52))) -> 6 | AV52: 01-AUG-25 | BF52: 8 | BG52: =IF(AD52="","",YEAR(AD52)+IF(MONTH(AD52)>=5,1,0)) -> 2026 | BH52: =IF(AD52="","",IF(AND(MONTH(AD52)=8,DAY(AD52)>=15),"Fall",IF(MONTH(AD52)>8,"Fall",IF(MONTH(AD52)=5,"Summer",IF(MONTH(AD52)=1,"Spring",""))))) | BK52: O'Reggio, Trevor E. | BL52: =IFERROR(INDEX(_names_lookup!$C:$C,MATCH(BK52,_names_lookup!$A:$A,0)),"") -> toreggio@andrews.edu | BM52: =IFERROR(INDEX(_names_lookup!$B:$B,MATCH(BK52,_names_lookup!$A:$A,0)),"") -> 000035762 | BO52: 100 | BS52: =IFERROR(IF(BR52*AA52=0,"",BR52*AA52),"") | BV52: CHIS | CF52: 08-JUN-25 | CG52: A | CH52: 3 | CI52: BL | CL52: MOODL | CN52: CH1,REFM | CQ52: 70 | CR52: 3 | CS52: 0 | CT52: Y | DC52: Y | DP52: 202531
H53: 3269-04 | I53: 3269 | K53: CHIS | L53: 640 | M53: 042 | O53: =IFERROR(INDEX(_courses_lookup!$C:$C,MATCH(K53&L53,_courses_lookup!$E:$E,0)),"") -> Reformation: | P53: =IFERROR(INDEX(_courses_lookup!$D:$D,MATCH(K53&L53,_courses_lookup!$E:$E,0)),"") -> 0 | R53: 316 | S53: 0 | X53: W | Y53: 2,3 | Z53: 3 | AB53: 25 | AC53: TOUR | AD53: 09-JUN-25 | AG53: =IF(AND(AE53<>"",AF53<>""),ROUNDUP((AF53-AE53)/7,0),"") | AI53: =IFERROR(IF(AG53*AH53=0,"",AG53*AH53),"") | AJ53: 09-JUN-25 | AK53: 22-JUN-25 | AL53: =IF(AND(AJ53<>"",AK53<>""),ROUNDUP((AK53-AJ53)/7,0),"") -> 2 | AN53: =IFERROR(IF(AL53*AM53=0,"",AL53*AM53),"") | AQ53: =IF(AND(AO53<>"",AP53<>""),ROUNDUP((AP53-AO53)/7,0),"") | AR53: =IFERROR(IF((AU53-(AI53+AN53))/AQ53=0,"",ROUNDUP((AU53-(AI53+AN53))/AQ53,0)),"") | AS53: =IFERROR(IF((AU53-(AI53+AN53))=0,"",(AU53-(AI53+AN53))),"") | AT53: =IF(AND(AG53="",AQ53=""),AL53,IF(SUM(AG53,AL53,AQ53)=0,"",SUM(AG53,AL53,AQ53))) -> 2 | AV53: 01-AUG-25 | BF53: 8 | BG53: =IF(AD53="","",YEAR(AD53)+IF(MONTH(AD53)>=5,1,0)) -> 2026 | BH53: =IF(AD53="","",IF(AND(MONTH(AD53)=8,DAY(AD53)>=15),"Fall",IF(MONTH(AD53)>8,"Fall",IF(MONTH(AD53)=5,"Summer",IF(MONTH(AD53)=1,"Spring",""))))) | BK53: O'Reggio, Trevor E. | BL53: =IFERROR(INDEX(_names_lookup!$C:$C,MATCH(BK53,_names_lookup!$A:$A,0)),"") -> toreggio@andrews.edu | BM53: =IFERROR(INDEX(_names_lookup!$B:$B,MATCH(BK53,_names_lookup!$A:$A,0)),"") -> 000035762 | BO53: 100 | BS53: =IFERROR(IF(BR53*AA53=0,"",BR53*AA53),"") | BV53: CHIS | CF53: 08-JUN-25 | CG53: A | CH53: 3 | CI53: BL | CL53: MOODL | CN53: CH1,REFM | CQ53: 70 | CR53: 3 | CS53: 0 | CT53: Y | DC53: Y | DP53: 202531
H54: 3405-02 | I54: 3405 | K54: CHIS | L54: 690 | M54: 104 | O54: =IFERROR(INDEX(_courses_lookup!$C:$C,MATCH(K54&L54,_courses_lookup!$E:$E,0)),"") -> Ind St: | P54: =IFERROR(INDEX(_courses_lookup!$D:$D,MATCH(K54&L54,_courses_lookup!$E:$E,0)),"") -> 0 | S54: 0 | X54: 1 | Y54: 1-3 | Z54: 1 | AB54: 25 | AC54: CLAS | AD54: 12-MAY-25 | AG54: =IF(AND(AE54<>"",AF54<>""),ROUNDUP((AF54-AE54)/7,0),"") | AI54: =IFERROR(IF(AG54*AH54=0,"",AG54*AH54),"") | AJ54: 12-MAY-25 | AK54: 01-AUG-25 | AL54: =IF(AND(AJ54<>"",AK54<>""),ROUNDUP((AK54-AJ54)/7,0),"") -> 12 | AN54: =IFERROR(IF(AL54*AM54=0,"",AL54*AM54),"") | AQ54: =IF(AND(AO54<>"",AP54<>""),ROUNDUP((AP54-AO54)/7,0),"") | AR54: =IFERROR(IF((AU54-(AI54+AN54))/AQ54=0,"",ROUNDUP((AU54-(AI54+AN54))/AQ54,0)),"") | AS54: =IFERROR(IF((AU54-(AI54+AN54))=0,"",(AU54-(AI54+AN54))),"") | AT54: =IF(AND(AG54="",AQ54=""),AL54,IF(SUM(AG54,AL54,AQ54)=0,"",SUM(AG54,AL54,AQ54))) -> 12 | AV54: 01-AUG-25 | BF54: 12 | BG54: =IF(AD54="","",YEAR(AD54)+IF(MONTH(AD54)>=5,1,0)) -> 2026 | BH54: =IF(AD54="","",IF(AND(MONTH(AD54)=8,DAY(AD54)>=15),"Fall",IF(MONTH(AD54)>8,"Fall",IF(MONTH(AD54)=5,"Summer",IF(MONTH(AD54)=1,"Spring",""))))) -> Summer | BK54: Burton, Kevin M. | BL54: =IFERROR(INDEX(_names_lookup!$C:$C,MATCH(BK54,_names_lookup!$A:$A,0)),"") -> burtonk@andrews.edu | BM54: =IFERROR(INDEX(_names_lookup!$B:$B,MATCH(BK54,_names_lookup!$A:$A,0)),"") -> 000148286 | BO54: 100 | BS54: =IFERROR(IF(BR54*AA54=0,"",BR54*AA54),"") | BV54: CHIS | CF54: 27-JUN-25 | CG54: A | CH54: 1 | CI54: I | CL54: MOODL | CQ54: 70 | CR54: 1 | CS54: 0 | CT54: Y | DC54: Y | DP54: 202531
H55: 1309-02 | I55: 1309 | K55: CHIS | L55: 690 | M55: 101 | O55: =IFERROR(INDEX(_courses_lookup!$C:$C,MATCH(K55&L55,_courses_lookup!$E:$E,0)),"") -> Ind St: | P55: =IFERROR(INDEX(_courses_lookup!$D:$D,MATCH(K55&L55,_courses_lookup!$E:$E,0)),"") -> 0 | S55: 0 | X55: 1 | Y55: 1-3 | AB55: 999 | AC55: CLAS | AD55: 12-MAY-25 | AG55: =IF(AND(AE55<>"",AF55<>""),ROUNDUP((AF55-AE55)/7,0),"") | AI55: =IFERROR(IF(AG55*AH55=0,"",AG55*AH55),"") | AJ55: 13-MAY-25 | AK55: 01-AUG-25 | AL55: =IF(AND(AJ55<>"",AK55<>""),ROUNDUP((AK55-AJ55)/7,0),"") -> 12 | AN55: =IFERROR(IF(AL55*AM55=0,"",AL55*AM55),"") | AQ55: =IF(AND(AO55<>"",AP55<>""),ROUNDUP((AP55-AO55)/7,0),"") | AR55: =IFERROR(IF((AU55-(AI55+AN55))/AQ55=0,"",ROUNDUP((AU55-(AI55+AN55))/AQ55,0)),"") | AS55: =IFERROR(IF((AU55-(AI55+AN55))=0,"",(AU55-(AI55+AN55))),"") | AT55: =IF(AND(AG55="",AQ55=""),AL55,IF(SUM(AG55,AL55,AQ55)=0,"",SUM(AG55,AL55,AQ55))) -> 12 | AV55: 01-AUG-25 | BF55: 12 | BG55: =IF(AD55="","",YEAR(AD55)+IF(MONTH(AD55)>=5,1,0)) -> 2026 | BH55: =IF(AD55="","",IF(AND(MONTH(AD55)=8,DAY(AD55)>=15),"Fall",IF(MONTH(AD55)>8,"Fall",IF(MONTH(AD55)=5,"Summer",IF(MONTH(AD55)=1,"Spring",""))))) -> Summer | BK55: Reeve, John W. | BL55: =IFERROR(INDEX(_names_lookup!$C:$C,MATCH(BK55,_names_lookup!$A:$A,0)),"") -> jreeve@andrews.edu | BM55: =IFERROR(INDEX(_names_lookup!$B:$B,MATCH(BK55,_names_lookup!$A:$A,0)),"") -> 000049018 | BO55: 100 | BS55: =IFERROR(IF(BR55*AA55=0,"",BR55*AA55),"") | BV55: CHIS | CF55: 27-JUN-25 | CG55: A | CI55: I | CL55: MOODL | CQ55: 70 | CR55: 1 | CS55: 0 | CT55: Y | DC55: Y | DO55: IT | DP55: 202531
H56: 3265-03 | I56: 3265 | K56: CHIS | L56: 600 | M56: 997 | O56: =IFERROR(INDEX(_courses_lookup!$C:$C,MATCH(K56&L56,_courses_lookup!$E:$E,0)),"") -> The Early Church to AD 604 | P56: =IFERROR(INDEX(_courses_lookup!$D:$D,MATCH(K56&L56,_courses_lookup!$E:$E,0)),"") -> 0 | R56: 314 | S56: 7 | V56: SYNC | W56: FP | X56: Q | Y56: 2,3 | Z56: 3 | AB56: 20 | AC56: PRE | AD56: 07-JUL-25 | AG56: =IF(AND(AE56<>"",AF56<>""),ROUNDUP((AF56-AE56)/7,0),"") | AI56: =IFERROR(IF(AG56*AH56=0,"",AG56*AH56),"") | AJ56: 07-JUL-25 | AK56: 13-JUL-25 | AL56: =IF(AND(AJ56<>"",AK56<>""),ROUNDUP((AK56-AJ56)/7,0),"") -> 1 | AN56: =IFERROR(IF(AL56*AM56=0,"",AL56*AM56),"") | AQ56: =IF(AND(AO56<>"",AP56<>""),ROUNDUP((AP56-AO56)/7,0),"") | AR56: =IFERROR(IF((AU56-(AI56+AN56))/AQ56=0,"",ROUNDUP((AU56-(AI56+AN56))/AQ56,0)),"") | AS56: =IFERROR(IF((AU56-(AI56+AN56))=0,"",(AU56-(AI56+AN56))),"") | AT56: =IF(AND(AG56="",AQ56=""),AL56,IF(SUM(AG56,AL56,AQ56)=0,"",SUM(AG56,AL56,AQ56))) -> 1 | AV56: 01-AUG-25 | BF56: 4 | BG56: =IF(AD56="","",YEAR(AD56)+IF(MONTH(AD56)>=5,1,0)) -> 2026 | BH56: =IF(AD56="","",IF(AND(MONTH(AD56)=8,DAY(AD56)>=15),"Fall",IF(MONTH(AD56)>8,"Fall",IF(MONTH(AD56)=5,"Summer",IF(MONTH(AD56)=1,"Spring",""))))) | BK56: Reeve, John W. | BL56: =IFERROR(INDEX(_names_lookup!$C:$C,MATCH(BK56,_names_lookup!$A:$A,0)),"") -> jreeve@andrews.edu | BM56: =IFERROR(INDEX(_names_lookup!$B:$B,MATCH(BK56,_names_lookup!$A:$A,0)),"") -> 000049018 | BO56: 100 | BS56: =IFERROR(IF(BR56*AA56=0,"",BR56*AA56),"") | BV56: CHIS | BZ56: 160 | CA56: ES12 | CB56: BILL | CC56: FP | CE56: 202531 | CF56: 06-JUL-25 | CG56: A | CH56: 3 | CI56: N | CL56: MOODL | CN56: CH1 | CQ56: 70 | CR56: 1 | CS56: 0 | CT56: Y | CU56: O | DC56: Y | DP56: 202531 | DQ56: 0
H57: 3265-04 | I57: 3265 | K57: CHIS | L57: 600 | M57: 997 | O57: =IFERROR(INDEX(_courses_lookup!$C:$C,MATCH(K57&L57,_courses_lookup!$E:$E,0)),"") -> The Early Church to AD 604 | P57: =IFERROR(INDEX(_courses_lookup!$D:$D,MATCH(K57&L57,_courses_lookup!$E:$E,0)),"") -> 0 | R57: 314 | S57: 7 | V57: SYNC | W57: FP | X57: Q | Y57: 2,3 | Z57: 3 | AB57: 20 | AC57: PRE | AD57: 07-JUL-25 | AG57: =IF(AND(AE57<>"",AF57<>""),ROUNDUP((AF57-AE57)/7,0),"") | AI57: =IFERROR(IF(AG57*AH57=0,"",AG57*AH57),"") | AJ57: 07-JUL-25 | AK57: 13-JUL-25 | AL57: =IF(AND(AJ57<>"",AK57<>""),ROUNDUP((AK57-AJ57)/7,0),"") -> 1 | AN57: =IFERROR(IF(AL57*AM57=0,"",AL57*AM57),"") | AQ57: =IF(AND(AO57<>"",AP57<>""),ROUNDUP((AP57-AO57)/7,0),"") | AR57: =IFERROR(IF((AU57-(AI57+AN57))/AQ57=0,"",ROUNDUP((AU57-(AI57+AN57))/AQ57,0)),"") | AS57: =IFERROR(IF((AU57-(AI57+AN57))=0,"",(AU57-(AI57+AN57))),"") | AT57: =IF(AND(AG57="",AQ57=""),AL57,IF(SUM(AG57,AL57,AQ57)=0,"",SUM(AG57,AL57,AQ57))) -> 1 | AV57: 01-AUG-25 | BF57: 4 | BG57: =IF(AD57="","",YEAR(AD57)+IF(MONTH(AD57)>=5,1,0)) -> 2026 | BH57: =IF(AD57="","",IF(AND(MONTH(AD57)=8,DAY(AD57)>=15),"Fall",IF(MONTH(AD57)>8,"Fall",IF(MONTH(AD57)=5,"Summer",IF(MONTH(AD57)=1,"Spring",""))))) | BK57: Reeve, John W. | BL57: =IFERROR(INDEX(_names_lookup!$C:$C,MATCH(BK57,_names_lookup!$A:$A,0)),"") -> jreeve@andrews.edu | BM57: =IFERROR(INDEX(_names_lookup!$B:$B,MATCH(BK57,_names_lookup!$A:$A,0)),"") -> 000049018 | BO57: 100 | BS57: =IFERROR(IF(BR57*AA57=0,"",BR57*AA57),"") | BV57: CHIS | BZ57: 160 | CA57: ES12 | CB57: BILL | CC57: FP | CE57: 202531 | CF57: 06-JUL-25 | CG57: A | CH57: 3 | CI57: N | CL57: MOODL | CN57: CH1 | CQ57: 70 | CR57: 1 | CS57: 0 | CT57: Y | CU57: O | DC57: Y | DP57: 202531 | DQ57: 7
H58: 3265-07 | I58: 3265 | K58: CHIS | L58: 600 | M58: 997 | O58: =IFERROR(INDEX(_courses_lookup!$C:$C,MATCH(K58&L58,_courses_lookup!$E:$E,0)),"") -> The Early Church to AD 604 | P58: =IFERROR(INDEX(_courses_lookup!$D:$D,MATCH(K58&L58,_courses_lookup!$E:$E,0)),"") -> 0 | R58: 314 | S58: 7 | V58: SYNC | W58: FP | X58: Q | Y58: 2,3 | Z58: 3 | AB58: 20 | AC58: WEB | AD58: 07-JUL-25 | AG58: =IF(AND(AE58<>"",AF58<>""),ROUNDUP((AF58-AE58)/7,0),"") | AI58: =IFERROR(IF(AG58*AH58=0,"",AG58*AH58),"") | AJ58: 14-JUL-25 | AK58: 01-AUG-25 | AL58: =IF(AND(AJ58<>"",AK58<>""),ROUNDUP((AK58-AJ58)/7,0),"") -> 3 | AN58: =IFERROR(IF(AL58*AM58=0,"",AL58*AM58),"") | AQ58: =IF(AND(AO58<>"",AP58<>""),ROUNDUP((AP58-AO58)/7,0),"") | AR58: =IFERROR(IF((AU58-(AI58+AN58))/AQ58=0,"",ROUNDUP((AU58-(AI58+AN58))/AQ58,0)),"") | AS58: =IFERROR(IF((AU58-(AI58+AN58))=0,"",(AU58-(AI58+AN58))),"") | AT58: =IF(AND(AG58="",AQ58=""),AL58,IF(SUM(AG58,AL58,AQ58)=0,"",SUM(AG58,AL58,AQ58))) -> 3 | AV58: 01-AUG-25 | AW58: 0830 | AX58: 1220 | AZ58: M | BA58: T | BB58: W | BC58: R | BF58: 4 | BG58: =IF(AD58="","",YEAR(AD58)+IF(MONTH(AD58)>=5,1,0)) -> 2026 | BH58: =IF(AD58="","",IF(AND(MONTH(AD58)=8,DAY(AD58)>=15),"Fall",IF(MONTH(AD58)>8,"Fall",IF(MONTH(AD58)=5,"Summer",IF(MONTH(AD58)=1,"Spring",""))))) | BK58: Reeve, John W. | BL58: =IFERROR(INDEX(_names_lookup!$C:$C,MATCH(BK58,_names_lookup!$A:$A,0)),"") -> jreeve@andrews.edu | BM58: =IFERROR(INDEX(_names_lookup!$B:$B,MATCH(BK58,_names_lookup!$A:$A,0)),"") -> 000049018 | BO58: 100 | BS58: =IFERROR(IF(BR58*AA58=0,"",BR58*AA58),"") | BV58: CHIS | BZ58: 160 | CA58: ES12 | CB58: BILL | CC58: FP | CE58: 202531 | CF58: 06-JUL-25 | CG58: A | CH58: 3 | CI58: N | CL58: MOODL | CN58: CH1 | CQ58: 70 | CR58: 1 | CS58: 0 | CT58: Y | CU58: O | DC58: Y | DP58: 202531 | DQ58: 0
H59: 3265-08 | I59: 3265 | K59: CHIS | L59: 600 | M59: 997 | O59: =IFERROR(INDEX(_courses_lookup!$C:$C,MATCH(K59&L59,_courses_lookup!$E:$E,0)),"") -> The Early Church to AD 604 | P59: =IFERROR(INDEX(_courses_lookup!$D:$D,MATCH(K59&L59,_courses_lookup!$E:$E,0)),"") -> 0 | R59: 314 | S59: 7 | V59: SYNC | W59: FP | X59: Q | Y59: 2,3 | Z59: 3 | AB59: 20 | AC59: WEB | AD59: 07-JUL-25 | AG59: =IF(AND(AE59<>"",AF59<>""),ROUNDUP((AF59-AE59)/7,0),"") | AI59: =IFERROR(IF(AG59*AH59=0,"",AG59*AH59),"") | AJ59: 14-JUL-25 | AK59: 01-AUG-25 | AL59: =IF(AND(AJ59<>"",AK59<>""),ROUNDUP((AK59-AJ59)/7,0),"") -> 3 | AN59: =IFERROR(IF(AL59*AM59=0,"",AL59*AM59),"") | AQ59: =IF(AND(AO59<>"",AP59<>""),ROUNDUP((AP59-AO59)/7,0),"") | AR59: =IFERROR(IF((AU59-(AI59+AN59))/AQ59=0,"",ROUNDUP((AU59-(AI59+AN59))/AQ59,0)),"") | AS59: =IFERROR(IF((AU59-(AI59+AN59))=0,"",(AU59-(AI59+AN59))),"") | AT59: =IF(AND(AG59="",AQ59=""),AL59,IF(SUM(AG59,AL59,AQ59)=0,"",SUM(AG59,AL59,AQ59))) -> 3 | AV59: 01-AUG-25 | AW59: 0830 | AX59: 1220 | AZ59: M | BA59: T | BB59: W | BC59: R | BF59: 4 | BG59: =IF(AD59="","",YEAR(AD59)+IF(MONTH(AD59)>=5,1,0)) -> 2026 | BH59: =IF(AD59="","",IF(AND(MONTH(AD59)=8,DAY(AD59)>=15),"Fall",IF(MONTH(AD59)>8,"Fall",IF(MONTH(AD59)=5,"Summer",IF(MONTH(AD59)=1,"Spring",""))))) | BK59: Reeve, John W. | BL59: =IFERROR(INDEX(_names_lookup!$C:$C,MATCH(BK59,_names_lookup!$A:$A,0)),"") -> jreeve@andrews.edu | BM59: =IFERROR(INDEX(_names_lookup!$B:$B,MATCH(BK59,_names_lookup!$A:$A,0)),"") -> 000049018 | BO59: 100 | BS59: =IFERROR(IF(BR59*AA59=0,"",BR59*AA59),"") | BV59: CHIS | BZ59: 160 | CA59: ES12 | CB59: BILL | CC59: FP | CE59: 202531 | CF59: 06-JUL-25 | CG59: A | CH59: 3 | CI59: N | CL59: MOODL | CN59: CH1 | CQ59: 70 | CR59: 1 | CS59: 0 | CT59: Y | CU59: O | DC59: Y | DP59: 202531 | DQ59: 7
H60: 3293-02 | I60: 3293 | K60: CHIS | L60: 880 | M60: 001 | O60: =IFERROR(INDEX(_courses_lookup!$C:$C,MATCH(K60&L60,_courses_lookup!$E:$E,0)),"") -> Topics in Church History: | P60: =IFERROR(INDEX(_courses_lookup!$D:$D,MATCH(K60&L60,_courses_lookup!$E:$E,0)),"") -> Top in Chrch Hist:Early Church | R60: 314 | S60: 0 | X60: Q | Y60: 1-3 | Z60: 3 | AB60: 25 | AC60: CLAS | AD60: 07-JUL-25 | AG60: =IF(AND(AE60<>"",AF60<>""),ROUNDUP((AF60-AE60)/7,0),"") | AI60: =IFERROR(IF(AG60*AH60=0,"",AG60*AH60),"") | AJ60: 14-JUL-25 | AK60: 01-AUG-25 | AL60: =IF(AND(AJ60<>"",AK60<>""),ROUNDUP((AK60-AJ60)/7,0),"") -> 3 | AN60: =IFERROR(IF(AL60*AM60=0,"",AL60*AM60),"") | AQ60: =IF(AND(AO60<>"",AP60<>""),ROUNDUP((AP60-AO60)/7,0),"") | AR60: =IFERROR(IF((AU60-(AI60+AN60))/AQ60=0,"",ROUNDUP((AU60-(AI60+AN60))/AQ60,0)),"") | AS60: =IFERROR(IF((AU60-(AI60+AN60))=0,"",(AU60-(AI60+AN60))),"") | AT60: =IF(AND(AG60="",AQ60=""),AL60,IF(SUM(AG60,AL60,AQ60)=0,"",SUM(AG60,AL60,AQ60))) -> 3 | AV60: 01-AUG-25 | AW60: 0830 | AX60: 1220 | AZ60: M | BA60: T | BB60: W | BC60: R | BF60: 4 | BG60: =IF(AD60="","",YEAR(AD60)+IF(MONTH(AD60)>=5,1,0)) -> 2026 | BH60: =IF(AD60="","",IF(AND(MONTH(AD60)=8,DAY(AD60)>=15),"Fall",IF(MONTH(AD60)>8,"Fall",IF(MONTH(AD60)=5,"Summer",IF(MONTH(AD60)=1,"Spring",""))))) | BI60: N150 | BJ60: Seminary Building [SEM] | BK60: Reeve, John W. | BL60: =IFERROR(INDEX(_names_lookup!$C:$C,MATCH(BK60,_names_lookup!$A:$A,0)),"") -> jreeve@andrews.edu | BM60: =IFERROR(INDEX(_names_lookup!$B:$B,MATCH(BK60,_names_lookup!$A:$A,0)),"") -> 000049018 | BO60: 100 | BS60: =IFERROR(IF(BR60*AA60=0,"",BR60*AA60),"") | BV60: CHIS | CF60: 15-JUL-25 | CG60: A | CH60: 3 | CI60: A | CL60: MOODL | CQ60: 70 | CR60: 0 | CS60: 0 | CT60: Y | CU60: O | DC60: Y | DE60: O | DP60: 202531
H61: 3293-04 | I61: 3293 | K61: CHIS | L61: 880 | M61: 001 | O61: =IFERROR(INDEX(_courses_lookup!$C:$C,MATCH(K61&L61,_courses_lookup!$E:$E,0)),"") -> Topics in Church History: | P61: =IFERROR(INDEX(_courses_lookup!$D:$D,MATCH(K61&L61,_courses_lookup!$E:$E,0)),"") -> Top in Chrch Hist:Early Church | R61: 314 | S61: 0 | X61: Q | Y61: 1-3 | Z61: 3 | AB61: 25 | AC61: PRE | AD61: 07-JUL-25 | AG61: =IF(AND(AE61<>"",AF61<>""),ROUNDUP((AF61-AE61)/7,0),"") | AI61: =IFERROR(IF(AG61*AH61=0,"",AG61*AH61),"") | AJ61: 07-JUL-25 | AK61: 13-JUL-25 | AL61: =IF(AND(AJ61<>"",AK61<>""),ROUNDUP((AK61-AJ61)/7,0),"") -> 1 | AN61: =IFERROR(IF(AL61*AM61=0,"",AL61*AM61),"") | AQ61: =IF(AND(AO61<>"",AP61<>""),ROUNDUP((AP61-AO61)/7,0),"") | AR61: =IFERROR(IF((AU61-(AI61+AN61))/AQ61=0,"",ROUNDUP((AU61-(AI61+AN61))/AQ61,0)),"") | AS61: =IFERROR(IF((AU61-(AI61+AN61))=0,"",(AU61-(AI61+AN61))),"") | AT61: =IF(AND(AG61="",AQ61=""),AL61,IF(SUM(AG61,AL61,AQ61)=0,"",SUM(AG61,AL61,AQ61))) -> 1 | AV61: 01-AUG-25 | BF61: 4 | BG61: =IF(AD61="","",YEAR(AD61)+IF(MONTH(AD61)>=5,1,0)) -> 2026 | BH61: =IF(AD61="","",IF(AND(MONTH(AD61)=8,DAY(AD61)>=15),"Fall",IF(MONTH(AD61)>8,"Fall",IF(MONTH(AD61)=5,"Summer",IF(MONTH(AD61)=1,"Spring",""))))) | BK61: Reeve, John W. | BL61: =IFERROR(INDEX(_names_lookup!$C:$C,MATCH(BK61,_names_lookup!$A:$A,0)),"") -> jreeve@andrews.edu | BM61: =IFERROR(INDEX(_names_lookup!$B:$B,MATCH(BK61,_names_lookup!$A:$A,0)),"") -> 000049018 | BO61: 100 | BS61: =IFERROR(IF(BR61*AA61=0,"",BR61*AA61),"") | BV61: CHIS | CF61: 15-JUL-25 | CG61: A | CH61: 3 | CI61: A | CL61: MOODL | CQ61: 70 | CR61: 0 | CS61: 0 | CT61: Y | CU61: O | DC61: Y | DP61: 202531
H62: 3292-03 | I62: 3292 | K62: CHIS | L62: 507 | M62: 999 | O62: =IFERROR(INDEX(_courses_lookup!$C:$C,MATCH(K62&L62,_courses_lookup!$E:$E,0)),"") -> Church History 1500 to Present | P62: =IFERROR(INDEX(_courses_lookup!$D:$D,MATCH(K62&L62,_courses_lookup!$E:$E,0)),"") -> 0 | S62: 7 | V62: ASYNC | W62: FP | X62: 1 | Y62: 2,3 | Z62: 2 | AB62: 35 | AC62: CLAS | AD62: 12-MAY-25 | AG62: =IF(AND(AE62<>"",AF62<>""),ROUNDUP((AF62-AE62)/7,0),"") | AI62: =IFERROR(IF(AG62*AH62=0,"",AG62*AH62),"") | AJ62: 12-MAY-25 | AK62: 01-AUG-25 | AL62: =IF(AND(AJ62<>"",AK62<>""),ROUNDUP((AK62-AJ62)/7,0),"") -> 12 | AN62: =IFERROR(IF(AL62*AM62=0,"",AL62*AM62),"") | AQ62: =IF(AND(AO62<>"",AP62<>""),ROUNDUP((AP62-AO62)/7,0),"") | AR62: =IFERROR(IF((AU62-(AI62+AN62))/AQ62=0,"",ROUNDUP((AU62-(AI62+AN62))/AQ62,0)),"") | AS62: =IFERROR(IF((AU62-(AI62+AN62))=0,"",(AU62-(AI62+AN62))),"") | AT62: =IF(AND(AG62="",AQ62=""),AL62,IF(SUM(AG62,AL62,AQ62)=0,"",SUM(AG62,AL62,AQ62))) -> 12 | AV62: 01-AUG-25 | BF62: 12 | BG62: =IF(AD62="","",YEAR(AD62)+IF(MONTH(AD62)>=5,1,0)) -> 2026 | BH62: =IF(AD62="","",IF(AND(MONTH(AD62)=8,DAY(AD62)>=15),"Fall",IF(MONTH(AD62)>8,"Fall",IF(MONTH(AD62)=5,"Summer",IF(MONTH(AD62)=1,"Spring",""))))) -> Summer | BK62: Miller, Nicholas P. | BL62: =IFERROR(INDEX(_names_lookup!$C:$C,MATCH(BK62,_names_lookup!$A:$A,0)),"") -> nicholas@andrews.edu | BM62: =IFERROR(INDEX(_names_lookup!$B:$B,MATCH(BK62,_names_lookup!$A:$A,0)),"") -> 000050696 | BO62: 100 | BS62: =IFERROR(IF(BR62*AA62=0,"",BR62*AA62),"") | BV62: CHIS | BZ62: 160 | CA62: ES12 | CB62: BILL | CC62: FP | CE62: 202531 | CF62: 21-JUL-25 | CG62: A | CH62: 2 | CI62: N | CL62: MOODL | CQ62: 70 | CR62: 13 | CS62: 0 | CT62: Y | DC62: Y | DP62: 202531 | DQ62: 0
H63: 3292-04 | I63: 3292 | K63: CHIS | L63: 507 | M63: 999 | O63: =IFERROR(INDEX(_courses_lookup!$C:$C,MATCH(K63&L63,_courses_lookup!$E:$E,0)),"") -> Church History 1500 to Present | P63: =IFERROR(INDEX(_courses_lookup!$D:$D,MATCH(K63&L63,_courses_lookup!$E:$E,0)),"") -> 0 | S63: 7 | V63: ASYNC | W63: FP | X63: 1 | Y63: 2,3 | Z63: 2 | AB63: 35 | AC63: CLAS | AD63: 12-MAY-25 | AG63: =IF(AND(AE63<>"",AF63<>""),ROUNDUP((AF63-AE63)/7,0),"") | AI63: =IFERROR(IF(AG63*AH63=0,"",AG63*AH63),"") | AJ63: 12-MAY-25 | AK63: 01-AUG-25 | AL63: =IF(AND(AJ63<>"",AK63<>""),ROUNDUP((AK63-AJ63)/7,0),"") -> 12 | AN63: =IFERROR(IF(AL63*AM63=0,"",AL63*AM63),"") | AQ63: =IF(AND(AO63<>"",AP63<>""),ROUNDUP((AP63-AO63)/7,0),"") | AR63: =IFERROR(IF((AU63-(AI63+AN63))/AQ63=0,"",ROUNDUP((AU63-(AI63+AN63))/AQ63,0)),"") | AS63: =IFERROR(IF((AU63-(AI63+AN63))=0,"",(AU63-(AI63+AN63))),"") | AT63: =IF(AND(AG63="",AQ63=""),AL63,IF(SUM(AG63,AL63,AQ63)=0,"",SUM(AG63,AL63,AQ63))) -> 12 | AV63: 01-AUG-25 | BF63: 12 | BG63: =IF(AD63="","",YEAR(AD63)+IF(MONTH(AD63)>=5,1,0)) -> 2026 | BH63: =IF(AD63="","",IF(AND(MONTH(AD63)=8,DAY(AD63)>=15),"Fall",IF(MONTH(AD63)>8,"Fall",IF(MONTH(AD63)=5,"Summer",IF(MONTH(AD63)=1,"Spring",""))))) -> Summer | BK63: Miller, Nicholas P. | BL63: =IFERROR(INDEX(_names_lookup!$C:$C,MATCH(BK63,_names_lookup!$A:$A,0)),"") -> nicholas@andrews.edu | BM63: =IFERROR(INDEX(_names_lookup!$B:$B,MATCH(BK63,_names_lookup!$A:$A,0)),"") -> 000050696 | BO63: 100 | BS63: =IFERROR(IF(BR63*AA63=0,"",BR63*AA63),"") | BV63: CHIS | BZ63: 160 | CA63: ES12 | CB63: BILL | CC63: FP | CE63: 202531 | CF63: 21-JUL-25 | CG63: A | CH63: 2 | CI63: N | CL63: MOODL | CQ63: 70 | CR63: 13 | CS63: 0 | CT63: Y | DC63: Y | DP63: 202531 | DQ63: 7
H64: 706-03 | I64: 706 | K64: CHIS | L64: 600 | M64: 998 | O64: =IFERROR(INDEX(_courses_lookup!$C:$C,MATCH(K64&L64,_courses_lookup!$E:$E,0)),"") -> The Early Church to AD 604 | P64: =IFERROR(INDEX(_courses_lookup!$D:$D,MATCH(K64&L64,_courses_lookup!$E:$E,0)),"") -> 0 | R64: 314 | S64: 7 | V64: SYNC | W64: FP | X64: Q | Y64: 2,3 | Z64: 2 | AB64: 20 | AC64: PRE | AD64: 07-JUL-25 | AG64: =IF(AND(AE64<>"",AF64<>""),ROUNDUP((AF64-AE64)/7,0),"") | AI64: =IFERROR(IF(AG64*AH64=0,"",AG64*AH64),"") | AJ64: 07-JUL-25 | AK64: 13-JUL-25 | AL64: =IF(AND(AJ64<>"",AK64<>""),ROUNDUP((AK64-AJ64)/7,0),"") -> 1 | AN64: =IFERROR(IF(AL64*AM64=0,"",AL64*AM64),"") | AQ64: =IF(AND(AO64<>"",AP64<>""),ROUNDUP((AP64-AO64)/7,0),"") | AR64: =IFERROR(IF((AU64-(AI64+AN64))/AQ64=0,"",ROUNDUP((AU64-(AI64+AN64))/AQ64,0)),"") | AS64: =IFERROR(IF((AU64-(AI64+AN64))=0,"",(AU64-(AI64+AN64))),"") | AT64: =IF(AND(AG64="",AQ64=""),AL64,IF(SUM(AG64,AL64,AQ64)=0,"",SUM(AG64,AL64,AQ64))) -> 1 | AV64: 01-AUG-25 | BF64: 4 | BG64: =IF(AD64="","",YEAR(AD64)+IF(MONTH(AD64)>=5,1,0)) -> 2026 | BH64: =IF(AD64="","",IF(AND(MONTH(AD64)=8,DAY(AD64)>=15),"Fall",IF(MONTH(AD64)>8,"Fall",IF(MONTH(AD64)=5,"Summer",IF(MONTH(AD64)=1,"Spring",""))))) | BK64: Reeve, John W. | BL64: =IFERROR(INDEX(_names_lookup!$C:$C,MATCH(BK64,_names_lookup!$A:$A,0)),"") -> jreeve@andrews.edu | BM64: =IFERROR(INDEX(_names_lookup!$B:$B,MATCH(BK64,_names_lookup!$A:$A,0)),"") -> 000049018 | BO64: 100 | BS64: =IFERROR(IF(BR64*AA64=0,"",BR64*AA64),"") | BV64: CHIS | BZ64: 160 | CA64: ES12 | CB64: BILL | CC64: FP | CE64: 202531 | CF64: 22-JUL-25 | CG64: A | CI64: N | CL64: MOODL | CN64: CH1 | CQ64: 70 | CR64: 8 | CS64: 0 | CT64: Y | CU64: O | DC64: Y | DP64: 202531 | DQ64: 0
H65: 706-04 | I65: 706 | K65: CHIS | L65: 600 | M65: 998 | O65: =IFERROR(INDEX(_courses_lookup!$C:$C,MATCH(K65&L65,_courses_lookup!$E:$E,0)),"") -> The Early Church to AD 604 | P65: =IFERROR(INDEX(_courses_lookup!$D:$D,MATCH(K65&L65,_courses_lookup!$E:$E,0)),"") -> 0 | R65: 314 | S65: 7 | V65: SYNC | W65: FP | X65: Q | Y65: 2,3 | Z65: 2 | AB65: 20 | AC65: PRE | AD65: 07-JUL-25 | AG65: =IF(AND(AE65<>"",AF65<>""),ROUNDUP((AF65-AE65)/7,0),"") | AI65: =IFERROR(IF(AG65*AH65=0,"",AG65*AH65),"") | AJ65: 07-JUL-25 | AK65: 13-JUL-25 | AL65: =IF(AND(AJ65<>"",AK65<>""),ROUNDUP((AK65-AJ65)/7,0),"") -> 1 | AN65: =IFERROR(IF(AL65*AM65=0,"",AL65*AM65),"") | AQ65: =IF(AND(AO65<>"",AP65<>""),ROUNDUP((AP65-AO65)/7,0),"") | AR65: =IFERROR(IF((AU65-(AI65+AN65))/AQ65=0,"",ROUNDUP((AU65-(AI65+AN65))/AQ65,0)),"") | AS65: =IFERROR(IF((AU65-(AI65+AN65))=0,"",(AU65-(AI65+AN65))),"") | AT65: =IF(AND(AG65="",AQ65=""),AL65,IF(SUM(AG65,AL65,AQ65)=0,"",SUM(AG65,AL65,AQ65))) -> 1 | AV65: 01-AUG-25 | BF65: 4 | BG65: =IF(AD65="","",YEAR(AD65)+IF(MONTH(AD65)>=5,1,0)) -> 2026 | BH65: =IF(AD65="","",IF(AND(MONTH(AD65)=8,DAY(AD65)>=15),"Fall",IF(MONTH(AD65)>8,"Fall",IF(MONTH(AD65)=5,"Summer",IF(MONTH(AD65)=1,"Spring",""))))) | BK65: Reeve, John W. | BL65: =IFERROR(INDEX(_names_lookup!$C:$C,MATCH(BK65,_names_lookup!$A:$A,0)),"") -> jreeve@andrews.edu | BM65: =IFERROR(INDEX(_names_lookup!$B:$B,MATCH(BK65,_names_lookup!$A:$A,0)),"") -> 000049018 | BO65: 100 | BS65: =IFERROR(IF(BR65*AA65=0,"",BR65*AA65),"") | BV65: CHIS | BZ65: 160 | CA65: ES12 | CB65: BILL | CC65: FP | CE65: 202531 | CF65: 22-JUL-25 | CG65: A | CI65: N | CL65: MOODL | CN65: CH1 | CQ65: 70 | CR65: 8 | CS65: 0 | CT65: Y | CU65: O | DC65: Y | DP65: 202531 | DQ65: 7
H66: 706-07 | I66: 706 | K66: CHIS | L66: 600 | M66: 998 | O66: =IFERROR(INDEX(_courses_lookup!$C:$C,MATCH(K66&L66,_courses_lookup!$E:$E,0)),"") -> The Early Church to AD 604 | P66: =IFERROR(INDEX(_courses_lookup!$D:$D,MATCH(K66&L66,_courses_lookup!$E:$E,0)),"") -> 0 | R66: 314 | S66: 7 | V66: SYNC | W66: FP | X66: Q | Y66: 2,3 | Z66: 2 | AB66: 20 | AC66: WEB | AD66: 07-JUL-25 | AG66: =IF(AND(AE66<>"",AF66<>""),ROUNDUP((AF66-AE66)/7,0),"") | AI66: =IFERROR(IF(AG66*AH66=0,"",AG66*AH66),"") | AJ66: 14-JUL-25 | AK66: 01-AUG-25 | AL66: =IF(AND(AJ66<>"",AK66<>""),ROUNDUP((AK66-AJ66)/7,0),"") -> 3 | AN66: =IFERROR(IF(AL66*AM66=0,"",AL66*AM66),"") | AQ66: =IF(AND(AO66<>"",AP66<>""),ROUNDUP((AP66-AO66)/7,0),"") | AR66: =IFERROR(IF((AU66-(AI66+AN66))/AQ66=0,"",ROUNDUP((AU66-(AI66+AN66))/AQ66,0)),"") | AS66: =IFERROR(IF((AU66-(AI66+AN66))=0,"",(AU66-(AI66+AN66))),"") | AT66: =IF(AND(AG66="",AQ66=""),AL66,IF(SUM(AG66,AL66,AQ66)=0,"",SUM(AG66,AL66,AQ66))) -> 3 | AV66: 01-AUG-25 | AW66: 0830 | AX66: 1220 | AZ66: M | BA66: T | BB66: W | BC66: R | BF66: 4 | BG66: =IF(AD66="","",YEAR(AD66)+IF(MONTH(AD66)>=5,1,0)) -> 2026 | BH66: =IF(AD66="","",IF(AND(MONTH(AD66)=8,DAY(AD66)>=15),"Fall",IF(MONTH(AD66)>8,"Fall",IF(MONTH(AD66)=5,"Summer",IF(MONTH(AD66)=1,"Spring",""))))) | BK66: Reeve, John W. | BL66: =IFERROR(INDEX(_names_lookup!$C:$C,MATCH(BK66,_names_lookup!$A:$A,0)),"") -> jreeve@andrews.edu | BM66: =IFERROR(INDEX(_names_lookup!$B:$B,MATCH(BK66,_names_lookup!$A:$A,0)),"") -> 000049018 | BO66: 100 | BS66: =IFERROR(IF(BR66*AA66=0,"",BR66*AA66),"") | BV66: CHIS | BZ66: 160 | CA66: ES12 | CB66: BILL | CC66: FP | CE66: 202531 | CF66: 22-JUL-25 | CG66: A | CI66: N | CL66: MOODL | CN66: CH1 | CQ66: 70 | CR66: 8 | CS66: 0 | CT66: Y | CU66: O | DC66: Y | DP66: 202531 | DQ66: 0
H67: 706-08 | I67: 706 | K67: CHIS | L67: 600 | M67: 998 | O67: =IFERROR(INDEX(_courses_lookup!$C:$C,MATCH(K67&L67,_courses_lookup!$E:$E,0)),"") -> The Early Church to AD 604 | P67: =IFERROR(INDEX(_courses_lookup!$D:$D,MATCH(K67&L67,_courses_lookup!$E:$E,0)),"") -> 0 | R67: 314 | S67: 7 | V67: SYNC | W67: FP | X67: Q | Y67: 2,3 | Z67: 2 | AB67: 20 | AC67: WEB | AD67: 07-JUL-25 | AG67: =IF(AND(AE67<>"",AF67<>""),ROUNDUP((AF67-AE67)/7,0),"") | AI67: =IFERROR(IF(AG67*AH67=0,"",AG67*AH67),"") | AJ67: 14-JUL-25 | AK67: 01-AUG-25 | AL67: =IF(AND(AJ67<>"",AK67<>""),ROUNDUP((AK67-AJ67)/7,0),"") -> 3 | AN67: =IFERROR(IF(AL67*AM67=0,"",AL67*AM67),"") | AQ67: =IF(AND(AO67<>"",AP67<>""),ROUNDUP((AP67-AO67)/7,0),"") | AR67: =IFERROR(IF((AU67-(AI67+AN67))/AQ67=0,"",ROUNDUP((AU67-(AI67+AN67))/AQ67,0)),"") | AS67: =IFERROR(IF((AU67-(AI67+AN67))=0,"",(AU67-(AI67+AN67))),"") | AT67: =IF(AND(AG67="",AQ67=""),AL67,IF(SUM(AG67,AL67,AQ67)=0,"",SUM(AG67,AL67,AQ67))) -> 3 | AV67: 01-AUG-25 | AW67: 0830 | AX67: 1220 | AZ67: M | BA67: T | BB67: W | BC67: R | BF67: 4 | BG67: =IF(AD67="","",YEAR(AD67)+IF(MONTH(AD67)>=5,1,0)) -> 2026 | BH67: =IF(AD67="","",IF(AND(MONTH(AD67)=8,DAY(AD67)>=15),"Fall",IF(MONTH(AD67)>8,"Fall",IF(MONTH(AD67)=5,"Summer",IF(MONTH(AD67)=1,"Spring",""))))) | BK67: Reeve, John W. | BL67: =IFERROR(INDEX(_names_lookup!$C:$C,MATCH(BK67,_names_lookup!$A:$A,0)),"") -> jreeve@andrews.edu | BM67: =IFERROR(INDEX(_names_lookup!$B:$B,MATCH(BK67,_names_lookup!$A:$A,0)),"") -> 000049018 | BO67: 100 | BS67: =IFERROR(IF(BR67*AA67=0,"",BR67*AA67),"") | BV67: CHIS | BZ67: 160 | CA67: ES12 | CB67: BILL | CC67: FP | CE67: 202531 | CF67: 22-JUL-25 | CG67: A | CI67: N | CL67: MOODL | CN67: CH1 | CQ67: 70 | CR67: 8 | CS67: 0 | CT67: Y | CU67: O | DC67: Y | DP67: 202531 | DQ67: 7
H68: 3295-03 | I68: 3295 | K68: CHIS | L68: 674 | M68: 998 | O68: =IFERROR(INDEX(_courses_lookup!$C:$C,MATCH(K68&L68,_courses_lookup!$E:$E,0)),"") -> Development SDA Theology | P68: =IFERROR(INDEX(_courses_lookup!$D:$D,MATCH(K68&L68,_courses_lookup!$E:$E,0)),"") -> 0 | R68: 028 | S68: 7 | V68: ASYNC | W68: FP | X68: 1 | Y68: 2,3 | Z68: 3 | AB68: 45 | AC68: WEB | AD68: 12-MAY-25 | AG68: =IF(AND(AE68<>"",AF68<>""),ROUNDUP((AF68-AE68)/7,0),"") | AI68: =IFERROR(IF(AG68*AH68=0,"",AG68*AH68),"") | AJ68: 12-MAY-25 | AK68: 01-AUG-25 | AL68: =IF(AND(AJ68<>"",AK68<>""),ROUNDUP((AK68-AJ68)/7,0),"") -> 12 | AN68: =IFERROR(IF(AL68*AM68=0,"",AL68*AM68),"") | AQ68: =IF(AND(AO68<>"",AP68<>""),ROUNDUP((AP68-AO68)/7,0),"") | AR68: =IFERROR(IF((AU68-(AI68+AN68))/AQ68=0,"",ROUNDUP((AU68-(AI68+AN68))/AQ68,0)),"") | AS68: =IFERROR(IF((AU68-(AI68+AN68))=0,"",(AU68-(AI68+AN68))),"") | AT68: =IF(AND(AG68="",AQ68=""),AL68,IF(SUM(AG68,AL68,AQ68)=0,"",SUM(AG68,AL68,AQ68))) -> 12 | AV68: 01-AUG-25 | BF68: 12 | BG68: =IF(AD68="","",YEAR(AD68)+IF(MONTH(AD68)>=5,1,0)) -> 2026 | BH68: =IF(AD68="","",IF(AND(MONTH(AD68)=8,DAY(AD68)>=15),"Fall",IF(MONTH(AD68)>8,"Fall",IF(MONTH(AD68)=5,"Summer",IF(MONTH(AD68)=1,"Spring",""))))) -> Summer | BK68: Burton, Kevin M. | BL68: =IFERROR(INDEX(_names_lookup!$C:$C,MATCH(BK68,_names_lookup!$A:$A,0)),"") -> burtonk@andrews.edu | BM68: =IFERROR(INDEX(_names_lookup!$B:$B,MATCH(BK68,_names_lookup!$A:$A,0)),"") -> 000148286 | BO68: 100 | BS68: =IFERROR(IF(BR68*AA68=0,"",BR68*AA68),"") | BV68: CHIS | BZ68: 160 | CA68: ES12 | CB68: BILL | CC68: FP | CE68: 202531 | CF68: 30-JUL-25 | CG68: A | CH68: 3 | CI68: N | CJ68: P-CHIS674 | CL68: MOODL | CN68: ADVN,THEO | CQ68: 70 | CR68: 22 | CS68: 0 | CT68: Y | DC68: Y | DP68: 202531 | DQ68: 0
H69: 3295-04 | I69: 3295 | K69: CHIS | L69: 674 | M69: 998 | O69: =IFERROR(INDEX(_courses_lookup!$C:$C,MATCH(K69&L69,_courses_lookup!$E:$E,0)),"") -> Development SDA Theology | P69: =IFERROR(INDEX(_courses_lookup!$D:$D,MATCH(K69&L69,_courses_lookup!$E:$E,0)),"") -> 0 | R69: 028 | S69: 7 | V69: ASYNC | W69: FP | X69: 1 | Y69: 2,3 | Z69: 3 | AB69: 45 | AC69: WEB | AD69: 12-MAY-25 | AG69: =IF(AND(AE69<>"",AF69<>""),ROUNDUP((AF69-AE69)/7,0),"") | AI69: =IFERROR(IF(AG69*AH69=0,"",AG69*AH69),"") | AJ69: 12-MAY-25 | AK69: 01-AUG-25 | AL69: =IF(AND(AJ69<>"",AK69<>""),ROUNDUP((AK69-AJ69)/7,0),"") -> 12 | AN69: =IFERROR(IF(AL69*AM69=0,"",AL69*AM69),"") | AQ69: =IF(AND(AO69<>"",AP69<>""),ROUNDUP((AP69-AO69)/7,0),"") | AR69: =IFERROR(IF((AU69-(AI69+AN69))/AQ69=0,"",ROUNDUP((AU69-(AI69+AN69))/AQ69,0)),"") | AS69: =IFERROR(IF((AU69-(AI69+AN69))=0,"",(AU69-(AI69+AN69))),"") | AT69: =IF(AND(AG69="",AQ69=""),AL69,IF(SUM(AG69,AL69,AQ69)=0,"",SUM(AG69,AL69,AQ69))) -> 12 | AV69: 01-AUG-25 | BF69: 12 | BG69: =IF(AD69="","",YEAR(AD69)+IF(MONTH(AD69)>=5,1,0)) -> 2026 | BH69: =IF(AD69="","",IF(AND(MONTH(AD69)=8,DAY(AD69)>=15),"Fall",IF(MONTH(AD69)>8,"Fall",IF(MONTH(AD69)=5,"Summer",IF(MONTH(AD69)=1,"Spring",""))))) -> Summer | BK69: Burton, Kevin M. | BL69: =IFERROR(INDEX(_names_lookup!$C:$C,MATCH(BK69,_names_lookup!$A:$A,0)),"") -> burtonk@andrews.edu | BM69: =IFERROR(INDEX(_names_lookup!$B:$B,MATCH(BK69,_names_lookup!$A:$A,0)),"") -> 000148286 | BO69: 100 | BS69: =IFERROR(IF(BR69*AA69=0,"",BR69*AA69),"") | BV69: CHIS | BZ69: 160 | CA69: ES12 | CB69: BILL | CC69: FP | CE69: 202531 | CF69: 30-JUL-25 | CG69: A | CH69: 3 | CI69: N | CJ69: P-CHIS674 | CL69: MOODL | CN69: ADVN,THEO | CQ69: 70 | CR69: 22 | CS69: 0 | CT69: Y | DC69: Y | DP69: 202531 | DQ69: 7
H70: 2740-02 | I70: 2740 | K70: CHIS | L70: 600 | M70: 001 | O70: =IFERROR(INDEX(_courses_lookup!$C:$C,MATCH(K70&L70,_courses_lookup!$E:$E,0)),"") -> The Early Church to AD 604 | P70: =IFERROR(INDEX(_courses_lookup!$D:$D,MATCH(K70&L70,_courses_lookup!$E:$E,0)),"") -> 0 | R70: 314 | S70: 0 | X70: Q | Y70: 2,3 | Z70: 2 | AB70: 20 | AC70: CLAS | AD70: 07-JUL-25 | AG70: =IF(AND(AE70<>"",AF70<>""),ROUNDUP((AF70-AE70)/7,0),"") | AI70: =IFERROR(IF(AG70*AH70=0,"",AG70*AH70),"") | AJ70: 14-JUL-25 | AK70: 01-AUG-25 | AL70: =IF(AND(AJ70<>"",AK70<>""),ROUNDUP((AK70-AJ70)/7,0),"") -> 3 | AN70: =IFERROR(IF(AL70*AM70=0,"",AL70*AM70),"") | AQ70: =IF(AND(AO70<>"",AP70<>""),ROUNDUP((AP70-AO70)/7,0),"") | AR70: =IFERROR(IF((AU70-(AI70+AN70))/AQ70=0,"",ROUNDUP((AU70-(AI70+AN70))/AQ70,0)),"") | AS70: =IFERROR(IF((AU70-(AI70+AN70))=0,"",(AU70-(AI70+AN70))),"") | AT70: =IF(AND(AG70="",AQ70=""),AL70,IF(SUM(AG70,AL70,AQ70)=0,"",SUM(AG70,AL70,AQ70))) -> 3 | AV70: 01-AUG-25 | AW70: 0830 | AX70: 1220 | AZ70: M | BA70: T | BB70: W | BC70: R | BF70: 4 | BG70: =IF(AD70="","",YEAR(AD70)+IF(MONTH(AD70)>=5,1,0)) -> 2026 | BH70: =IF(AD70="","",IF(AND(MONTH(AD70)=8,DAY(AD70)>=15),"Fall",IF(MONTH(AD70)>8,"Fall",IF(MONTH(AD70)=5,"Summer",IF(MONTH(AD70)=1,"Spring",""))))) | BI70: N150 | BJ70: Seminary Building [SEM] | BK70: Reeve, John W. | BL70: =IFERROR(INDEX(_names_lookup!$C:$C,MATCH(BK70,_names_lookup!$A:$A,0)),"") -> jreeve@andrews.edu | BM70: =IFERROR(INDEX(_names_lookup!$B:$B,MATCH(BK70,_names_lookup!$A:$A,0)),"") -> 000049018 | BO70: 100 | BS70: =IFERROR(IF(BR70*AA70=0,"",BR70*AA70),"") | BV70: CHIS | CF70: 04-AUG-25 | CG70: A | CH70: 2 | CI70: A | CL70: MOODL | CN70: CH1 | CQ70: 70 | CR70: 16 | CS70: 0 | CT70: Y | CU70: O | DC70: Y | DE70: O | DP70: 202531
H71: 2740-04 | I71: 2740 | K71: CHIS | L71: 600 | M71: 001 | O71: =IFERROR(INDEX(_courses_lookup!$C:$C,MATCH(K71&L71,_courses_lookup!$E:$E,0)),"") -> The Early Church to AD 604 | P71: =IFERROR(INDEX(_courses_lookup!$D:$D,MATCH(K71&L71,_courses_lookup!$E:$E,0)),"") -> 0 | R71: 314 | S71: 0 | X71: Q | Y71: 2,3 | Z71: 2 | AB71: 20 | AC71: PRE | AD71: 07-JUL-25 | AG71: =IF(AND(AE71<>"",AF71<>""),ROUNDUP((AF71-AE71)/7,0),"") | AI71: =IFERROR(IF(AG71*AH71=0,"",AG71*AH71),"") | AJ71: 07-JUL-25 | AK71: 13-JUL-25 | AL71: =IF(AND(AJ71<>"",AK71<>""),ROUNDUP((AK71-AJ71)/7,0),"") -> 1 | AN71: =IFERROR(IF(AL71*AM71=0,"",AL71*AM71),"") | AQ71: =IF(AND(AO71<>"",AP71<>""),ROUNDUP((AP71-AO71)/7,0),"") | AR71: =IFERROR(IF((AU71-(AI71+AN71))/AQ71=0,"",ROUNDUP((AU71-(AI71+AN71))/AQ71,0)),"") | AS71: =IFERROR(IF((AU71-(AI71+AN71))=0,"",(AU71-(AI71+AN71))),"") | AT71: =IF(AND(AG71="",AQ71=""),AL71,IF(SUM(AG71,AL71,AQ71)=0,"",SUM(AG71,AL71,AQ71))) -> 1 | AV71: 01-AUG-25 | BF71: 4 | BG71: =IF(AD71="","",YEAR(AD71)+IF(MONTH(AD71)>=5,1,0)) -> 2026 | BH71: =IF(AD71="","",IF(AND(MONTH(AD71)=8,DAY(AD71)>=15),"Fall",IF(MONTH(AD71)>8,"Fall",IF(MONTH(AD71)=5,"Summer",IF(MONTH(AD71)=1,"Spring",""))))) | BK71: Reeve, John W. | BL71: =IFERROR(INDEX(_names_lookup!$C:$C,MATCH(BK71,_names_lookup!$A:$A,0)),"") -> jreeve@andrews.edu | BM71: =IFERROR(INDEX(_names_lookup!$B:$B,MATCH(BK71,_names_lookup!$A:$A,0)),"") -> 000049018 | BO71: 100 | BS71: =IFERROR(IF(BR71*AA71=0,"",BR71*AA71),"") | BV71: CHIS | CF71: 04-AUG-25 | CG71: A | CH71: 2 | CI71: A | CL71: MOODL | CN71: CH1 | CQ71: 70 | CR71: 16 | CS71: 0 | CT71: Y | CU71: O | DC71: Y | DP71: 202531
H72: 3264-02 | I72: 3264 | K72: CHIS | L72: 600 | M72: 002 | O72: =IFERROR(INDEX(_courses_lookup!$C:$C,MATCH(K72&L72,_courses_lookup!$E:$E,0)),"") -> The Early Church to AD 604 | P72: =IFERROR(INDEX(_courses_lookup!$D:$D,MATCH(K72&L72,_courses_lookup!$E:$E,0)),"") -> 0 | R72: 314 | S72: 0 | X72: Q | Y72: 2,3 | Z72: 3 | AB72: 20 | AC72: CLAS | AD72: 07-JUL-25 | AG72: =IF(AND(AE72<>"",AF72<>""),ROUNDUP((AF72-AE72)/7,0),"") | AI72: =IFERROR(IF(AG72*AH72=0,"",AG72*AH72),"") | AJ72: 14-JUL-25 | AK72: 01-AUG-25 | AL72: =IF(AND(AJ72<>"",AK72<>""),ROUNDUP((AK72-AJ72)/7,0),"") -> 3 | AN72: =IFERROR(IF(AL72*AM72=0,"",AL72*AM72),"") | AQ72: =IF(AND(AO72<>"",AP72<>""),ROUNDUP((AP72-AO72)/7,0),"") | AR72: =IFERROR(IF((AU72-(AI72+AN72))/AQ72=0,"",ROUNDUP((AU72-(AI72+AN72))/AQ72,0)),"") | AS72: =IFERROR(IF((AU72-(AI72+AN72))=0,"",(AU72-(AI72+AN72))),"") | AT72: =IF(AND(AG72="",AQ72=""),AL72,IF(SUM(AG72,AL72,AQ72)=0,"",SUM(AG72,AL72,AQ72))) -> 3 | AV72: 01-AUG-25 | AW72: 0830 | AX72: 1220 | AZ72: M | BA72: T | BB72: W | BC72: R | BF72: 4 | BG72: =IF(AD72="","",YEAR(AD72)+IF(MONTH(AD72)>=5,1,0)) -> 2026 | BH72: =IF(AD72="","",IF(AND(MONTH(AD72)=8,DAY(AD72)>=15),"Fall",IF(MONTH(AD72)>8,"Fall",IF(MONTH(AD72)=5,"Summer",IF(MONTH(AD72)=1,"Spring",""))))) | BI72: N150 | BJ72: Seminary Building [SEM] | BK72: Reeve, John W. | BL72: =IFERROR(INDEX(_names_lookup!$C:$C,MATCH(BK72,_names_lookup!$A:$A,0)),"") -> jreeve@andrews.edu | BM72: =IFERROR(INDEX(_names_lookup!$B:$B,MATCH(BK72,_names_lookup!$A:$A,0)),"") -> 000049018 | BO72: 100 | BS72: =IFERROR(IF(BR72*AA72=0,"",BR72*AA72),"") | BV72: CHIS | CF72: 04-AUG-25 | CG72: A | CH72: 3 | CI72: A | CL72: MOODL | CN72: CH1 | CQ72: 70 | CR72: 0 | CS72: 0 | CT72: Y | CU72: O | DC72: Y | DE72: O | DP72: 202531
H73: 3264-04 | I73: 3264 | K73: CHIS | L73: 600 | M73: 002 | O73: =IFERROR(INDEX(_courses_lookup!$C:$C,MATCH(K73&L73,_courses_lookup!$E:$E,0)),"") -> The Early Church to AD 604 | P73: =IFERROR(INDEX(_courses_lookup!$D:$D,MATCH(K73&L73,_courses_lookup!$E:$E,0)),"") -> 0 | R73: 314 | S73: 0 | X73: Q | Y73: 2,3 | Z73: 3 | AB73: 20 | AC73: PRE | AD73: 07-JUL-25 | AG73: =IF(AND(AE73<>"",AF73<>""),ROUNDUP((AF73-AE73)/7,0),"") | AI73: =IFERROR(IF(AG73*AH73=0,"",AG73*AH73),"") | AJ73: 07-JUL-25 | AK73: 13-JUL-25 | AL73: =IF(AND(AJ73<>"",AK73<>""),ROUNDUP((AK73-AJ73)/7,0),"") -> 1 | AN73: =IFERROR(IF(AL73*AM73=0,"",AL73*AM73),"") | AQ73: =IF(AND(AO73<>"",AP73<>""),ROUNDUP((AP73-AO73)/7,0),"") | AR73: =IFERROR(IF((AU73-(AI73+AN73))/AQ73=0,"",ROUNDUP((AU73-(AI73+AN73))/AQ73,0)),"") | AS73: =IFERROR(IF((AU73-(AI73+AN73))=0,"",(AU73-(AI73+AN73))),"") | AT73: =IF(AND(AG73="",AQ73=""),AL73,IF(SUM(AG73,AL73,AQ73)=0,"",SUM(AG73,AL73,AQ73))) -> 1 | AV73: 01-AUG-25 | BF73: 4 | BG73: =IF(AD73="","",YEAR(AD73)+IF(MONTH(AD73)>=5,1,0)) -> 2026 | BH73: =IF(AD73="","",IF(AND(MONTH(AD73)=8,DAY(AD73)>=15),"Fall",IF(MONTH(AD73)>8,"Fall",IF(MONTH(AD73)=5,"Summer",IF(MONTH(AD73)=1,"Spring",""))))) | BK73: Reeve, John W. | BL73: =IFERROR(INDEX(_names_lookup!$C:$C,MATCH(BK73,_names_lookup!$A:$A,0)),"") -> jreeve@andrews.edu | BM73: =IFERROR(INDEX(_names_lookup!$B:$B,MATCH(BK73,_names_lookup!$A:$A,0)),"") -> 000049018 | BO73: 100 | BS73: =IFERROR(IF(BR73*AA73=0,"",BR73*AA73),"") | BV73: CHIS | CF73: 04-AUG-25 | CG73: A | CH73: 3 | CI73: A | CL73: MOODL | CN73: CH1 | CQ73: 70 | CR73: 0 | CS73: 0 | CT73: Y | CU73: O | DC73: Y | DP73: 202531
H74: 1305-02 | I74: 1305 | K74: CHIS | L74: 895 | M74: 101 | O74: =IFERROR(INDEX(_courses_lookup!$C:$C,MATCH(K74&L74,_courses_lookup!$E:$E,0)),"") -> Directed Rdg Adventist Studies | P74: =IFERROR(INDEX(_courses_lookup!$D:$D,MATCH(K74&L74,_courses_lookup!$E:$E,0)),"") -> 0 | S74: 0 | X74: 1 | Y74: 1-6 | AB74: 999 | AC74: CLAS | AD74: 12-MAY-25 | AG74: =IF(AND(AE74<>"",AF74<>""),ROUNDUP((AF74-AE74)/7,0),"") | AI74: =IFERROR(IF(AG74*AH74=0,"",AG74*AH74),"") | AJ74: 12-MAY-25 | AK74: 01-AUG-25 | AL74: =IF(AND(AJ74<>"",AK74<>""),ROUNDUP((AK74-AJ74)/7,0),"") -> 12 | AN74: =IFERROR(IF(AL74*AM74=0,"",AL74*AM74),"") | AQ74: =IF(AND(AO74<>"",AP74<>""),ROUNDUP((AP74-AO74)/7,0),"") | AR74: =IFERROR(IF((AU74-(AI74+AN74))/AQ74=0,"",ROUNDUP((AU74-(AI74+AN74))/AQ74,0)),"") | AS74: =IFERROR(IF((AU74-(AI74+AN74))=0,"",(AU74-(AI74+AN74))),"") | AT74: =IF(AND(AG74="",AQ74=""),AL74,IF(SUM(AG74,AL74,AQ74)=0,"",SUM(AG74,AL74,AQ74))) -> 12 | AV74: 01-AUG-25 | BF74: 12 | BG74: =IF(AD74="","",YEAR(AD74)+IF(MONTH(AD74)>=5,1,0)) -> 2026 | BH74: =IF(AD74="","",IF(AND(MONTH(AD74)=8,DAY(AD74)>=15),"Fall",IF(MONTH(AD74)>8,"Fall",IF(MONTH(AD74)=5,"Summer",IF(MONTH(AD74)=1,"Spring",""))))) -> Summer | BK74: Kaiser, Denis | BL74: =IFERROR(INDEX(_names_lookup!$C:$C,MATCH(BK74,_names_lookup!$A:$A,0)),"") -> denis@andrews.edu | BM74: =IFERROR(INDEX(_names_lookup!$B:$B,MATCH(BK74,_names_lookup!$A:$A,0)),"") -> 000134382 | BO74: 100 | BS74: =IFERROR(IF(BR74*AA74=0,"",BR74*AA74),"") | BV74: CHIS | CF74: 19-AUG-25 | CG74: A | CI74: I | CL74: MOODL | CN74: ADVN | CQ74: 70 | CR74: 1 | CS74: 0 | CT74: Y | DC74: Y | DO74: IT | DP74: 202531
O75: =IFERROR(INDEX(_courses_lookup!$C:$C,MATCH(K75&L75,_courses_lookup!$E:$E,0)),"") | P75: =IFERROR(INDEX(_courses_lookup!$D:$D,MATCH(K75&L75,_courses_lookup!$E:$E,0)),"") | AG75: =IF(AND(AE75<>"",AF75<>""),ROUNDUP((AF75-AE75)/7,0),"") | AI75: =IFERROR(IF(AG75*AH75=0,"",AG75*AH75),"") | AL75: =IF(AND(AJ75<>"",AK75<>""),ROUNDUP((AK75-AJ75)/7,0),"") | AN75: =IFERROR(IF(AL75*AM75=0,"",AL75*AM75),"") | AQ75: =IF(AND(AO75<>"",AP75<>""),ROUNDUP((AP75-AO75)/7,0),"") | AR75: =IFERROR(IF((AU75-(AI75+AN75))/AQ75=0,"",ROUNDUP((AU75-(AI75+AN75))/AQ75,0)),"") | AS75: =IFERROR(IF((AU75-(AI75+AN75))=0,"",(AU75-(AI75+AN75))),"") | AT75: =IF(AND(AG75="",AQ75=""),AL75,IF(SUM(AG75,AL75,AQ75)=0,"",SUM(AG75,AL75,AQ75))) | BG75: =IF(AD75="","",YEAR(AD75)+IF(MONTH(AD75)>=5,1,0)) | BH75: =IF(AD75="","",IF(AND(MONTH(AD75)=8,DAY(AD75)>=15),"Fall",IF(MONTH(AD75)>8,"Fall",IF(MONTH(AD75)=5,"Summer",IF(MONTH(AD75)=1,"Spring",""))))) | BL75: =IFERROR(INDEX(_names_lookup!$C:$C,MATCH(BK75,_names_lookup!$A:$A,0)),"") | BM75: =IFERROR(INDEX(_names_lookup!$B:$B,MATCH(BK75,_names_lookup!$A:$A,0)),"") | BS75: =IFERROR(IF(BR75*AA75=0,"",BR75*AA75),"")
O76: =IFERROR(INDEX(_courses_lookup!$C:$C,MATCH(K76&L76,_courses_lookup!$E:$E,0)),"") | P76: =IFERROR(INDEX(_courses_lookup!$D:$D,MATCH(K76&L76,_courses_lookup!$E:$E,0)),"") | AG76: =IF(AND(AE76<>"",AF76<>""),ROUNDUP((AF76-AE76)/7,0),"") | AI76: =IFERROR(IF(AG76*AH76=0,"",AG76*AH76),"") | AL76: =IF(AND(AJ76<>"",AK76<>""),ROUNDUP((AK76-AJ76)/7,0),"") | AN76: =IFERROR(IF(AL76*AM76=0,"",AL76*AM76),"") | AQ76: =IF(AND(AO76<>"",AP76<>""),ROUNDUP((AP76-AO76)/7,0),"") | AR76: =IFERROR(IF((AU76-(AI76+AN76))/AQ76=0,"",ROUNDUP((AU76-(AI76+AN76))/AQ76,0)),"") | AS76: =IFERROR(IF((AU76-(AI76+AN76))=0,"",(AU76-(AI76+AN76))),"") | AT76: =IF(AND(AG76="",AQ76=""),AL76,IF(SUM(AG76,AL76,AQ76)=0,"",SUM(AG76,AL76,AQ76))) | BG76: =IF(AD76="","",YEAR(AD76)+IF(MONTH(AD76)>=5,1,0)) | BH76: =IF(AD76="","",IF(AND(MONTH(AD76)=8,DAY(AD76)>=15),"Fall",IF(MONTH(AD76)>8,"Fall",IF(MONTH(AD76)=5,"Summer",IF(MONTH(AD76)=1,"Spring",""))))) | BL76: =IFERROR(INDEX(_names_lookup!$C:$C,MATCH(BK76,_names_lookup!$A:$A,0)),"") | BM76: =IFERROR(INDEX(_names_lookup!$B:$B,MATCH(BK76,_names_lookup!$A:$A,0)),"") | BS76: =IFERROR(IF(BR76*AA76=0,"",BR76*AA76),"")
O77: =IFERROR(INDEX(_courses_lookup!$C:$C,MATCH(K77&L77,_courses_lookup!$E:$E,0)),"") | P77: =IFERROR(INDEX(_courses_lookup!$D:$D,MATCH(K77&L77,_courses_lookup!$E:$E,0)),"") | AG77: =IF(AND(AE77<>"",AF77<>""),ROUNDUP((AF77-AE77)/7,0),"") | AI77: =IFERROR(IF(AG77*AH77=0,"",AG77*AH77),"") | AL77: =IF(AND(AJ77<>"",AK77<>""),ROUNDUP((AK77-AJ77)/7,0),"") | AN77: =IFERROR(IF(AL77*AM77=0,"",AL77*AM77),"") | AQ77: =IF(AND(AO77<>"",AP77<>""),ROUNDUP((AP77-AO77)/7,0),"") | AR77: =IFERROR(IF((AU77-(AI77+AN77))/AQ77=0,"",ROUNDUP((AU77-(AI77+AN77))/AQ77,0)),"") | AS77: =IFERROR(IF((AU77-(AI77+AN77))=0,"",(AU77-(AI77+AN77))),"") | AT77: =IF(AND(AG77="",AQ77=""),AL77,IF(SUM(AG77,AL77,AQ77)=0,"",SUM(AG77,AL77,AQ77))) | BG77: =IF(AD77="","",YEAR(AD77)+IF(MONTH(AD77)>=5,1,0)) | BH77: =IF(AD77="","",IF(AND(MONTH(AD77)=8,DAY(AD77)>=15),"Fall",IF(MONTH(AD77)>8,"Fall",IF(MONTH(AD77)=5,"Summer",IF(MONTH(AD77)=1,"Spring",""))))) | BL77: =IFERROR(INDEX(_names_lookup!$C:$C,MATCH(BK77,_names_lookup!$A:$A,0)),"") | BM77: =IFERROR(INDEX(_names_lookup!$B:$B,MATCH(BK77,_names_lookup!$A:$A,0)),"") | BS77: =IFERROR(IF(BR77*AA77=0,"",BR77*AA77),"")
O78: =IFERROR(INDEX(_courses_lookup!$C:$C,MATCH(K78&L78,_courses_lookup!$E:$E,0)),"") | P78: =IFERROR(INDEX(_courses_lookup!$D:$D,MATCH(K78&L78,_courses_lookup!$E:$E,0)),"") | AG78: =IF(AND(AE78<>"",AF78<>""),ROUNDUP((AF78-AE78)/7,0),"") | AI78: =IFERROR(IF(AG78*AH78=0,"",AG78*AH78),"") | AL78: =IF(AND(AJ78<>"",AK78<>""),ROUNDUP((AK78-AJ78)/7,0),"") | AN78: =IFERROR(IF(AL78*AM78=0,"",AL78*AM78),"") | AQ78: =IF(AND(AO78<>"",AP78<>""),ROUNDUP((AP78-AO78)/7,0),"") | AR78: =IFERROR(IF((AU78-(AI78+AN78))/AQ78=0,"",ROUNDUP((AU78-(AI78+AN78))/AQ78,0)),"") | AS78: =IFERROR(IF((AU78-(AI78+AN78))=0,"",(AU78-(AI78+AN78))),"") | AT78: =IF(AND(AG78="",AQ78=""),AL78,IF(SUM(AG78,AL78,AQ78)=0,"",SUM(AG78,AL78,AQ78))) | BG78: =IF(AD78="","",YEAR(AD78)+IF(MONTH(AD78)>=5,1,0)) | BH78: =IF(AD78="","",IF(AND(MONTH(AD78)=8,DAY(AD78)>=15),"Fall",IF(MONTH(AD78)>8,"Fall",IF(MONTH(AD78)=5,"Summer",IF(MONTH(AD78)=1,"Spring",""))))) | BL78: =IFERROR(INDEX(_names_lookup!$C:$C,MATCH(BK78,_names_lookup!$A:$A,0)),"") | BM78: =IFERROR(INDEX(_names_lookup!$B:$B,MATCH(BK78,_names_lookup!$A:$A,0)),"") | BS78: =IFERROR(IF(BR78*AA78=0,"",BR78*AA78),"")
O79: =IFERROR(INDEX(_courses_lookup!$C:$C,MATCH(K79&L79,_courses_lookup!$E:$E,0)),"") | P79: =IFERROR(INDEX(_courses_lookup!$D:$D,MATCH(K79&L79,_courses_lookup!$E:$E,0)),"") | AG79: =IF(AND(AE79<>"",AF79<>""),ROUNDUP((AF79-AE79)/7,0),"") | AI79: =IFERROR(IF(AG79*AH79=0,"",AG79*AH79),"") | AL79: =IF(AND(AJ79<>"",AK79<>""),ROUNDUP((AK79-AJ79)/7,0),"") | AN79: =IFERROR(IF(AL79*AM79=0,"",AL79*AM79),"") | AQ79: =IF(AND(AO79<>"",AP79<>""),ROUNDUP((AP79-AO79)/7,0),"") | AR79: =IFERROR(IF((AU79-(AI79+AN79))/AQ79=0,"",ROUNDUP((AU79-(AI79+AN79))/AQ79,0)),"") | AS79: =IFERROR(IF((AU79-(AI79+AN79))=0,"",(AU79-(AI79+AN79))),"") | AT79: =IF(AND(AG79="",AQ79=""),AL79,IF(SUM(AG79,AL79,AQ79)=0,"",SUM(AG79,AL79,AQ79))) | BG79: =IF(AD79="","",YEAR(AD79)+IF(MONTH(AD79)>=5,1,0)) | BH79: =IF(AD79="","",IF(AND(MONTH(AD79)=8,DAY(AD79)>=15),"Fall",IF(MONTH(AD79)>8,"Fall",IF(MONTH(AD79)=5,"Summer",IF(MONTH(AD79)=1,"Spring",""))))) | BL79: =IFERROR(INDEX(_names_lookup!$C:$C,MATCH(BK79,_names_lookup!$A:$A,0)),"") | BM79: =IFERROR(INDEX(_names_lookup!$B:$B,MATCH(BK79,_names_lookup!$A:$A,0)),"") | BS79: =IFERROR(IF(BR79*AA79=0,"",BR79*AA79),"")
O80: =IFERROR(INDEX(_courses_lookup!$C:$C,MATCH(K80&L80,_courses_lookup!$E:$E,0)),"") | P80: =IFERROR(INDEX(_courses_lookup!$D:$D,MATCH(K80&L80,_courses_lookup!$E:$E,0)),"") | AG80: =IF(AND(AE80<>"",AF80<>""),ROUNDUP((AF80-AE80)/7,0),"") | AI80: =IFERROR(IF(AG80*AH80=0,"",AG80*AH80),"") | AL80: =IF(AND(AJ80<>"",AK80<>""),ROUNDUP((AK80-AJ80)/7,0),"") | AN80: =IFERROR(IF(AL80*AM80=0,"",AL80*AM80),"") | AQ80: =IF(AND(AO80<>"",AP80<>""),ROUNDUP((AP80-AO80)/7,0),"") | AR80: =IFERROR(IF((AU80-(AI80+AN80))/AQ80=0,"",ROUNDUP((AU80-(AI80+AN80))/AQ80,0)),"") | AS80: =IFERROR(IF((AU80-(AI80+AN80))=0,"",(AU80-(AI80+AN80))),"") | AT80: =IF(AND(AG80="",AQ80=""),AL80,IF(SUM(AG80,AL80,AQ80)=0,"",SUM(AG80,AL80,AQ80))) | BG80: =IF(AD80="","",YEAR(AD80)+IF(MONTH(AD80)>=5,1,0)) | BH80: =IF(AD80="","",IF(AND(MONTH(AD80)=8,DAY(AD80)>=15),"Fall",IF(MONTH(AD80)>8,"Fall",IF(MONTH(AD80)=5,"Summer",IF(MONTH(AD80)=1,"Spring",""))))) | BL80: =IFERROR(INDEX(_names_lookup!$C:$C,MATCH(BK80,_names_lookup!$A:$A,0)),"") | BM80: =IFERROR(INDEX(_names_lookup!$B:$B,MATCH(BK80,_names_lookup!$A:$A,0)),"") | BS80: =IFERROR(IF(BR80*AA80=0,"",BR80*AA80),"")
O81: =IFERROR(INDEX(_courses_lookup!$C:$C,MATCH(K81&L81,_courses_lookup!$E:$E,0)),"") | P81: =IFERROR(INDEX(_courses_lookup!$D:$D,MATCH(K81&L81,_courses_lookup!$E:$E,0)),"") | AG81: =IF(AND(AE81<>"",AF81<>""),ROUNDUP((AF81-AE81)/7,0),"") | AI81: =IFERROR(IF(AG81*AH81=0,"",AG81*AH81),"") | AL81: =IF(AND(AJ81<>"",AK81<>""),ROUNDUP((AK81-AJ81)/7,0),"") | AN81: =IFERROR(IF(AL81*AM81=0,"",AL81*AM81),"") | AQ81: =IF(AND(AO81<>"",AP81<>""),ROUNDUP((AP81-AO81)/7,0),"") | AR81: =IFERROR(IF((AU81-(AI81+AN81))/AQ81=0,"",ROUNDUP((AU81-(AI81+AN81))/AQ81,0)),"") | AS81: =IFERROR(IF((AU81-(AI81+AN81))=0,"",(AU81-(AI81+AN81))),"") | AT81: =IF(AND(AG81="",AQ81=""),AL81,IF(SUM(AG81,AL81,AQ81)=0,"",SUM(AG81,AL81,AQ81))) | BG81: =IF(AD81="","",YEAR(AD81)+IF(MONTH(AD81)>=5,1,0)) | BH81: =IF(AD81="","",IF(AND(MONTH(AD81)=8,DAY(AD81)>=15),"Fall",IF(MONTH(AD81)>8,"Fall",IF(MONTH(AD81)=5,"Summer",IF(MONTH(AD81)=1,"Spring",""))))) | BL81: =IFERROR(INDEX(_names_lookup!$C:$C,MATCH(BK81,_names_lookup!$A:$A,0)),"") | BM81: =IFERROR(INDEX(_names_lookup!$B:$B,MATCH(BK81,_names_lookup!$A:$A,0)),"") | BS81: =IFERROR(IF(BR81*AA81=0,"",BR81*AA81),"")
O82: =IFERROR(INDEX(_courses_lookup!$C:$C,MATCH(K82&L82,_courses_lookup!$E:$E,0)),"") | P82: =IFERROR(INDEX(_courses_lookup!$D:$D,MATCH(K82&L82,_courses_lookup!$E:$E,0)),"") | AG82: =IF(AND(AE82<>"",AF82<>""),ROUNDUP((AF82-AE82)/7,0),"") | AI82: =IFERROR(IF(AG82*AH82=0,"",AG82*AH82),"") | AL82: =IF(AND(AJ82<>"",AK82<>""),ROUNDUP((AK82-AJ82)/7,0),"") | AN82: =IFERROR(IF(AL82*AM82=0,"",AL82*AM82),"") | AQ82: =IF(AND(AO82<>"",AP82<>""),ROUNDUP((AP82-AO82)/7,0),"") | AR82: =IFERROR(IF((AU82-(AI82+AN82))/AQ82=0,"",ROUNDUP((AU82-(AI82+AN82))/AQ82,0)),"") | AS82: =IFERROR(IF((AU82-(AI82+AN82))=0,"",(AU82-(AI82+AN82))),"") | AT82: =IF(AND(AG82="",AQ82=""),AL82,IF(SUM(AG82,AL82,AQ82)=0,"",SUM(AG82,AL82,AQ82))) | BG82: =IF(AD82="","",YEAR(AD82)+IF(MONTH(AD82)>=5,1,0)) | BH82: =IF(AD82="","",IF(AND(MONTH(AD82)=8,DAY(AD82)>=15),"Fall",IF(MONTH(AD82)>8,"Fall",IF(MONTH(AD82)=5,"Summer",IF(MONTH(AD82)=1,"Spring",""))))) | BL82: =IFERROR(INDEX(_names_lookup!$C:$C,MATCH(BK82,_names_lookup!$A:$A,0)),"") | BM82: =IFERROR(INDEX(_names_lookup!$B:$B,MATCH(BK82,_names_lookup!$A:$A,0)),"") | BS82: =IFERROR(IF(BR82*AA82=0,"",BR82*AA82),"")
O83: =IFERROR(INDEX(_courses_lookup!$C:$C,MATCH(K83&L83,_courses_lookup!$E:$E,0)),"") | P83: =IFERROR(INDEX(_courses_lookup!$D:$D,MATCH(K83&L83,_courses_lookup!$E:$E,0)),"") | AG83: =IF(AND(AE83<>"",AF83<>""),ROUNDUP((AF83-AE83)/7,0),"") | AI83: =IFERROR(IF(AG83*AH83=0,"",AG83*AH83),"") | AL83: =IF(AND(AJ83<>"",AK83<>""),ROUNDUP((AK83-AJ83)/7,0),"") | AN83: =IFERROR(IF(AL83*AM83=0,"",AL83*AM83),"") | AQ83: =IF(AND(AO83<>"",AP83<>""),ROUNDUP((AP83-AO83)/7,0),"") | AR83: =IFERROR(IF((AU83-(AI83+AN83))/AQ83=0,"",ROUNDUP((AU83-(AI83+AN83))/AQ83,0)),"") | AS83: =IFERROR(IF((AU83-(AI83+AN83))=0,"",(AU83-(AI83+AN83))),"") | AT83: =IF(AND(AG83="",AQ83=""),AL83,IF(SUM(AG83,AL83,AQ83)=0,"",SUM(AG83,AL83,AQ83))) | BG83: =IF(AD83="","",YEAR(AD83)+IF(MONTH(AD83)>=5,1,0)) | BH83: =IF(AD83="","",IF(AND(MONTH(AD83)=8,DAY(AD83)>=15),"Fall",IF(MONTH(AD83)>8,"Fall",IF(MONTH(AD83)=5,"Summer",IF(MONTH(AD83)=1,"Spring",""))))) | BL83: =IFERROR(INDEX(_names_lookup!$C:$C,MATCH(BK83,_names_lookup!$A:$A,0)),"") | BM83: =IFERROR(INDEX(_names_lookup!$B:$B,MATCH(BK83,_names_lookup!$A:$A,0)),"") | BS83: =IFERROR(IF(BR83*AA83=0,"",BR83*AA83),"")
O84: =IFERROR(INDEX(_courses_lookup!$C:$C,MATCH(K84&L84,_courses_lookup!$E:$E,0)),"") | P84: =IFERROR(INDEX(_courses_lookup!$D:$D,MATCH(K84&L84,_courses_lookup!$E:$E,0)),"") | AG84: =IF(AND(AE84<>"",AF84<>""),ROUNDUP((AF84-AE84)/7,0),"") | AI84: =IFERROR(IF(AG84*AH84=0,"",AG84*AH84),"") | AL84: =IF(AND(AJ84<>"",AK84<>""),ROUNDUP((AK84-AJ84)/7,0),"") | AN84: =IFERROR(IF(AL84*AM84=0,"",AL84*AM84),"") | AQ84: =IF(AND(AO84<>"",AP84<>""),ROUNDUP((AP84-AO84)/7,0),"") | AR84: =IFERROR(IF((AU84-(AI84+AN84))/AQ84=0,"",ROUNDUP((AU84-(AI84+AN84))/AQ84,0)),"") | AS84: =IFERROR(IF((AU84-(AI84+AN84))=0,"",(AU84-(AI84+AN84))),"") | AT84: =IF(AND(AG84="",AQ84=""),AL84,IF(SUM(AG84,AL84,AQ84)=0,"",SUM(AG84,AL84,AQ84))) | BG84: =IF(AD84="","",YEAR(AD84)+IF(MONTH(AD84)>=5,1,0)) | BH84: =IF(AD84="","",IF(AND(MONTH(AD84)=8,DAY(AD84)>=15),"Fall",IF(MONTH(AD84)>8,"Fall",IF(MONTH(AD84)=5,"Summer",IF(MONTH(AD84)=1,"Spring",""))))) | BL84: =IFERROR(INDEX(_names_lookup!$C:$C,MATCH(BK84,_names_lookup!$A:$A,0)),"") | BM84: =IFERROR(INDEX(_names_lookup!$B:$B,MATCH(BK84,_names_lookup!$A:$A,0)),"") | BS84: =IFERROR(IF(BR84*AA84=0,"",BR84*AA84),"")
O85: =IFERROR(INDEX(_courses_lookup!$C:$C,MATCH(K85&L85,_courses_lookup!$E:$E,0)),"") | P85: =IFERROR(INDEX(_courses_lookup!$D:$D,MATCH(K85&L85,_courses_lookup!$E:$E,0)),"") | AG85: =IF(AND(AE85<>"",AF85<>""),ROUNDUP((AF85-AE85)/7,0),"") | AI85: =IFERROR(IF(AG85*AH85=0,"",AG85*AH85),"") | AL85: =IF(AND(AJ85<>"",AK85<>""),ROUNDUP((AK85-AJ85)/7,0),"") | AN85: =IFERROR(IF(AL85*AM85=0,"",AL85*AM85),"") | AQ85: =IF(AND(AO85<>"",AP85<>""),ROUNDUP((AP85-AO85)/7,0),"") | AR85: =IFERROR(IF((AU85-(AI85+AN85))/AQ85=0,"",ROUNDUP((AU85-(AI85+AN85))/AQ85,0)),"") | AS85: =IFERROR(IF((AU85-(AI85+AN85))=0,"",(AU85-(AI85+AN85))),"") | AT85: =IF(AND(AG85="",AQ85=""),AL85,IF(SUM(AG85,AL85,AQ85)=0,"",SUM(AG85,AL85,AQ85))) | BG85: =IF(AD85="","",YEAR(AD85)+IF(MONTH(AD85)>=5,1,0)) | BH85: =IF(AD85="","",IF(AND(MONTH(AD85)=8,DAY(AD85)>=15),"Fall",IF(MONTH(AD85)>8,"Fall",IF(MONTH(AD85)=5,"Summer",IF(MONTH(AD85)=1,"Spring",""))))) | BL85: =IFERROR(INDEX(_names_lookup!$C:$C,MATCH(BK85,_names_lookup!$A:$A,0)),"") | BM85: =IFERROR(INDEX(_names_lookup!$B:$B,MATCH(BK85,_names_lookup!$A:$A,0)),"") | BS85: =IFERROR(IF(BR85*AA85=0,"",BR85*AA85),"")
O86: =IFERROR(INDEX(_courses_lookup!$C:$C,MATCH(K86&L86,_courses_lookup!$E:$E,0)),"") | P86: =IFERROR(INDEX(_courses_lookup!$D:$D,MATCH(K86&L86,_courses_lookup!$E:$E,0)),"") | AG86: =IF(AND(AE86<>"",AF86<>""),ROUNDUP((AF86-AE86)/7,0),"") | AI86: =IFERROR(IF(AG86*AH86=0,"",AG86*AH86),"") | AL86: =IF(AND(AJ86<>"",AK86<>""),ROUNDUP((AK86-AJ86)/7,0),"") | AN86: =IFERROR(IF(AL86*AM86=0,"",AL86*AM86),"") | AQ86: =IF(AND(AO86<>"",AP86<>""),ROUNDUP((AP86-AO86)/7,0),"") | AR86: =IFERROR(IF((AU86-(AI86+AN86))/AQ86=0,"",ROUNDUP((AU86-(AI86+AN86))/AQ86,0)),"") | AS86: =IFERROR(IF((AU86-(AI86+AN86))=0,"",(AU86-(AI86+AN86))),"") | AT86: =IF(AND(AG86="",AQ86=""),AL86,IF(SUM(AG86,AL86,AQ86)=0,"",SUM(AG86,AL86,AQ86))) | BG86: =IF(AD86="","",YEAR(AD86)+IF(MONTH(AD86)>=5,1,0)) | BH86: =IF(AD86="","",IF(AND(MONTH(AD86)=8,DAY(AD86)>=15),"Fall",IF(MONTH(AD86)>8,"Fall",IF(MONTH(AD86)=5,"Summer",IF(MONTH(AD86)=1,"Spring",""))))) | BL86: =IFERROR(INDEX(_names_lookup!$C:$C,MATCH(BK86,_names_lookup!$A:$A,0)),"") | BM86: =IFERROR(INDEX(_names_lookup!$B:$B,MATCH(BK86,_names_lookup!$A:$A,0)),"") | BS86: =IFERROR(IF(BR86*AA86=0,"",BR86*AA86),"")
... O294: =IFERROR(INDEX(_courses_lookup!$C:$C,MATCH(K294&L294,_courses_lookup!$E:$E,0)),"") | P294: =IFERROR(INDEX(_courses_lookup!$D:$D,MATCH(K294&L294,_courses_lookup!$E:$E,0)),"") | AG294: =IF(AND(AE294<>"",AF294<>""),ROUNDUP((AF294-AE294)/7,0),"") | AI294: =IFERROR(IF(AG294*AH294=0,"",AG294*AH294),"") | AL294: =IF(AND(AJ294<>"",AK294<>""),ROUNDUP((AK294-AJ294)/7,0),"") | AN294: =IFERROR(IF(AL294*AM294=0,"",AL294*AM294),"") | AQ294: =IF(AND(AO294<>"",AP294<>""),ROUNDUP((AP294-AO294)/7,0),"") | AR294: =IFERROR(IF((AU294-(AI294+AN294))/AQ294=0,"",ROUNDUP((AU294-(AI294+AN294))/AQ294,0)),"") | AS294: =IFERROR(IF((AU294-(AI294+AN294))=0,"",(AU294-(AI294+AN294))),"") | AT294: =IF(AND(AG294="",AQ294=""),AL294,IF(SUM(AG294,AL294,AQ294)=0,"",SUM(AG294,AL294,AQ294))) | BG294: =IF(AD294="","",YEAR(AD294)+IF(MONTH(AD294)>=5,1,0)) | BH294: =IF(AD294="","",IF(AND(MONTH(AD294)=8,DAY(AD294)>=15),"Fall",IF(MONTH(AD294)>8,"Fall",IF(MONTH(AD294)=5,"Summer",IF(MONTH(AD294)=1,"Spring",""))))) | BL294: =IFERROR(INDEX(_names_lookup!$C:$C,MATCH(BK294,_names_lookup!$A:$A,0)),"") | BM294: =IFERROR(INDEX(_names_lookup!$B:$B,MATCH(BK294,_names_lookup!$A:$A,0)),"") | BS294: =IFERROR(IF(BR294*AA294=0,"",BR294*AA294),"")

Sheet DSLE
A1: Don {not in Banner} | B1: Mismatching {not in Banner} | C1: Dept/Prog Admin {not in Banner} | D1: Mona {not in Banner} | E1: Karen {not in Banner} | F1: DONE {not in Banner} | G1: Notes {not in Banner} | H1: CRN sorted {not in Banner} | I1: CRN | J1: Attribute {not in Banner} | K1: Subject | L1: Course Number {Crse Num} | M1: Course Section {Seq Crse Num} | N1: Program {not in Banner} | O1: Catalog Title | P1: Section Title | Q1: Crosslist Details {not in Banner} | R1: X Lst | S1: Campus {Ssasect Campus} | T1: Campus Restriction {Camp Restr CC} | U1: Schedule Type {not in Banner} | V1: Instruction Method {Inst Method} | W1: Level {Level SC} | X1: Part-Of-Term | Y1: Credit Catalog {Cat Crs} | Z1: Credits {Sect Crs} | AA1: Faculty Load / Contract Credits {not in Banner} | AB1: Enrollment Cap {Max Enrl} | AC1: Meeting Type | AD1: Semester Start Date {Soaterm Start Date} | AE1: Pre-work Start Date {not in Banner} | AF1: Pre-work End Date {not in Banner} | AG1: pre-work # of weeks {not in Banner} | AH1: pre-work hours/week {not in Banner} | AI1: pre-work hours/period {not in Banner} | AJ1: Intensive Period Start Date {Meet Start Date} | AK1: Intensive Period End Date {Meet End Date} | AL1: intensive # of weeks {not in Banner} | AM1: intensive hours/week {not in Banner} | AN1: intensive hours/period {not in Banner} | AO1: Post-work Start Date {not in Banner} | AP1: Post-work End Date {not in Banner} | AQ1: post-work # of weeks {not in Banner} | AR1: post-work hours/week {not in Banner} | AS1: post-work hours/period {not in Banner} | AT1: sum of weeks (for check) {not in Banner} | AU1: total contract hours {not in Banner} | AV1: Semester End Date {Soaterm End Date} | AW1: Course Beginning Time {Meet Beg Time} | AX1: Course Ending Time {Meet End Time} | AY1: SUN | AZ1: MON | BA1: TUE | BB1: WED | BC1: THU | BD1: FRI | BE1: SAT | BF1: Weeks | BG1: Fiscal Year {not in Banner} | BH1: Semester {not in Banner} | BI1: Room {Meet Room} | BJ1: Building {Meet Bldg} | BK1: Instructor Name {Instr Name} | BL1: Instructor Email {Instr Email} | BM1: Instructor ID {Instr ID} | BN1: Remote Employee {not in Banner} | BO1: % Responsibility | BP1: load/contract {not in Banner} | BQ1: Reason for Contract {not in Banner} | BR1: costs per credit {not in Banner} | BS1: total costs {not in Banner} | BT1: dept budget {not in Banner} | BU1: account to be charged {not in Banner} | BV1: SEM Department {Scacrse Dept} | BW1: dean email | BX1: VP finance email | BY1: HR email | BZ1: Fee Amount {Fees Amt} | CA1: Fee Code {Detl Code} | CB1: Fee Type | CC1: Fee Level | CD1: Fee Ind | CE1: Fee Term | CF1: Activity Date | CG1: Status | CH1: Bill Hrs | CI1: Sect Sch Type | CJ1: Prerequisites {Preq Areas} | CK1: Link Ind | CL1: Integration Code | CM1: Link Conn | CN1: Crs Attr | CO1: Comments | CP1: Major Restr | CQ1: Scacrse College | CR1: Enrolled | CS1: Waitlist Capacity | CT1: Primary Ind | CU1: Override | CV1: 1st Date Reg Opens | CW1: Last Date Reg Opens | CX1: OL Range From Date | CY1: OL Range To Date | CZ1: OL Numb Units | DA1: OL Duration Code | DB1: Grade Mode | DC1: Gradable Ind | DD1: Tuit Waiver | DE1: Course Override {Meet Override} | DF1: Lvl Res Ind | DG1: Cmp Res Ind | DH1: Rate Code | DI1: Cohort Code | DJ1: St Attr Code | DK1: Coll SC | DL1: DegC SC | DM1: Prog SC | DN1: FOS Type | DO1: Special Approval {Special Apvl} | DP1: Term Code | DQ1: Camp SC
H2: 849-02 | I2: 849 | K2: DSLE | L2: 680 | M2: 001 | O2: =IFERROR(INDEX(_courses_lookup!$C:$C,MATCH(K2&L2,_courses_lookup!$E:$E,0)),"") -> Field Practicum:________ | P2: =IFERROR(INDEX(_courses_lookup!$D:$D,MATCH(K2&L2,_courses_lookup!$E:$E,0)),"") -> 0 | S2: 0 | X2: 1 | Y2: 1-6 | AB2: 999 | AC2: CLAS | AD2: 12-MAY-25 | AG2: =IF(AND(AE2<>"",AF2<>""),ROUNDUP((AF2-AE2)/7,0),"") | AI2: =IFERROR(IF(AG2*AH2=0,"",AG2*AH2),"") | AJ2: 12-MAY-25 | AK2: 01-AUG-25 | AL2: =IF(AND(AJ2<>"",AK2<>""),ROUNDUP((AK2-AJ2)/7,0),"") -> 12 | AN2: =IFERROR(IF(AL2*AM2=0,"",AL2*AM2),"") | AQ2: =IF(AND(AO2<>"",AP2<>""),ROUNDUP((AP2-AO2)/7,0),"") | AR2: =IFERROR(IF((AU2-(AI2+AN2))/AQ2=0,"",ROUNDUP((AU2-(AI2+AN2))/AQ2,0)),"") | AS2: =IFERROR(IF((AU2-(AI2+AN2))=0,"",(AU2-(AI2+AN2))),"") | AT2: =IF(AND(AG2="",AQ2=""),AL2,IF(SUM(AG2,AL2,AQ2)=0,"",SUM(AG2,AL2,AQ2))) -> 12 | AV2: 01-AUG-25 | BF2: 12 | BG2: =IF(AD2="","",YEAR(AD2)+IF(MONTH(AD2)>=5,1,0)) -> 2026 | BH2: =IF(AD2="","",IF(AND(MONTH(AD2)=8,DAY(AD2)>=15),"Fall",IF(MONTH(AD2)>8,"Fall",IF(MONTH(AD2)=5,"Summer",IF(MONTH(AD2)=1,"Spring",""))))) -> Summer | BK2: Paquini, Rogelio | BL2: =IFERROR(INDEX(_names_lookup!$C:$C,MATCH(BK2,_names_lookup!$A:$A,0)),"") -> rpaquini@andrews.edu | BM2: =IFERROR(INDEX(_names_lookup!$B:$B,MATCH(BK2,_names_lookup!$A:$A,0)),"") -> 000105171 | BO2: 100 | BS2: =IFERROR(IF(BR2*AA2=0,"",BR2*AA2),"") | BV2: DSLE | CF2: 27-JAN-25 | CG2: A | CI2: P | CL2: MOODL | CQ2: 70 | CR2: 0 | CS2: 0 | CT2: Y | DC2: Y | DP2: 202531
H3: 850-02 | I3: 850 | K3: DSLE | L3: 680 | M3: 002 | O3: =IFERROR(INDEX(_courses_lookup!$C:$C,MATCH(K3&L3,_courses_lookup!$E:$E,0)),"") -> Field Practicum:________ | P3: =IFERROR(INDEX(_courses_lookup!$D:$D,MATCH(K3&L3,_courses_lookup!$E:$E,0)),"") -> 0 | S3: 0 | X3: 1 | Y3: 1-6 | AB3: 999 | AC3: CLAS | AD3: 12-MAY-25 | AG3: =IF(AND(AE3<>"",AF3<>""),ROUNDUP((AF3-AE3)/7,0),"") | AI3: =IFERROR(IF(AG3*AH3=0,"",AG3*AH3),"") | AJ3: 12-MAY-25 | AK3: 01-AUG-25 | AL3: =IF(AND(AJ3<>"",AK3<>""),ROUNDUP((AK3-AJ3)/7,0),"") -> 12 | AN3: =IFERROR(IF(AL3*AM3=0,"",AL3*AM3),"") | AQ3: =IF(AND(AO3<>"",AP3<>""),ROUNDUP((AP3-AO3)/7,0),"") | AR3: =IFERROR(IF((AU3-(AI3+AN3))/AQ3=0,"",ROUNDUP((AU3-(AI3+AN3))/AQ3,0)),"") | AS3: =IFERROR(IF((AU3-(AI3+AN3))=0,"",(AU3-(AI3+AN3))),"") | AT3: =IF(AND(AG3="",AQ3=""),AL3,IF(SUM(AG3,AL3,AQ3)=0,"",SUM(AG3,AL3,AQ3))) -> 12 | AV3: 01-AUG-25 | BF3: 12 | BG3: =IF(AD3="","",YEAR(AD3)+IF(MONTH(AD3)>=5,1,0)) -> 2026 | BH3: =IF(AD3="","",IF(AND(MONTH(AD3)=8,DAY(AD3)>=15),"Fall",IF(MONTH(AD3)>8,"Fall",IF(MONTH(AD3)=5,"Summer",IF(MONTH(AD3)=1,"Spring",""))))) -> Summer | BK3: Paquini, Rogelio | BL3: =IFERROR(INDEX(_names_lookup!$C:$C,MATCH(BK3,_names_lookup!$A:$A,0)),"") -> rpaquini@andrews.edu | BM3: =IFERROR(INDEX(_names_lookup!$B:$B,MATCH(BK3,_names_lookup!$A:$A,0)),"") -> 000105171 | BO3: 100 | BS3: =IFERROR(IF(BR3*AA3=0,"",BR3*AA3),"") | BV3: DSLE | CF3: 27-JAN-25 | CG3: A | CI3: P | CL3: MOODL | CQ3: 70 | CR3: 0 | CS3: 0 | CT3: Y | DC3: Y | DP3: 202531
H4: 851-02 | I4: 851 | K4: DSLE | L4: 870 | M4: 101 | O4: =IFERROR(INDEX(_courses_lookup!$C:$C,MATCH(K4&L4,_courses_lookup!$E:$E,0)),"") -> Adv Studies: | P4: =IFERROR(INDEX(_courses_lookup!$D:$D,MATCH(K4&L4,_courses_lookup!$E:$E,0)),"") -> Adv Studies:Collab Ministries | S4: 0 | X4: 1 | Y4: 1-4 | Z4: 3 | AB4: 999 | AC4: CLAS | AD4: 12-MAY-25 | AG4: =IF(AND(AE4<>"",AF4<>""),ROUNDUP((AF4-AE4)/7,0),"") | AI4: =IFERROR(IF(AG4*AH4=0,"",AG4*AH4),"") | AJ4: 12-MAY-25 | AK4: 01-AUG-25 | AL4: =IF(AND(AJ4<>"",AK4<>""),ROUNDUP((AK4-AJ4)/7,0),"") -> 12 | AN4: =IFERROR(IF(AL4*AM4=0,"",AL4*AM4),"") | AQ4: =IF(AND(AO4<>"",AP4<>""),ROUNDUP((AP4-AO4)/7,0),"") | AR4: =IFERROR(IF((AU4-(AI4+AN4))/AQ4=0,"",ROUNDUP((AU4-(AI4+AN4))/AQ4,0)),"") | AS4: =IFERROR(IF((AU4-(AI4+AN4))=0,"",(AU4-(AI4+AN4))),"") | AT4: =IF(AND(AG4="",AQ4=""),AL4,IF(SUM(AG4,AL4,AQ4)=0,"",SUM(AG4,AL4,AQ4))) -> 12 | AV4: 01-AUG-25 | BF4: 12 | BG4: =IF(AD4="","",YEAR(AD4)+IF(MONTH(AD4)>=5,1,0)) -> 2026 | BH4: =IF(AD4="","",IF(AND(MONTH(AD4)=8,DAY(AD4)>=15),"Fall",IF(MONTH(AD4)>8,"Fall",IF(MONTH(AD4)=5,"Summer",IF(MONTH(AD4)=1,"Spring",""))))) -> Summer | BK4: Fraser, Jasmine J. | BL4: =IFERROR(INDEX(_names_lookup!$C:$C,MATCH(BK4,_names_lookup!$A:$A,0)),"") -> fraserj@andrews.edu | BM4: =IFERROR(INDEX(_names_lookup!$B:$B,MATCH(BK4,_names_lookup!$A:$A,0)),"") -> 000129106 | BO4: 100 | BS4: =IFERROR(IF(BR4*AA4=0,"",BR4*AA4),"") | BV4: DSLE | CF4: 27-JAN-25 | CG4: A | CH4: 3 | CI4: I | CL4: MOODL | CQ4: 70 | CR4: 0 | CS4: 0 | CT4: Y | DC4: Y | DO4: IT | DP4: 202531
H5: 853-02 | I5: 853 | K5: DSLE | L5: 880 | M5: 101 | O5: =IFERROR(INDEX(_courses_lookup!$C:$C,MATCH(K5&L5,_courses_lookup!$E:$E,0)),"") -> PhD (DSLE) Prog Cont | P5: =IFERROR(INDEX(_courses_lookup!$D:$D,MATCH(K5&L5,_courses_lookup!$E:$E,0)),"") -> PhD (Rel Education) Prog Cont | S5: 0 | X5: 1 | Y5: 0 | AB5: 999 | AC5: CLAS | AD5: 12-MAY-25 | AG5: =IF(AND(AE5<>"",AF5<>""),ROUNDUP((AF5-AE5)/7,0),"") | AI5: =IFERROR(IF(AG5*AH5=0,"",AG5*AH5),"") | AJ5: 12-MAY-25 | AK5: 01-AUG-25 | AL5: =IF(AND(AJ5<>"",AK5<>""),ROUNDUP((AK5-AJ5)/7,0),"") -> 12 | AN5: =IFERROR(IF(AL5*AM5=0,"",AL5*AM5),"") | AQ5: =IF(AND(AO5<>"",AP5<>""),ROUNDUP((AP5-AO5)/7,0),"") | AR5: =IFERROR(IF((AU5-(AI5+AN5))/AQ5=0,"",ROUNDUP((AU5-(AI5+AN5))/AQ5,0)),"") | AS5: =IFERROR(IF((AU5-(AI5+AN5))=0,"",(AU5-(AI5+AN5))),"") | AT5: =IF(AND(AG5="",AQ5=""),AL5,IF(SUM(AG5,AL5,AQ5)=0,"",SUM(AG5,AL5,AQ5))) -> 12 | AV5: 01-AUG-25 | BF5: 12 | BG5: =IF(AD5="","",YEAR(AD5)+IF(MONTH(AD5)>=5,1,0)) -> 2026 | BH5: =IF(AD5="","",IF(AND(MONTH(AD5)=8,DAY(AD5)>=15),"Fall",IF(MONTH(AD5)>8,"Fall",IF(MONTH(AD5)=5,"Summer",IF(MONTH(AD5)=1,"Spring",""))))) -> Summer | BK5: Fraser, Jasmine J. | BL5: =IFERROR(INDEX(_names_lookup!$C:$C,MATCH(BK5,_names_lookup!$A:$A,0)),"") -> fraserj@andrews.edu | BM5: =IFERROR(INDEX(_names_lookup!$B:$B,MATCH(BK5,_names_lookup!$A:$A,0)),"") -> 000129106 | BO5: 100 | BS5: =IFERROR(IF(BR5*AA5=0,"",BR5*AA5),"") | BV5: DSLE | CF5: 27-JAN-25 | CG5: A | CI5: I | CL5: MOODL | CQ5: 70 | CR5: 0 | CS5: 0 | CT5: Y | DC5: Y | DP5: 202531
H6: 854-02 | I6: 854 | K6: DSLE | L6: 885 | M6: 001 | O6: =IFERROR(INDEX(_courses_lookup!$C:$C,MATCH(K6&L6,_courses_lookup!$E:$E,0)),"") -> Field Practicum: | P6: =IFERROR(INDEX(_courses_lookup!$D:$D,MATCH(K6&L6,_courses_lookup!$E:$E,0)),"") -> FldPract:Best Pract Disc Lifsp | S6: 0 | X6: 1 | Y6: 1-5 | AB6: 999 | AC6: CLAS | AD6: 12-MAY-25 | AG6: =IF(AND(AE6<>"",AF6<>""),ROUNDUP((AF6-AE6)/7,0),"") | AI6: =IFERROR(IF(AG6*AH6=0,"",AG6*AH6),"") | AJ6: 12-MAY-25 | AK6: 01-AUG-25 | AL6: =IF(AND(AJ6<>"",AK6<>""),ROUNDUP((AK6-AJ6)/7,0),"") -> 12 | AN6: =IFERROR(IF(AL6*AM6=0,"",AL6*AM6),"") | AQ6: =IF(AND(AO6<>"",AP6<>""),ROUNDUP((AP6-AO6)/7,0),"") | AR6: =IFERROR(IF((AU6-(AI6+AN6))/AQ6=0,"",ROUNDUP((AU6-(AI6+AN6))/AQ6,0)),"") | AS6: =IFERROR(IF((AU6-(AI6+AN6))=0,"",(AU6-(AI6+AN6))),"") | AT6: =IF(AND(AG6="",AQ6=""),AL6,IF(SUM(AG6,AL6,AQ6)=0,"",SUM(AG6,AL6,AQ6))) -> 12 | AV6: 01-AUG-25 | BF6: 12 | BG6: =IF(AD6="","",YEAR(AD6)+IF(MONTH(AD6)>=5,1,0)) -> 2026 | BH6: =IF(AD6="","",IF(AND(MONTH(AD6)=8,DAY(AD6)>=15),"Fall",IF(MONTH(AD6)>8,"Fall",IF(MONTH(AD6)=5,"Summer",IF(MONTH(AD6)=1,"Spring",""))))) -> Summer | BK6: Fraser, Jasmine J. | BL6: =IFERROR(INDEX(_names_lookup!$C:$C,MATCH(BK6,_names_lookup!$A:$A,0)),"") -> fraserj@andrews.edu | BM6: =IFERROR(INDEX(_names_lookup!$B:$B,MATCH(BK6,_names_lookup!$A:$A,0)),"") -> 000129106 | BO6: 100 | BS6: =IFERROR(IF(BR6*AA6=0,"",BR6*AA6),"") | BV6: DSLE | CF6: 27-JAN-25 | CG6: A | CI6: P | CL6: MOODL | CQ6: 70 | CR6: 0 | CS6: 0 | CT6: Y | DC6: Y | DP6: 202531
H7: 857-02 | I7: 857 | K7: DSLE | L7: 994 | M7: 101 | O7: =IFERROR(INDEX(_courses_lookup!$C:$C,MATCH(K7&L7,_courses_lookup!$E:$E,0)),"") -> Dissertation:Literature Review | P7: =IFERROR(INDEX(_courses_lookup!$D:$D,MATCH(K7&L7,_courses_lookup!$E:$E,0)),"") -> 0 | S7: 0 | X7: 1 | Y7: 1-3 | Z7: 3 | AB7: 999 | AC7: CLAS | AD7: 12-MAY-25 | AG7: =IF(AND(AE7<>"",AF7<>""),ROUNDUP((AF7-AE7)/7,0),"") | AI7: =IFERROR(IF(AG7*AH7=0,"",AG7*AH7),"") | AJ7: 12-MAY-25 | AK7: 01-AUG-25 | AL7: =IF(AND(AJ7<>"",AK7<>""),ROUNDUP((AK7-AJ7)/7,0),"") -> 12 | AN7: =IFERROR(IF(AL7*AM7=0,"",AL7*AM7),"") | AQ7: =IF(AND(AO7<>"",AP7<>""),ROUNDUP((AP7-AO7)/7,0),"") | AR7: =IFERROR(IF((AU7-(AI7+AN7))/AQ7=0,"",ROUNDUP((AU7-(AI7+AN7))/AQ7,0)),"") | AS7: =IFERROR(IF((AU7-(AI7+AN7))=0,"",(AU7-(AI7+AN7))),"") | AT7: =IF(AND(AG7="",AQ7=""),AL7,IF(SUM(AG7,AL7,AQ7)=0,"",SUM(AG7,AL7,AQ7))) -> 12 | AV7: 01-AUG-25 | BF7: 12 | BG7: =IF(AD7="","",YEAR(AD7)+IF(MONTH(AD7)>=5,1,0)) -> 2026 | BH7: =IF(AD7="","",IF(AND(MONTH(AD7)=8,DAY(AD7)>=15),"Fall",IF(MONTH(AD7)>8,"Fall",IF(MONTH(AD7)=5,"Summer",IF(MONTH(AD7)=1,"Spring",""))))) -> Summer | BK7: Fraser, Jasmine J. | BL7: =IFERROR(INDEX(_names_lookup!$C:$C,MATCH(BK7,_names_lookup!$A:$A,0)),"") -> fraserj@andrews.edu | BM7: =IFERROR(INDEX(_names_lookup!$B:$B,MATCH(BK7,_names_lookup!$A:$A,0)),"") -> 000129106 | BO7: 100 | BS7: =IFERROR(IF(BR7*AA7=0,"",BR7*AA7),"") | BV7: DSLE | CF7: 27-JAN-25 | CG7: A | CH7: 3 | CI7: I | CL7: MOODL | CN7: FT | CQ7: 70 | CR7: 0 | CS7: 0 | CT7: Y | DC7: Y | DP7: 202531
H8: 1180-02 | I8: 1180 | K8: DSLE | L8: 699 | M8: 101 | O8: =IFERROR(INDEX(_courses_lookup!$C:$C,MATCH(K8&L8,_courses_lookup!$E:$E,0)),"") -> Thesis | P8: =IFERROR(INDEX(_courses_lookup!$D:$D,MATCH(K8&L8,_courses_lookup!$E:$E,0)),"") -> 0 | S8: 0 | X8: 1 | Y8: 1-3 | AB8: 999 | AC8: CLAS | AD8: 12-MAY-25 | AG8: =IF(AND(AE8<>"",AF8<>""),ROUNDUP((AF8-AE8)/7,0),"") | AI8: =IFERROR(IF(AG8*AH8=0,"",AG8*AH8),"") | AJ8: 12-MAY-25 | AK8: 01-AUG-25 | AL8: =IF(AND(AJ8<>"",AK8<>""),ROUNDUP((AK8-AJ8)/7,0),"") -> 12 | AN8: =IFERROR(IF(AL8*AM8=0,"",AL8*AM8),"") | AQ8: =IF(AND(AO8<>"",AP8<>""),ROUNDUP((AP8-AO8)/7,0),"") | AR8: =IFERROR(IF((AU8-(AI8+AN8))/AQ8=0,"",ROUNDUP((AU8-(AI8+AN8))/AQ8,0)),"") | AS8: =IFERROR(IF((AU8-(AI8+AN8))=0,"",(AU8-(AI8+AN8))),"") | AT8: =IF(AND(AG8="",AQ8=""),AL8,IF(SUM(AG8,AL8,AQ8)=0,"",SUM(AG8,AL8,AQ8))) -> 12 | AV8: 01-AUG-25 | BF8: 12 | BG8: =IF(AD8="","",YEAR(AD8)+IF(MONTH(AD8)>=5,1,0)) -> 2026 | BH8: =IF(AD8="","",IF(AND(MONTH(AD8)=8,DAY(AD8)>=15),"Fall",IF(MONTH(AD8)>8,"Fall",IF(MONTH(AD8)=5,"Summer",IF(MONTH(AD8)=1,"Spring",""))))) -> Summer | BK8: Paquini, Rogelio | BL8: =IFERROR(INDEX(_names_lookup!$C:$C,MATCH(BK8,_names_lookup!$A:$A,0)),"") -> rpaquini@andrews.edu | BM8: =IFERROR(INDEX(_names_lookup!$B:$B,MATCH(BK8,_names_lookup!$A:$A,0)),"") -> 000105171 | BO8: 100 | BS8: =IFERROR(IF(BR8*AA8=0,"",BR8*AA8),"") | BV8: DSLE | CF8: 27-JAN-25 | CG8: A | CI8: I | CL8: MOODL | CQ8: 70 | CR8: 0 | CS8: 0 | CT8: Y | DC8: Y | DP8: 202531
H9: 2841-02 | I9: 2841 | K9: DSLE | L9: 660 | M9: 101 | O9: =IFERROR(INDEX(_courses_lookup!$C:$C,MATCH(K9&L9,_courses_lookup!$E:$E,0)),"") -> Field Practicum: MAYYAM | P9: =IFERROR(INDEX(_courses_lookup!$D:$D,MATCH(K9&L9,_courses_lookup!$E:$E,0)),"") -> Field Practicum:MAYYAM | S9: 0 | X9: 1 | Y9: 1-6 | AB9: 999 | AC9: CLAS | AD9: 12-MAY-25 | AG9: =IF(AND(AE9<>"",AF9<>""),ROUNDUP((AF9-AE9)/7,0),"") | AI9: =IFERROR(IF(AG9*AH9=0,"",AG9*AH9),"") | AJ9: 12-MAY-25 | AK9: 01-AUG-25 | AL9: =IF(AND(AJ9<>"",AK9<>""),ROUNDUP((AK9-AJ9)/7,0),"") -> 12 | AN9: =IFERROR(IF(AL9*AM9=0,"",AL9*AM9),"") | AQ9: =IF(AND(AO9<>"",AP9<>""),ROUNDUP((AP9-AO9)/7,0),"") | AR9: =IFERROR(IF((AU9-(AI9+AN9))/AQ9=0,"",ROUNDUP((AU9-(AI9+AN9))/AQ9,0)),"") | AS9: =IFERROR(IF((AU9-(AI9+AN9))=0,"",(AU9-(AI9+AN9))),"") | AT9: =IF(AND(AG9="",AQ9=""),AL9,IF(SUM(AG9,AL9,AQ9)=0,"",SUM(AG9,AL9,AQ9))) -> 12 | AV9: 01-AUG-25 | BF9: 12 | BG9: =IF(AD9="","",YEAR(AD9)+IF(MONTH(AD9)>=5,1,0)) -> 2026 | BH9: =IF(AD9="","",IF(AND(MONTH(AD9)=8,DAY(AD9)>=15),"Fall",IF(MONTH(AD9)>8,"Fall",IF(MONTH(AD9)=5,"Summer",IF(MONTH(AD9)=1,"Spring",""))))) -> Summer | BK9: Ward, Scott R. | BL9: =IFERROR(INDEX(_names_lookup!$C:$C,MATCH(BK9,_names_lookup!$A:$A,0)),"") -> sward@andrews.edu | BM9: =IFERROR(INDEX(_names_lookup!$B:$B,MATCH(BK9,_names_lookup!$A:$A,0)),"") -> 000077973 | BO9: 100 | BS9: =IFERROR(IF(BR9*AA9=0,"",BR9*AA9),"") | BV9: DSLE | CF9: 27-JAN-25 | CG9: A | CI9: P | CL9: MOODL | CQ9: 70 | CR9: 0 | CS9: 0 | CT9: Y | DC9: Y | DO9: I | DP9: 202531
H10: 2871-02 | I10: 2871 | K10: DSLE | L10: 660 | M10: 102 | O10: =IFERROR(INDEX(_courses_lookup!$C:$C,MATCH(K10&L10,_courses_lookup!$E:$E,0)),"") -> Field Practicum: MAYYAM | P10: =IFERROR(INDEX(_courses_lookup!$D:$D,MATCH(K10&L10,_courses_lookup!$E:$E,0)),"") -> Field Practicum:MAYYAM | S10: 0 | X10: 1 | Y10: 1-6 | AB10: 999 | AC10: CLAS | AD10: 12-MAY-25 | AG10: =IF(AND(AE10<>"",AF10<>""),ROUNDUP((AF10-AE10)/7,0),"") | AI10: =IFERROR(IF(AG10*AH10=0,"",AG10*AH10),"") | AJ10: 12-MAY-25 | AK10: 01-AUG-25 | AL10: =IF(AND(AJ10<>"",AK10<>""),ROUNDUP((AK10-AJ10)/7,0),"") -> 12 | AN10: =IFERROR(IF(AL10*AM10=0,"",AL10*AM10),"") | AQ10: =IF(AND(AO10<>"",AP10<>""),ROUNDUP((AP10-AO10)/7,0),"") | AR10: =IFERROR(IF((AU10-(AI10+AN10))/AQ10=0,"",ROUNDUP((AU10-(AI10+AN10))/AQ10,0)),"") | AS10: =IFERROR(IF((AU10-(AI10+AN10))=0,"",(AU10-(AI10+AN10))),"") | AT10: =IF(AND(AG10="",AQ10=""),AL10,IF(SUM(AG10,AL10,AQ10)=0,"",SUM(AG10,AL10,AQ10))) -> 12 | AV10: 01-AUG-25 | BF10: 12 | BG10: =IF(AD10="","",YEAR(AD10)+IF(MONTH(AD10)>=5,1,0)) -> 2026 | BH10: =IF(AD10="","",IF(AND(MONTH(AD10)=8,DAY(AD10)>=15),"Fall",IF(MONTH(AD10)>8,"Fall",IF(MONTH(AD10)=5,"Summer",IF(MONTH(AD10)=1,"Spring",""))))) -> Summer | BK10: Paquini, Rogelio | BL10: =IFERROR(INDEX(_names_lookup!$C:$C,MATCH(BK10,_names_lookup!$A:$A,0)),"") -> rpaquini@andrews.edu | BM10: =IFERROR(INDEX(_names_lookup!$B:$B,MATCH(BK10,_names_lookup!$A:$A,0)),"") -> 000105171 | BO10: 100 | BS10: =IFERROR(IF(BR10*AA10=0,"",BR10*AA10),"") | BV10: DSLE | CF10: 27-JAN-25 | CG10: A | CI10: P | CL10: MOODL | CQ10: 70 | CR10: 0 | CS10: 0 | CT10: Y | DC10: Y | DO10: I | DP10: 202531
H11: 852-02 | I11: 852 | K11: DSLE | L11: 878 | M11: 001 | O11: =IFERROR(INDEX(_courses_lookup!$C:$C,MATCH(K11&L11,_courses_lookup!$E:$E,0)),"") -> Adv Scholarly & Prof Dev | P11: =IFERROR(INDEX(_courses_lookup!$D:$D,MATCH(K11&L11,_courses_lookup!$E:$E,0)),"") -> 0 | S11: 0 | X11: 1 | Y11: 0 | AB11: 999 | AC11: CLAS | AD11: 12-MAY-25 | AG11: =IF(AND(AE11<>"",AF11<>""),ROUNDUP((AF11-AE11)/7,0),"") | AI11: =IFERROR(IF(AG11*AH11=0,"",AG11*AH11),"") | AJ11: 12-MAY-25 | AK11: 01-AUG-25 | AL11: =IF(AND(AJ11<>"",AK11<>""),ROUNDUP((AK11-AJ11)/7,0),"") -> 12 | AN11: =IFERROR(IF(AL11*AM11=0,"",AL11*AM11),"") | AQ11: =IF(AND(AO11<>"",AP11<>""),ROUNDUP((AP11-AO11)/7,0),"") | AR11: =IFERROR(IF((AU11-(AI11+AN11))/AQ11=0,"",ROUNDUP((AU11-(AI11+AN11))/AQ11,0)),"") | AS11: =IFERROR(IF((AU11-(AI11+AN11))=0,"",(AU11-(AI11+AN11))),"") | AT11: =IF(AND(AG11="",AQ11=""),AL11,IF(SUM(AG11,AL11,AQ11)=0,"",SUM(AG11,AL11,AQ11))) -> 12 | AV11: 01-AUG-25 | BF11: 12 | BG11: =IF(AD11="","",YEAR(AD11)+IF(MONTH(AD11)>=5,1,0)) -> 2026 | BH11: =IF(AD11="","",IF(AND(MONTH(AD11)=8,DAY(AD11)>=15),"Fall",IF(MONTH(AD11)>8,"Fall",IF(MONTH(AD11)=5,"Summer",IF(MONTH(AD11)=1,"Spring",""))))) -> Summer | BK11: Fraser, Jasmine J. | BL11: =IFERROR(INDEX(_names_lookup!$C:$C,MATCH(BK11,_names_lookup!$A:$A,0)),"") -> fraserj@andrews.edu | BM11: =IFERROR(INDEX(_names_lookup!$B:$B,MATCH(BK11,_names_lookup!$A:$A,0)),"") -> 000129106 | BO11: 100 | BS11: =IFERROR(IF(BR11*AA11=0,"",BR11*AA11),"") | BV11: DSLE | CF11: 28-APR-25 | CG11: A | CI11: A | CL11: MOODL | CQ11: 70 | CR11: 1 | CS11: 0 | CT11: Y | DC11: Y | DP11: 202531
H12: 3402-02 | I12: 3402 | K12: DSLE | L12: 690 | M12: 001 | O12: =IFERROR(INDEX(_courses_lookup!$C:$C,MATCH(K12&L12,_courses_lookup!$E:$E,0)),"") -> Ind St: | P12: =IFERROR(INDEX(_courses_lookup!$D:$D,MATCH(K12&L12,_courses_lookup!$E:$E,0)),"") -> Ind St: Mitry to At-Risk Youth | S12: 0 | X12: 1 | Y12: 1-3 | Z12: 1 | AB12: 10 | AC12: CLAS | AD12: 12-MAY-25 | AG12: =IF(AND(AE12<>"",AF12<>""),ROUNDUP((AF12-AE12)/7,0),"") | AI12: =IFERROR(IF(AG12*AH12=0,"",AG12*AH12),"") | AJ12: 12-MAY-25 | AK12: 01-AUG-25 | AL12: =IF(AND(AJ12<>"",AK12<>""),ROUNDUP((AK12-AJ12)/7,0),"") -> 12 | AN12: =IFERROR(IF(AL12*AM12=0,"",AL12*AM12),"") | AQ12: =IF(AND(AO12<>"",AP12<>""),ROUNDUP((AP12-AO12)/7,0),"") | AR12: =IFERROR(IF((AU12-(AI12+AN12))/AQ12=0,"",ROUNDUP((AU12-(AI12+AN12))/AQ12,0)),"") | AS12: =IFERROR(IF((AU12-(AI12+AN12))=0,"",(AU12-(AI12+AN12))),"") | AT12: =IF(AND(AG12="",AQ12=""),AL12,IF(SUM(AG12,AL12,AQ12)=0,"",SUM(AG12,AL12,AQ12))) -> 12 | AV12: 01-AUG-25 | BF12: 12 | BG12: =IF(AD12="","",YEAR(AD12)+IF(MONTH(AD12)>=5,1,0)) -> 2026 | BH12: =IF(AD12="","",IF(AND(MONTH(AD12)=8,DAY(AD12)>=15),"Fall",IF(MONTH(AD12)>8,"Fall",IF(MONTH(AD12)=5,"Summer",IF(MONTH(AD12)=1,"Spring",""))))) -> Summer | BK12: Joseph, Ainsworth E. | BL12: =IFERROR(INDEX(_names_lookup!$C:$C,MATCH(BK12,_names_lookup!$A:$A,0)),"") -> ainsworj@andrews.edu | BM12: =IFERROR(INDEX(_names_lookup!$B:$B,MATCH(BK12,_names_lookup!$A:$A,0)),"") -> 000079312 | BO12: 100 | BS12: =IFERROR(IF(BR12*AA12=0,"",BR12*AA12),"") | BV12: DSLE | CF12: 29-APR-25 | CG12: A | CH12: 1 | CI12: I | CL12: MOODL | CQ12: 70 | CR12: 1 | CS12: 0 | CT12: Y | DC12: Y | DO12: I | DP12: 202531
H13: 3297-02 | I13: 3297 | K13: DSLE | L13: 541 | M13: 001 | O13: =IFERROR(INDEX(_courses_lookup!$C:$C,MATCH(K13&L13,_courses_lookup!$E:$E,0)),"") -> Fndtns of Biblicl Spirituality | P13: =IFERROR(INDEX(_courses_lookup!$D:$D,MATCH(K13&L13,_courses_lookup!$E:$E,0)),"") -> 0 | R13: 322 | S13: 0 | X13: 1 | Y13: 2,3 | Z13: 3 | AB13: 25 | AC13: CLAS | AD13: 12-MAY-25 | AG13: =IF(AND(AE13<>"",AF13<>""),ROUNDUP((AF13-AE13)/7,0),"") | AI13: =IFERROR(IF(AG13*AH13=0,"",AG13*AH13),"") | AJ13: 18-MAY-25 | AK13: 22-MAY-25 | AL13: =IF(AND(AJ13<>"",AK13<>""),ROUNDUP((AK13-AJ13)/7,0),"") -> 1 | AN13: =IFERROR(IF(AL13*AM13=0,"",AL13*AM13),"") | AQ13: =IF(AND(AO13<>"",AP13<>""),ROUNDUP((AP13-AO13)/7,0),"") | AR13: =IFERROR(IF((AU13-(AI13+AN13))/AQ13=0,"",ROUNDUP((AU13-(AI13+AN13))/AQ13,0)),"") | AS13: =IFERROR(IF((AU13-(AI13+AN13))=0,"",(AU13-(AI13+AN13))),"") | AT13: =IF(AND(AG13="",AQ13=""),AL13,IF(SUM(AG13,AL13,AQ13)=0,"",SUM(AG13,AL13,AQ13))) -> 1 | AV13: 01-AUG-25 | AW13: 0800 | AX13: 1200 | AZ13: M | BA13: T | BB13: W | BC13: R | BF13: 12 | BG13: =IF(AD13="","",YEAR(AD13)+IF(MONTH(AD13)>=5,1,0)) -> 2026 | BH13: =IF(AD13="","",IF(AND(MONTH(AD13)=8,DAY(AD13)>=15),"Fall",IF(MONTH(AD13)>8,"Fall",IF(MONTH(AD13)=5,"Summer",IF(MONTH(AD13)=1,"Spring",""))))) -> Summer | BI13: 153 | BJ13: Buller Hall [BUL] | BK13: Kidder, S Joseph | BL13: =IFERROR(INDEX(_names_lookup!$C:$C,MATCH(BK13,_names_lookup!$A:$A,0)),"") -> kiddersj@andrews.edu | BM13: =IFERROR(INDEX(_names_lookup!$B:$B,MATCH(BK13,_names_lookup!$A:$A,0)),"") -> 000039170 | BO13: 100 | BS13: =IFERROR(IF(BR13*AA13=0,"",BR13*AA13),"") | BV13: DSLE | CF13: 06-MAY-25 | CG13: A | CH13: 3 | CI13: A | CL13: MOODL | CQ13: 70 | CR13: 0 | CS13: 0 | CT13: Y | DC13: Y | DP13: 202531
H14: 3297-04 | I14: 3297 | K14: DSLE | L14: 541 | M14: 001 | O14: =IFERROR(INDEX(_courses_lookup!$C:$C,MATCH(K14&L14,_courses_lookup!$E:$E,0)),"") -> Fndtns of Biblicl Spirituality | P14: =IFERROR(INDEX(_courses_lookup!$D:$D,MATCH(K14&L14,_courses_lookup!$E:$E,0)),"") -> 0 | R14: 322 | S14: 0 | X14: 1 | Y14: 2,3 | Z14: 3 | AB14: 25 | AC14: CLAS | AD14: 12-MAY-25 | AG14: =IF(AND(AE14<>"",AF14<>""),ROUNDUP((AF14-AE14)/7,0),"") | AI14: =IFERROR(IF(AG14*AH14=0,"",AG14*AH14),"") | AJ14: 18-MAY-25 | AK14: 22-MAY-25 | AL14: =IF(AND(AJ14<>"",AK14<>""),ROUNDUP((AK14-AJ14)/7,0),"") -> 1 | AN14: =IFERROR(IF(AL14*AM14=0,"",AL14*AM14),"") | AQ14: =IF(AND(AO14<>"",AP14<>""),ROUNDUP((AP14-AO14)/7,0),"") | AR14: =IFERROR(IF((AU14-(AI14+AN14))/AQ14=0,"",ROUNDUP((AU14-(AI14+AN14))/AQ14,0)),"") | AS14: =IFERROR(IF((AU14-(AI14+AN14))=0,"",(AU14-(AI14+AN14))),"") | AT14: =IF(AND(AG14="",AQ14=""),AL14,IF(SUM(AG14,AL14,AQ14)=0,"",SUM(AG14,AL14,AQ14))) -> 1 | AV14: 01-AUG-25 | AW14: 1400 | AX14: 1730 | AZ14: M | BA14: T | BB14: W | BC14: R | BF14: 12 | BG14: =IF(AD14="","",YEAR(AD14)+IF(MONTH(AD14)>=5,1,0)) -> 2026 | BH14: =IF(AD14="","",IF(AND(MONTH(AD14)=8,DAY(AD14)>=15),"Fall",IF(MONTH(AD14)>8,"Fall",IF(MONTH(AD14)=5,"Summer",IF(MONTH(AD14)=1,"Spring",""))))) -> Summer | BI14: 153 | BJ14: Buller Hall [BUL] | BK14: Kidder, S Joseph | BL14: =IFERROR(INDEX(_names_lookup!$C:$C,MATCH(BK14,_names_lookup!$A:$A,0)),"") -> kiddersj@andrews.edu | BM14: =IFERROR(INDEX(_names_lookup!$B:$B,MATCH(BK14,_names_lookup!$A:$A,0)),"") -> 000039170 | BO14: 100 | BS14: =IFERROR(IF(BR14*AA14=0,"",BR14*AA14),"") | BV14: DSLE | CF14: 06-MAY-25 | CG14: A | CH14: 3 | CI14: A | CL14: MOODL | CQ14: 70 | CR14: 0 | CS14: 0 | CT14: Y | DC14: Y | DP14: 202531
H15: 3297-06 | I15: 3297 | K15: DSLE | L15: 541 | M15: 001 | O15: =IFERROR(INDEX(_courses_lookup!$C:$C,MATCH(K15&L15,_courses_lookup!$E:$E,0)),"") -> Fndtns of Biblicl Spirituality | P15: =IFERROR(INDEX(_courses_lookup!$D:$D,MATCH(K15&L15,_courses_lookup!$E:$E,0)),"") -> 0 | R15: 322 | S15: 0 | X15: 1 | Y15: 2,3 | Z15: 3 | AB15: 25 | AC15: POST | AD15: 12-MAY-25 | AG15: =IF(AND(AE15<>"",AF15<>""),ROUNDUP((AF15-AE15)/7,0),"") | AI15: =IFERROR(IF(AG15*AH15=0,"",AG15*AH15),"") | AJ15: 23-MAY-25 | AK15: 01-AUG-25 | AL15: =IF(AND(AJ15<>"",AK15<>""),ROUNDUP((AK15-AJ15)/7,0),"") -> 10 | AN15: =IFERROR(IF(AL15*AM15=0,"",AL15*AM15),"") | AQ15: =IF(AND(AO15<>"",AP15<>""),ROUNDUP((AP15-AO15)/7,0),"") | AR15: =IFERROR(IF((AU15-(AI15+AN15))/AQ15=0,"",ROUNDUP((AU15-(AI15+AN15))/AQ15,0)),"") | AS15: =IFERROR(IF((AU15-(AI15+AN15))=0,"",(AU15-(AI15+AN15))),"") | AT15: =IF(AND(AG15="",AQ15=""),AL15,IF(SUM(AG15,AL15,AQ15)=0,"",SUM(AG15,AL15,AQ15))) -> 10 | AV15: 01-AUG-25 | BF15: 12 | BG15: =IF(AD15="","",YEAR(AD15)+IF(MONTH(AD15)>=5,1,0)) -> 2026 | BH15: =IF(AD15="","",IF(AND(MONTH(AD15)=8,DAY(AD15)>=15),"Fall",IF(MONTH(AD15)>8,"Fall",IF(MONTH(AD15)=5,"Summer",IF(MONTH(AD15)=1,"Spring",""))))) -> Summer | BK15: Kidder, S Joseph | BL15: =IFERROR(INDEX(_names_lookup!$C:$C,MATCH(BK15,_names_lookup!$A:$A,0)),"") -> kiddersj@andrews.edu | BM15: =IFERROR(INDEX(_names_lookup!$B:$B,MATCH(BK15,_names_lookup!$A:$A,0)),"") -> 000039170 | BO15: 100 | BS15: =IFERROR(IF(BR15*AA15=0,"",BR15*AA15),"") | BV15: DSLE | CF15: 06-MAY-25 | CG15: A | CH15: 3 | CI15: A | CL15: MOODL | CQ15: 70 | CR15: 0 | CS15: 0 | CT15: Y | DC15: Y | DP15: 202531
H16: 3297-08 | I16: 3297 | K16: DSLE | L16: 541 | M16: 001 | O16: =IFERROR(INDEX(_courses_lookup!$C:$C,MATCH(K16&L16,_courses_lookup!$E:$E,0)),"") -> Fndtns of Biblicl Spirituality | P16: =IFERROR(INDEX(_courses_lookup!$D:$D,MATCH(K16&L16,_courses_lookup!$E:$E,0)),"") -> 0 | R16: 322 | S16: 0 | X16: 1 | Y16: 2,3 | Z16: 3 | AB16: 25 | AC16: PRE | AD16: 12-MAY-25 | AG16: =IF(AND(AE16<>"",AF16<>""),ROUNDUP((AF16-AE16)/7,0),"") | AI16: =IFERROR(IF(AG16*AH16=0,"",AG16*AH16),"") | AJ16: 12-MAY-25 | AK16: 17-MAY-25 | AL16: =IF(AND(AJ16<>"",AK16<>""),ROUNDUP((AK16-AJ16)/7,0),"") -> 1 | AN16: =IFERROR(IF(AL16*AM16=0,"",AL16*AM16),"") | AQ16: =IF(AND(AO16<>"",AP16<>""),ROUNDUP((AP16-AO16)/7,0),"") | AR16: =IFERROR(IF((AU16-(AI16+AN16))/AQ16=0,"",ROUNDUP((AU16-(AI16+AN16))/AQ16,0)),"") | AS16: =IFERROR(IF((AU16-(AI16+AN16))=0,"",(AU16-(AI16+AN16))),"") | AT16: =IF(AND(AG16="",AQ16=""),AL16,IF(SUM(AG16,AL16,AQ16)=0,"",SUM(AG16,AL16,AQ16))) -> 1 | AV16: 01-AUG-25 | BF16: 12 | BG16: =IF(AD16="","",YEAR(AD16)+IF(MONTH(AD16)>=5,1,0)) -> 2026 | BH16: =IF(AD16="","",IF(AND(MONTH(AD16)=8,DAY(AD16)>=15),"Fall",IF(MONTH(AD16)>8,"Fall",IF(MONTH(AD16)=5,"Summer",IF(MONTH(AD16)=1,"Spring",""))))) -> Summer | BK16: Kidder, S Joseph | BL16: =IFERROR(INDEX(_names_lookup!$C:$C,MATCH(BK16,_names_lookup!$A:$A,0)),"") -> kiddersj@andrews.edu | BM16: =IFERROR(INDEX(_names_lookup!$B:$B,MATCH(BK16,_names_lookup!$A:$A,0)),"") -> 000039170 | BO16: 100 | BS16: =IFERROR(IF(BR16*AA16=0,"",BR16*AA16),"") | BV16: DSLE | CF16: 06-MAY-25 | CG16: A | CH16: 3 | CI16: A | CL16: MOODL | CQ16: 70 | CR16: 0 | CS16: 0 | CT16: Y | DC16: Y | DP16: 202531
H17: 2492-02 | I17: 2492 | K17: DSLE | L17: 664 | M17: 001 | O17: =IFERROR(INDEX(_courses_lookup!$C:$C,MATCH(K17&L17,_courses_lookup!$E:$E,0)),"") -> Advanced Campus Ministry | P17: =IFERROR(INDEX(_courses_lookup!$D:$D,MATCH(K17&L17,_courses_lookup!$E:$E,0)),"") -> 0 | S17: 0 | X17: 1 | Y17: 3 | AB17: 10 | AC17: CLAS | AD17: 12-MAY-25 | AG17: =IF(AND(AE17<>"",AF17<>""),ROUNDUP((AF17-AE17)/7,0),"") | AI17: =IFERROR(IF(AG17*AH17=0,"",AG17*AH17),"") | AJ17: 12-MAY-25 | AK17: 01-AUG-25 | AL17: =IF(AND(AJ17<>"",AK17<>""),ROUNDUP((AK17-AJ17)/7,0),"") -> 12 | AN17: =IFERROR(IF(AL17*AM17=0,"",AL17*AM17),"") | AQ17: =IF(AND(AO17<>"",AP17<>""),ROUNDUP((AP17-AO17)/7,0),"") | AR17: =IFERROR(IF((AU17-(AI17+AN17))/AQ17=0,"",ROUNDUP((AU17-(AI17+AN17))/AQ17,0)),"") | AS17: =IFERROR(IF((AU17-(AI17+AN17))=0,"",(AU17-(AI17+AN17))),"") | AT17: =IF(AND(AG17="",AQ17=""),AL17,IF(SUM(AG17,AL17,AQ17)=0,"",SUM(AG17,AL17,AQ17))) -> 12 | AV17: 01-AUG-25 | BF17: 12 | BG17: =IF(AD17="","",YEAR(AD17)+IF(MONTH(AD17)>=5,1,0)) -> 2026 | BH17: =IF(AD17="","",IF(AND(MONTH(AD17)=8,DAY(AD17)>=15),"Fall",IF(MONTH(AD17)>8,"Fall",IF(MONTH(AD17)=5,"Summer",IF(MONTH(AD17)=1,"Spring",""))))) -> Summer | BK17: Ramos, Israel | BL17: =IFERROR(INDEX(_names_lookup!$C:$C,MATCH(BK17,_names_lookup!$A:$A,0)),"") -> ramosi@andrews.edu | BM17: =IFERROR(INDEX(_names_lookup!$B:$B,MATCH(BK17,_names_lookup!$A:$A,0)),"") -> 000111021 | BO17: 100 | BS17: =IFERROR(IF(BR17*AA17=0,"",BR17*AA17),"") | BV17: DSLE | CF17: 09-MAY-25 | CG17: A | CI17: A | CL17: MOODL | CQ17: 70 | CR17: 2 | CS17: 0 | CT17: Y | DC17: Y | DO17: I | DP17: 202531
H18: 3451-06 | I18: 3451 | K18: DSLE | L18: 607 | M18: 101 | O18: =IFERROR(INDEX(_courses_lookup!$C:$C,MATCH(K18&L18,_courses_lookup!$E:$E,0)),"") -> Intergenerational Ministry | P18: =IFERROR(INDEX(_courses_lookup!$D:$D,MATCH(K18&L18,_courses_lookup!$E:$E,0)),"") -> 0 | S18: 0 | W18: DO | X18: 1 | Y18: 2 | AB18: 5 | AC18: CLAS | AD18: 12-MAY-25 | AG18: =IF(AND(AE18<>"",AF18<>""),ROUNDUP((AF18-AE18)/7,0),"") | AI18: =IFERROR(IF(AG18*AH18=0,"",AG18*AH18),"") | AJ18: 12-MAY-25 | AK18: 01-AUG-25 | AL18: =IF(AND(AJ18<>"",AK18<>""),ROUNDUP((AK18-AJ18)/7,0),"") -> 12 | AN18: =IFERROR(IF(AL18*AM18=0,"",AL18*AM18),"") | AQ18: =IF(AND(AO18<>"",AP18<>""),ROUNDUP((AP18-AO18)/7,0),"") | AR18: =IFERROR(IF((AU18-(AI18+AN18))/AQ18=0,"",ROUNDUP((AU18-(AI18+AN18))/AQ18,0)),"") | AS18: =IFERROR(IF((AU18-(AI18+AN18))=0,"",(AU18-(AI18+AN18))),"") | AT18: =IF(AND(AG18="",AQ18=""),AL18,IF(SUM(AG18,AL18,AQ18)=0,"",SUM(AG18,AL18,AQ18))) -> 12 | AV18: 01-AUG-25 | BF18: 12 | BG18: =IF(AD18="","",YEAR(AD18)+IF(MONTH(AD18)>=5,1,0)) -> 2026 | BH18: =IF(AD18="","",IF(AND(MONTH(AD18)=8,DAY(AD18)>=15),"Fall",IF(MONTH(AD18)>8,"Fall",IF(MONTH(AD18)=5,"Summer",IF(MONTH(AD18)=1,"Spring",""))))) -> Summer | BK18: Paquini, Rogelio | BL18: =IFERROR(INDEX(_names_lookup!$C:$C,MATCH(BK18,_names_lookup!$A:$A,0)),"") -> rpaquini@andrews.edu | BM18: =IFERROR(INDEX(_names_lookup!$B:$B,MATCH(BK18,_names_lookup!$A:$A,0)),"") -> 000105171 | BO18: 100 | BS18: =IFERROR(IF(BR18*AA18=0,"",BR18*AA18),"") | BV18: DSLE | BZ18: -922 | CA18: ESM1 | CB18: BILL | CC18: MA | CE18: 202531 | CF18: 13-MAY-25 | CG18: A | CI18: I | CL18: MOODL | CQ18: 70 | CR18: 0 | CS18: 0 | CT18: Y | DC18: Y | DK18: 70 | DP18: 202531
H19: 3451-07 | I19: 3451 | K19: DSLE | L19: 607 | M19: 101 | O19: =IFERROR(INDEX(_courses_lookup!$C:$C,MATCH(K19&L19,_courses_lookup!$E:$E,0)),"") -> Intergenerational Ministry | P19: =IFERROR(INDEX(_courses_lookup!$D:$D,MATCH(K19&L19,_courses_lookup!$E:$E,0)),"") -> 0 | S19: 0 | W19: MA | X19: 1 | Y19: 2 | AB19: 5 | AC19: CLAS | AD19: 12-MAY-25 | AG19: =IF(AND(AE19<>"",AF19<>""),ROUNDUP((AF19-AE19)/7,0),"") | AI19: =IFERROR(IF(AG19*AH19=0,"",AG19*AH19),"") | AJ19: 12-MAY-25 | AK19: 01-AUG-25 | AL19: =IF(AND(AJ19<>"",AK19<>""),ROUNDUP((AK19-AJ19)/7,0),"") -> 12 | AN19: =IFERROR(IF(AL19*AM19=0,"",AL19*AM19),"") | AQ19: =IF(AND(AO19<>"",AP19<>""),ROUNDUP((AP19-AO19)/7,0),"") | AR19: =IFERROR(IF((AU19-(AI19+AN19))/AQ19=0,"",ROUNDUP((AU19-(AI19+AN19))/AQ19,0)),"") | AS19: =IFERROR(IF((AU19-(AI19+AN19))=0,"",(AU19-(AI19+AN19))),"") | AT19: =IF(AND(AG19="",AQ19=""),AL19,IF(SUM(AG19,AL19,AQ19)=0,"",SUM(AG19,AL19,AQ19))) -> 12 | AV19: 01-AUG-25 | BF19: 12 | BG19: =IF(AD19="","",YEAR(AD19)+IF(MONTH(AD19)>=5,1,0)) -> 2026 | BH19: =IF(AD19="","",IF(AND(MONTH(AD19)=8,DAY(AD19)>=15),"Fall",IF(MONTH(AD19)>8,"Fall",IF(MONTH(AD19)=5,"Summer",IF(MONTH(AD19)=1,"Spring",""))))) -> Summer | BK19: Paquini, Rogelio | BL19: =IFERROR(INDEX(_names_lookup!$C:$C,MATCH(BK19,_names_lookup!$A:$A,0)),"") -> rpaquini@andrews.edu | BM19: =IFERROR(INDEX(_names_lookup!$B:$B,MATCH(BK19,_names_lookup!$A:$A,0)),"") -> 000105171 | BO19: 100 | BS19: =IFERROR(IF(BR19*AA19=0,"",BR19*AA19),"") | BV19: DSLE | BZ19: -633 | CA19: EAR2 | CB19: BILL | CC19: MA | CE19: 202531 | CF19: 13-MAY-25 | CG19: A | CI19: I | CL19: MOODL | CQ19: 70 | CR19: 0 | CS19: 0 | CT19: Y | DC19: Y | DN19: MAJOR | DP19: 202531
H20: 3451-08 | I20: 3451 | K20: DSLE | L20: 607 | M20: 101 | O20: =IFERROR(INDEX(_courses_lookup!$C:$C,MATCH(K20&L20,_courses_lookup!$E:$E,0)),"") -> Intergenerational Ministry | P20: =IFERROR(INDEX(_courses_lookup!$D:$D,MATCH(K20&L20,_courses_lookup!$E:$E,0)),"") -> 0 | S20: 0 | W20: MA | X20: 1 | Y20: 2 | AB20: 5 | AC20: CLAS | AD20: 12-MAY-25 | AG20: =IF(AND(AE20<>"",AF20<>""),ROUNDUP((AF20-AE20)/7,0),"") | AI20: =IFERROR(IF(AG20*AH20=0,"",AG20*AH20),"") | AJ20: 12-MAY-25 | AK20: 01-AUG-25 | AL20: =IF(AND(AJ20<>"",AK20<>""),ROUNDUP((AK20-AJ20)/7,0),"") -> 12 | AN20: =IFERROR(IF(AL20*AM20=0,"",AL20*AM20),"") | AQ20: =IF(AND(AO20<>"",AP20<>""),ROUNDUP((AP20-AO20)/7,0),"") | AR20: =IFERROR(IF((AU20-(AI20+AN20))/AQ20=0,"",ROUNDUP((AU20-(AI20+AN20))/AQ20,0)),"") | AS20: =IFERROR(IF((AU20-(AI20+AN20))=0,"",(AU20-(AI20+AN20))),"") | AT20: =IF(AND(AG20="",AQ20=""),AL20,IF(SUM(AG20,AL20,AQ20)=0,"",SUM(AG20,AL20,AQ20))) -> 12 | AV20: 01-AUG-25 | BF20: 12 | BG20: =IF(AD20="","",YEAR(AD20)+IF(MONTH(AD20)>=5,1,0)) -> 2026 | BH20: =IF(AD20="","",IF(AND(MONTH(AD20)=8,DAY(AD20)>=15),"Fall",IF(MONTH(AD20)>8,"Fall",IF(MONTH(AD20)=5,"Summer",IF(MONTH(AD20)=1,"Spring",""))))) -> Summer | BK20: Paquini, Rogelio | BL20: =IFERROR(INDEX(_names_lookup!$C:$C,MATCH(BK20,_names_lookup!$A:$A,0)),"") -> rpaquini@andrews.edu | BM20: =IFERROR(INDEX(_names_lookup!$B:$B,MATCH(BK20,_names_lookup!$A:$A,0)),"") -> 000105171 | BO20: 100 | BS20: =IFERROR(IF(BR20*AA20=0,"",BR20*AA20),"") | BV20: DSLE | BZ20: -633 | CA20: ESM3 | CB20: BILL | CC20: MA | CE20: 202531 | CF20: 13-MAY-25 | CG20: A | CI20: I | CL20: MOODL | CQ20: 70 | CR20: 0 | CS20: 0 | CT20: Y | DC20: Y | DL20: MSCID | DP20: 202531
H21: 3451-09 | I21: 3451 | K21: DSLE | L21: 607 | M21: 101 | O21: =IFERROR(INDEX(_courses_lookup!$C:$C,MATCH(K21&L21,_courses_lookup!$E:$E,0)),"") -> Intergenerational Ministry | P21: =IFERROR(INDEX(_courses_lookup!$D:$D,MATCH(K21&L21,_courses_lookup!$E:$E,0)),"") -> 0 | S21: 0 | W21: MA | X21: 1 | Y21: 2 | AB21: 5 | AC21: CLAS | AD21: 12-MAY-25 | AG21: =IF(AND(AE21<>"",AF21<>""),ROUNDUP((AF21-AE21)/7,0),"") | AI21: =IFERROR(IF(AG21*AH21=0,"",AG21*AH21),"") | AJ21: 12-MAY-25 | AK21: 01-AUG-25 | AL21: =IF(AND(AJ21<>"",AK21<>""),ROUNDUP((AK21-AJ21)/7,0),"") -> 12 | AN21: =IFERROR(IF(AL21*AM21=0,"",AL21*AM21),"") | AQ21: =IF(AND(AO21<>"",AP21<>""),ROUNDUP((AP21-AO21)/7,0),"") | AR21: =IFERROR(IF((AU21-(AI21+AN21))/AQ21=0,"",ROUNDUP((AU21-(AI21+AN21))/AQ21,0)),"") | AS21: =IFERROR(IF((AU21-(AI21+AN21))=0,"",(AU21-(AI21+AN21))),"") | AT21: =IF(AND(AG21="",AQ21=""),AL21,IF(SUM(AG21,AL21,AQ21)=0,"",SUM(AG21,AL21,AQ21))) -> 12 | AV21: 01-AUG-25 | BF21: 12 | BG21: =IF(AD21="","",YEAR(AD21)+IF(MONTH(AD21)>=5,1,0)) -> 2026 | BH21: =IF(AD21="","",IF(AND(MONTH(AD21)=8,DAY(AD21)>=15),"Fall",IF(MONTH(AD21)>8,"Fall",IF(MONTH(AD21)=5,"Summer",IF(MONTH(AD21)=1,"Spring",""))))) -> Summer | BK21: Paquini, Rogelio | BL21: =IFERROR(INDEX(_names_lookup!$C:$C,MATCH(BK21,_names_lookup!$A:$A,0)),"") -> rpaquini@andrews.edu | BM21: =IFERROR(INDEX(_names_lookup!$B:$B,MATCH(BK21,_names_lookup!$A:$A,0)),"") -> 000105171 | BO21: 100 | BS21: =IFERROR(IF(BR21*AA21=0,"",BR21*AA21),"") | BV21: DSLE | BZ21: -633 | CA21: ESM4 | CB21: BILL | CC21: MA | CE21: 202531 | CF21: 13-MAY-25 | CG21: A | CI21: I | CL21: MOODL | CQ21: 70 | CR21: 0 | CS21: 0 | CT21: Y | DC21: Y | DN21: MAJOR | DP21: 202531
H22: 3451-10 | I22: 3451 | K22: DSLE | L22: 607 | M22: 101 | O22: =IFERROR(INDEX(_courses_lookup!$C:$C,MATCH(K22&L22,_courses_lookup!$E:$E,0)),"") -> Intergenerational Ministry | P22: =IFERROR(INDEX(_courses_lookup!$D:$D,MATCH(K22&L22,_courses_lookup!$E:$E,0)),"") -> 0 | S22: 0 | X22: 1 | Y22: 2 | AB22: 5 | AC22: CLAS | AD22: 12-MAY-25 | AG22: =IF(AND(AE22<>"",AF22<>""),ROUNDUP((AF22-AE22)/7,0),"") | AI22: =IFERROR(IF(AG22*AH22=0,"",AG22*AH22),"") | AJ22: 12-MAY-25 | AK22: 01-AUG-25 | AL22: =IF(AND(AJ22<>"",AK22<>""),ROUNDUP((AK22-AJ22)/7,0),"") -> 12 | AN22: =IFERROR(IF(AL22*AM22=0,"",AL22*AM22),"") | AQ22: =IF(AND(AO22<>"",AP22<>""),ROUNDUP((AP22-AO22)/7,0),"") | AR22: =IFERROR(IF((AU22-(AI22+AN22))/AQ22=0,"",ROUNDUP((AU22-(AI22+AN22))/AQ22,0)),"") | AS22: =IFERROR(IF((AU22-(AI22+AN22))=0,"",(AU22-(AI22+AN22))),"") | AT22: =IF(AND(AG22="",AQ22=""),AL22,IF(SUM(AG22,AL22,AQ22)=0,"",SUM(AG22,AL22,AQ22))) -> 12 | AV22: 01-AUG-25 | BF22: 12 | BG22: =IF(AD22="","",YEAR(AD22)+IF(MONTH(AD22)>=5,1,0)) -> 2026 | BH22: =IF(AD22="","",IF(AND(MONTH(AD22)=8,DAY(AD22)>=15),"Fall",IF(MONTH(AD22)>8,"Fall",IF(MONTH(AD22)=5,"Summer",IF(MONTH(AD22)=1,"Spring",""))))) -> Summer | BK22: Paquini, Rogelio | BL22: =IFERROR(INDEX(_names_lookup!$C:$C,MATCH(BK22,_names_lookup!$A:$A,0)),"") -> rpaquini@andrews.edu | BM22: =IFERROR(INDEX(_names_lookup!$B:$B,MATCH(BK22,_names_lookup!$A:$A,0)),"") -> 000105171 | BO22: 100 | BS22: =IFERROR(IF(BR22*AA22=0,"",BR22*AA22),"") | BV22: DSLE | BZ22: 1267 | CA22: ESTM | CB22: BILL | CC22: MA | CE22: 202531 | CF22: 13-MAY-25 | CG22: A | CI22: I | CL22: MOODL | CQ22: 70 | CR22: 0 | CS22: 0 | CT22: Y | DC22: Y | DP22: 202531
H23: 3452-02 | I23: 3452 | K23: DSLE | L23: 656 | M23: 101 | O23: =IFERROR(INDEX(_courses_lookup!$C:$C,MATCH(K23&L23,_courses_lookup!$E:$E,0)),"") -> Counseling Youth & Young Adult | P23: =IFERROR(INDEX(_courses_lookup!$D:$D,MATCH(K23&L23,_courses_lookup!$E:$E,0)),"") -> 0 | S23: 0 | X23: 1 | Y23: 2,3 | Z23: 2 | AB23: 5 | AC23: CLAS | AD23: 12-MAY-25 | AG23: =IF(AND(AE23<>"",AF23<>""),ROUNDUP((AF23-AE23)/7,0),"") | AI23: =IFERROR(IF(AG23*AH23=0,"",AG23*AH23),"") | AJ23: 12-MAY-25 | AK23: 01-AUG-25 | AL23: =IF(AND(AJ23<>"",AK23<>""),ROUNDUP((AK23-AJ23)/7,0),"") -> 12 | AN23: =IFERROR(IF(AL23*AM23=0,"",AL23*AM23),"") | AQ23: =IF(AND(AO23<>"",AP23<>""),ROUNDUP((AP23-AO23)/7,0),"") | AR23: =IFERROR(IF((AU23-(AI23+AN23))/AQ23=0,"",ROUNDUP((AU23-(AI23+AN23))/AQ23,0)),"") | AS23: =IFERROR(IF((AU23-(AI23+AN23))=0,"",(AU23-(AI23+AN23))),"") | AT23: =IF(AND(AG23="",AQ23=""),AL23,IF(SUM(AG23,AL23,AQ23)=0,"",SUM(AG23,AL23,AQ23))) -> 12 | AV23: 01-AUG-25 | BF23: 12 | BG23: =IF(AD23="","",YEAR(AD23)+IF(MONTH(AD23)>=5,1,0)) -> 2026 | BH23: =IF(AD23="","",IF(AND(MONTH(AD23)=8,DAY(AD23)>=15),"Fall",IF(MONTH(AD23)>8,"Fall",IF(MONTH(AD23)=5,"Summer",IF(MONTH(AD23)=1,"Spring",""))))) -> Summer | BK23: Joseph, Ainsworth E. | BL23: =IFERROR(INDEX(_names_lookup!$C:$C,MATCH(BK23,_names_lookup!$A:$A,0)),"") -> ainsworj@andrews.edu | BM23: =IFERROR(INDEX(_names_lookup!$B:$B,MATCH(BK23,_names_lookup!$A:$A,0)),"") -> 000079312 | BO23: 100 | BS23: =IFERROR(IF(BR23*AA23=0,"",BR23*AA23),"") | BV23: DSLE | CF23: 13-MAY-25 | CG23: A | CH23: 2 | CI23: I | CL23: MOODL | CQ23: 70 | CR23: 1 | CS23: 0 | CT23: Y | DC23: Y | DP23: 202531
H24: 3453-02 | I24: 3453 | K24: DSLE | L24: 652 | M24: 999 | O24: =IFERROR(INDEX(_courses_lookup!$C:$C,MATCH(K24&L24,_courses_lookup!$E:$E,0)),"") -> Personal & Fam Finance | P24: =IFERROR(INDEX(_courses_lookup!$D:$D,MATCH(K24&L24,_courses_lookup!$E:$E,0)),"") -> 0 | S24: 7 | V24: ASYNC | W24: FP | X24: 1 | Y24: 3 | AB24: 0 | AD24: 12-MAY-25 | AG24: =IF(AND(AE24<>"",AF24<>""),ROUNDUP((AF24-AE24)/7,0),"") | AI24: =IFERROR(IF(AG24*AH24=0,"",AG24*AH24),"") | AL24: =IF(AND(AJ24<>"",AK24<>""),ROUNDUP((AK24-AJ24)/7,0),"") | AN24: =IFERROR(IF(AL24*AM24=0,"",AL24*AM24),"") | AQ24: =IF(AND(AO24<>"",AP24<>""),ROUNDUP((AP24-AO24)/7,0),"") | AR24: =IFERROR(IF((AU24-(AI24+AN24))/AQ24=0,"",ROUNDUP((AU24-(AI24+AN24))/AQ24,0)),"") | AS24: =IFERROR(IF((AU24-(AI24+AN24))=0,"",(AU24-(AI24+AN24))),"") | AT24: =IF(AND(AG24="",AQ24=""),AL24,IF(SUM(AG24,AL24,AQ24)=0,"",SUM(AG24,AL24,AQ24))) | AV24: 01-AUG-25 | BF24: 12 | BG24: =IF(AD24="","",YEAR(AD24)+IF(MONTH(AD24)>=5,1,0)) -> 2026 | BH24: =IF(AD24="","",IF(AND(MONTH(AD24)=8,DAY(AD24)>=15),"Fall",IF(MONTH(AD24)>8,"Fall",IF(MONTH(AD24)=5,"Summer",IF(MONTH(AD24)=1,"Spring",""))))) -> Summer | BK24: NAME NOT FOUND FOR PIDM: | BL24: =IFERROR(INDEX(_names_lookup!$C:$C,MATCH(BK24,_names_lookup!$A:$A,0)),"") | BM24: =IFERROR(INDEX(_names_lookup!$B:$B,MATCH(BK24,_names_lookup!$A:$A,0)),"") | BS24: =IFERROR(IF(BR24*AA24=0,"",BR24*AA24),"") | BV24: DSLE | BZ24: 160 | CA24: ES12 | CB24: BILL | CC24: FP | CE24: 202531 | CF24: 19-MAY-25 | CG24: A | CI24: N | CL24: MOODL | CQ24: 70 | CR24: 0 | CS24: 0 | DC24: Y | DP24: 202531
H25: 2008-02 | I25: 2008 | K25: DSLE | L25: 995 | M25: 101 | O25: =IFERROR(INDEX(_courses_lookup!$C:$C,MATCH(K25&L25,_courses_lookup!$E:$E,0)),"") -> Doctoral Dissertation | P25: =IFERROR(INDEX(_courses_lookup!$D:$D,MATCH(K25&L25,_courses_lookup!$E:$E,0)),"") -> 0 | S25: 0 | X25: 1 | Y25: 1-13 | AB25: 999 | AC25: CLAS | AD25: 12-MAY-25 | AG25: =IF(AND(AE25<>"",AF25<>""),ROUNDUP((AF25-AE25)/7,0),"") | AI25: =IFERROR(IF(AG25*AH25=0,"",AG25*AH25),"") | AJ25: 12-MAY-25 | AK25: 01-AUG-25 | AL25: =IF(AND(AJ25<>"",AK25<>""),ROUNDUP((AK25-AJ25)/7,0),"") -> 12 | AN25: =IFERROR(IF(AL25*AM25=0,"",AL25*AM25),"") | AQ25: =IF(AND(AO25<>"",AP25<>""),ROUNDUP((AP25-AO25)/7,0),"") | AR25: =IFERROR(IF((AU25-(AI25+AN25))/AQ25=0,"",ROUNDUP((AU25-(AI25+AN25))/AQ25,0)),"") | AS25: =IFERROR(IF((AU25-(AI25+AN25))=0,"",(AU25-(AI25+AN25))),"") | AT25: =IF(AND(AG25="",AQ25=""),AL25,IF(SUM(AG25,AL25,AQ25)=0,"",SUM(AG25,AL25,AQ25))) -> 12 | AV25: 01-AUG-25 | BF25: 12 | BG25: =IF(AD25="","",YEAR(AD25)+IF(MONTH(AD25)>=5,1,0)) -> 2026 | BH25: =IF(AD25="","",IF(AND(MONTH(AD25)=8,DAY(AD25)>=15),"Fall",IF(MONTH(AD25)>8,"Fall",IF(MONTH(AD25)=5,"Summer",IF(MONTH(AD25)=1,"Spring",""))))) -> Summer | BK25: Fraser, Jasmine J. | BL25: =IFERROR(INDEX(_names_lookup!$C:$C,MATCH(BK25,_names_lookup!$A:$A,0)),"") -> fraserj@andrews.edu | BM25: =IFERROR(INDEX(_names_lookup!$B:$B,MATCH(BK25,_names_lookup!$A:$A,0)),"") -> 000129106 | BO25: 100 | BS25: =IFERROR(IF(BR25*AA25=0,"",BR25*AA25),"") | BV25: DSLE | CF25: 03-JUN-25 | CG25: A | CI25: I | CL25: MOODL | CN25: FT | CQ25: 70 | CR25: 4 | CS25: 0 | CT25: Y | DC25: Y | DP25: 202531
H26: 2394-02 | I26: 2394 | K26: DSLE | L26: 503 | M26: 998 | O26: =IFERROR(INDEX(_courses_lookup!$C:$C,MATCH(K26&L26,_courses_lookup!$E:$E,0)),"") -> Marriage, Fam&Interprsnl Reltn | P26: =IFERROR(INDEX(_courses_lookup!$D:$D,MATCH(K26&L26,_courses_lookup!$E:$E,0)),"") -> 0 | R26: 086 | S26: 7 | V26: SYNC | X26: 3 | Y26: 2,3 | AB26: 10 | AC26: WEB | AD26: 09-JUN-25 | AG26: =IF(AND(AE26<>"",AF26<>""),ROUNDUP((AF26-AE26)/7,0),"") | AI26: =IFERROR(IF(AG26*AH26=0,"",AG26*AH26),"") | AJ26: 09-JUN-25 | AK26: 03-JUL-25 | AL26: =IF(AND(AJ26<>"",AK26<>""),ROUNDUP((AK26-AJ26)/7,0),"") -> 4 | AN26: =IFERROR(IF(AL26*AM26=0,"",AL26*AM26),"") | AQ26: =IF(AND(AO26<>"",AP26<>""),ROUNDUP((AP26-AO26)/7,0),"") | AR26: =IFERROR(IF((AU26-(AI26+AN26))/AQ26=0,"",ROUNDUP((AU26-(AI26+AN26))/AQ26,0)),"") | AS26: =IFERROR(IF((AU26-(AI26+AN26))=0,"",(AU26-(AI26+AN26))),"") | AT26: =IF(AND(AG26="",AQ26=""),AL26,IF(SUM(AG26,AL26,AQ26)=0,"",SUM(AG26,AL26,AQ26))) -> 4 | AV26: 03-JUL-25 | AW26: 1330 | AX26: 1520 | AZ26: M | BA26: T | BB26: W | BC26: R | BF26: 4 | BG26: =IF(AD26="","",YEAR(AD26)+IF(MONTH(AD26)>=5,1,0)) -> 2026 | BH26: =IF(AD26="","",IF(AND(MONTH(AD26)=8,DAY(AD26)>=15),"Fall",IF(MONTH(AD26)>8,"Fall",IF(MONTH(AD26)=5,"Summer",IF(MONTH(AD26)=1,"Spring",""))))) | BK26: Joseph, Ainsworth E. | BL26: =IFERROR(INDEX(_names_lookup!$C:$C,MATCH(BK26,_names_lookup!$A:$A,0)),"") -> ainsworj@andrews.edu | BM26: =IFERROR(INDEX(_names_lookup!$B:$B,MATCH(BK26,_names_lookup!$A:$A,0)),"") -> 000079312 | BO26: 100 | BS26: =IFERROR(IF(BR26*AA26=0,"",BR26*AA26),"") | BV26: DSLE | CF26: 10-JUN-25 | CG26: A | CI26: N | CL26: MOODL | CQ26: 70 | CR26: 6 | CS26: 0 | CT26: Y | DC26: Y | DP26: 202531
H27: 2252-02 | I27: 2252 | K27: DSLE | L27: 503 | M27: 001 | O27: =IFERROR(INDEX(_courses_lookup!$C:$C,MATCH(K27&L27,_courses_lookup!$E:$E,0)),"") -> Marriage, Fam&Interprsnl Reltn | P27: =IFERROR(INDEX(_courses_lookup!$D:$D,MATCH(K27&L27,_courses_lookup!$E:$E,0)),"") -> 0 | R27: 086 | S27: 0 | X27: 3 | Y27: 2,3 | AB27: 25 | AC27: CLAS | AD27: 09-JUN-25 | AG27: =IF(AND(AE27<>"",AF27<>""),ROUNDUP((AF27-AE27)/7,0),"") | AI27: =IFERROR(IF(AG27*AH27=0,"",AG27*AH27),"") | AJ27: 09-JUN-25 | AK27: 03-JUL-25 | AL27: =IF(AND(AJ27<>"",AK27<>""),ROUNDUP((AK27-AJ27)/7,0),"") -> 4 | AN27: =IFERROR(IF(AL27*AM27=0,"",AL27*AM27),"") | AQ27: =IF(AND(AO27<>"",AP27<>""),ROUNDUP((AP27-AO27)/7,0),"") | AR27: =IFERROR(IF((AU27-(AI27+AN27))/AQ27=0,"",ROUNDUP((AU27-(AI27+AN27))/AQ27,0)),"") | AS27: =IFERROR(IF((AU27-(AI27+AN27))=0,"",(AU27-(AI27+AN27))),"") | AT27: =IF(AND(AG27="",AQ27=""),AL27,IF(SUM(AG27,AL27,AQ27)=0,"",SUM(AG27,AL27,AQ27))) -> 4 | AV27: 03-JUL-25 | AW27: 1330 | AX27: 1520 | AZ27: M | BA27: T | BB27: W | BC27: R | BF27: 4 | BG27: =IF(AD27="","",YEAR(AD27)+IF(MONTH(AD27)>=5,1,0)) -> 2026 | BH27: =IF(AD27="","",IF(AND(MONTH(AD27)=8,DAY(AD27)>=15),"Fall",IF(MONTH(AD27)>8,"Fall",IF(MONTH(AD27)=5,"Summer",IF(MONTH(AD27)=1,"Spring",""))))) | BI27: 120 | BJ27: Seminary Building [SEM] | BK27: Joseph, Ainsworth E. | BL27: =IFERROR(INDEX(_names_lookup!$C:$C,MATCH(BK27,_names_lookup!$A:$A,0)),"") -> ainsworj@andrews.edu | BM27: =IFERROR(INDEX(_names_lookup!$B:$B,MATCH(BK27,_names_lookup!$A:$A,0)),"") -> 000079312 | BO27: 100 | BS27: =IFERROR(IF(BR27*AA27=0,"",BR27*AA27),"") | BV27: DSLE | CF27: 25-JUN-25 | CG27: A | CI27: A | CL27: MOODL | CQ27: 70 | CR27: 11 | CS27: 0 | CT27: Y | CU27: O | DC27: Y | DP27: 202531
O28: =IFERROR(INDEX(_courses_lookup!$C:$C,MATCH(K28&L28,_courses_lookup!$E:$E,0)),"") | P28: =IFERROR(INDEX(_courses_lookup!$D:$D,MATCH(K28&L28,_courses_lookup!$E:$E,0)),"") | AG28: =IF(AND(AE28<>"",AF28<>""),ROUNDUP((AF28-AE28)/7,0),"") | AI28: =IFERROR(IF(AG28*AH28=0,"",AG28*AH28),"") | AL28: =IF(AND(AJ28<>"",AK28<>""),ROUNDUP((AK28-AJ28)/7,0),"") | AN28: =IFERROR(IF(AL28*AM28=0,"",AL28*AM28),"") | AQ28: =IF(AND(AO28<>"",AP28<>""),ROUNDUP((AP28-AO28)/7,0),"") | AR28: =IFERROR(IF((AU28-(AI28+AN28))/AQ28=0,"",ROUNDUP((AU28-(AI28+AN28))/AQ28,0)),"") | AS28: =IFERROR(IF((AU28-(AI28+AN28))=0,"",(AU28-(AI28+AN28))),"") | AT28: =IF(AND(AG28="",AQ28=""),AL28,IF(SUM(AG28,AL28,AQ28)=0,"",SUM(AG28,AL28,AQ28))) | BG28: =IF(AD28="","",YEAR(AD28)+IF(MONTH(AD28)>=5,1,0)) | BH28: =IF(AD28="","",IF(AND(MONTH(AD28)=8,DAY(AD28)>=15),"Fall",IF(MONTH(AD28)>8,"Fall",IF(MONTH(AD28)=5,"Summer",IF(MONTH(AD28)=1,"Spring",""))))) | BL28: =IFERROR(INDEX(_names_lookup!$C:$C,MATCH(BK28,_names_lookup!$A:$A,0)),"") | BM28: =IFERROR(INDEX(_names_lookup!$B:$B,MATCH(BK28,_names_lookup!$A:$A,0)),"") | BS28: =IFERROR(IF(BR28*AA28=0,"",BR28*AA28),"")
O29: =IFERROR(INDEX(_courses_lookup!$C:$C,MATCH(K29&L29,_courses_lookup!$E:$E,0)),"") | P29: =IFERROR(INDEX(_courses_lookup!$D:$D,MATCH(K29&L29,_courses_lookup!$E:$E,0)),"") | AG29: =IF(AND(AE29<>"",AF29<>""),ROUNDUP((AF29-AE29)/7,0),"") | AI29: =IFERROR(IF(AG29*AH29=0,"",AG29*AH29),"") | AL29: =IF(AND(AJ29<>"",AK29<>""),ROUNDUP((AK29-AJ29)/7,0),"") | AN29: =IFERROR(IF(AL29*AM29=0,"",AL29*AM29),"") | AQ29: =IF(AND(AO29<>"",AP29<>""),ROUNDUP((AP29-AO29)/7,0),"") | AR29: =IFERROR(IF((AU29-(AI29+AN29))/AQ29=0,"",ROUNDUP((AU29-(AI29+AN29))/AQ29,0)),"") | AS29: =IFERROR(IF((AU29-(AI29+AN29))=0,"",(AU29-(AI29+AN29))),"") | AT29: =IF(AND(AG29="",AQ29=""),AL29,IF(SUM(AG29,AL29,AQ29)=0,"",SUM(AG29,AL29,AQ29))) | BG29: =IF(AD29="","",YEAR(AD29)+IF(MONTH(AD29)>=5,1,0)) | BH29: =IF(AD29="","",IF(AND(MONTH(AD29)=8,DAY(AD29)>=15),"Fall",IF(MONTH(AD29)>8,"Fall",IF(MONTH(AD29)=5,"Summer",IF(MONTH(AD29)=1,"Spring",""))))) | BL29: =IFERROR(INDEX(_names_lookup!$C:$C,MATCH(BK29,_names_lookup!$A:$A,0)),"") | BM29: =IFERROR(INDEX(_names_lookup!$B:$B,MATCH(BK29,_names_lookup!$A:$A,0)),"") | BS29: =IFERROR(IF(BR29*AA29=0,"",BR29*AA29),"")
O30: =IFERROR(INDEX(_courses_lookup!$C:$C,MATCH(K30&L30,_courses_lookup!$E:$E,0)),"") | P30: =IFERROR(INDEX(_courses_lookup!$D:$D,MATCH(K30&L30,_courses_lookup!$E:$E,0)),"") | AG30: =IF(AND(AE30<>"",AF30<>""),ROUNDUP((AF30-AE30)/7,0),"") | AI30: =IFERROR(IF(AG30*AH30=0,"",AG30*AH30),"") | AL30: =IF(AND(AJ30<>"",AK30<>""),ROUNDUP((AK30-AJ30)/7,0),"") | AN30: =IFERROR(IF(AL30*AM30=0,"",AL30*AM30),"") | AQ30: =IF(AND(AO30<>"",AP30<>""),ROUNDUP((AP30-AO30)/7,0),"") | AR30: =IFERROR(IF((AU30-(AI30+AN30))/AQ30=0,"",ROUNDUP((AU30-(AI30+AN30))/AQ30,0)),"") | AS30: =IFERROR(IF((AU30-(AI30+AN30))=0,"",(AU30-(AI30+AN30))),"") | AT30: =IF(AND(AG30="",AQ30=""),AL30,IF(SUM(AG30,AL30,AQ30)=0,"",SUM(AG30,AL30,AQ30))) | BG30: =IF(AD30="","",YEAR(AD30)+IF(MONTH(AD30)>=5,1,0)) | BH30: =IF(AD30="","",IF(AND(MONTH(AD30)=8,DAY(AD30)>=15),"Fall",IF(MONTH(AD30)>8,"Fall",IF(MONTH(AD30)=5,"Summer",IF(MONTH(AD30)=1,"Spring",""))))) | BL30: =IFERROR(INDEX(_names_lookup!$C:$C,MATCH(BK30,_names_lookup!$A:$A,0)),"") | BM30: =IFERROR(INDEX(_names_lookup!$B:$B,MATCH(BK30,_names_lookup!$A:$A,0)),"") | BS30: =IFERROR(IF(BR30*AA30=0,"",BR30*AA30),"")
O31: =IFERROR(INDEX(_courses_lookup!$C:$C,MATCH(K31&L31,_courses_lookup!$E:$E,0)),"") | P31: =IFERROR(INDEX(_courses_lookup!$D:$D,MATCH(K31&L31,_courses_lookup!$E:$E,0)),"") | AG31: =IF(AND(AE31<>"",AF31<>""),ROUNDUP((AF31-AE31)/7,0),"") | AI31: =IFERROR(IF(AG31*AH31=0,"",AG31*AH31),"") | AL31: =IF(AND(AJ31<>"",AK31<>""),ROUNDUP((AK31-AJ31)/7,0),"") | AN31: =IFERROR(IF(AL31*AM31=0,"",AL31*AM31),"") | AQ31: =IF(AND(AO31<>"",AP31<>""),ROUNDUP((AP31-AO31)/7,0),"") | AR31: =IFERROR(IF((AU31-(AI31+AN31))/AQ31=0,"",ROUNDUP((AU31-(AI31+AN31))/AQ31,0)),"") | AS31: =IFERROR(IF((AU31-(AI31+AN31))=0,"",(AU31-(AI31+AN31))),"") | AT31: =IF(AND(AG31="",AQ31=""),AL31,IF(SUM(AG31,AL31,AQ31)=0,"",SUM(AG31,AL31,AQ31))) | BG31: =IF(AD31="","",YEAR(AD31)+IF(MONTH(AD31)>=5,1,0)) | BH31: =IF(AD31="","",IF(AND(MONTH(AD31)=8,DAY(AD31)>=15),"Fall",IF(MONTH(AD31)>8,"Fall",IF(MONTH(AD31)=5,"Summer",IF(MONTH(AD31)=1,"Spring",""))))) | BL31: =IFERROR(INDEX(_names_lookup!$C:$C,MATCH(BK31,_names_lookup!$A:$A,0)),"") | BM31: =IFERROR(INDEX(_names_lookup!$B:$B,MATCH(BK31,_names_lookup!$A:$A,0)),"") | BS31: =IFERROR(IF(BR31*AA31=0,"",BR31*AA31),"")
O32: =IFERROR(INDEX(_courses_lookup!$C:$C,MATCH(K32&L32,_courses_lookup!$E:$E,0)),"") | P32: =IFERROR(INDEX(_courses_lookup!$D:$D,MATCH(K32&L32,_courses_lookup!$E:$E,0)),"") | AG32: =IF(AND(AE32<>"",AF32<>""),ROUNDUP((AF32-AE32)/7,0),"") | AI32: =IFERROR(IF(AG32*AH32=0,"",AG32*AH32),"") | AL32: =IF(AND(AJ32<>"",AK32<>""),ROUNDUP((AK32-AJ32)/7,0),"") | AN32: =IFERROR(IF(AL32*AM32=0,"",AL32*AM32),"") | AQ32: =IF(AND(AO32<>"",AP32<>""),ROUNDUP((AP32-AO32)/7,0),"") | AR32: =IFERROR(IF((AU32-(AI32+AN32))/AQ32=0,"",ROUNDUP((AU32-(AI32+AN32))/AQ32,0)),"") | AS32: =IFERROR(IF((AU32-(AI32+AN32))=0,"",(AU32-(AI32+AN32))),"") | AT32: =IF(AND(AG32="",AQ32=""),AL32,IF(SUM(AG32,AL32,AQ32)=0,"",SUM(AG32,AL32,AQ32))) | BG32: =IF(AD32="","",YEAR(AD32)+IF(MONTH(AD32)>=5,1,0)) | BH32: =IF(AD32="","",IF(AND(MONTH(AD32)=8,DAY(AD32)>=15),"Fall",IF(MONTH(AD32)>8,"Fall",IF(MONTH(AD32)=5,"Summer",IF(MONTH(AD32)=1,"Spring",""))))) | BL32: =IFERROR(INDEX(_names_lookup!$C:$C,MATCH(BK32,_names_lookup!$A:$A,0)),"") | BM32: =IFERROR(INDEX(_names_lookup!$B:$B,MATCH(BK32,_names_lookup!$A:$A,0)),"") | BS32: =IFERROR(IF(BR32*AA32=0,"",BR32*AA32),"")
O33: =IFERROR(INDEX(_courses_lookup!$C:$C,MATCH(K33&L33,_courses_lookup!$E:$E,0)),"") | P33: =IFERROR(INDEX(_courses_lookup!$D:$D,MATCH(K33&L33,_courses_lookup!$E:$E,0)),"") | AG33: =IF(AND(AE33<>"",AF33<>""),ROUNDUP((AF33-AE33)/7,0),"") | AI33: =IFERROR(IF(AG33*AH33=0,"",AG33*AH33),"") | AL33: =IF(AND(AJ33<>"",AK33<>""),ROUNDUP((AK33-AJ33)/7,0),"") | AN33: =IFERROR(IF(AL33*AM33=0,"",AL33*AM33),"") | AQ33: =IF(AND(AO33<>"",AP33<>""),ROUNDUP((AP33-AO33)/7,0),"") | AR33: =IFERROR(IF((AU33-(AI33+AN33))/AQ33=0,"",ROUNDUP((AU33-(AI33+AN33))/AQ33,0)),"") | AS33: =IFERROR(IF((AU33-(AI33+AN33))=0,"",(AU33-(AI33+AN33))),"") | AT33: =IF(AND(AG33="",AQ33=""),AL33,IF(SUM(AG33,AL33,AQ33)=0,"",SUM(AG33,AL33,AQ33))) | BG33: =IF(AD33="","",YEAR(AD33)+IF(MONTH(AD33)>=5,1,0)) | BH33: =IF(AD33="","",IF(AND(MONTH(AD33)=8,DAY(AD33)>=15),"Fall",IF(MONTH(AD33)>8,"Fall",IF(MONTH(AD33)=5,"Summer",IF(MONTH(AD33)=1,"Spring",""))))) | BL33: =IFERROR(INDEX(_names_lookup!$C:$C,MATCH(BK33,_names_lookup!$A:$A,0)),"") | BM33: =IFERROR(INDEX(_names_lookup!$B:$B,MATCH(BK33,_names_lookup!$A:$A,0)),"") | BS33: =IFERROR(IF(BR33*AA33=0,"",BR33*AA33),"")
O34: =IFERROR(INDEX(_courses_lookup!$C:$C,MATCH(K34&L34,_courses_lookup!$E:$E,0)),"") | P34: =IFERROR(INDEX(_courses_lookup!$D:$D,MATCH(K34&L34,_courses_lookup!$E:$E,0)),"") | AG34: =IF(AND(AE34<>"",AF34<>""),ROUNDUP((AF34-AE34)/7,0),"") | AI34: =IFERROR(IF(AG34*AH34=0,"",AG34*AH34),"") | AL34: =IF(AND(AJ34<>"",AK34<>""),ROUNDUP((AK34-AJ34)/7,0),"") | AN34: =IFERROR(IF(AL34*AM34=0,"",AL34*AM34),"") | AQ34: =IF(AND(AO34<>"",AP34<>""),ROUNDUP((AP34-AO34)/7,0),"") | AR34: =IFERROR(IF((AU34-(AI34+AN34))/AQ34=0,"",ROUNDUP((AU34-(AI34+AN34))/AQ34,0)),"") | AS34: =IFERROR(IF((AU34-(AI34+AN34))=0,"",(AU34-(AI34+AN34))),"") | AT34: =IF(AND(AG34="",AQ34=""),AL34,IF(SUM(AG34,AL34,AQ34)=0,"",SUM(AG34,AL34,AQ34))) | BG34: =IF(AD34="","",YEAR(AD34)+IF(MONTH(AD34)>=5,1,0)) | BH34: =IF(AD34="","",IF(AND(MONTH(AD34)=8,DAY(AD34)>=15),"Fall",IF(MONTH(AD34)>8,"Fall",IF(MONTH(AD34)=5,"Summer",IF(MONTH(AD34)=1,"Spring",""))))) | BL34: =IFERROR(INDEX(_names_lookup!$C:$C,MATCH(BK34,_names_lookup!$A:$A,0)),"") | BM34: =IFERROR(INDEX(_names_lookup!$B:$B,MATCH(BK34,_names_lookup!$A:$A,0)),"") | BS34: =IFERROR(IF(BR34*AA34=0,"",BR34*AA34),"")
O35: =IFERROR(INDEX(_courses_lookup!$C:$C,MATCH(K35&L35,_courses_lookup!$E:$E,0)),"") | P35: =IFERROR(INDEX(_courses_lookup!$D:$D,MATCH(K35&L35,_courses_lookup!$E:$E,0)),"") | AG35: =IF(AND(AE35<>"",AF35<>""),ROUNDUP((AF35-AE35)/7,0),"") | AI35: =IFERROR(IF(AG35*AH35=0,"",AG35*AH35),"") | AL35: =IF(AND(AJ35<>"",AK35<>""),ROUNDUP((AK35-AJ35)/7,0),"") | AN35: =IFERROR(IF(AL35*AM35=0,"",AL35*AM35),"") | AQ35: =IF(AND(AO35<>"",AP35<>""),ROUNDUP((AP35-AO35)/7,0),"") | AR35: =IFERROR(IF((AU35-(AI35+AN35))/AQ35=0,"",ROUNDUP((AU35-(AI35+AN35))/AQ35,0)),"") | AS35: =IFERROR(IF((AU35-(AI35+AN35))=0,"",(AU35-(AI35+AN35))),"") | AT35: =IF(AND(AG35="",AQ35=""),AL35,IF(SUM(AG35,AL35,AQ35)=0,"",SUM(AG35,AL35,AQ35))) | BG35: =IF(AD35="","",YEAR(AD35)+IF(MONTH(AD35)>=5,1,0)) | BH35: =IF(AD35="","",IF(AND(MONTH(AD35)=8,DAY(AD35)>=15),"Fall",IF(MONTH(AD35)>8,"Fall",IF(MONTH(AD35)=5,"Summer",IF(MONTH(AD35)=1,"Spring",""))))) | BL35: =IFERROR(INDEX(_names_lookup!$C:$C,MATCH(BK35,_names_lookup!$A:$A,0)),"") | BM35: =IFERROR(INDEX(_names_lookup!$B:$B,MATCH(BK35,_names_lookup!$A:$A,0)),"") | BS35: =IFERROR(IF(BR35*AA35=0,"",BR35*AA35),"")
O36: =IFERROR(INDEX(_courses_lookup!$C:$C,MATCH(K36&L36,_courses_lookup!$E:$E,0)),"") | P36: =IFERROR(INDEX(_courses_lookup!$D:$D,MATCH(K36&L36,_courses_lookup!$E:$E,0)),"") | AG36: =IF(AND(AE36<>"",AF36<>""),ROUNDUP((AF36-AE36)/7,0),"") | AI36: =IFERROR(IF(AG36*AH36=0,"",AG36*AH36),"") | AL36: =IF(AND(AJ36<>"",AK36<>""),ROUNDUP((AK36-AJ36)/7,0),"") | AN36: =IFERROR(IF(AL36*AM36=0,"",AL36*AM36),"") | AQ36: =IF(AND(AO36<>"",AP36<>""),ROUNDUP((AP36-AO36)/7,0),"") | AR36: =IFERROR(IF((AU36-(AI36+AN36))/AQ36=0,"",ROUNDUP((AU36-(AI36+AN36))/AQ36,0)),"") | AS36: =IFERROR(IF((AU36-(AI36+AN36))=0,"",(AU36-(AI36+AN36))),"") | AT36: =IF(AND(AG36="",AQ36=""),AL36,IF(SUM(AG36,AL36,AQ36)=0,"",SUM(AG36,AL36,AQ36))) | BG36: =IF(AD36="","",YEAR(AD36)+IF(MONTH(AD36)>=5,1,0)) | BH36: =IF(AD36="","",IF(AND(MONTH(AD36)=8,DAY(AD36)>=15),"Fall",IF(MONTH(AD36)>8,"Fall",IF(MONTH(AD36)=5,"Summer",IF(MONTH(AD36)=1,"Spring",""))))) | BL36: =IFERROR(INDEX(_names_lookup!$C:$C,MATCH(BK36,_names_lookup!$A:$A,0)),"") | BM36: =IFERROR(INDEX(_names_lookup!$B:$B,MATCH(BK36,_names_lookup!$A:$A,0)),"") | BS36: =IFERROR(IF(BR36*AA36=0,"",BR36*AA36),"")
O37: =IFERROR(INDEX(_courses_lookup!$C:$C,MATCH(K37&L37,_courses_lookup!$E:$E,0)),"") | P37: =IFERROR(INDEX(_courses_lookup!$D:$D,MATCH(K37&L37,_courses_lookup!$E:$E,0)),"") | AG37: =IF(AND(AE37<>"",AF37<>""),ROUNDUP((AF37-AE37)/7,0),"") | AI37: =IFERROR(IF(AG37*AH37=0,"",AG37*AH37),"") | AL37: =IF(AND(AJ37<>"",AK37<>""),ROUNDUP((AK37-AJ37)/7,0),"") | AN37: =IFERROR(IF(AL37*AM37=0,"",AL37*AM37),"") | AQ37: =IF(AND(AO37<>"",AP37<>""),ROUNDUP((AP37-AO37)/7,0),"") | AR37: =IFERROR(IF((AU37-(AI37+AN37))/AQ37=0,"",ROUNDUP((AU37-(AI37+AN37))/AQ37,0)),"") | AS37: =IFERROR(IF((AU37-(AI37+AN37))=0,"",(AU37-(AI37+AN37))),"") | AT37: =IF(AND(AG37="",AQ37=""),AL37,IF(SUM(AG37,AL37,AQ37)=0,"",SUM(AG37,AL37,AQ37))) | BG37: =IF(AD37="","",YEAR(AD37)+IF(MONTH(AD37)>=5,1,0)) | BH37: =IF(AD37="","",IF(AND(MONTH(AD37)=8,DAY(AD37)>=15),"Fall",IF(MONTH(AD37)>8,"Fall",IF(MONTH(AD37)=5,"Summer",IF(MONTH(AD37)=1,"Spring",""))))) | BL37: =IFERROR(INDEX(_names_lookup!$C:$C,MATCH(BK37,_names_lookup!$A:$A,0)),"") | BM37: =IFERROR(INDEX(_names_lookup!$B:$B,MATCH(BK37,_names_lookup!$A:$A,0)),"") | BS37: =IFERROR(IF(BR37*AA37=0,"",BR37*AA37),"")
O38: =IFERROR(INDEX(_courses_lookup!$C:$C,MATCH(K38&L38,_courses_lookup!$E:$E,0)),"") | P38: =IFERROR(INDEX(_courses_lookup!$D:$D,MATCH(K38&L38,_courses_lookup!$E:$E,0)),"") | AG38: =IF(AND(AE38<>"",AF38<>""),ROUNDUP((AF38-AE38)/7,0),"") | AI38: =IFERROR(IF(AG38*AH38=0,"",AG38*AH38),"") | AL38: =IF(AND(AJ38<>"",AK38<>""),ROUNDUP((AK38-AJ38)/7,0),"") | AN38: =IFERROR(IF(AL38*AM38=0,"",AL38*AM38),"") | AQ38: =IF(AND(AO38<>"",AP38<>""),ROUNDUP((AP38-AO38)/7,0),"") | AR38: =IFERROR(IF((AU38-(AI38+AN38))/AQ38=0,"",ROUNDUP((AU38-(AI38+AN38))/AQ38,0)),"") | AS38: =IFERROR(IF((AU38-(AI38+AN38))=0,"",(AU38-(AI38+AN38))),"") | AT38: =IF(AND(AG38="",AQ38=""),AL38,IF(SUM(AG38,AL38,AQ38)=0,"",SUM(AG38,AL38,AQ38))) | BG38: =IF(AD38="","",YEAR(AD38)+IF(MONTH(AD38)>=5,1,0)) | BH38: =IF(AD38="","",IF(AND(MONTH(AD38)=8,DAY(AD38)>=15),"Fall",IF(MONTH(AD38)>8,"Fall",IF(MONTH(AD38)=5,"Summer",IF(MONTH(AD38)=1,"Spring",""))))) | BL38: =IFERROR(INDEX(_names_lookup!$C:$C,MATCH(BK38,_names_lookup!$A:$A,0)),"") | BM38: =IFERROR(INDEX(_names_lookup!$B:$B,MATCH(BK38,_names_lookup!$A:$A,0)),"") | BS38: =IFERROR(IF(BR38*AA38=0,"",BR38*AA38),"")
O39: =IFERROR(INDEX(_courses_lookup!$C:$C,MATCH(K39&L39,_courses_lookup!$E:$E,0)),"") | P39: =IFERROR(INDEX(_courses_lookup!$D:$D,MATCH(K39&L39,_courses_lookup!$E:$E,0)),"") | AG39: =IF(AND(AE39<>"",AF39<>""),ROUNDUP((AF39-AE39)/7,0),"") | AI39: =IFERROR(IF(AG39*AH39=0,"",AG39*AH39),"") | AL39: =IF(AND(AJ39<>"",AK39<>""),ROUNDUP((AK39-AJ39)/7,0),"") | AN39: =IFERROR(IF(AL39*AM39=0,"",AL39*AM39),"") | AQ39: =IF(AND(AO39<>"",AP39<>""),ROUNDUP((AP39-AO39)/7,0),"") | AR39: =IFERROR(IF((AU39-(AI39+AN39))/AQ39=0,"",ROUNDUP((AU39-(AI39+AN39))/AQ39,0)),"") | AS39: =IFERROR(IF((AU39-(AI39+AN39))=0,"",(AU39-(AI39+AN39))),"") | AT39: =IF(AND(AG39="",AQ39=""),AL39,IF(SUM(AG39,AL39,AQ39)=0,"",SUM(AG39,AL39,AQ39))) | BG39: =IF(AD39="","",YEAR(AD39)+IF(MONTH(AD39)>=5,1,0)) | BH39: =IF(AD39="","",IF(AND(MONTH(AD39)=8,DAY(AD39)>=15),"Fall",IF(MONTH(AD39)>8,"Fall",IF(MONTH(AD39)=5,"Summer",IF(MONTH(AD39)=1,"Spring",""))))) | BL39: =IFERROR(INDEX(_names_lookup!$C:$C,MATCH(BK39,_names_lookup!$A:$A,0)),"") | BM39: =IFERROR(INDEX(_names_lookup!$B:$B,MATCH(BK39,_names_lookup!$A:$A,0)),"") | BS39: =IFERROR(IF(BR39*AA39=0,"",BR39*AA39),"")
